id,canonical_entity_id,record_type,value,is_verified
AL-001523,RL-000001,ALIAS,financial director,false
AL-001524,RL-000001,ALIAS,head of accounts,false
AL-001525,RL-000001,ALIAS,accounts payable manager,false
AL-001526,RL-000001,ALIAS,financial accounts supervisor,false
AL-001527,RL-000001,ALIAS,accounting office manager,false
AL-001528,RL-000001,ALIAS,accounting department manager,false
AL-001529,RL-000001,ALIAS,accounting director,false
AL-001530,RL-000001,ALIAS,group accounting manager,false
AL-001531,RL-000001,ALIAS,financial accounting manager,false
AL-001532,RL-000001,ALIAS,cost accounting manager,false
DOM-000001,RL-000001,DOMAIN,BUSINESS,1.0
AL-001533,RL-000002,ALIAS,job placement officer,false
AL-001534,RL-000002,ALIAS,temporary labour officer,false
AL-001535,RL-000002,ALIAS,employment agent,false
AL-001536,RL-000002,ALIAS,employee recruiter,false
AL-001537,RL-000002,ALIAS,job placement consultant,false
AL-001538,RL-000002,ALIAS,temporary labour agent,false
AL-001539,RL-000002,ALIAS,recruiting process consultant,false
AL-001540,RL-000002,ALIAS,head hunter,false
AL-001541,RL-000002,ALIAS,recruitment officer,false
DOM-000002,RL-000002,DOMAIN,HR,1.0
AL-001542,RL-000003,ALIAS,module tester,false
AL-001543,RL-000003,ALIAS,application tester,false
AL-001544,RL-000003,ALIAS,soft tester,false
AL-001545,RL-000003,ALIAS,application software tester,false
AL-001546,RL-000003,ALIAS,software testing specialist,false
AL-001547,RL-000003,ALIAS,unit tester,false
AL-001548,RL-000003,ALIAS,software testers,false
AL-001549,RL-000003,ALIAS,software application tester,false
AL-001550,RL-000003,ALIAS,tester,false
DOM-000003,RL-000003,DOMAIN,IT,1.0
AL-001551,RL-000004,ALIAS,compensation advisor,false
AL-001552,RL-000004,ALIAS,incentive compensation analyst,false
AL-001553,RL-000004,ALIAS,compensation coordinator,false
AL-001554,RL-000004,ALIAS,compensation manager,false
AL-001555,RL-000004,ALIAS,benefits and compensation analyst,false
AL-001556,RL-000004,ALIAS,compensation and benefits analyst,false
AL-001557,RL-000004,ALIAS,compensation consultant,false
AL-001558,RL-000004,ALIAS,compensation lead,false
AL-001559,RL-000004,ALIAS,total rewards analyst,false
AL-001560,RL-000004,ALIAS,global compensation analyst,false
AL-001561,RL-000004,ALIAS,manager of compensation,false
AL-001562,RL-000004,ALIAS,compensation administrator,false
AL-001563,RL-000004,ALIAS,international compensation analyst,false
AL-001564,RL-000004,ALIAS,HR compensation analyst,false
AL-001565,RL-000004,ALIAS,variable compensation analyst,false
DOM-000004,RL-000004,DOMAIN,HR,1.0
AL-001566,RL-000005,ALIAS,data engineer expert,false
AL-001567,RL-000005,ALIAS,research data engineer,false
DOM-000005,RL-000005,DOMAIN,IT,1.0
AL-001568,RL-000006,ALIAS,data expert,false
AL-001569,RL-000006,ALIAS,research data scientist,false
AL-001570,RL-000006,ALIAS,data research scientist,false
AL-001571,RL-000006,ALIAS,electromobility data scientist,false
DOM-000006,RL-000006,DOMAIN,IT,1.0
AL-001572,RL-000007,ALIAS,hybrid cloud engineer,false
AL-001573,RL-000007,ALIAS,cloud computing engineer,false
AL-001574,RL-000007,ALIAS,cloud infrastructure engineer,false
AL-001575,RL-000007,ALIAS,cloud software engineer,false
AL-001576,RL-000007,ALIAS,cloud-native engineer,false
AL-001577,RL-000007,ALIAS,cloud security engineer,false
AL-001578,RL-000007,ALIAS,cloud developer,false
AL-001579,RL-000007,ALIAS,cloud network engineer,false
AL-001580,RL-000007,ALIAS,cloud solution engineer,false
DOM-000007,RL-000007,DOMAIN,IT,1.0
AL-001581,RL-000008,ALIAS,embedded systems software developers,false
AL-001582,RL-000008,ALIAS,embedded software developerl embedded systems engineer,false
AL-001583,RL-000008,ALIAS,embedded systems designer,false
AL-001584,RL-000008,ALIAS,embedded system software programmer,false
AL-001585,RL-000008,ALIAS,embedded software programmer,false
AL-001586,RL-000008,ALIAS,embedded system software developer,false
DOM-000008,RL-000008,DOMAIN,IT,1.0
AL-001587,RL-000009,ALIAS,IT business development manager,false
AL-001588,RL-000009,ALIAS,ICT commercial development manager,false
AL-001589,RL-000009,ALIAS,IT commercial development manager,false
AL-001590,RL-000009,ALIAS,ICT business development managers,false
DOM-000009,RL-000009,DOMAIN,BUSINESS,1.0
AL-001591,RL-000010,ALIAS,management consultant,false
AL-001592,RL-000010,ALIAS,standardisation manager,false
AL-001593,RL-000010,ALIAS,business strategy analyst,false
AL-001594,RL-000010,ALIAS,organisational developer,false
AL-001595,RL-000010,ALIAS,standardisation expert,false
AL-001596,RL-000010,ALIAS,business strategy consultant,false
AL-001597,RL-000010,ALIAS,standardization expert,false
AL-001598,RL-000010,ALIAS,business development analyst,false
DOM-000010,RL-000010,DOMAIN,BUSINESS,1.0
AL-001599,RL-000011,ALIAS,market manager,false
AL-001600,RL-000011,ALIAS,sales and marketing manager,false
AL-001601,RL-000011,ALIAS,marketing director,false
AL-001602,RL-000011,ALIAS,promotions manager,false
AL-001603,RL-000011,ALIAS,telemarketing manager,false
AL-001604,RL-000011,ALIAS,advertising sales manager,false
AL-001605,RL-000011,ALIAS,product marketing manager,false
AL-001606,RL-000011,ALIAS,marketing and promotions manager,false
AL-001607,RL-000011,ALIAS,marketing executive,false
AL-001608,RL-000011,ALIAS,market development manager,false
DOM-000011,RL-000011,DOMAIN,BUSINESS,1.0
AL-001609,RL-000012,ALIAS,cybersecurity specialist,false
AL-001610,RL-000012,ALIAS,cybersecurity risk assurance consultant,false
AL-001611,RL-000012,ALIAS,information security manager,false
AL-001612,RL-000012,ALIAS,cyber risk manager,false
AL-001613,RL-000012,ALIAS,cybersecurity risk assessor,false
AL-001614,RL-000012,ALIAS,IT security chief,false
AL-001615,RL-000012,ALIAS,ICT security chief,false
AL-001616,RL-000012,ALIAS,ICT security manager,false
AL-001617,RL-000012,ALIAS,ICT technical security expert,false
AL-001618,RL-000012,ALIAS,security coordinator,false
AL-001619,RL-000012,ALIAS,cybersecurity impact analyst,false
AL-001620,RL-000012,ALIAS,IT security manager,false
AL-001621,RL-000012,ALIAS,information security risk analyst,false
DOM-000012,RL-000012,DOMAIN,IT,1.0
AL-001622,RL-000013,ALIAS,talent acquisition specialist,false
AL-001623,RL-000013,ALIAS,talent acquisition partner,false
AL-001624,RL-000013,ALIAS,talent acquisition recruiter,false
DOM-000013,RL-000013,DOMAIN,HR,1.0
AL-001625,RL-000014,ALIAS,special project manager,false
AL-001626,RL-000014,ALIAS,project expediter,false
AL-001627,RL-000014,ALIAS,project leader,false
AL-001628,RL-000014,ALIAS,projects manager,false
AL-001629,RL-000014,ALIAS,project coordinator,false
AL-001630,RL-000014,ALIAS,project director,false
AL-001631,RL-000014,ALIAS,senior project manager,false
DOM-000014,RL-000014,DOMAIN,BUSINESS,1.0
AL-001632,RL-000015,ALIAS,web application developer,false
AL-001633,RL-000015,ALIAS,web developers,false
AL-001634,RL-000015,ALIAS,web engineer,false
AL-001635,RL-000015,ALIAS,web specialist,false
AL-001636,RL-000015,ALIAS,web programmer,false
DOM-000015,RL-000015,DOMAIN,IT,1.0
AL-001637,RL-000016,ALIAS,HR director,false
AL-001638,RL-000016,ALIAS,personnel rep,false
AL-001639,RL-000016,ALIAS,human resources director,false
AL-001640,RL-000016,ALIAS,HR officer,false
AL-001641,RL-000016,ALIAS,lifelong learning coach,false
AL-001642,RL-000016,ALIAS,personnel manager,false
AL-001643,RL-000016,ALIAS,personnel representative,false
AL-001644,RL-000016,ALIAS,human resources supervisor,false
AL-001645,RL-000016,ALIAS,personnel officer,false
AL-001646,RL-000016,ALIAS,human resources worker,false
AL-001647,RL-000016,ALIAS,HR worker,false
AL-001648,RL-000016,ALIAS,personnel expert,false
AL-001649,RL-000016,ALIAS,HR rep,false
AL-001650,RL-000016,ALIAS,HR supervisor,false
AL-001651,RL-000016,ALIAS,human resource officer,false
AL-001652,RL-000016,ALIAS,personnel supervisor,false
AL-001653,RL-000016,ALIAS,HR representative,false
AL-001654,RL-000016,ALIAS,human resources representative,false
AL-001655,RL-000016,ALIAS,personnel assistant,false
AL-001656,RL-000016,ALIAS,personnel director,false
AL-001657,RL-000016,ALIAS,personnel worker,false
AL-001658,RL-000016,ALIAS,personnel administrator,false
AL-001659,RL-000016,ALIAS,skills trainer,false
AL-001660,RL-000016,ALIAS,personnel recruiter,false
AL-001661,RL-000016,ALIAS,human resources rep,false
AL-001662,RL-000016,ALIAS,personnel development specialist,false
AL-001663,RL-000016,ALIAS,competencies trainer,false
DOM-000016,RL-000016,DOMAIN,HR,1.0
AL-001664,RL-000017,ALIAS,battery data analyst,false
AL-001665,RL-000017,ALIAS,mine electrification data analyst,false
AL-001666,RL-000017,ALIAS,data warehouse analyst,false
AL-001667,RL-000017,ALIAS,data warehousing analyst,false
AL-001668,RL-000017,ALIAS,battery materials data analyst,false
AL-001669,RL-000017,ALIAS,battery module performance data analyst,false
AL-001670,RL-000017,ALIAS,business data analyst,false
AL-001671,RL-000017,ALIAS,data storage analyst,false
DOM-000017,RL-000017,DOMAIN,IT,1.0
AL-001672,RL-000018,ALIAS,human resources director,false
AL-001673,RL-000018,ALIAS,personnel manager,false
AL-001674,RL-000018,ALIAS,personnel director,false
AL-001675,RL-000018,ALIAS,relocation manager,false
AL-001676,RL-000018,ALIAS,human resources specialist,false
AL-001677,RL-000018,ALIAS,HRM manager,false
AL-001678,RL-000018,ALIAS,staffing manager,false
AL-001679,RL-000018,ALIAS,employee benefits manager,false
AL-001680,RL-000018,ALIAS,benefits manager,false
AL-001681,RL-000018,ALIAS,career advice office manager,false
AL-001682,RL-000018,ALIAS,recruitment manager,false
AL-001683,RL-000018,ALIAS,industrial relations manager,false
AL-001684,RL-000018,ALIAS,outplacement office manager,false
AL-001685,RL-000018,ALIAS,HR manager,false
DOM-000018,RL-000018,DOMAIN,HR,1.0
AL-001686,RL-000019,ALIAS,requirement engineer,false
AL-001687,RL-000019,ALIAS,business process specialist,false
AL-001688,RL-000019,ALIAS,IT business analyst,false
AL-001689,RL-000019,ALIAS,ICT business analysts,false
DOM-000019,RL-000019,DOMAIN,BUSINESS,1.0
AL-000020,RL-000020,ALIAS,BD Director (Business Development Director),false
AL-000021,RL-000020,ALIAS,BD Manager (Business Development Manager),false
AL-000022,RL-000020,ALIAS,Brand Manager,false
AL-000023,RL-000020,ALIAS,Business Developer,false
AL-000024,RL-000020,ALIAS,Category Manager,false
AL-000025,RL-000020,ALIAS,Channel Manager,false
AL-000026,RL-000020,ALIAS,Commercial Director,false
AL-000027,RL-000020,ALIAS,Digital Marketing Manager,false
AL-000028,RL-000020,ALIAS,Digital Product Manager,false
AL-000029,RL-000020,ALIAS,Internet Marketing Manager,false
AL-000030,RL-000020,ALIAS,Market Analysis Director,false
AL-000031,RL-000020,ALIAS,Market Development Executive,false
AL-000032,RL-000020,ALIAS,Market Development Manager,false
AL-000033,RL-000020,ALIAS,Market Research Manager,false
AL-000034,RL-000020,ALIAS,Marketing Administrator (Marketing Admin),false
AL-000035,RL-000020,ALIAS,Marketing Communications Manager,false
AL-000036,RL-000020,ALIAS,Marketing Coordinator,false
AL-000037,RL-000020,ALIAS,Marketing Director,false
AL-000038,RL-000020,ALIAS,Marketing Executive,false
AL-000039,RL-000020,ALIAS,Marketing Officer,false
AL-000040,RL-000020,ALIAS,Marketing Operations Director (Marketing Ops Director),false
AL-000041,RL-000020,ALIAS,Marketing Product Manager,false
AL-000042,RL-000020,ALIAS,Marketing Sales Supervisor,false
AL-000043,RL-000020,ALIAS,Media Marketing Director,false
AL-000044,RL-000020,ALIAS,Membership Director,false
AL-000045,RL-000020,ALIAS,Product Development Manager,false
AL-000046,RL-000020,ALIAS,Product Line Manager (PLM),false
AL-000047,RL-000020,ALIAS,Product Management Director,false
AL-000048,RL-000020,ALIAS,Product Manager,false
AL-000049,RL-000020,ALIAS,Product Marketing Manager,false
AL-000050,RL-000020,ALIAS,Sales Marketing Director,false
AL-000051,RL-000020,ALIAS,Sustainable Products Marketing Manager,false
DOM-000020,RL-000020,DOMAIN,BUSINESS,1.0
AL-000052,RL-000021,ALIAS,BD Director (Business Development Director),false
AL-000053,RL-000021,ALIAS,Campaign Manager,false
AL-000054,RL-000021,ALIAS,Communications Director,false
AL-000055,RL-000021,ALIAS,Communications Manager,false
AL-000056,RL-000021,ALIAS,Community Engagement Specialist,false
AL-000057,RL-000021,ALIAS,Community Manager,false
AL-000058,RL-000021,ALIAS,Community Outreach Coordinator,false
AL-000059,RL-000021,ALIAS,Community Relations Director,false
AL-000060,RL-000021,ALIAS,Outreach Coordinator,false
AL-000061,RL-000021,ALIAS,PR Director (Public Relations Director),false
AL-000062,RL-000021,ALIAS,PR Supervisor (Public Relations Supervisor),false
AL-000063,RL-000021,ALIAS,Public Affairs Director,false
AL-000064,RL-000021,ALIAS,Public Information Director,false
AL-000065,RL-000021,ALIAS,Public Information Relations Manager,false
AL-000066,RL-000021,ALIAS,Publicity Director,false
AL-000067,RL-000021,ALIAS,Publicity Manager,false
AL-000068,RL-000021,ALIAS,Relationship Manager,false
AL-000069,RL-000021,ALIAS,Social Media Manager,false
AL-000070,RL-000021,ALIAS,University Relations Director,false
DOM-000021,RL-000021,DOMAIN,BUSINESS,1.0
AL-000071,RL-000022,ALIAS,Accountant Supervisor,false
AL-000072,RL-000022,ALIAS,Accounting Director,false
AL-000073,RL-000022,ALIAS,Accounting Manager,false
AL-000074,RL-000022,ALIAS,Accounting Supervisor,false
AL-000075,RL-000022,ALIAS,Accounts Manager,false
AL-000076,RL-000022,ALIAS,Accounts Payable Manager,false
AL-000077,RL-000022,ALIAS,Accounts Supervisor,false
AL-000078,RL-000022,ALIAS,Actuarial Manager,false
AL-000079,RL-000022,ALIAS,Asset Manager,false
AL-000080,RL-000022,ALIAS,ATM Manager (Automated Teller Machine Manager),false
AL-000081,RL-000022,ALIAS,Auditing Manager,false
AL-000082,RL-000022,ALIAS,Auditor Supervisor,false
AL-000083,RL-000022,ALIAS,Auto Finance Manager (Automotive Finance Manager),false
AL-000084,RL-000022,ALIAS,Bank Branch Manager,false
AL-000085,RL-000022,ALIAS,Bank Manager,false
AL-000086,RL-000022,ALIAS,Banking Branch Manager,false
AL-000087,RL-000022,ALIAS,Banking Center Manager (BCM),false
AL-000088,RL-000022,ALIAS,Banking Manager,false
AL-000089,RL-000022,ALIAS,Banking Supervisor,false
AL-000090,RL-000022,ALIAS,Branch Manager,false
AL-000091,RL-000022,ALIAS,Budget Manager,false
AL-000092,RL-000022,ALIAS,Business Banking Manager,false
AL-000093,RL-000022,ALIAS,Cash Manager,false
AL-000094,RL-000022,ALIAS,City Comptroller,false
AL-000095,RL-000022,ALIAS,Collections Manager,false
AL-000096,RL-000022,ALIAS,Comptroller,false
AL-000097,RL-000022,ALIAS,Cost Accounting Manager,false
AL-000098,RL-000022,ALIAS,Credit Administration Manager,false
AL-000099,RL-000022,ALIAS,Credit and Collection Manager,false
AL-000100,RL-000022,ALIAS,Credit Department Manager,false
AL-000101,RL-000022,ALIAS,Credit Manager,false
AL-000102,RL-000022,ALIAS,Credit Office Manager,false
AL-000103,RL-000022,ALIAS,Credit Union Manager,false
AL-000104,RL-000022,ALIAS,District Branch Manager,false
AL-000105,RL-000022,ALIAS,Exchange Floor Manager,false
AL-000106,RL-000022,ALIAS,Finance Director,false
AL-000107,RL-000022,ALIAS,Finance Manager,false
AL-000108,RL-000022,ALIAS,Financial Center Manager,false
AL-000109,RL-000022,ALIAS,Financial Director,false
AL-000110,RL-000022,ALIAS,Financial Institution Branch Manager,false
AL-000111,RL-000022,ALIAS,Financial Institution Manager,false
AL-000112,RL-000022,ALIAS,Financial Manager,false
AL-000113,RL-000022,ALIAS,Financial Officer,false
AL-000114,RL-000022,ALIAS,Financial Planning and Analysis Manager,false
AL-000115,RL-000022,ALIAS,Financial Planning Manager,false
AL-000116,RL-000022,ALIAS,Financial Reporting Manager,false
AL-000117,RL-000022,ALIAS,Financial Supervisor,false
AL-000118,RL-000022,ALIAS,Financial Systems Manager,false
AL-000119,RL-000022,ALIAS,Fiscal Manager,false
AL-000120,RL-000022,ALIAS,International Bank Manager,false
AL-000121,RL-000022,ALIAS,Investment Manager,false
AL-000122,RL-000022,ALIAS,Paymaster,false
AL-000123,RL-000022,ALIAS,Reimbursement Director,false
AL-000124,RL-000022,ALIAS,Residential Mortgage Manager,false
AL-000125,RL-000022,ALIAS,Revenue Cycle Manager,false
AL-000126,RL-000022,ALIAS,Risk and Insurance Manager,false
AL-000127,RL-000022,ALIAS,Risk Management Director,false
AL-000128,RL-000022,ALIAS,Tax Director,false
AL-000129,RL-000022,ALIAS,Tax Manager,false
DOM-000022,RL-000022,DOMAIN,BUSINESS,1.0
AL-000130,RL-000023,ALIAS,Benefits Admin (Benefits Administrator),false
AL-000131,RL-000023,ALIAS,Benefits Advisor,false
AL-000132,RL-000023,ALIAS,Benefits Coordinator,false
AL-000133,RL-000023,ALIAS,Benefits Director,false
AL-000134,RL-000023,ALIAS,Benefits Manager,false
AL-000135,RL-000023,ALIAS,Compensation and Benefits Director,false
AL-000136,RL-000023,ALIAS,Compensation and Benefits Manager,false
AL-000137,RL-000023,ALIAS,Compensation Director,false
AL-000138,RL-000023,ALIAS,Compensation Manager,false
AL-000139,RL-000023,ALIAS,Compensation Program Manager,false
AL-000140,RL-000023,ALIAS,Employee Benefits Account Manager,false
AL-000141,RL-000023,ALIAS,Employee Benefits Coordinator,false
AL-000142,RL-000023,ALIAS,Employee Benefits Director,false
AL-000143,RL-000023,ALIAS,Employee Benefits Manager,false
AL-000144,RL-000023,ALIAS,Global Benefits Manager,false
AL-000145,RL-000023,ALIAS,Global Compensation Director,false
AL-000146,RL-000023,ALIAS,Global Compensation Manager,false
AL-000147,RL-000023,ALIAS,Payroll and Benefits Manager,false
AL-000148,RL-000023,ALIAS,Payroll Manager,false
AL-000149,RL-000023,ALIAS,Personnel Manager,false
AL-000150,RL-000023,ALIAS,Position Classification Manager,false
AL-000151,RL-000023,ALIAS,Reimbursement Manager,false
AL-000152,RL-000023,ALIAS,Reimbursements Manager,false
AL-000153,RL-000023,ALIAS,Total Rewards Director,false
AL-000154,RL-000023,ALIAS,Total Rewards Manager,false
AL-000155,RL-000023,ALIAS,Wage and Salary Administrator (Wage and Salary Admin),false
AL-000156,RL-000023,ALIAS,Workers' Compensation Manager,false
DOM-000023,RL-000023,DOMAIN,HR,1.0
AL-000157,RL-000024,ALIAS,Diversity and Inclusion Director,false
AL-000158,RL-000024,ALIAS,Diversity Manager,false
AL-000159,RL-000024,ALIAS,Efficiency Manager,false
AL-000160,RL-000024,ALIAS,Employee Relations Manager,false
AL-000161,RL-000024,ALIAS,Employee Welfare Manager,false
AL-000162,RL-000024,ALIAS,Employment Manager,false
AL-000163,RL-000024,ALIAS,HR Admin Director (Human Resources Administration Director),false
AL-000164,RL-000024,ALIAS,HR Coordinator (Human Resources Coordinator),false
AL-000165,RL-000024,ALIAS,HR Department Supervisor (Human Resources Department Supervisor),false
AL-000166,RL-000024,ALIAS,HR Director (Human Resources Director),false
AL-000167,RL-000024,ALIAS,HR Manager (Human Resources Manager),false
AL-000168,RL-000024,ALIAS,HR Ops Manager (Human Resources Operations Manager),false
AL-000169,RL-000024,ALIAS,HR Supervisor (Human Resources Supervisor),false
AL-000170,RL-000024,ALIAS,HR VP (Human Resources Vice President),false
AL-000171,RL-000024,ALIAS,Human Services Manager,false
AL-000172,RL-000024,ALIAS,Industrial Relations Director,false
AL-000173,RL-000024,ALIAS,Industrial Relations Manager,false
AL-000174,RL-000024,ALIAS,Labor Relations Director,false
AL-000175,RL-000024,ALIAS,Labor Relations Manager,false
AL-000176,RL-000024,ALIAS,Personnel Director,false
AL-000177,RL-000024,ALIAS,Personnel Generalist Manager,false
AL-000178,RL-000024,ALIAS,Personnel Manager,false
AL-000179,RL-000024,ALIAS,Placement Director,false
AL-000180,RL-000024,ALIAS,Position Description Manager,false
AL-000181,RL-000024,ALIAS,Recruiting Manager,false
AL-000182,RL-000024,ALIAS,Recruitment Director,false
AL-000183,RL-000024,ALIAS,Recruitment Manager,false
AL-000184,RL-000024,ALIAS,Staffing Manager,false
AL-000185,RL-000024,ALIAS,Talent Acquisition Director,false
AL-000186,RL-000024,ALIAS,Talent Acquisition Manager,false
AL-000187,RL-000024,ALIAS,Workforce Manager,false
DOM-000024,RL-000024,DOMAIN,HR,1.0
AL-000188,RL-000025,ALIAS,Business Intelligence Engineer,false
AL-000189,RL-000025,ALIAS,Career Development Specialist,false
AL-000190,RL-000025,ALIAS,Career Development Technician,false
AL-000191,RL-000025,ALIAS,Career Specialist,false
AL-000192,RL-000025,ALIAS,Certification Specialist,false
AL-000193,RL-000025,ALIAS,Contract Recruiter,false
AL-000194,RL-000025,ALIAS,Corporate Recruiter,false
AL-000195,RL-000025,ALIAS,Credentialing Coordinator,false
AL-000196,RL-000025,ALIAS,Credentialing Specialist,false
AL-000197,RL-000025,ALIAS,Credentials Specialist,false
AL-000198,RL-000025,ALIAS,Employee Advisor,false
AL-000199,RL-000025,ALIAS,Employee Counselor,false
AL-000200,RL-000025,ALIAS,Employee Health Maintenance Program Specialist,false
AL-000201,RL-000025,ALIAS,Employee Operations Examiner,false
AL-000202,RL-000025,ALIAS,Employee Placement Specialist,false
AL-000203,RL-000025,ALIAS,Employee Service Officer,false
AL-000204,RL-000025,ALIAS,Employment Advisor,false
AL-000205,RL-000025,ALIAS,Employment Appeals Examiner,false
AL-000206,RL-000025,ALIAS,Employment Interviewer,false
AL-000207,RL-000025,ALIAS,Employment Officer,false
AL-000208,RL-000025,ALIAS,Employment Program Representative,false
AL-000209,RL-000025,ALIAS,Employment Recruiter,false
AL-000210,RL-000025,ALIAS,Employment Representative,false
AL-000211,RL-000025,ALIAS,Employment Security Officer,false
AL-000212,RL-000025,ALIAS,Employment Service Specialist,false
AL-000213,RL-000025,ALIAS,Employment Specialist,false
AL-000214,RL-000025,ALIAS,Enlisted Advisor,false
AL-000215,RL-000025,ALIAS,Ethics Officer,false
AL-000216,RL-000025,ALIAS,Executive Coach,false
AL-000217,RL-000025,ALIAS,Executive Recruiter,false
AL-000218,RL-000025,ALIAS,Headhunter,false
AL-000219,RL-000025,ALIAS,Healthcare Recruiter,false
AL-000220,RL-000025,ALIAS,HR Advisor (Human Resource Advisor),false
AL-000221,RL-000025,ALIAS,HR Analyst (Human Resources Analyst),false
AL-000222,RL-000025,ALIAS,HR Associate (Human Resources Associate),false
AL-000223,RL-000025,ALIAS,HR Business Partner (Human Resources Business Partner),false
AL-000224,RL-000025,ALIAS,HR Consultant (Human Resources Consultant),false
AL-000225,RL-000025,ALIAS,HR Coordinator (Human Resources Coordinator),false
AL-000226,RL-000025,ALIAS,HR Generalist (Human Resources Generalist),false
AL-000227,RL-000025,ALIAS,HR Recruiter (Human Resources Recruiter),false
AL-000228,RL-000025,ALIAS,HR Tech (Human Resources Technician),false
AL-000229,RL-000025,ALIAS,HRIS Analyst (Human Resources Information System Analyst),false
AL-000230,RL-000025,ALIAS,Human Resources Representative (HR Rep),false
AL-000231,RL-000025,ALIAS,Human Resources Specialist (HR Specialist),false
AL-000232,RL-000025,ALIAS,Job Developer,false
AL-000233,RL-000025,ALIAS,Job Development Specialist,false
AL-000234,RL-000025,ALIAS,Job Interviewer,false
AL-000235,RL-000025,ALIAS,Job Placement Officer,false
AL-000236,RL-000025,ALIAS,Job Placement Specialist,false
AL-000237,RL-000025,ALIAS,Job Recruiter,false
AL-000238,RL-000025,ALIAS,Job Service Consultant,false
AL-000239,RL-000025,ALIAS,Job Service Specialist,false
AL-000240,RL-000025,ALIAS,Labor Contractor,false
AL-000241,RL-000025,ALIAS,Labor Service Representative,false
AL-000242,RL-000025,ALIAS,Labor Services Representative,false
AL-000243,RL-000025,ALIAS,Mentor Recruiter,false
AL-000244,RL-000025,ALIAS,Morale Officer,false
AL-000245,RL-000025,ALIAS,Outplacement Consultant,false
AL-000246,RL-000025,ALIAS,Personnel Advisor,false
AL-000247,RL-000025,ALIAS,Personnel Analyst,false
AL-000248,RL-000025,ALIAS,Personnel Consultant,false
AL-000249,RL-000025,ALIAS,Personnel Coordinator,false
AL-000250,RL-000025,ALIAS,Personnel Counselor,false
AL-000251,RL-000025,ALIAS,Personnel Interviewer,false
AL-000252,RL-000025,ALIAS,Personnel Officer,false
AL-000253,RL-000025,ALIAS,Personnel Placement Specialist,false
AL-000254,RL-000025,ALIAS,Personnel Recruiter,false
AL-000255,RL-000025,ALIAS,Personnel Representative,false
AL-000256,RL-000025,ALIAS,Personnel Specialist,false
AL-000257,RL-000025,ALIAS,Personnel Technician,false
AL-000258,RL-000025,ALIAS,Personnel Worker,false
AL-000259,RL-000025,ALIAS,Placement Coordinator,false
AL-000260,RL-000025,ALIAS,Placement Counselor,false
AL-000261,RL-000025,ALIAS,Placement Officer,false
AL-000262,RL-000025,ALIAS,Placement Specialist,false
AL-000263,RL-000025,ALIAS,Prisoner Classification Interviewer,false
AL-000264,RL-000025,ALIAS,Recruiter,false
AL-000265,RL-000025,ALIAS,Recruiting Coordinator,false
AL-000266,RL-000025,ALIAS,Recruiting Specialist,false
AL-000267,RL-000025,ALIAS,Recruitment Consultant,false
AL-000268,RL-000025,ALIAS,Resume Writer,false
AL-000269,RL-000025,ALIAS,Retention Specialist,false
AL-000270,RL-000025,ALIAS,Retirement Officer,false
AL-000271,RL-000025,ALIAS,Rules Examiner,false
AL-000272,RL-000025,ALIAS,Selection Specialist,false
AL-000273,RL-000025,ALIAS,Sourcing Recruiter,false
AL-000274,RL-000025,ALIAS,Staffing Associate,false
AL-000275,RL-000025,ALIAS,Staffing Consultant,false
AL-000276,RL-000025,ALIAS,Staffing Coordinator,false
AL-000277,RL-000025,ALIAS,Staffing Specialist,false
AL-000278,RL-000025,ALIAS,Student Recruiter,false
AL-000279,RL-000025,ALIAS,Talent Acquisition Coordinator,false
AL-000280,RL-000025,ALIAS,Talent Acquisition Partner (TAP),false
AL-000281,RL-000025,ALIAS,Talent Acquisition Recruiter,false
AL-000282,RL-000025,ALIAS,Talent Acquisition Specialist,false
AL-000283,RL-000025,ALIAS,Talent Recruiter,false
AL-000284,RL-000025,ALIAS,Technical Recruiter,false
AL-000285,RL-000025,ALIAS,Volunteer Coordinator,false
AL-000286,RL-000025,ALIAS,Workforce Services Representative,false
AL-000287,RL-000025,ALIAS,Workforce Staffing Advisor,false
DOM-000025,RL-000025,DOMAIN,HR,1.0
AL-000288,RL-000026,ALIAS,Administrative Analyst,false
AL-000289,RL-000026,ALIAS,Administrative Support Coordinator,false
AL-000290,RL-000026,ALIAS,Business Analyst,false
AL-000291,RL-000026,ALIAS,Business Consultant,false
AL-000292,RL-000026,ALIAS,Business Development Analyst,false
AL-000293,RL-000026,ALIAS,Business Management Analyst,false
AL-000294,RL-000026,ALIAS,Business Management Consultant,false
AL-000295,RL-000026,ALIAS,Business Operations Analyst,false
AL-000296,RL-000026,ALIAS,Business Process Analyst,false
AL-000297,RL-000026,ALIAS,Business Process Consultant,false
AL-000298,RL-000026,ALIAS,Business Systems Analyst,false
AL-000299,RL-000026,ALIAS,Clerical Methods Analyst,false
AL-000300,RL-000026,ALIAS,Commercial Specialist,false
AL-000301,RL-000026,ALIAS,Dealer Analyst,false
AL-000302,RL-000026,ALIAS,Employment Programs Analyst,false
AL-000303,RL-000026,ALIAS,Forms Analyst,false
AL-000304,RL-000026,ALIAS,Health Information Management Business Analyst (HIM Business Analyst),false
AL-000305,RL-000026,ALIAS,Health Information Management Data Analyst (HIM Data Analyst),false
AL-000306,RL-000026,ALIAS,Health Program Analyst,false
AL-000307,RL-000026,ALIAS,Health Program Specialist,false
AL-000308,RL-000026,ALIAS,Health Systems Analyst,false
AL-000309,RL-000026,ALIAS,Healthcare Consultant,false
AL-000310,RL-000026,ALIAS,Human Resource Analyst (HR Analyst),false
AL-000311,RL-000026,ALIAS,Implementation Consultant,false
AL-000312,RL-000026,ALIAS,Industrial Analyst,false
AL-000313,RL-000026,ALIAS,Management Analyst,false
AL-000314,RL-000026,ALIAS,Management and Program Analyst,false
AL-000315,RL-000026,ALIAS,Management Consultant,false
AL-000316,RL-000026,ALIAS,Management Scientist,false
AL-000317,RL-000026,ALIAS,Management Systems Auditor,false
AL-000318,RL-000026,ALIAS,Operations Analyst,false
AL-000319,RL-000026,ALIAS,Organizational Development Consultant,false
AL-000320,RL-000026,ALIAS,Performance Consultant,false
AL-000321,RL-000026,ALIAS,Performance Management Analyst,false
AL-000322,RL-000026,ALIAS,Program Analyst,false
AL-000323,RL-000026,ALIAS,Program Development Specialist,false
AL-000324,RL-000026,ALIAS,Program Evaluator,false
AL-000325,RL-000026,ALIAS,Program Management Analyst,false
AL-000326,RL-000026,ALIAS,Project Management Analyst,false
AL-000327,RL-000026,ALIAS,Records Management Analyst,false
AL-000328,RL-000026,ALIAS,Reports Analyst,false
AL-000329,RL-000026,ALIAS,Survey Analyst,false
AL-000330,RL-000026,ALIAS,Technical Business Analyst,false
DOM-000026,RL-000026,DOMAIN,BUSINESS,1.0
AL-000331,RL-000027,ALIAS,Benefit Programs Specialist,false
AL-000332,RL-000027,ALIAS,Benefits Administrator (Benefits Admin),false
AL-000333,RL-000027,ALIAS,Benefits Analyst,false
AL-000334,RL-000027,ALIAS,Benefits Consultant,false
AL-000335,RL-000027,ALIAS,Benefits Coordinator,false
AL-000336,RL-000027,ALIAS,Benefits Professional,false
AL-000337,RL-000027,ALIAS,Benefits Representative (Benefits Rep),false
AL-000338,RL-000027,ALIAS,Benefits Specialist,false
AL-000339,RL-000027,ALIAS,Claims Benefit Specialist,false
AL-000340,RL-000027,ALIAS,Compensation Analyst,false
AL-000341,RL-000027,ALIAS,Compensation and Benefits Analyst,false
AL-000342,RL-000027,ALIAS,Compensation and Benefits Specialist,false
AL-000343,RL-000027,ALIAS,Compensation Consultant,false
AL-000344,RL-000027,ALIAS,Compensation Expert,false
AL-000345,RL-000027,ALIAS,Compensation Specialist,false
AL-000346,RL-000027,ALIAS,Employee Benefits Specialist,false
AL-000347,RL-000027,ALIAS,Employment Advisor,false
AL-000348,RL-000027,ALIAS,Health Benefits Specialist,false
AL-000349,RL-000027,ALIAS,Health Plan Specialist,false
AL-000350,RL-000027,ALIAS,Healthcare Consultant,false
AL-000351,RL-000027,ALIAS,HR Benefits Specialist (Human Resources Benefits Specialist),false
AL-000352,RL-000027,ALIAS,Job Analyst,false
AL-000353,RL-000027,ALIAS,Job Specification Writer,false
AL-000354,RL-000027,ALIAS,Occupational Analyst,false
AL-000355,RL-000027,ALIAS,Payroll and Benefits Administrator (Payroll and Benefits Admin),false
AL-000356,RL-000027,ALIAS,Payroll Specialist,false
AL-000357,RL-000027,ALIAS,Pension Administrator (Pension Admin),false
AL-000358,RL-000027,ALIAS,Pensions Retirement Plan Specialist,false
AL-000359,RL-000027,ALIAS,Personnel Specialist,false
AL-000360,RL-000027,ALIAS,Position Classification Specialist,false
AL-000361,RL-000027,ALIAS,Position Classifier,false
AL-000362,RL-000027,ALIAS,Reimbursement Specialist,false
AL-000363,RL-000027,ALIAS,Retirement Plan Specialist,false
AL-000364,RL-000027,ALIAS,Salary and Wage Administrator (Salary and Wage Admin),false
AL-000365,RL-000027,ALIAS,Sales Compensation Analyst,false
AL-000366,RL-000027,ALIAS,Union Contract Representative (Union Contract Rep),false
AL-000367,RL-000027,ALIAS,Wage Adjuster,false
AL-000368,RL-000027,ALIAS,Wage Analyst,false
AL-000369,RL-000027,ALIAS,Wage and Salary Specialist,false
AL-000370,RL-000027,ALIAS,Wage Conciliator,false
AL-000371,RL-000027,ALIAS,Workers' Compensation Claims Specialist,false
AL-000372,RL-000027,ALIAS,Workforce Analyst,false
DOM-000027,RL-000027,DOMAIN,HR,1.0
AL-000373,RL-000028,ALIAS,AI Security Specialist (Artificial Intelligence Security Specialist),false
AL-000374,RL-000028,ALIAS,All-Source Analyst,false
AL-000375,RL-000028,ALIAS,Application Security Analyst,false
AL-000376,RL-000028,ALIAS,Applications Security Analyst,false
AL-000377,RL-000028,ALIAS,Automatic Data Processing Systems Security Specialist (ADP Systems Security),false
AL-000378,RL-000028,ALIAS,Blue Team Member,false
AL-000379,RL-000028,ALIAS,Certified Information Systems Security Professional (CISSP),false
AL-000380,RL-000028,ALIAS,Cloud Security Architect,false
AL-000381,RL-000028,ALIAS,Cloud Security Engineer,false
AL-000382,RL-000028,ALIAS,Computer Security Coordinator,false
AL-000383,RL-000028,ALIAS,Computer Security Information Specialist,false
AL-000384,RL-000028,ALIAS,Computer Security Specialist,false
AL-000385,RL-000028,ALIAS,Computer Systems Security Analyst,false
AL-000386,RL-000028,ALIAS,Counterespionage Analyst,false
AL-000387,RL-000028,ALIAS,Cryptological Technician,false
AL-000388,RL-000028,ALIAS,Cryptologist,false
AL-000389,RL-000028,ALIAS,Cyber Defense Analyst,false
AL-000390,RL-000028,ALIAS,Cyber Defense Forensics Analyst,false
AL-000391,RL-000028,ALIAS,Cyber Incident Responder,false
AL-000392,RL-000028,ALIAS,Cyber Information Security Analyst,false
AL-000393,RL-000028,ALIAS,Cyber Intel Planner,false
AL-000394,RL-000028,ALIAS,Cyber Intelligence Specialist,false
AL-000395,RL-000028,ALIAS,Cyber Operations Planner (Cyber Ops Planner),false
AL-000396,RL-000028,ALIAS,Cyber Operations Specialist,false
AL-000397,RL-000028,ALIAS,Cyber Operator,false
AL-000398,RL-000028,ALIAS,Cyber Policy and Strategy Planner,false
AL-000399,RL-000028,ALIAS,Cyber Security Analyst,false
AL-000400,RL-000028,ALIAS,Cyber Security Specialist,false
AL-000401,RL-000028,ALIAS,Cyber Security Support Technician,false
AL-000402,RL-000028,ALIAS,Cybersecurity All-Source Analyst,false
AL-000403,RL-000028,ALIAS,Cybersecurity Analyst,false
AL-000404,RL-000028,ALIAS,Cybersecurity Engineer,false
AL-000405,RL-000028,ALIAS,Cybersecurity Exploitation Analyst,false
AL-000406,RL-000028,ALIAS,Cybersecurity Incident Response Analyst,false
AL-000407,RL-000028,ALIAS,Cybersecurity Multi-Disciplined Language Analyst,false
AL-000408,RL-000028,ALIAS,Cybersecurity Partner Integration Planner,false
AL-000409,RL-000028,ALIAS,Cybersecurity Specialist,false
AL-000410,RL-000028,ALIAS,Cybersecurity Target Developer,false
AL-000411,RL-000028,ALIAS,Cybersecurity Target Network Analyst,false
AL-000412,RL-000028,ALIAS,Cybersecurity Threat Analyst,false
AL-000413,RL-000028,ALIAS,Cybersecurity Warning Analyst,false
AL-000414,RL-000028,ALIAS,Data Security Analyst,false
AL-000415,RL-000028,ALIAS,Database Security Expert,false
AL-000416,RL-000028,ALIAS,Exploitation Analyst,false
AL-000417,RL-000028,ALIAS,Incident Responder,false
AL-000418,RL-000028,ALIAS,Incident Response Analyst,false
AL-000419,RL-000028,ALIAS,Incident Response Manager,false
AL-000420,RL-000028,ALIAS,Industrial Internet of Things Security Specialist (IIoT Security Specialist),false
AL-000421,RL-000028,ALIAS,Information Assurance Analyst,false
AL-000422,RL-000028,ALIAS,Information Security Analyst,false
AL-000423,RL-000028,ALIAS,Information Security Officer,false
AL-000424,RL-000028,ALIAS,Information Security Specialist,false
AL-000425,RL-000028,ALIAS,Information Systems Security Analyst,false
AL-000426,RL-000028,ALIAS,Information Systems Security Officer (ISSO),false
AL-000427,RL-000028,ALIAS,Information Systems Security Specialist,false
AL-000428,RL-000028,ALIAS,Information Technology Analyst (IT Analyst),false
AL-000429,RL-000028,ALIAS,Information Technology Consultant (IT Consultant),false
AL-000430,RL-000028,ALIAS,Information Technology Security Analyst (IT Security Analyst),false
AL-000431,RL-000028,ALIAS,Information Technology Security Architect (IT Security Architect),false
AL-000432,RL-000028,ALIAS,International Affairs Specialist,false
AL-000433,RL-000028,ALIAS,Internet of Things Security Specialist (IoT Security Specialist),false
AL-000434,RL-000028,ALIAS,Internet Security Specialist,false
AL-000435,RL-000028,ALIAS,Intrusion Detection Analyst,false
AL-000436,RL-000028,ALIAS,IT Auditor (Information Technology Auditor),false
AL-000437,RL-000028,ALIAS,IT Risk Specialist (Information Technology Risk Specialist),false
AL-000438,RL-000028,ALIAS,Mission Assessment Specialist,false
AL-000439,RL-000028,ALIAS,Network Security Analyst,false
AL-000440,RL-000028,ALIAS,Network Security Officer,false
AL-000441,RL-000028,ALIAS,Network Security Systems Analyst,false
AL-000442,RL-000028,ALIAS,Red Team Member,false
AL-000443,RL-000028,ALIAS,Security Analyst,false
AL-000444,RL-000028,ALIAS,Security Auditor,false
AL-000445,RL-000028,ALIAS,Security Consultant,false
AL-000446,RL-000028,ALIAS,Security Control Assessor,false
AL-000447,RL-000028,ALIAS,Security Operations Analyst,false
AL-000448,RL-000028,ALIAS,Security Operations Center Analyst (SOC Analyst),false
AL-000449,RL-000028,ALIAS,Security Specialist,false
AL-000450,RL-000028,ALIAS,Source Code Auditor,false
AL-000451,RL-000028,ALIAS,Supervisory Control and Data Acquisition Security Analyst (SCADA Security Analyst),false
AL-000452,RL-000028,ALIAS,Systems Analyst,false
AL-000453,RL-000028,ALIAS,Systems Security Analyst,false
AL-000454,RL-000028,ALIAS,Systems Security Specialist,false
AL-000455,RL-000028,ALIAS,Technology Analyst,false
AL-000456,RL-000028,ALIAS,Threat Hunter,false
AL-000457,RL-000028,ALIAS,Threat Monitoring Analyst,false
AL-000458,RL-000028,ALIAS,Virus Technician,false
AL-000459,RL-000028,ALIAS,Warning Analyst,false
DOM-000028,RL-000028,DOMAIN,IT,1.0
AL-000460,RL-000029,ALIAS,AI Engineer (Artificial Intelligence Engineer),false
AL-000461,RL-000029,ALIAS,Applied Scientist,false
AL-000462,RL-000029,ALIAS,Artificial Intelligence Specialist (AI Specialist),false
AL-000463,RL-000029,ALIAS,Computational Linguist,false
AL-000464,RL-000029,ALIAS,Computational Scientist,false
AL-000465,RL-000029,ALIAS,Computational Theory Scientist,false
AL-000466,RL-000029,ALIAS,Computer Scientist,false
AL-000467,RL-000029,ALIAS,Computer Specialist,false
AL-000468,RL-000029,ALIAS,Computer Vision Scientist,false
AL-000469,RL-000029,ALIAS,Control System Computer Scientist,false
AL-000470,RL-000029,ALIAS,Cryptologist,false
AL-000471,RL-000029,ALIAS,Cybersecurity Research Scientist (Cyber Research Scientist),false
AL-000472,RL-000029,ALIAS,Digital Solutions Manager,false
AL-000473,RL-000029,ALIAS,Information Scientist,false
AL-000474,RL-000029,ALIAS,Languages Researcher,false
AL-000475,RL-000029,ALIAS,Machine Learning Data Scientist,false
AL-000476,RL-000029,ALIAS,Machine Learning Engineer,false
AL-000477,RL-000029,ALIAS,Machine Learning Research Scientist,false
AL-000478,RL-000029,ALIAS,Machine Learning Scientist,false
AL-000479,RL-000029,ALIAS,Machine Learning Software Engineer,false
AL-000480,RL-000029,ALIAS,Multi-Disciplined Language Analyst,false
AL-000481,RL-000029,ALIAS,NLP Engineer (Natural Language Processing Engineer),false
AL-000482,RL-000029,ALIAS,Programming Languages Researcher,false
AL-000483,RL-000029,ALIAS,Programming Methodology Researcher,false
AL-000484,RL-000029,ALIAS,Research and Development Specialist (R and D Specialist),false
AL-000485,RL-000029,ALIAS,Research Computer Scientist,false
AL-000486,RL-000029,ALIAS,Research Engineer,false
AL-000487,RL-000029,ALIAS,Research Scientist,false
AL-000488,RL-000029,ALIAS,Scientific Programmer Analyst,false
AL-000489,RL-000029,ALIAS,Scientist,false
AL-000490,RL-000029,ALIAS,Site Reliability Engineer,false
DOM-000029,RL-000029,DOMAIN,IT,1.0
AL-000491,RL-000030,ALIAS,AI Specialist (Artificial Intelligence Specialist),false
AL-000492,RL-000030,ALIAS,Application Analyst,false
AL-000493,RL-000030,ALIAS,Application Architect,false
AL-000494,RL-000030,ALIAS,Application Developer,false
AL-000495,RL-000030,ALIAS,Application Engineer,false
AL-000496,RL-000030,ALIAS,Application Integration Engineer,false
AL-000497,RL-000030,ALIAS,Application Integrator,false
AL-000498,RL-000030,ALIAS,Application Programmer,false
AL-000499,RL-000030,ALIAS,Application Software Engineering IT Specialist (Application Software Engineering Information Technology Specialist),false
AL-000500,RL-000030,ALIAS,Application Support Engineer,false
AL-000501,RL-000030,ALIAS,Application Systems Analyst,false
AL-000502,RL-000030,ALIAS,Application Systems Architect,false
AL-000503,RL-000030,ALIAS,Beta Tester,false
AL-000504,RL-000030,ALIAS,Business Application Developer,false
AL-000505,RL-000030,ALIAS,Certified Internetwork Expert,false
AL-000506,RL-000030,ALIAS,Commercial Drone Software Developer,false
AL-000507,RL-000030,ALIAS,Computer Application Developer,false
AL-000508,RL-000030,ALIAS,Computer Application Engineer,false
AL-000509,RL-000030,ALIAS,Computer Architect,false
AL-000510,RL-000030,ALIAS,Computer Consultant,false
AL-000511,RL-000030,ALIAS,Computer Engineer,false
AL-000512,RL-000030,ALIAS,Computer Programmer Analyst,false
AL-000513,RL-000030,ALIAS,Computer Software Engineer,false
AL-000514,RL-000030,ALIAS,Computer Systems Software Architect,false
AL-000515,RL-000030,ALIAS,Computer Systems Software Engineer,false
AL-000516,RL-000030,ALIAS,Developer,false
AL-000517,RL-000030,ALIAS,DevOps Architect (Development and Operations Architect),false
AL-000518,RL-000030,ALIAS,DevOps Developer (Development and Operations Developer),false
AL-000519,RL-000030,ALIAS,DevOps Engineer (Development Operations Engineer),false
AL-000520,RL-000030,ALIAS,Drone Software Development Engineer,false
AL-000521,RL-000030,ALIAS,EDP System Engineer (Electronic Data Processing System Engineer),false
AL-000522,RL-000030,ALIAS,Embedded Engineer,false
AL-000523,RL-000030,ALIAS,Embedded Software Engineer,false
AL-000524,RL-000030,ALIAS,Embedded Systems Software Developer,false
AL-000525,RL-000030,ALIAS,Enterprise Systems Engineer,false
AL-000526,RL-000030,ALIAS,Extract Transform Load Developer,false
AL-000527,RL-000030,ALIAS,Full Stack Developer,false
AL-000528,RL-000030,ALIAS,Full Stack Engineer,false
AL-000529,RL-000030,ALIAS,Full Stack Software Engineer,false
AL-000530,RL-000030,ALIAS,Game Developer,false
AL-000531,RL-000030,ALIAS,Game Engineer,false
AL-000532,RL-000030,ALIAS,Graphic Engineer,false
AL-000533,RL-000030,ALIAS,Implementation Specialist,false
AL-000534,RL-000030,ALIAS,Information Architect,false
AL-000535,RL-000030,ALIAS,Infrastructure Engineer,false
AL-000536,RL-000030,ALIAS,Interface Designer,false
AL-000537,RL-000030,ALIAS,Internet Application Developer,false
AL-000538,RL-000030,ALIAS,Internet Consultant,false
AL-000539,RL-000030,ALIAS,Knowledge Management Application Developer,false
AL-000540,RL-000030,ALIAS,Mainframe Systems Programmer,false
AL-000541,RL-000030,ALIAS,Mobile Application Developer,false
AL-000542,RL-000030,ALIAS,Mobile Device Developer,false
AL-000543,RL-000030,ALIAS,Operating System Designer (OS Designer),false
AL-000544,RL-000030,ALIAS,Operating System Specialist (OS Specialist),false
AL-000545,RL-000030,ALIAS,Publishing Systems Analyst,false
AL-000546,RL-000030,ALIAS,Secure Software Assessor,false
AL-000547,RL-000030,ALIAS,Server Engineer,false
AL-000548,RL-000030,ALIAS,Simulation Developer,false
AL-000549,RL-000030,ALIAS,Site Reliability Engineer,false
AL-000550,RL-000030,ALIAS,SOA Developer (Service Oriented Architecture Developer),false
AL-000551,RL-000030,ALIAS,Software Application Architect,false
AL-000552,RL-000030,ALIAS,Software Application Designer,false
AL-000553,RL-000030,ALIAS,Software Application Developer,false
AL-000554,RL-000030,ALIAS,Software Application Engineer,false
AL-000555,RL-000030,ALIAS,Software Application Specialist,false
AL-000556,RL-000030,ALIAS,Software Architect,false
AL-000557,RL-000030,ALIAS,Software Computer Specialist,false
AL-000558,RL-000030,ALIAS,Software Design Engineer,false
AL-000559,RL-000030,ALIAS,Software Designer,false
AL-000560,RL-000030,ALIAS,Software Developer,false
AL-000561,RL-000030,ALIAS,Software Development Engineer,false
AL-000562,RL-000030,ALIAS,Software Engineer,false
AL-000563,RL-000030,ALIAS,Software Engineering Systems IT Specialist (Software Engineering Systems Information Technology Specialist),false
AL-000564,RL-000030,ALIAS,Software Quality Engineer (SQE),false
AL-000565,RL-000030,ALIAS,Software Requirements Engineer (SRE),false
AL-000566,RL-000030,ALIAS,Software Systems Developer,false
AL-000567,RL-000030,ALIAS,Software Systems Engineer,false
AL-000568,RL-000030,ALIAS,Software Writer,false
AL-000569,RL-000030,ALIAS,Solution Architect,false
AL-000570,RL-000030,ALIAS,Solution Engineer,false
AL-000571,RL-000030,ALIAS,Solutions Architect,false
AL-000572,RL-000030,ALIAS,Systems Analyst Engineer,false
AL-000573,RL-000030,ALIAS,Systems Coordinator,false
AL-000574,RL-000030,ALIAS,Systems Engineer,false
AL-000575,RL-000030,ALIAS,Systems Integration Engineer,false
AL-000576,RL-000030,ALIAS,Systems Software Designer,false
AL-000577,RL-000030,ALIAS,Systems Software Engineer,false
AL-000578,RL-000030,ALIAS,Systems Software Specialist,false
AL-000579,RL-000030,ALIAS,Systems Support Engineer,false
AL-000580,RL-000030,ALIAS,UI Designer (User Interface Designer),false
AL-000581,RL-000030,ALIAS,Usability Engineer,false
AL-000582,RL-000030,ALIAS,Video Game Engineer,false
AL-000583,RL-000030,ALIAS,XML Developer (Extensible Markup Language Developer),false
DOM-000030,RL-000030,DOMAIN,IT,1.0
AL-000584,RL-000031,ALIAS,Application Integrator,false
AL-000585,RL-000031,ALIAS,Applications Analyst,false
AL-000586,RL-000031,ALIAS,Applications Quality Assurance Specialist (Applications QA Specialist),false
AL-000587,RL-000031,ALIAS,Applications Software Engineering Information Technology Specialist (Applications Software Engineering IT Specialist),false
AL-000588,RL-000031,ALIAS,Applications System Analyst,false
AL-000589,RL-000031,ALIAS,Applications Tester,false
AL-000590,RL-000031,ALIAS,Automation Specialist,false
AL-000591,RL-000031,ALIAS,Automation Tester,false
AL-000592,RL-000031,ALIAS,Beta Tester,false
AL-000593,RL-000031,ALIAS,Bug Bounty Hunter,false
AL-000594,RL-000031,ALIAS,Computer Consultant,false
AL-000595,RL-000031,ALIAS,Data Modeler,false
AL-000596,RL-000031,ALIAS,Game Tester,false
AL-000597,RL-000031,ALIAS,Implementation Specialist,false
AL-000598,RL-000031,ALIAS,Information Technology Analyst (IT Analyst),false
AL-000599,RL-000031,ALIAS,Information Technology Consultant (IT Consultant),false
AL-000600,RL-000031,ALIAS,IT Performance Analyst (Information Technology Performance Analyst),false
AL-000601,RL-000031,ALIAS,Malware Analyst,false
AL-000602,RL-000031,ALIAS,Performance Tester,false
AL-000603,RL-000031,ALIAS,Quality Analyst,false
AL-000604,RL-000031,ALIAS,Quality Assurance Analyst (QA Analyst),false
AL-000605,RL-000031,ALIAS,Quality Assurance Automation Engineer (QA Automation Engineer),false
AL-000606,RL-000031,ALIAS,Quality Assurance Engineer (QA Engineer),false
AL-000607,RL-000031,ALIAS,Quality Assurance Specialist (QA Specialist),false
AL-000608,RL-000031,ALIAS,Quality Assurance Tester (QA Tester),false
AL-000609,RL-000031,ALIAS,Quality Engineer,false
AL-000610,RL-000031,ALIAS,Secure Software Assessor,false
AL-000611,RL-000031,ALIAS,Server Engineer,false
AL-000612,RL-000031,ALIAS,Software Application Quality Assurance Specialist (Software Application QA Specialist),false
AL-000613,RL-000031,ALIAS,Software Application Support Specialist,false
AL-000614,RL-000031,ALIAS,Software Development Test Engineer,false
AL-000615,RL-000031,ALIAS,Software Installer,false
AL-000616,RL-000031,ALIAS,Software Quality Assurance Analyst (SQA Analyst),false
AL-000617,RL-000031,ALIAS,Software Quality Assurance Consultant (Software QA Consultant),false
AL-000618,RL-000031,ALIAS,Software Quality Assurance Engineer (SQA Engineer),false
AL-000619,RL-000031,ALIAS,Software Quality Assurance Specialist (SQA Specialist),false
AL-000620,RL-000031,ALIAS,Software Quality Assurance Technician (SQA Technician),false
AL-000621,RL-000031,ALIAS,Software Quality Control Specialist (Software QC Specialist),false
AL-000622,RL-000031,ALIAS,Software Quality Engineer,false
AL-000623,RL-000031,ALIAS,Software Quality Tester,false
AL-000624,RL-000031,ALIAS,Software Requirements Engineer,false
AL-000625,RL-000031,ALIAS,Software Systems Engineer,false
AL-000626,RL-000031,ALIAS,Software Test Analyst,false
AL-000627,RL-000031,ALIAS,Software Test Engineer,false
AL-000628,RL-000031,ALIAS,Software Tester,false
AL-000629,RL-000031,ALIAS,Software Testing Specialist,false
AL-000630,RL-000031,ALIAS,Solution Architect,false
AL-000631,RL-000031,ALIAS,Solutions Architect,false
AL-000632,RL-000031,ALIAS,System Testing and Evaluation Specialist,false
AL-000633,RL-000031,ALIAS,Systems Analyst,false
AL-000634,RL-000031,ALIAS,Systems Analyst Engineer,false
AL-000635,RL-000031,ALIAS,Systems Coordinator,false
AL-000636,RL-000031,ALIAS,Systems Integration Engineer,false
AL-000637,RL-000031,ALIAS,Systems Software Quality Assurance Specialist (Systems Software QA Specialist),false
AL-000638,RL-000031,ALIAS,Systems Software Specialist,false
AL-000639,RL-000031,ALIAS,Systems Support Engineer,false
AL-000640,RL-000031,ALIAS,Systems Tester,false
AL-000641,RL-000031,ALIAS,Systems Tester Analyst,false
AL-000642,RL-000031,ALIAS,Technical Support Engineer,false
AL-000643,RL-000031,ALIAS,Technology Analyst,false
AL-000644,RL-000031,ALIAS,Test Automation Engineer,false
AL-000645,RL-000031,ALIAS,Test Engineer,false
AL-000646,RL-000031,ALIAS,Usability Engineer,false
AL-000647,RL-000031,ALIAS,User Experience Designer (UX Designer),false
AL-000648,RL-000031,ALIAS,User Interface and User Experience Architect (UI/UX Architect),false
AL-000649,RL-000031,ALIAS,User Interface and User Experience Designer (UI/UX Designer),false
AL-000650,RL-000031,ALIAS,User Interface Designer (UI Designer),false
AL-000651,RL-000031,ALIAS,Validation Engineer,false
DOM-000031,RL-000031,DOMAIN,IT,1.0
AL-000652,RL-000032,ALIAS,Back End Developer,false
AL-000653,RL-000032,ALIAS,Back End Engineer,false
AL-000654,RL-000032,ALIAS,Back End Software Engineer,false
AL-000655,RL-000032,ALIAS,Back-End Web Developer,false
AL-000656,RL-000032,ALIAS,Computer Graphic Artist,false
AL-000657,RL-000032,ALIAS,Computer Graphic Designer,false
AL-000658,RL-000032,ALIAS,Front End Developer,false
AL-000659,RL-000032,ALIAS,Front End Engineer,false
AL-000660,RL-000032,ALIAS,Front End React Developer,false
AL-000661,RL-000032,ALIAS,Front End Software Engineer,false
AL-000662,RL-000032,ALIAS,Front End Web Developer,false
AL-000663,RL-000032,ALIAS,Full Stack Developer,false
AL-000664,RL-000032,ALIAS,Full Stack Web Developer,false
AL-000665,RL-000032,ALIAS,HTML Developer (HyperText Markup Language Developer),false
AL-000666,RL-000032,ALIAS,Interface Designer,false
AL-000667,RL-000032,ALIAS,Internet Application Developer,false
AL-000668,RL-000032,ALIAS,Internet Architect,false
AL-000669,RL-000032,ALIAS,Internet Developer,false
AL-000670,RL-000032,ALIAS,Internet Site Designer,false
AL-000671,RL-000032,ALIAS,Internet Specialist,false
AL-000672,RL-000032,ALIAS,Intranet Developer,false
AL-000673,RL-000032,ALIAS,JavaScript Developer,false
AL-000674,RL-000032,ALIAS,jQuery Developer,false
AL-000675,RL-000032,ALIAS,Node.js Developer,false
AL-000676,RL-000032,ALIAS,PHP Developer (Personal Home Page Developer),false
AL-000677,RL-000032,ALIAS,PHP Web Developer (Personal Home Page Web Developer),false
AL-000678,RL-000032,ALIAS,PHP Website Developer,false
AL-000679,RL-000032,ALIAS,React.js Developer,false
AL-000680,RL-000032,ALIAS,Ruby on Rails Developer,false
AL-000681,RL-000032,ALIAS,Salesforce Developer,false
AL-000682,RL-000032,ALIAS,Tableau Developer,false
AL-000683,RL-000032,ALIAS,Technology Applications Engineer,false
AL-000684,RL-000032,ALIAS,UI Developer (User Interface Developer),false
AL-000685,RL-000032,ALIAS,Web Application Developer,false
AL-000686,RL-000032,ALIAS,Web Applications Developer,false
AL-000687,RL-000032,ALIAS,Web Architect,false
AL-000688,RL-000032,ALIAS,Web Consultant,false
AL-000689,RL-000032,ALIAS,Web Content Developer,false
AL-000690,RL-000032,ALIAS,Web Design Specialist,false
AL-000691,RL-000032,ALIAS,Web Developer,false
AL-000692,RL-000032,ALIAS,Web Engineer,false
AL-000693,RL-000032,ALIAS,Web Infrastructure Developer,false
AL-000694,RL-000032,ALIAS,Web Page Developer,false
AL-000695,RL-000032,ALIAS,Web Producer,false
AL-000696,RL-000032,ALIAS,Web Programmer,false
AL-000697,RL-000032,ALIAS,Web Site Designer,false
AL-000698,RL-000032,ALIAS,Web Site Developer,false
AL-000699,RL-000032,ALIAS,Web Site Specialist,false
AL-000700,RL-000032,ALIAS,Web Software Engineer,false
AL-000701,RL-000032,ALIAS,Web Specialist,false
AL-000702,RL-000032,ALIAS,Web Technician,false
AL-000703,RL-000032,ALIAS,Webmaster,false
AL-000704,RL-000032,ALIAS,Webmaster Analyst,false
AL-000705,RL-000032,ALIAS,Website Manager,false
AL-000706,RL-000032,ALIAS,Websphere Administrator,false
AL-000707,RL-000032,ALIAS,WordPress Developer,false
AL-000708,RL-000032,ALIAS,XML Developer (Extensible Markup Language Developer),false
DOM-000032,RL-000032,DOMAIN,IT,1.0
AL-000709,RL-000033,ALIAS,Application Development Director,false
AL-000710,RL-000033,ALIAS,Application Manager,false
AL-000711,RL-000033,ALIAS,Cloud Product Director,false
AL-000712,RL-000033,ALIAS,Computer Project Manager,false
AL-000713,RL-000033,ALIAS,Cyber IT Knowledge Manager,false
AL-000714,RL-000033,ALIAS,Cybersecurity Project Manager,false
AL-000715,RL-000033,ALIAS,Cybersecurity Scrum Master,false
AL-000716,RL-000033,ALIAS,Data Center Product Director,false
AL-000717,RL-000033,ALIAS,Database Administration Project Manager,false
AL-000718,RL-000033,ALIAS,Database Development Project Manager,false
AL-000719,RL-000033,ALIAS,E-Business Project Manager,false
AL-000720,RL-000033,ALIAS,Information Support Project Manager,false
AL-000721,RL-000033,ALIAS,Information Systems Planner (IS Planner),false
AL-000722,RL-000033,ALIAS,Information Systems Project Manager (IS Project Manager),false
AL-000723,RL-000033,ALIAS,Infrastructure Project Manager,false
AL-000724,RL-000033,ALIAS,Interactive Media Project Manager,false
AL-000725,RL-000033,ALIAS,Internet Project Manager,false
AL-000726,RL-000033,ALIAS,IT Manager (Information Technology Manager),false
AL-000727,RL-000033,ALIAS,IT Program Manager (Information Technology Program Manager),false
AL-000728,RL-000033,ALIAS,IT Project Manager (Information Technology Project Manager),false
AL-000729,RL-000033,ALIAS,IT Supervisor (Information Technology Supervisor),false
AL-000730,RL-000033,ALIAS,Network Operations Project Manager,false
AL-000731,RL-000033,ALIAS,Network Services Project Manager,false
AL-000732,RL-000033,ALIAS,Planning Management IT Specialist (Planning Management Information Technology Specialist),false
AL-000733,RL-000033,ALIAS,Programming Development Project Manager,false
AL-000734,RL-000033,ALIAS,Project Management IT Specialist (Project Management Information Technology Specialist),false
AL-000735,RL-000033,ALIAS,Project Manager (PM),false
AL-000736,RL-000033,ALIAS,Release Manager,false
AL-000737,RL-000033,ALIAS,Scrum Master,false
AL-000738,RL-000033,ALIAS,Software Development Project Manager,false
AL-000739,RL-000033,ALIAS,Software Project Manager,false
AL-000740,RL-000033,ALIAS,Systems Development Manager,false
AL-000741,RL-000033,ALIAS,Technical Manager,false
AL-000742,RL-000033,ALIAS,Technical Project Manager,false
AL-000743,RL-000033,ALIAS,Technology Manager,false
AL-000744,RL-000033,ALIAS,Technology Project Manager,false
AL-000745,RL-000033,ALIAS,Transition Program Manager,false
AL-000746,RL-000033,ALIAS,Web Site Project Manager,false
AL-000747,RL-000033,ALIAS,Website Project Manager,false
DOM-000033,RL-000033,DOMAIN,IT,1.0
AL-000748,RL-000034,ALIAS,Analytics Consultant,false
AL-000749,RL-000034,ALIAS,Applied Scientist,false
AL-000750,RL-000034,ALIAS,Data Analyst,false
AL-000751,RL-000034,ALIAS,Data Analytic Scientist,false
AL-000752,RL-000034,ALIAS,Data Analytics Scientist,false
AL-000753,RL-000034,ALIAS,Data Analytics Specialist,false
AL-000754,RL-000034,ALIAS,Data Architect,false
AL-000755,RL-000034,ALIAS,Data Consultant,false
AL-000756,RL-000034,ALIAS,Data Economist,false
AL-000757,RL-000034,ALIAS,Data Engineer,false
AL-000758,RL-000034,ALIAS,Data Management Scientist,false
AL-000759,RL-000034,ALIAS,Data Mining Analyst,false
AL-000760,RL-000034,ALIAS,Data Modeler,false
AL-000761,RL-000034,ALIAS,Data Quality Analyst,false
AL-000762,RL-000034,ALIAS,Data Science Engineer,false
AL-000763,RL-000034,ALIAS,Data Science Intern,false
AL-000764,RL-000034,ALIAS,Data Specialist,false
AL-000765,RL-000034,ALIAS,Machine Learning Data Scientist,false
AL-000766,RL-000034,ALIAS,Machine Learning Engineer,false
AL-000767,RL-000034,ALIAS,Machine Learning Scientist,false
AL-000768,RL-000034,ALIAS,Machine Learning Software Engineer,false
AL-000769,RL-000034,ALIAS,Marketing Data Scientist,false
AL-000770,RL-000034,ALIAS,Psychometric Consultant,false
AL-000771,RL-000034,ALIAS,Quantitative Methodologist,false
AL-000772,RL-000034,ALIAS,Quantitative Researcher,false
AL-000773,RL-000034,ALIAS,Research Analyst,false
AL-000774,RL-000034,ALIAS,Research Scientist,false
AL-000775,RL-000034,ALIAS,Statistical Analyst,false
AL-000776,RL-000034,ALIAS,Statistical Consultant,false
DOM-000034,RL-000034,DOMAIN,IT,1.0
AL-000777,RL-000035,ALIAS,Assignment Clerk,false
AL-000778,RL-000035,ALIAS,Benefits Clerk,false
AL-000779,RL-000035,ALIAS,Benefits Coordinator,false
AL-000780,RL-000035,ALIAS,Benefits Technician,false
AL-000781,RL-000035,ALIAS,Civil Service Clerk,false
AL-000782,RL-000035,ALIAS,Civil Service Worker,false
AL-000783,RL-000035,ALIAS,Contract Clerk,false
AL-000784,RL-000035,ALIAS,Employment Assistant,false
AL-000785,RL-000035,ALIAS,Employment Clerk,false
AL-000786,RL-000035,ALIAS,Enrollment Specialist,false
AL-000787,RL-000035,ALIAS,Human Resources Administrative Assistant (HR Administrative Assistant),false
AL-000788,RL-000035,ALIAS,Human Resources Assistant (HR Assistant),false
AL-000789,RL-000035,ALIAS,Human Resources Associate (HR Associate),false
AL-000790,RL-000035,ALIAS,Human Resources Clerk (HR Clerk),false
AL-000791,RL-000035,ALIAS,Human Resources Team Member,false
AL-000792,RL-000035,ALIAS,Identification Clerk,false
AL-000793,RL-000035,ALIAS,Onboarding Coordinator,false
AL-000794,RL-000035,ALIAS,Personnel Associate,false
AL-000795,RL-000035,ALIAS,Personnel Clerk,false
AL-000796,RL-000035,ALIAS,Personnel Officer,false
AL-000797,RL-000035,ALIAS,Recruiting Coordinator,false
AL-000798,RL-000035,ALIAS,Resource Coordinator,false
AL-000799,RL-000035,ALIAS,Staffing Assistant,false
AL-000800,RL-000035,ALIAS,Temporary Help Agency Referral Clerk,false
AL-000801,RL-000035,ALIAS,Time Study Clerk,false
DOM-000035,RL-000035,DOMAIN,HR,1.0
AL-000802,SK-000001,ALIAS,Haskell techniques,false
DOM-000036,SK-000001,DOMAIN,IT,1.0
AL-001690,SK-000002,ALIAS,create technical documentation,false
AL-001691,SK-000002,ALIAS,create technical documentation and academic writings,false
AL-001692,SK-000002,ALIAS,write technical documentation,false
AL-001693,SK-000002,ALIAS,write scientific and academic papers,false
DOM-000037,SK-000002,DOMAIN,IT,1.0
AL-001694,SK-000003,ALIAS,kdevplatform,false
AL-001695,SK-000003,ALIAS,KDevelop platform,false
DOM-000038,SK-000003,DOMAIN,IT,1.0
AL-000805,SK-000004,ALIAS,drift existing data,false
DOM-000039,SK-000004,DOMAIN,IT,1.0
AL-001696,SK-000005,ALIAS,supplies managing,false
AL-001697,SK-000005,ALIAS,control and monitor supplies,false
AL-001698,SK-000005,ALIAS,monitor and control supplies,false
AL-001699,SK-000005,ALIAS,supply chain management,false
AL-001700,SK-000005,ALIAS,supplies planning,false
AL-001701,SK-000005,ALIAS,manage supply chain,false
AL-001702,SK-000005,ALIAS,plan supplies,false
AL-001703,SK-000005,ALIAS,supplies management,false
DOM-000040,SK-000005,DOMAIN,BUSINESS,1.0
AL-000807,SK-000006,ALIAS,Erlang programming language,false
DOM-000041,SK-000006,DOMAIN,IT,1.0
AL-001704,SK-000007,ALIAS,lead ICT data classification responsabilities,false
AL-001705,SK-000007,ALIAS,organise ICT data classification responsibilities,false
DOM-000042,SK-000007,DOMAIN,IT,1.0
AL-001706,SK-000008,ALIAS,data structuring methods,false
AL-001707,SK-000008,ALIAS,types of data infrastructure,false
AL-001708,SK-000008,ALIAS,data infrastructure,false
DOM-000043,SK-000008,DOMAIN,IT,1.0
AL-001709,SK-000009,ALIAS,offer suggestions on bankruptcy proceedings,false
AL-001710,SK-000009,ALIAS,give recommendations on bankruptcy proceedings,false
AL-001711,SK-000009,ALIAS,advise on proceedings on bankruptcy,false
AL-001712,SK-000009,ALIAS,counsel on bankruptcy proceedings,false
AL-001713,SK-000009,ALIAS,advise on bankruptcy proceeding,false
AL-001714,SK-000009,ALIAS,advising on bankruptcy proceedings,false
DOM-000044,SK-000009,DOMAIN,BUSINESS,1.0
AL-001715,SK-000010,ALIAS,SAS coding,false
AL-001716,SK-000010,ALIAS,SAS algorithms,false
AL-001717,SK-000010,ALIAS,SAS testing,false
AL-001718,SK-000010,ALIAS,SAS algorithm,false
AL-001719,SK-000010,ALIAS,SAS programming language,false
AL-001720,SK-000010,ALIAS,SAS principles for software development,false
AL-001721,SK-000010,ALIAS,SAS techniques for software development,false
DOM-000045,SK-000010,DOMAIN,IT,1.0
AL-001722,SK-000011,ALIAS,use an interface specific to the application,false
AL-001723,SK-000011,ALIAS,using an interface specific to the application,false
AL-001724,SK-000011,ALIAS,application-specific interface using,false
AL-001725,SK-000011,ALIAS,operate an interface specific to the application,false
AL-001726,SK-000011,ALIAS,using an application-specific interface,false
AL-001727,SK-000011,ALIAS,application-specific interface operating,false
AL-001728,SK-000011,ALIAS,operating an interface specific to the application,false
AL-001729,SK-000011,ALIAS,operating an application-specific interface,false
AL-001730,SK-000011,ALIAS,operate an application-specific interface,false
DOM-000046,SK-000011,DOMAIN,IT,1.0
AL-001731,SK-000012,ALIAS,customers insight,false
AL-001732,SK-000012,ALIAS,customer understanding,false
AL-001733,SK-000012,ALIAS,customer's insight,false
AL-001734,SK-000012,ALIAS,customer insights,false
DOM-000047,SK-000012,DOMAIN,BUSINESS,1.0
AL-000814,SK-000013,ALIAS,programs management,false
DOM-000048,SK-000013,DOMAIN,BUSINESS,1.0
AL-000815,SK-000014,ALIAS,metadata tagging,false
DOM-000049,SK-000014,DOMAIN,BUSINESS,1.0
AL-001735,SK-000015,ALIAS,the study of law,false
AL-001736,SK-000015,ALIAS,law studies,false
DOM-000050,SK-000015,DOMAIN,BUSINESS,1.0
AL-001737,SK-000016,ALIAS,DNS,false
AL-001738,SK-000016,ALIAS,DNS server,false
DOM-000051,SK-000016,DOMAIN,IT,1.0
AL-001739,SK-000017,ALIAS,mathematical computation,false
AL-001740,SK-000017,ALIAS,mathematical representation,false
AL-001741,SK-000017,ALIAS,mathematical simulation,false
DOM-000052,SK-000017,DOMAIN,IT,1.0
AL-001742,SK-000018,ALIAS,prepare data,false
AL-001743,SK-000018,ALIAS,normalize data,false
AL-001744,SK-000018,ALIAS,perform data pre-processing,false
DOM-000053,SK-000018,DOMAIN,IT,1.0
AL-000820,SK-000019,ALIAS,propose technical solutions to business problems,false
DOM-000054,SK-000019,DOMAIN,BUSINESS,1.0
AL-001745,SK-000020,ALIAS,simulation software ANSYS,false
AL-001746,SK-000020,ALIAS,computer-based simulation,false
DOM-000055,SK-000020,DOMAIN,IT,1.0
AL-001747,SK-000021,ALIAS,accounts department processes,false
AL-001748,SK-000021,ALIAS,accounting department procedures,false
AL-001749,SK-000021,ALIAS,accounting processes,false
DOM-000056,SK-000021,DOMAIN,BUSINESS,1.0
AL-001750,SK-000022,ALIAS,integrating strategic foundation in daily performance,false
AL-001751,SK-000022,ALIAS,incorporate strategic foundation in daily performance,false
AL-001752,SK-000022,ALIAS,implement strategic foundation in daily performance,false
AL-001753,SK-000022,ALIAS,integrate strategic foundation in performance,false
DOM-000057,SK-000022,DOMAIN,BUSINESS,1.0
AL-001754,SK-000023,ALIAS,oversee scientific data,false
AL-001755,SK-000023,ALIAS,handle research data,false
AL-001756,SK-000023,ALIAS,administer research data,false
DOM-000058,SK-000023,DOMAIN,IT,1.0
AL-001757,SK-000024,ALIAS,organise marketing strategy,false
AL-001758,SK-000024,ALIAS,plan marketing strategies,false
AL-001759,SK-000024,ALIAS,design marketing strategy,false
AL-001760,SK-000024,ALIAS,plan a marketing strategy,false
AL-001761,SK-000024,ALIAS,project marketing strategy,false
AL-001762,SK-000024,ALIAS,planning a marketing strategy,false
AL-001763,SK-000024,ALIAS,arrange marketing strategy,false
DOM-000059,SK-000024,DOMAIN,BUSINESS,1.0
AL-001764,SK-000025,ALIAS,employment legislation,false
AL-001765,SK-000025,ALIAS,employment law,false
AL-001766,SK-000025,ALIAS,labor legislation,false
AL-001767,SK-000025,ALIAS,legislation on labour,false
DOM-000060,SK-000025,DOMAIN,HR,1.0
AL-000827,SK-000026,ALIAS,application development life-cycle,false
DOM-000061,SK-000026,DOMAIN,IT,1.0
DOM-000062,SK-000026,DOMAIN,BUSINESS,1.0
AL-001768,SK-000027,ALIAS,administer company policies,false
AL-001769,SK-000027,ALIAS,applying company policies,false
AL-001770,SK-000027,ALIAS,employ company policies,false
AL-001771,SK-000027,ALIAS,utilise company policies,false
AL-001772,SK-000027,ALIAS,company policy application,false
AL-001773,SK-000027,ALIAS,apply company policy,false
AL-001774,SK-000027,ALIAS,implement company policies,false
DOM-000063,SK-000027,DOMAIN,HR,1.0
AL-001775,SK-000028,ALIAS,prepare plan for migration to cloud,false
AL-001776,SK-000028,ALIAS,cloud migration planning,false
AL-001777,SK-000028,ALIAS,plan refactoring,false
DOM-000064,SK-000028,DOMAIN,IT,1.0
AL-000830,SK-000029,ALIAS,Agile management software,false
DOM-000065,SK-000029,DOMAIN,IT,1.0
DOM-000066,SK-000029,DOMAIN,BUSINESS,1.0
AL-001778,SK-000030,ALIAS,use html,false
AL-001779,SK-000030,ALIAS,use mark-up languages,false
AL-001780,SK-000030,ALIAS,use XHTML,false
DOM-000067,SK-000030,DOMAIN,IT,1.0
AL-001781,SK-000031,ALIAS,design automated migration methods,false
AL-001782,SK-000031,ALIAS,design automated transfer of ICT information,false
AL-001783,SK-000031,ALIAS,generate automated transfer of ICT information,false
AL-001784,SK-000031,ALIAS,develop automated transfer of ICT information,false
AL-001785,SK-000031,ALIAS,create automated transfer of ICT information,false
DOM-000068,SK-000031,DOMAIN,IT,1.0
AL-001786,SK-000032,ALIAS,perform multitasking activities,false
AL-001787,SK-000032,ALIAS,carry out multitasking,false
AL-001788,SK-000032,ALIAS,perform multi tasks at the same time,false
DOM-000069,SK-000032,DOMAIN,BUSINESS,1.0
AL-001789,SK-000033,ALIAS,sale argumentation,false
AL-001790,SK-000033,ALIAS,argumentation of sales,false
AL-001791,SK-000033,ALIAS,sales techniques,false
AL-001792,SK-000033,ALIAS,sales pitches,false
AL-001793,SK-000033,ALIAS,sales strategies,false
AL-001794,SK-000033,ALIAS,sales promotions,false
DOM-000070,SK-000033,DOMAIN,BUSINESS,1.0
AL-001795,SK-000034,ALIAS,compile data for forensic purposes,false
AL-001796,SK-000034,ALIAS,collect data for forensic purposes,false
DOM-000071,SK-000034,DOMAIN,IT,1.0
AL-001797,SK-000035,ALIAS,train staff to improve performance,false
AL-001798,SK-000035,ALIAS,employee coaching,false
AL-001799,SK-000035,ALIAS,coach employees for performance,false
AL-001800,SK-000035,ALIAS,coach staff,false
AL-001801,SK-000035,ALIAS,train employees to improve performance,false
DOM-000072,SK-000035,DOMAIN,HR,1.0
AL-000837,SK-000036,ALIAS,Ruby,false
DOM-000073,SK-000036,DOMAIN,IT,1.0
AL-000838,SK-000037,ALIAS,Common Lisp programming language,false
DOM-000074,SK-000037,DOMAIN,IT,1.0
AL-000839,SK-000038,ALIAS,Maven,false
DOM-000075,SK-000038,DOMAIN,IT,1.0
AL-001802,SK-000039,ALIAS,provide customer service,false
AL-001803,SK-000039,ALIAS,supply customer service,false
AL-001804,SK-000039,ALIAS,respond to customer requests,false
AL-001805,SK-000039,ALIAS,respond to customers,false
AL-001806,SK-000039,ALIAS,engage with customers,false
AL-001807,SK-000039,ALIAS,help customers,false
AL-001808,SK-000039,ALIAS,assist customers,false
AL-001809,SK-000039,ALIAS,talk with customers,false
AL-001810,SK-000039,ALIAS,communicate with clients,false
AL-001811,SK-000039,ALIAS,interact with customers,false
AL-001812,SK-000039,ALIAS,interact with clients,false
DOM-000076,SK-000039,DOMAIN,BUSINESS,1.0
AL-000841,SK-000040,ALIAS,risk management internal policy,false
DOM-000077,SK-000040,DOMAIN,IT,1.0
DOM-000078,SK-000040,DOMAIN,BUSINESS,1.0
AL-001813,SK-000041,ALIAS,Lisp software development principles,false
AL-001814,SK-000041,ALIAS,Lisp algorithms,false
AL-001815,SK-000041,ALIAS,Lisp software development techniques,false
AL-001816,SK-000041,ALIAS,Lisp programming paradigms,false
AL-001817,SK-000041,ALIAS,Lisp coding techniques,false
DOM-000079,SK-000041,DOMAIN,IT,1.0
AL-001818,SK-000042,ALIAS,write research applications,false
AL-001819,SK-000042,ALIAS,gather and define user requirements,false
AL-001820,SK-000042,ALIAS,categorise customer requirements,false
DOM-000080,SK-000042,DOMAIN,BUSINESS,1.0
AL-001821,SK-000043,ALIAS,task scheduling,false
AL-001822,SK-000043,ALIAS,organise tasks,false
AL-001823,SK-000043,ALIAS,schedule tasks,false
AL-001824,SK-000043,ALIAS,organize tasks,false
AL-001825,SK-000043,ALIAS,task planning,false
AL-001826,SK-000043,ALIAS,assign and schedule tasks,false
AL-001827,SK-000043,ALIAS,task management,false
AL-001828,SK-000043,ALIAS,manage task scheduling,false
AL-001829,SK-000043,ALIAS,plan tasks,false
AL-001830,SK-000043,ALIAS,manage tasking,false
DOM-000081,SK-000043,DOMAIN,IT,1.0
AL-000845,SK-000044,ALIAS,relationship marketing strategies,false
DOM-000082,SK-000044,DOMAIN,BUSINESS,1.0
AL-001831,SK-000045,ALIAS,implement conflict management,false
AL-001832,SK-000045,ALIAS,administer conflict management,false
AL-001833,SK-000045,ALIAS,utilise conflict management,false
AL-001834,SK-000045,ALIAS,applying conflict management,false
AL-001835,SK-000045,ALIAS,conflict management application,false
AL-001836,SK-000045,ALIAS,employ conflict management,false
AL-001837,SK-000045,ALIAS,application of conflict management,false
DOM-000083,SK-000045,DOMAIN,BUSINESS,1.0
DOM-000084,SK-000045,DOMAIN,HR,1.0
AL-000847,SK-000046,ALIAS,business requirements identification,false
DOM-000085,SK-000046,DOMAIN,BUSINESS,1.0
AL-001838,SK-000047,ALIAS,recommend on accident management,false
AL-001839,SK-000047,ALIAS,strategise on accident management,false
AL-001840,SK-000047,ALIAS,suggest on risk management,false
AL-001841,SK-000047,ALIAS,propose on risk management,false
AL-001842,SK-000047,ALIAS,recommend on risk management,false
AL-001843,SK-000047,ALIAS,propose on accident management,false
AL-001844,SK-000047,ALIAS,suggest on accident management,false
AL-001845,SK-000047,ALIAS,strategise on risk management,false
DOM-000086,SK-000047,DOMAIN,BUSINESS,1.0
DOM-000087,SK-000047,DOMAIN,HR,1.0
AL-001846,SK-000048,ALIAS,investigate unemployment rates,false
AL-001847,SK-000048,ALIAS,scrutinise unemployment rates,false
AL-001848,SK-000048,ALIAS,investigate jobless rates,false
AL-001849,SK-000048,ALIAS,analyze unemployment rates,false
AL-001850,SK-000048,ALIAS,scrutinise jobless rates,false
AL-001851,SK-000048,ALIAS,audit jobless rates,false
AL-001852,SK-000048,ALIAS,audit unemployment rates,false
DOM-000088,SK-000048,DOMAIN,HR,1.0
AL-001853,SK-000049,ALIAS,perform job analysis,false
AL-001854,SK-000049,ALIAS,carry out analysis of job,false
AL-001855,SK-000049,ALIAS,carrying out job analysis,false
DOM-000089,SK-000049,DOMAIN,HR,1.0
AL-000851,SK-000050,ALIAS,ethical hacking techniques,false
DOM-000090,SK-000050,DOMAIN,IT,1.0
AL-000852,SK-000051,ALIAS,Syntactically Awesome Stylesheets,false
DOM-000091,SK-000051,DOMAIN,IT,1.0
AL-001856,SK-000052,ALIAS,design multi-tier cloud architecture,false
AL-001857,SK-000052,ALIAS,create cloud architecture,false
AL-001858,SK-000052,ALIAS,engineer cloud architecture,false
DOM-000092,SK-000052,DOMAIN,IT,1.0
DOM-000093,SK-000053,DOMAIN,IT,1.0
AL-001859,SK-000054,ALIAS,forensic IT,false
AL-001860,SK-000054,ALIAS,digital forensic investigation,false
DOM-000094,SK-000054,DOMAIN,IT,1.0
AL-001861,SK-000055,ALIAS,describe interview purposes,false
AL-001862,SK-000055,ALIAS,explaining interview purposes,false
AL-001863,SK-000055,ALIAS,explain purposes of interview,false
AL-001864,SK-000055,ALIAS,outline interview purposes,false
AL-001865,SK-000055,ALIAS,explain interview purpose,false
DOM-000095,SK-000055,DOMAIN,HR,1.0
AL-000856,SK-000056,ALIAS,marketing data analytics,false
DOM-000096,SK-000056,DOMAIN,IT,1.0
DOM-000097,SK-000056,DOMAIN,BUSINESS,1.0
AL-001866,SK-000057,ALIAS,international commerce,false
AL-001867,SK-000057,ALIAS,foreign trade,false
AL-001868,SK-000057,ALIAS,global trade,false
AL-001869,SK-000057,ALIAS,world wide trade,false
AL-001870,SK-000057,ALIAS,international trading,false
DOM-000098,SK-000057,DOMAIN,BUSINESS,1.0
AL-000858,SK-000058,ALIAS,InfoSec strategy,false
DOM-000099,SK-000058,DOMAIN,IT,1.0
AL-001871,SK-000059,ALIAS,suggestions on personnel management,false
AL-001872,SK-000059,ALIAS,provide personnel management advice,false
AL-001873,SK-000059,ALIAS,give personnel management advice and support,false
AL-001874,SK-000059,ALIAS,recommend personnel management,false
AL-001875,SK-000059,ALIAS,provide personnel management support,false
AL-001876,SK-000059,ALIAS,instruct on personnel management,false
DOM-000100,SK-000059,DOMAIN,BUSINESS,1.0
DOM-000101,SK-000059,DOMAIN,HR,1.0
AL-001877,SK-000060,ALIAS,design virtual assistant skills,false
AL-001878,SK-000060,ALIAS,develop interaction model,false
AL-001879,SK-000060,ALIAS,design skills for interaction model,false
DOM-000102,SK-000060,DOMAIN,IT,1.0
AL-001880,SK-000061,ALIAS,customers' segmentation,false
AL-001881,SK-000061,ALIAS,customer segmentation process,false
AL-001882,SK-000061,ALIAS,segmentation of customers,false
AL-001883,SK-000061,ALIAS,market fragmentation,false
DOM-000103,SK-000061,DOMAIN,BUSINESS,1.0
AL-001884,SK-000062,ALIAS,VB.NET,false
AL-001885,SK-000062,ALIAS,.NET,false
AL-001886,SK-000062,ALIAS,Visual Studio .NET,false
AL-001887,SK-000062,ALIAS,Visual Studio,false
AL-001888,SK-000062,ALIAS,VB,false
DOM-000104,SK-000062,DOMAIN,IT,1.0
AL-001889,SK-000063,ALIAS,administer marketing strategies,false
AL-001890,SK-000063,ALIAS,implementing marketing strategies,false
AL-001891,SK-000063,ALIAS,utilise marketing strategies,false
AL-001892,SK-000063,ALIAS,implement a marketing strategy,false
AL-001893,SK-000063,ALIAS,marketing strategies implementation,false
AL-001894,SK-000063,ALIAS,execute marketing strategies,false
AL-001895,SK-000063,ALIAS,introduce marketing strategies,false
DOM-000105,SK-000063,DOMAIN,BUSINESS,1.0
AL-001896,SK-000064,ALIAS,business analytics,false
AL-001897,SK-000064,ALIAS,BI,false
AL-001898,SK-000064,ALIAS,business intelligence tools,false
DOM-000106,SK-000064,DOMAIN,IT,1.0
DOM-000107,SK-000064,DOMAIN,BUSINESS,1.0
AL-001899,SK-000065,ALIAS,apprise on taxation and related matters,false
AL-001900,SK-000065,ALIAS,fiscal duties notification,false
AL-001901,SK-000065,ALIAS,advise on taxation and related matters,false
AL-001902,SK-000065,ALIAS,brief on taxation and related matters,false
AL-001903,SK-000065,ALIAS,apprise on fiscal duties,false
AL-001904,SK-000065,ALIAS,advise on fiscal duties,false
AL-001905,SK-000065,ALIAS,brief on fiscal duties,false
DOM-000108,SK-000065,DOMAIN,BUSINESS,1.0
AL-001906,SK-000066,ALIAS,project sales over periods of time,false
AL-001907,SK-000066,ALIAS,forecast sales over period of time,false
AL-001908,SK-000066,ALIAS,estimate sales over periods of time,false
AL-001909,SK-000066,ALIAS,predict sales over periods of time,false
AL-001910,SK-000066,ALIAS,forecast sales over time periods,false
AL-001911,SK-000066,ALIAS,forecasting sales over periods of time,false
AL-001912,SK-000066,ALIAS,forecast sales over time,false
DOM-000109,SK-000066,DOMAIN,BUSINESS,1.0
AL-001913,SK-000067,ALIAS,support annual budget production,false
AL-001914,SK-000067,ALIAS,support annual budget creation,false
AL-001915,SK-000067,ALIAS,assist the annual budgeting process,false
AL-001916,SK-000067,ALIAS,support annual budget development,false
AL-001917,SK-000067,ALIAS,assist the process of preparing the annual budget,false
AL-001918,SK-000067,ALIAS,support production of annual budget,false
AL-001919,SK-000067,ALIAS,provide assistance to the annual budgeting process,false
AL-001920,SK-000067,ALIAS,conduct annual report support activities,false
AL-001921,SK-000067,ALIAS,support creation of annual budget,false
AL-001922,SK-000067,ALIAS,perform annual budget support activities,false
DOM-000110,SK-000067,DOMAIN,BUSINESS,1.0
AL-001923,SK-000068,ALIAS,implementing computer network safety policies,false
AL-001924,SK-000068,ALIAS,implementing ICT safety policies,false
AL-001925,SK-000068,ALIAS,implement computer network safety policies,false
AL-001926,SK-000068,ALIAS,implement ICT safety policies,false
AL-001927,SK-000068,ALIAS,implement computer network security policies,false
AL-001928,SK-000068,ALIAS,apply on-line safety guidelines,false
AL-001929,SK-000068,ALIAS,ICT safety policies implementing,false
AL-001930,SK-000068,ALIAS,apply on-line security guidelines,false
AL-001931,SK-000068,ALIAS,on-line security guidelines applying,false
AL-001932,SK-000068,ALIAS,on-line safety guidelines applying,false
DOM-000111,SK-000068,DOMAIN,IT,1.0
DOM-000112,SK-000069,DOMAIN,IT,1.0
DOM-000113,SK-000069,DOMAIN,BUSINESS,1.0
AL-001933,SK-000070,ALIAS,telephone soliciting,false
AL-001934,SK-000070,ALIAS,cold-calling,false
DOM-000114,SK-000070,DOMAIN,BUSINESS,1.0
AL-001935,SK-000071,ALIAS,advise on tax plans,false
AL-001936,SK-000071,ALIAS,advising on tax planning,false
AL-001937,SK-000071,ALIAS,give recommendations on tax planning,false
AL-001938,SK-000071,ALIAS,counsel on tax planning,false
AL-001939,SK-000071,ALIAS,offer suggestions on tax planning,false
DOM-000115,SK-000071,DOMAIN,BUSINESS,1.0
AL-001940,SK-000072,ALIAS,use online payment solutions,false
AL-001941,SK-000072,ALIAS,make use of e-services,false
AL-001942,SK-000072,ALIAS,use electronic services,false
AL-001943,SK-000072,ALIAS,engage in citizenship through digital technologies,false
AL-001944,SK-000072,ALIAS,able to use e-services,false
AL-001945,SK-000072,ALIAS,apply e-services,false
AL-001946,SK-000072,ALIAS,utilise e-services,false
DOM-000116,SK-000072,DOMAIN,IT,1.0
AL-001947,SK-000073,ALIAS,analyse sales levels of products,false
AL-001948,SK-000073,ALIAS,study sales levels of product,false
AL-001949,SK-000073,ALIAS,study product sales levels,false
AL-001950,SK-000073,ALIAS,studying sales levels of products,false
AL-001951,SK-000073,ALIAS,inspect sales levels of products,false
AL-001952,SK-000073,ALIAS,study sales level of products,false
DOM-000117,SK-000073,DOMAIN,BUSINESS,1.0
AL-001953,SK-000074,ALIAS,utilise CASE tools for software design,false
AL-001954,SK-000074,ALIAS,utilize CASE tools for software design,false
AL-001955,SK-000074,ALIAS,utilize computer-aided software engineering tools,false
AL-001956,SK-000074,ALIAS,utilise CASE tools,false
AL-001957,SK-000074,ALIAS,use CASE tools,false
DOM-000118,SK-000074,DOMAIN,IT,1.0
AL-001958,SK-000075,ALIAS,Google Sheets,false
AL-001959,SK-000075,ALIAS,PlanMaker,false
AL-001960,SK-000075,ALIAS,Gnumeric,false
AL-001961,SK-000075,ALIAS,OxygenOffice Professional Calc,false
AL-001962,SK-000075,ALIAS,ResolverOne,false
AL-001963,SK-000075,ALIAS,ThinkFree Office Calc,false
AL-001964,SK-000075,ALIAS,CellPro,false
AL-001965,SK-000075,ALIAS,Simple Spreadsheet,false
AL-001966,SK-000075,ALIAS,Corel Calculate,false
AL-001967,SK-000075,ALIAS,MS Excel,false
AL-001968,SK-000075,ALIAS,wikiCalc,false
AL-001969,SK-000075,ALIAS,Calligra Sheets,false
AL-001970,SK-000075,ALIAS,QT Calc Express,false
AL-001971,SK-000075,ALIAS,Lotus 1-2-3,false
AL-001972,SK-000075,ALIAS,Quantrix Modeler,false
AL-001973,SK-000075,ALIAS,Dolphinity Planner,false
AL-001974,SK-000075,ALIAS,Kingsoft Spreadsheet,false
AL-001975,SK-000075,ALIAS,Sheetster,false
AL-001976,SK-000075,ALIAS,Accel Spreadsheet,false
AL-001977,SK-000075,ALIAS,LibreOffice Calc,false
AL-001978,SK-000075,ALIAS,Microsoft Office Excel,false
AL-001979,SK-000075,ALIAS,use spreadsheets program,false
AL-001980,SK-000075,ALIAS,IBM Lotus Symphony Spreadsheets,false
AL-001981,SK-000075,ALIAS,Household Budget Worksheet,false
AL-001982,SK-000075,ALIAS,design spreadsheets,false
AL-001983,SK-000075,ALIAS,Myrtle,false
AL-001984,SK-000075,ALIAS,Ability Office Spreadsheet,false
AL-001985,SK-000075,ALIAS,DhtmlxSpreadsheet,false
AL-001986,SK-000075,ALIAS,OOo4Kids Calc,false
AL-001987,SK-000075,ALIAS,Lotus Improv,false
AL-001988,SK-000075,ALIAS,Sphygmic Software Spreadsheet,false
AL-001989,SK-000075,ALIAS,Zoho Sheet,false
DOM-000119,SK-000075,DOMAIN,IT,1.0
AL-001990,SK-000076,ALIAS,Java 2,false
AL-001991,SK-000076,ALIAS,Java 2 enterprise edition,false
AL-001992,SK-000076,ALIAS,Java,false
DOM-000120,SK-000076,DOMAIN,IT,1.0
AL-001993,SK-000077,ALIAS,promoting gender equality in business contexts,false
AL-001994,SK-000077,ALIAS,encourage promote gender equality in business contexts,false
AL-001995,SK-000077,ALIAS,promote business context gender equality,false
AL-001996,SK-000077,ALIAS,advocate promote gender equality in business contexts,false
AL-001997,SK-000077,ALIAS,promote gender equality in business context,false
DOM-000121,SK-000077,DOMAIN,HR,1.0
AL-001998,SK-000078,ALIAS,use a data processing technique,false
AL-001999,SK-000078,ALIAS,apply data processing technique,false
AL-002000,SK-000078,ALIAS,make use of data processing techniques,false
AL-002001,SK-000078,ALIAS,utilize data processing techniques,false
AL-002002,SK-000078,ALIAS,gather and analyse data,false
DOM-000122,SK-000078,DOMAIN,IT,1.0
AL-000878,SK-000079,ALIAS,MultiDimensional eXpressions,false
DOM-000123,SK-000079,DOMAIN,IT,1.0
AL-002003,SK-000080,ALIAS,data architecture,false
AL-002004,SK-000080,ALIAS,information system design,false
DOM-000124,SK-000080,DOMAIN,IT,1.0
DOM-000125,SK-000080,DOMAIN,BUSINESS,1.0
AL-002005,SK-000081,ALIAS,forecasting organisational risks,false
AL-002006,SK-000081,ALIAS,foresee organisational risks,false
AL-002007,SK-000081,ALIAS,forecast organizational risks,false
AL-002008,SK-000081,ALIAS,forecast organisational risk,false
AL-002009,SK-000081,ALIAS,predict organisational risks,false
DOM-000126,SK-000081,DOMAIN,BUSINESS,1.0
AL-002010,SK-000082,ALIAS,cloud safety and compliance,false
AL-002011,SK-000082,ALIAS,cloud safety,false
AL-002012,SK-000082,ALIAS,cloud security,false
AL-002013,SK-000082,ALIAS,cloud compliance,false
DOM-000127,SK-000082,DOMAIN,IT,1.0
AL-002014,SK-000083,ALIAS,pricing strategy,false
AL-002015,SK-000083,ALIAS,price strategies,false
AL-002016,SK-000083,ALIAS,pricing plans,false
AL-002017,SK-000083,ALIAS,pricing tactics,false
DOM-000128,SK-000083,DOMAIN,BUSINESS,1.0
AL-000883,SK-000084,ALIAS,ensure compliance with legislative regulations,false
DOM-000129,SK-000084,DOMAIN,BUSINESS,1.0
AL-002018,SK-000085,ALIAS,perform a risk analysis,false
AL-002019,SK-000085,ALIAS,risk analysis performance,false
AL-002020,SK-000085,ALIAS,implement risk analysis,false
AL-002021,SK-000085,ALIAS,finish risk analysis,false
AL-002022,SK-000085,ALIAS,performing a risk analysis,false
AL-002023,SK-000085,ALIAS,complete risk analysis,false
AL-002024,SK-000085,ALIAS,undertake risk analysis,false
DOM-000130,SK-000085,DOMAIN,BUSINESS,1.0
AL-000885,SK-000086,ALIAS,examine current data,false
DOM-000131,SK-000086,DOMAIN,IT,1.0
DOM-000132,SK-000086,DOMAIN,BUSINESS,1.0
AL-002025,SK-000087,ALIAS,give feedback in a professional setting,false
AL-002026,SK-000087,ALIAS,interact appropriately in research and professional spheres,false
AL-002027,SK-000087,ALIAS,receive feedback in a professional setting,false
AL-002028,SK-000087,ALIAS,interact considerately in research and professional spheres,false
AL-002029,SK-000087,ALIAS,show collegiality in research and professional environments,false
DOM-000133,SK-000087,DOMAIN,IT,1.0
AL-002030,SK-000088,ALIAS,organise projects,false
AL-002031,SK-000088,ALIAS,coordinating events,false
AL-002032,SK-000088,ALIAS,coordinate an event,false
AL-002033,SK-000088,ALIAS,plan events,false
DOM-000134,SK-000088,DOMAIN,BUSINESS,1.0
AL-002034,SK-000089,ALIAS,advocate pay parity,false
AL-002035,SK-000089,ALIAS,encourage pay parity,false
AL-002036,SK-000089,ALIAS,advocate equal pay,false
AL-002037,SK-000089,ALIAS,promote pay parity,false
AL-002038,SK-000089,ALIAS,endorse equal pay,false
AL-002039,SK-000089,ALIAS,encourage equal pay,false
AL-002040,SK-000089,ALIAS,endorse pay parity,false
DOM-000135,SK-000089,DOMAIN,HR,1.0
AL-002041,SK-000090,ALIAS,embedded systems software architectures,false
AL-002042,SK-000090,ALIAS,embedded software,false
DOM-000136,SK-000090,DOMAIN,IT,1.0
AL-002043,SK-000091,ALIAS,budget set costs,false
AL-002044,SK-000091,ALIAS,approximate set costs,false
AL-002045,SK-000091,ALIAS,estimate set costs,false
AL-002046,SK-000091,ALIAS,manage operation budgets,false
AL-002047,SK-000091,ALIAS,oversee operational budgets,false
AL-002048,SK-000091,ALIAS,handle operational budgets,false
AL-002049,SK-000091,ALIAS,maintain operational budgets,false
AL-002050,SK-000091,ALIAS,manage operational budget,false
DOM-000137,SK-000091,DOMAIN,BUSINESS,1.0
DOM-000138,SK-000091,DOMAIN,HR,1.0
AL-002051,SK-000092,ALIAS,GCC,false
AL-002052,SK-000092,ALIAS,Ada,false
AL-002053,SK-000092,ALIAS,ALGOL,false
AL-002054,SK-000092,ALIAS,Visual Basic .NET,false
AL-002055,SK-000092,ALIAS,Visual Basic,false
AL-002056,SK-000092,ALIAS,HyperTalk,false
AL-002057,SK-000092,ALIAS,AppleScript,false
AL-002058,SK-000092,ALIAS,Ceylon,false
AL-002059,SK-000092,ALIAS,LabVIEW,false
AL-002060,SK-000092,ALIAS,Euphoria,false
AL-002061,SK-000092,ALIAS,Subversion,false
AL-002062,SK-000092,ALIAS,OCaml,false
AL-002063,SK-000092,ALIAS,PL/I,false
AL-002064,SK-000092,ALIAS,MSVC++,false
AL-002065,SK-000092,ALIAS,Dylan,false
AL-002066,SK-000092,ALIAS,AspectJ,false
AL-002067,SK-000092,ALIAS,Korn-shell,false
AL-002068,SK-000092,ALIAS,STL,false
AL-002069,SK-000092,ALIAS,Io,false
AL-002070,SK-000092,ALIAS,Hack,false
AL-002071,SK-000092,ALIAS,Turing,false
AL-002072,SK-000092,ALIAS,Object Pascal,false
AL-002073,SK-000092,ALIAS,Curl,false
AL-002074,SK-000092,ALIAS,DIBOL,false
AL-002075,SK-000092,ALIAS,cT,false
AL-002076,SK-000092,ALIAS,KnockoutJS,false
AL-002077,SK-000092,ALIAS,bash,false
AL-002078,SK-000092,ALIAS,Seed7,false
AL-002079,SK-000092,ALIAS,Emacs Lisp,false
AL-002080,SK-000092,ALIAS,OpenCV,false
AL-002081,SK-000092,ALIAS,Rebol,false
AL-002082,SK-000092,ALIAS,Lua,false
AL-002083,SK-000092,ALIAS,BCPL,false
AL-002084,SK-000092,ALIAS,ActionScript,false
AL-002085,SK-000092,ALIAS,C shell,false
AL-002086,SK-000092,ALIAS,AWK,false
AL-002087,SK-000092,ALIAS,INTERCAL,false
AL-002088,SK-000092,ALIAS,COMAL,false
AL-002089,SK-000092,ALIAS,PowerShell,false
AL-002090,SK-000092,ALIAS,occam,false
AL-002091,SK-000092,ALIAS,Fantom,false
AL-002092,SK-000092,ALIAS,Caml,false
AL-002093,SK-000092,ALIAS,Z shell,false
AL-002094,SK-000092,ALIAS,Tcl,false
AL-002095,SK-000092,ALIAS,Squirrel-script,false
AL-002096,SK-000092,ALIAS,IDL,false
AL-002097,SK-000092,ALIAS,Gosu,false
AL-002098,SK-000092,ALIAS,Fortran,false
AL-002099,SK-000092,ALIAS,X10,false
AL-002100,SK-000092,ALIAS,AngularJS,false
AL-002101,SK-000092,ALIAS,REXX,false
AL-002102,SK-000092,ALIAS,BizTalk,false
AL-002103,SK-000092,ALIAS,ColdFusion,false
AL-002104,SK-000092,ALIAS,PostScript,false
AL-002105,SK-000092,ALIAS,TACL,false
DOM-000139,SK-000092,DOMAIN,IT,1.0
AL-002106,SK-000093,ALIAS,determine project specifications,false
AL-002107,SK-000093,ALIAS,produce detailed specifications for projects,false
DOM-000140,SK-000093,DOMAIN,BUSINESS,1.0
AL-002108,SK-000094,ALIAS,maintain a relationship with customers,false
AL-002109,SK-000094,ALIAS,sustain relationship with customers,false
AL-002110,SK-000094,ALIAS,manage relationship with customers,false
AL-002111,SK-000094,ALIAS,control relationship with customers,false
AL-002112,SK-000094,ALIAS,preserve relationship with customers,false
AL-002113,SK-000094,ALIAS,maintain relationships with customers,false
AL-002114,SK-000094,ALIAS,maintain a relationship with a customer,false
DOM-000141,SK-000094,DOMAIN,HR,1.0
AL-002115,SK-000095,ALIAS,giving advice on personal matters,false
AL-002116,SK-000095,ALIAS,give advice on personal matter,false
AL-002117,SK-000095,ALIAS,offer suggestions on personal matters,false
AL-002118,SK-000095,ALIAS,make recommendations on personal matters,false
DOM-000142,SK-000095,DOMAIN,HR,1.0
AL-002119,SK-000096,ALIAS,give accurate project information,false
AL-002120,SK-000096,ALIAS,provide accurate project information,false
DOM-000143,SK-000096,DOMAIN,BUSINESS,1.0
AL-002121,SK-000097,ALIAS,make tax returns forms ready,false
AL-002122,SK-000097,ALIAS,prepare forms for tax returns,false
AL-002123,SK-000097,ALIAS,complete tax returns forms,false
AL-002124,SK-000097,ALIAS,prepare tax return forms,false
AL-002125,SK-000097,ALIAS,preparing tax returns forms,false
AL-002126,SK-000097,ALIAS,get tax returns forms ready,false
AL-002127,SK-000097,ALIAS,prepare tax returns form,false
DOM-000144,SK-000097,DOMAIN,BUSINESS,1.0
AL-002128,SK-000098,ALIAS,assist in the practical actions for developing marketing campaign,false
AL-002129,SK-000098,ALIAS,assist in the practical actions for marketing campaigns development,false
AL-002130,SK-000098,ALIAS,help in the practical actions for developing marketing campaigns,false
AL-002131,SK-000098,ALIAS,assisting in the practical actions for developing marketing campaigns,false
AL-002132,SK-000098,ALIAS,aid in the practical actions for developing marketing campaigns,false
AL-002133,SK-000098,ALIAS,assist in the practical actions for developing marketing campaigns,false
DOM-000145,SK-000098,DOMAIN,BUSINESS,1.0
AL-002134,SK-000099,ALIAS,enforce finance policies,false
AL-002135,SK-000099,ALIAS,enforcing financial policies,false
AL-002136,SK-000099,ALIAS,implement financial policies,false
AL-002137,SK-000099,ALIAS,impose financial policies,false
AL-002138,SK-000099,ALIAS,enforce financial policy,false
DOM-000146,SK-000099,DOMAIN,BUSINESS,1.0
AL-002139,SK-000100,ALIAS,Kingsoft Office Presentation,false
AL-002140,SK-000100,ALIAS,Corel Presentations,false
AL-002141,SK-000100,ALIAS,using presentation software,false
AL-002142,SK-000100,ALIAS,Slide Bureau,false
AL-002143,SK-000100,ALIAS,make use of presentation software,false
AL-002144,SK-000100,ALIAS,CustomShow,false
AL-002145,SK-000100,ALIAS,SnagIt,false
AL-002146,SK-000100,ALIAS,Adobe Persuation,false
AL-002147,SK-000100,ALIAS,Preseria,false
AL-002148,SK-000100,ALIAS,Haiku Deck,false
AL-002149,SK-000100,ALIAS,Google Slides,false
AL-002150,SK-000100,ALIAS,Adobe Ovation,false
AL-002151,SK-000100,ALIAS,LibreOffice Impress,false
AL-002152,SK-000100,ALIAS,Evernote Presentations,false
AL-002153,SK-000100,ALIAS,Prezi,false
AL-002154,SK-000100,ALIAS,ClearSlide,false
AL-002155,SK-000100,ALIAS,Emaze,false
AL-002156,SK-000100,ALIAS,SlideShare,false
AL-002157,SK-000100,ALIAS,VisualBee,false
AL-002158,SK-000100,ALIAS,MediaShout,false
AL-002159,SK-000100,ALIAS,SlideDog,false
AL-002160,SK-000100,ALIAS,able to use presentation software,false
AL-002161,SK-000100,ALIAS,Slideshark,false
AL-002162,SK-000100,ALIAS,produce electronic presentations,false
AL-002163,SK-000100,ALIAS,utilise presentation software,false
AL-002164,SK-000100,ALIAS,Microsoft Office PowerPoint,false
AL-002165,SK-000100,ALIAS,apply presentation software,false
AL-002166,SK-000100,ALIAS,use presentation program,false
AL-002167,SK-000100,ALIAS,Articulate Presenter,false
AL-002168,SK-000100,ALIAS,Powtoon,false
AL-002169,SK-000100,ALIAS,GoAnimate,false
AL-002170,SK-000100,ALIAS,KnowledgeVision,false
AL-002171,SK-000100,ALIAS,Kineticast,false
AL-002172,SK-000100,ALIAS,use slide show software,false
DOM-000147,SK-000100,DOMAIN,IT,1.0
AL-002173,SK-000101,ALIAS,principles of project management,false
AL-002174,SK-000101,ALIAS,principles of project control,false
AL-002175,SK-000101,ALIAS,scope of project control principles,false
AL-002176,SK-000101,ALIAS,range of project management principles,false
AL-002177,SK-000101,ALIAS,range of project control principles,false
AL-002178,SK-000101,ALIAS,content of project management principles,false
AL-002179,SK-000101,ALIAS,scope of project management principles,false
AL-002180,SK-000101,ALIAS,content of project control principles,false
DOM-000148,SK-000101,DOMAIN,BUSINESS,1.0
AL-002181,SK-000102,ALIAS,software architecture patterns,false
AL-002182,SK-000102,ALIAS,software architecture frameworks,false
DOM-000149,SK-000102,DOMAIN,IT,1.0
AL-000902,SK-000103,ALIAS,develop technological improvement strategies,false
DOM-000150,SK-000103,DOMAIN,IT,1.0
AL-002183,SK-000104,ALIAS,work together with auditors,false
AL-002184,SK-000104,ALIAS,liaising with auditors,false
AL-002185,SK-000104,ALIAS,cooperate with auditors,false
AL-002186,SK-000104,ALIAS,liaise with auditor,false
AL-002187,SK-000104,ALIAS,collaborate with auditors,false
DOM-000151,SK-000104,DOMAIN,BUSINESS,1.0
AL-002188,SK-000105,ALIAS,analyse testing results for incorrect software output,false
AL-002189,SK-000105,ALIAS,locate defects causing unexpected software output,false
AL-002190,SK-000105,ALIAS,repair computer code for software,false
AL-002191,SK-000105,ALIAS,fix computer code for software,false
DOM-000152,SK-000105,DOMAIN,IT,1.0
AL-002192,SK-000106,ALIAS,parallel computing,false
AL-002193,SK-000106,ALIAS,use parallel computing,false
DOM-000153,SK-000106,DOMAIN,IT,1.0
AL-000906,SK-000107,ALIAS,data scraping,false
DOM-000154,SK-000107,DOMAIN,IT,1.0
AL-000907,SK-000108,ALIAS,LESS language,false
DOM-000155,SK-000108,DOMAIN,IT,1.0
AL-002194,SK-000109,ALIAS,manage hr,false
AL-002195,SK-000109,ALIAS,managing human resources,false
AL-002196,SK-000109,ALIAS,supervise human resources,false
AL-002197,SK-000109,ALIAS,oversee human resources,false
AL-002198,SK-000109,ALIAS,direct human resources,false
DOM-000156,SK-000109,DOMAIN,HR,1.0
AL-002199,SK-000110,ALIAS,undertake business analysis,false
AL-002200,SK-000110,ALIAS,performing business analysis,false
AL-002201,SK-000110,ALIAS,perform analysis of a business,false
AL-002202,SK-000110,ALIAS,perform a business analysis,false
AL-002203,SK-000110,ALIAS,implement business analysis,false
AL-002204,SK-000110,ALIAS,complete business analysis,false
DOM-000157,SK-000110,DOMAIN,BUSINESS,1.0
AL-002205,SK-000111,ALIAS,integrate software into system frameworks,false
AL-002206,SK-000111,ALIAS,harmonise software with system architectures,false
AL-002207,SK-000111,ALIAS,coordinate software with architectural structures,false
DOM-000158,SK-000111,DOMAIN,IT,1.0
AL-002208,SK-000112,ALIAS,carbon-neutral manufacturing,false
AL-002209,SK-000112,ALIAS,sustainable production,false
AL-002210,SK-000112,ALIAS,sustainable forest products,false
AL-002211,SK-000112,ALIAS,eco-friendly manufacturing,false
AL-002212,SK-000112,ALIAS,green manufacturing,false
AL-002213,SK-000112,ALIAS,resource-efficient manufacturing,false
DOM-000159,SK-000112,DOMAIN,BUSINESS,1.0
AL-002214,SK-000113,ALIAS,promote an event,false
AL-002215,SK-000113,ALIAS,advertise an event,false
AL-002216,SK-000113,ALIAS,promoting an event,false
AL-002217,SK-000113,ALIAS,market an event,false
DOM-000160,SK-000113,DOMAIN,BUSINESS,1.0
AL-002218,SK-000114,ALIAS,implement content quality control,false
AL-002219,SK-000114,ALIAS,perform quantent quality assessment,false
DOM-000161,SK-000114,DOMAIN,IT,1.0
AL-002220,SK-000115,ALIAS,investigate milled grains,false
AL-002221,SK-000115,ALIAS,test milled grains,false
AL-002222,SK-000115,ALIAS,scrutinise milled grains,false
AL-002223,SK-000115,ALIAS,search milled grains,false
AL-002224,SK-000115,ALIAS,analysing market financial trends,false
AL-002225,SK-000115,ALIAS,analysis of a market financial trend,false
AL-002226,SK-000115,ALIAS,analyse a market financial trend,false
AL-002227,SK-000115,ALIAS,analyze market financial trends,false
DOM-000162,SK-000115,DOMAIN,BUSINESS,1.0
AL-002228,SK-000116,ALIAS,plan exhibition marketing plan,false
AL-002229,SK-000116,ALIAS,exhibition marketing plan preparation,false
AL-002230,SK-000116,ALIAS,arrange exhibition marketing plan,false
AL-002231,SK-000116,ALIAS,prepare an exhibition marketing plan,false
AL-002232,SK-000116,ALIAS,develop exhibition marketing plan,false
AL-002233,SK-000116,ALIAS,provide exhibition marketing plan,false
AL-002234,SK-000116,ALIAS,preparing an exhibition marketing plan,false
DOM-000163,SK-000116,DOMAIN,BUSINESS,1.0
AL-002235,SK-000117,ALIAS,strive growth of the company,false
AL-002236,SK-000117,ALIAS,crusade for company growth,false
AL-002237,SK-000117,ALIAS,work hard for company growth,false
AL-002238,SK-000117,ALIAS,striving for company growth,false
DOM-000164,SK-000117,DOMAIN,BUSINESS,1.0
AL-000917,SK-000118,ALIAS,manage information security,false
DOM-000165,SK-000118,DOMAIN,IT,1.0
AL-002239,SK-000119,ALIAS,analyse financial accounts,false
AL-002240,SK-000119,ALIAS,monitor finance accounts,false
AL-002241,SK-000119,ALIAS,analyse financial records,false
DOM-000166,SK-000119,DOMAIN,BUSINESS,1.0
AL-002242,SK-000120,ALIAS,organize staff assessment,false
AL-002243,SK-000120,ALIAS,arrange staff assessment,false
AL-002244,SK-000120,ALIAS,organise assessments of staff,false
AL-002245,SK-000120,ALIAS,organise staff assessments,false
AL-002246,SK-000120,ALIAS,organising staff assessment,false
AL-002247,SK-000120,ALIAS,plan staff assessment,false
DOM-000167,SK-000120,DOMAIN,HR,1.0
AL-002248,SK-000121,ALIAS,disseminate scientific results,false
AL-002249,SK-000121,ALIAS,disclose scientific results,false
AL-002250,SK-000121,ALIAS,disclose findings of scientific research,false
AL-002251,SK-000121,ALIAS,disseminate findings of scientific research,false
AL-002252,SK-000121,ALIAS,disseminate results of scientific research,false
DOM-000168,SK-000121,DOMAIN,IT,1.0
AL-002253,SK-000122,ALIAS,know open-source software licensing schemes,false
AL-002254,SK-000122,ALIAS,know open-source software coding practices,false
AL-002255,SK-000122,ALIAS,know open-source licensing schemes,false
AL-002256,SK-000122,ALIAS,know open-source coding practices,false
AL-002257,SK-000122,ALIAS,manage open-source software,false
DOM-000169,SK-000122,DOMAIN,IT,1.0
AL-002258,SK-000123,ALIAS,use programming design patterns,false
AL-002259,SK-000123,ALIAS,utilise software design patterns,false
DOM-000170,SK-000123,DOMAIN,IT,1.0
AL-002260,SK-000124,ALIAS,analyse data performance,false
AL-002261,SK-000124,ALIAS,perform analysis of data,false
AL-002262,SK-000124,ALIAS,implement data analysis,false
AL-002263,SK-000124,ALIAS,performing data analysis,false
AL-002264,SK-000124,ALIAS,undertake data analysis,false
AL-002265,SK-000124,ALIAS,complete data analysis,false
DOM-000171,SK-000124,DOMAIN,IT,1.0
AL-000924,SK-000125,ALIAS,Prolog,false
DOM-000172,SK-000125,DOMAIN,IT,1.0
AL-002266,SK-000126,ALIAS,state policy production,false
AL-002267,SK-000126,ALIAS,state policy introduction,false
AL-002268,SK-000126,ALIAS,government policy execution,false
AL-002269,SK-000126,ALIAS,government policy direction,false
AL-002270,SK-000126,ALIAS,state policy direction,false
AL-002271,SK-000126,ALIAS,government policy production,false
AL-002272,SK-000126,ALIAS,government policy introduction,false
AL-002273,SK-000126,ALIAS,state policy execution,false
DOM-000173,SK-000126,DOMAIN,HR,1.0
AL-002274,SK-000127,ALIAS,design-to-cost process,false
AL-002275,SK-000127,ALIAS,process design,false
DOM-000174,SK-000127,DOMAIN,BUSINESS,1.0
AL-002276,SK-000128,ALIAS,utilise ICT tools for logic programming,false
AL-002277,SK-000128,ALIAS,use Datalog for logic programming,false
AL-002278,SK-000128,ALIAS,employ Answer Set Programming,false
AL-002279,SK-000128,ALIAS,employ ICT tools for logic programming,false
AL-002280,SK-000128,ALIAS,use Prolog for logic programming,false
DOM-000175,SK-000128,DOMAIN,IT,1.0
AL-002281,SK-000129,ALIAS,perform company financial management activities,false
AL-002282,SK-000129,ALIAS,manage finances,false
AL-002283,SK-000129,ALIAS,conduct financial management activities,false
AL-002284,SK-000129,ALIAS,manage financial resources,false
AL-002285,SK-000129,ALIAS,monitor and control financial resources,false
AL-002286,SK-000129,ALIAS,supervise company budgets,false
AL-002287,SK-000129,ALIAS,monitor and manage financial resources,false
AL-002288,SK-000129,ALIAS,oversee company budgets,false
AL-002289,SK-000129,ALIAS,manage and control company budgets,false
AL-002290,SK-000129,ALIAS,monitor financial resources,false
AL-002291,SK-000129,ALIAS,control finances,false
DOM-000176,SK-000129,DOMAIN,HR,1.0
AL-002292,SK-000130,ALIAS,develop visual design from given specifications,false
AL-002293,SK-000130,ALIAS,develop visual design concepts based on target audience,false
AL-002294,SK-000130,ALIAS,develop visual design based on target audience,false
AL-002295,SK-000130,ALIAS,translate requirement concepts into visual design,false
AL-002296,SK-000130,ALIAS,develop visual design concepts from given specifications,false
DOM-000177,SK-000130,DOMAIN,IT,1.0
DOM-000178,SK-000130,DOMAIN,BUSINESS,1.0
AL-002297,SK-000131,ALIAS,develop data processes,false
AL-002298,SK-000131,ALIAS,implement data processes,false
DOM-000179,SK-000131,DOMAIN,IT,1.0
AL-002299,SK-000132,ALIAS,carrying out sales analysis,false
AL-002300,SK-000132,ALIAS,carry out a sales analysis,false
AL-002301,SK-000132,ALIAS,oversee sales analysis,false
AL-002302,SK-000132,ALIAS,undertake sales analysis,false
AL-002303,SK-000132,ALIAS,complete sales analysis,false
AL-002304,SK-000132,ALIAS,make sales analysis,false
AL-002305,SK-000132,ALIAS,carrying out a sales analysis,false
DOM-000180,SK-000132,DOMAIN,BUSINESS,1.0
AL-002306,SK-000133,ALIAS,ICT network security threats,false
AL-002307,SK-000133,ALIAS,information systems security risks,false
DOM-000181,SK-000133,DOMAIN,IT,1.0
AL-002308,SK-000134,ALIAS,speak foreign languages,false
AL-002309,SK-000134,ALIAS,communicate in multiple languages,false
AL-002310,SK-000134,ALIAS,speak a different language,false
DOM-000182,SK-000134,DOMAIN,IT,1.0
AL-002311,SK-000135,ALIAS,add up government revenue,false
AL-002312,SK-000135,ALIAS,tally tax,false
AL-002313,SK-000135,ALIAS,reckon tax,false
AL-002314,SK-000135,ALIAS,count tax,false
AL-002315,SK-000135,ALIAS,add up tax,false
AL-002316,SK-000135,ALIAS,calculate government revenue,false
AL-002317,SK-000135,ALIAS,measure tax,false
AL-002318,SK-000135,ALIAS,count government revenue,false
AL-002319,SK-000135,ALIAS,measure government revenue,false
DOM-000183,SK-000135,DOMAIN,BUSINESS,1.0
AL-000935,SK-000136,ALIAS,process of innovation,false
DOM-000184,SK-000136,DOMAIN,BUSINESS,1.0
AL-002320,SK-000137,ALIAS,accounting controls,false
AL-002321,SK-000137,ALIAS,accounting governance,false
AL-002322,SK-000137,ALIAS,accounting supervision,false
AL-002323,SK-000137,ALIAS,accounting arrangements,false
AL-002324,SK-000137,ALIAS,book keeping supervision,false
AL-002325,SK-000137,ALIAS,book keeping governance,false
AL-002326,SK-000137,ALIAS,book keeping arrangements,false
AL-002327,SK-000137,ALIAS,book keeping controls,false
DOM-000185,SK-000137,DOMAIN,BUSINESS,1.0
AL-000937,SK-000138,ALIAS,OpenEdge Advanced Business Language techniques,false
DOM-000186,SK-000138,DOMAIN,IT,1.0
AL-002328,SK-000139,ALIAS,identifying talent,false
AL-002329,SK-000139,ALIAS,identify talented people,false
AL-002330,SK-000139,ALIAS,earmark people with talent,false
AL-002331,SK-000139,ALIAS,identify talents,false
DOM-000187,SK-000139,DOMAIN,HR,1.0
AL-000939,SK-000140,ALIAS,apply analytical mathematical methods,false
DOM-000188,SK-000140,DOMAIN,IT,1.0
DOM-000189,SK-000140,DOMAIN,BUSINESS,1.0
AL-002332,SK-000141,ALIAS,interview practices,false
AL-002333,SK-000141,ALIAS,interviewing techniques,false
AL-002334,SK-000141,ALIAS,interview procedures,false
AL-002335,SK-000141,ALIAS,interview methods,false
AL-002336,SK-000141,ALIAS,interview technique,false
DOM-000190,SK-000141,DOMAIN,HR,1.0
AL-002337,SK-000142,ALIAS,documentation types of product life cycle,false
AL-002338,SK-000142,ALIAS,internal documentation types of product life cycle,false
AL-002339,SK-000142,ALIAS,internal documentation types,false
AL-002340,SK-000142,ALIAS,technical documentation types,false
AL-002341,SK-000142,ALIAS,external documentation types,false
DOM-000191,SK-000142,DOMAIN,IT,1.0
AL-002342,SK-000143,ALIAS,tailor project methodologies,false
AL-002343,SK-000143,ALIAS,perform project methodologies customisations,false
AL-002344,SK-000143,ALIAS,perform tailoring of project methodologies,false
AL-002345,SK-000143,ALIAS,carry out project methodologies customisations,false
AL-002346,SK-000143,ALIAS,carry out tailoring of project methodologies,false
DOM-000192,SK-000143,DOMAIN,BUSINESS,1.0
AL-002347,SK-000144,ALIAS,supervise staff,false
AL-002348,SK-000144,ALIAS,coordinate and monitor employees,false
AL-002349,SK-000144,ALIAS,undertake HR processes,false
AL-002350,SK-000144,ALIAS,supervise personnel,false
AL-002351,SK-000144,ALIAS,implement HR actions,false
AL-002352,SK-000144,ALIAS,supervise employees,false
AL-002353,SK-000144,ALIAS,perform HR,false
AL-002354,SK-000144,ALIAS,conduct HR activities,false
AL-002355,SK-000144,ALIAS,manage personnel,false
AL-002356,SK-000144,ALIAS,manage subordinates,false
AL-002357,SK-000144,ALIAS,manage team,false
AL-002358,SK-000144,ALIAS,manage employees,false
AL-002359,SK-000144,ALIAS,coordinate and monitor subordinates,false
AL-002360,SK-000144,ALIAS,coordinate and monitor staff,false
DOM-000193,SK-000144,DOMAIN,BUSINESS,1.0
DOM-000194,SK-000144,DOMAIN,HR,1.0
AL-000944,SK-000145,ALIAS,social network analysis methods,false
DOM-000195,SK-000145,DOMAIN,IT,1.0
AL-002361,SK-000146,ALIAS,business norms,false
AL-002362,SK-000146,ALIAS,the law of business,false
AL-002363,SK-000146,ALIAS,business laws,false
AL-002364,SK-000146,ALIAS,business regulation,false
AL-002365,SK-000146,ALIAS,business legislation,false
DOM-000196,SK-000146,DOMAIN,BUSINESS,1.0
AL-002366,SK-000147,ALIAS,Infoviz,false
AL-002367,SK-000147,ALIAS,information visualisation,false
AL-002368,SK-000147,ALIAS,visualization interface,false
AL-002369,SK-000147,ALIAS,Infovis,false
AL-002370,SK-000147,ALIAS,information visualization,false
DOM-000197,SK-000147,DOMAIN,IT,1.0
DOM-000198,SK-000147,DOMAIN,BUSINESS,1.0
AL-002371,SK-000148,ALIAS,define information security approach,false
AL-002372,SK-000148,ALIAS,define information security strategy,false
DOM-000199,SK-000148,DOMAIN,IT,1.0
AL-002373,SK-000149,ALIAS,manage retirement funds,false
AL-002374,SK-000149,ALIAS,manage social security funds,false
AL-002375,SK-000149,ALIAS,manage retirement accounts,false
DOM-000200,SK-000149,DOMAIN,HR,1.0
AL-002376,SK-000150,ALIAS,plan and implement security policies,false
AL-002377,SK-000150,ALIAS,design and implement security policies,false
DOM-000201,SK-000150,DOMAIN,IT,1.0
AL-002378,SK-000151,ALIAS,apply numerical analysis to data,false
AL-002379,SK-000151,ALIAS,apply JMP statistical analysis techniques,false
AL-002380,SK-000151,ALIAS,apply minitab statistical analysis techniques,false
DOM-000202,SK-000151,DOMAIN,IT,1.0
AL-000951,SK-000152,ALIAS,develop user documentation,false
DOM-000203,SK-000152,DOMAIN,BUSINESS,1.0
AL-002381,SK-000153,ALIAS,optimise cloud services,false
AL-002382,SK-000153,ALIAS,perform cloud refactoring,false
AL-002383,SK-000153,ALIAS,optimise cloud features,false
AL-002384,SK-000153,ALIAS,refactor cloud services,false
AL-002385,SK-000153,ALIAS,do cloud features refactoring,false
DOM-000204,SK-000153,DOMAIN,IT,1.0
AL-002386,SK-000154,ALIAS,government income,false
AL-002387,SK-000154,ALIAS,government revenues,false
AL-002388,SK-000154,ALIAS,government taxations,false
AL-002389,SK-000154,ALIAS,public taxations,false
AL-002390,SK-000154,ALIAS,public income,false
AL-002391,SK-000154,ALIAS,public money,false
AL-002392,SK-000154,ALIAS,public revenues,false
AL-002393,SK-000154,ALIAS,government money,false
DOM-000205,SK-000154,DOMAIN,BUSINESS,1.0
AL-002394,SK-000155,ALIAS,job opportunities,false
AL-002395,SK-000155,ALIAS,labour market offers,false
AL-002396,SK-000155,ALIAS,labour market opportunities,false
AL-002397,SK-000155,ALIAS,job market offer,false
DOM-000206,SK-000155,DOMAIN,HR,1.0
AL-000955,SK-000156,ALIAS,digital information systems,false
DOM-000207,SK-000156,DOMAIN,IT,1.0
DOM-000208,SK-000156,DOMAIN,BUSINESS,1.0
AL-002398,SK-000157,ALIAS,financial department procedures,false
AL-002399,SK-000157,ALIAS,finance department processes,false
AL-002400,SK-000157,ALIAS,financial processes,false
AL-002401,SK-000157,ALIAS,financial department methods,false
AL-002402,SK-000157,ALIAS,financial department process,false
DOM-000209,SK-000157,DOMAIN,BUSINESS,1.0
AL-002403,SK-000158,ALIAS,perform scholarly peer review,false
AL-002404,SK-000158,ALIAS,assess research results,false
AL-002405,SK-000158,ALIAS,assess research methodology,false
DOM-000210,SK-000158,DOMAIN,IT,1.0
AL-002406,SK-000159,ALIAS,corporate policies,false
AL-002407,SK-000159,ALIAS,corporate regulations,false
AL-002408,SK-000159,ALIAS,organisational standards,false
AL-002409,SK-000159,ALIAS,organisational guidelines,false
AL-002410,SK-000159,ALIAS,institutional policies,false
DOM-000211,SK-000159,DOMAIN,BUSINESS,1.0
DOM-000212,SK-000159,DOMAIN,HR,1.0
AL-002411,SK-000160,ALIAS,secure information transparency,false
AL-002412,SK-000160,ALIAS,establish information openness,false
AL-002413,SK-000160,ALIAS,secure information openness,false
AL-002414,SK-000160,ALIAS,provide information transparency,false
AL-002415,SK-000160,ALIAS,assure information openness,false
AL-002416,SK-000160,ALIAS,establish information transparency,false
AL-002417,SK-000160,ALIAS,provide information openness,false
AL-002418,SK-000160,ALIAS,assure information transparency,false
DOM-000213,SK-000160,DOMAIN,HR,1.0
AL-000960,SK-000161,ALIAS,ICT quality control,false
DOM-000214,SK-000161,DOMAIN,IT,1.0
AL-002419,SK-000162,ALIAS,utilise change management,false
AL-002420,SK-000162,ALIAS,alter management,false
AL-002421,SK-000162,ALIAS,rework management,false
AL-002422,SK-000162,ALIAS,apply changing management,false
AL-002423,SK-000162,ALIAS,change management application,false
AL-002424,SK-000162,ALIAS,administer change management,false
AL-002425,SK-000162,ALIAS,revise management,false
AL-002426,SK-000162,ALIAS,implement change management,false
AL-002427,SK-000162,ALIAS,change management,false
AL-002428,SK-000162,ALIAS,employ change management,false
AL-002429,SK-000162,ALIAS,applying change management,false
DOM-000215,SK-000162,DOMAIN,BUSINESS,1.0
AL-000962,SK-000163,ALIAS,lead ICT projects,false
DOM-000216,SK-000163,DOMAIN,BUSINESS,1.0
AL-002430,SK-000164,ALIAS,maintaining relationship with suppliers,false
AL-002431,SK-000164,ALIAS,control relationship with suppliers,false
AL-002432,SK-000164,ALIAS,manage relationship with suppliers,false
AL-002433,SK-000164,ALIAS,sustain relationship with suppliers,false
AL-002434,SK-000164,ALIAS,maintain a relationship with suppliers,false
AL-002435,SK-000164,ALIAS,maintain relationship with a supplier,false
AL-002436,SK-000164,ALIAS,preserve relationship with suppliers,false
DOM-000217,SK-000164,DOMAIN,BUSINESS,1.0
AL-002437,SK-000165,ALIAS,Client-side JavaScript,false
AL-002438,SK-000165,ALIAS,Live Script,false
AL-002439,SK-000165,ALIAS,Escript,false
AL-002440,SK-000165,ALIAS,CSJS,false
AL-002441,SK-000165,ALIAS,Mocha,false
AL-002442,SK-000165,ALIAS,Server-side JavaScript,false
DOM-000218,SK-000165,DOMAIN,IT,1.0
AL-002443,SK-000166,ALIAS,decision-making tools,false
AL-002444,SK-000166,ALIAS,decision support matrix,false
AL-002445,SK-000166,ALIAS,decision support software,false
DOM-000219,SK-000166,DOMAIN,IT,1.0
DOM-000220,SK-000166,DOMAIN,BUSINESS,1.0
AL-002446,SK-000167,ALIAS,legal regulation compliance,false
AL-002447,SK-000167,ALIAS,comply with legal rules,false
AL-002448,SK-000167,ALIAS,comply with legal legislation,false
AL-002449,SK-000167,ALIAS,comply with legal laws,false
AL-002450,SK-000167,ALIAS,comply with legal statutes,false
AL-002451,SK-000167,ALIAS,comply with a legal regulation,false
AL-002452,SK-000167,ALIAS,complying with legal regulations,false
DOM-000221,SK-000167,DOMAIN,HR,1.0
AL-002453,SK-000168,ALIAS,inspect marketing content,false
AL-002454,SK-000168,ALIAS,assess marketing content,false
AL-002455,SK-000168,ALIAS,evaluate content for marketing,false
AL-002456,SK-000168,ALIAS,evaluating marketing content,false
AL-002457,SK-000168,ALIAS,rate marketing content,false
DOM-000222,SK-000168,DOMAIN,BUSINESS,1.0
AL-002458,SK-000169,ALIAS,data feature engineering,false
AL-002459,SK-000169,ALIAS,t-distributed stochastic neighbor embedding,false
AL-002460,SK-000169,ALIAS,data feature extraction,false
AL-002461,SK-000169,ALIAS,data feature selection,false
AL-002462,SK-000169,ALIAS,multidimensional scaling,false
AL-002463,SK-000169,ALIAS,t-SNE,false
AL-002464,SK-000169,ALIAS,Kohonen self-organizing map,false
DOM-000223,SK-000169,DOMAIN,IT,1.0
AL-002465,SK-000170,ALIAS,write up auditing financial reports,false
AL-002466,SK-000170,ALIAS,make auditing financial reports ready,false
AL-002467,SK-000170,ALIAS,prepare auditing reports,false
AL-002468,SK-000170,ALIAS,formulate auditing financial reports,false
AL-002469,SK-000170,ALIAS,preparing financial auditing reports,false
AL-002470,SK-000170,ALIAS,prepare reports on financial audits,false
AL-002471,SK-000170,ALIAS,prepare auditing financial report,false
DOM-000224,SK-000170,DOMAIN,BUSINESS,1.0
AL-002472,SK-000171,ALIAS,enterprise data storage,false
AL-002473,SK-000171,ALIAS,data warehouse solutions,false
AL-002474,SK-000171,ALIAS,data repository,false
DOM-000225,SK-000171,DOMAIN,IT,1.0
AL-002475,SK-000172,ALIAS,handle payroll reports,false
AL-002476,SK-000172,ALIAS,managing payroll reports,false
AL-002477,SK-000172,ALIAS,oversee payroll reports,false
AL-002478,SK-000172,ALIAS,manage payroll report,false
AL-002479,SK-000172,ALIAS,manage reports for payroll,false
AL-002480,SK-000172,ALIAS,maintain payroll reports,false
DOM-000226,SK-000172,DOMAIN,HR,1.0
AL-000972,SK-000173,ALIAS,XQuery language,false
DOM-000227,SK-000173,DOMAIN,IT,1.0
AL-002481,SK-000174,ALIAS,ICT security compliances,false
AL-002482,SK-000174,ALIAS,cyber security frameworks,false
AL-002483,SK-000174,ALIAS,IT security frameworks,false
AL-002484,SK-000174,ALIAS,cyber security compliances,false
AL-002485,SK-000174,ALIAS,ICT security frameworks,false
AL-002486,SK-000174,ALIAS,information security compliances,false
AL-002487,SK-000174,ALIAS,information security frameworks,false
AL-002488,SK-000174,ALIAS,cyber security standards,false
AL-002489,SK-000174,ALIAS,IT security compliances,false
AL-002490,SK-000174,ALIAS,IT security standards,false
AL-002491,SK-000174,ALIAS,information security standards,false
DOM-000228,SK-000174,DOMAIN,IT,1.0
AL-002492,SK-000175,ALIAS,liaising with financiers,false
AL-002493,SK-000175,ALIAS,network with financiers,false
AL-002494,SK-000175,ALIAS,liaise with financier,false
AL-002495,SK-000175,ALIAS,interact with financiers,false
AL-002496,SK-000175,ALIAS,schmooze with financiers,false
DOM-000229,SK-000175,DOMAIN,BUSINESS,1.0
AL-002497,SK-000176,ALIAS,Practical Extraction and Report Language,false
AL-002498,SK-000176,ALIAS,PONIE,false
DOM-000230,SK-000176,DOMAIN,IT,1.0
AL-002499,SK-000177,ALIAS,exhibit academic proficiency,false
AL-002500,SK-000177,ALIAS,demonstrate complex understanding of a research area,false
AL-002501,SK-000177,ALIAS,demonstrate deep knowledge of a research area,false
AL-002502,SK-000177,ALIAS,demonstrate deep knowledge of a specific research area,false
AL-002503,SK-000177,ALIAS,demonstrate complex understanding of a specific research area,false
DOM-000231,SK-000177,DOMAIN,IT,1.0
AL-002504,SK-000178,ALIAS,using different communication channels,false
AL-002505,SK-000178,ALIAS,operate specific communication channels,false
AL-002506,SK-000178,ALIAS,handle specific communication channels,false
AL-002507,SK-000178,ALIAS,utilise specific communication channels,false
AL-002508,SK-000178,ALIAS,apply specific communication channels,false
AL-002509,SK-000178,ALIAS,use of different communication channels,false
DOM-000232,SK-000178,DOMAIN,BUSINESS,1.0
AL-002510,SK-000179,ALIAS,mine data,false
AL-002511,SK-000179,ALIAS,use model data,false
DOM-000233,SK-000179,DOMAIN,IT,1.0
AL-002512,SK-000180,ALIAS,ICT well-being maintenance,false
AL-002513,SK-000180,ALIAS,ICT welfare maintenance,false
AL-002514,SK-000180,ALIAS,ICT protection,false
AL-002515,SK-000180,ALIAS,information and communication technologies safety,false
AL-002516,SK-000180,ALIAS,ICT security,false
AL-002517,SK-000180,ALIAS,information and communication technology safety,false
DOM-000234,SK-000180,DOMAIN,IT,1.0
AL-002518,SK-000181,ALIAS,Smalltalk programming system,false
AL-002519,SK-000181,ALIAS,Smalltalk,false
DOM-000235,SK-000181,DOMAIN,IT,1.0
AL-002520,SK-000182,ALIAS,non financial reporting guidelines,false
AL-002521,SK-000182,ALIAS,sustainability standardised reporting frameworks,false
AL-002522,SK-000182,ALIAS,global reporting framework for sustainability,false
AL-002523,SK-000182,ALIAS,global reporting guidelines for sustainability,false
DOM-000236,SK-000182,DOMAIN,BUSINESS,1.0
AL-002524,SK-000183,ALIAS,numeracy,false
AL-002525,SK-000183,ALIAS,quantitative data,false
AL-002526,SK-000183,ALIAS,solid modeling,false
AL-002527,SK-000183,ALIAS,mathematical subjects,false
AL-002528,SK-000183,ALIAS,field of mathematics,false
AL-002529,SK-000183,ALIAS,study of mathematics,false
AL-002530,SK-000183,ALIAS,maths,false
AL-002531,SK-000183,ALIAS,calculation,false
DOM-000237,SK-000183,DOMAIN,BUSINESS,1.0
AL-002532,SK-000184,ALIAS,Hypertext Preprocessor,false
AL-002533,SK-000184,ALIAS,Personal Home Page,false
DOM-000238,SK-000184,DOMAIN,IT,1.0
AL-002534,SK-000185,ALIAS,software performance incidents,false
AL-002535,SK-000185,ALIAS,software behaviour deviations,false
AL-002536,SK-000185,ALIAS,software performance deviations,false
AL-002537,SK-000185,ALIAS,software bugs,false
AL-002538,SK-000185,ALIAS,software defects,false
DOM-000239,SK-000185,DOMAIN,IT,1.0
AL-002539,SK-000186,ALIAS,non-relational database,false
AL-002540,SK-000186,ALIAS,types of databases,false
AL-002541,SK-000186,ALIAS,relational database,false
DOM-000240,SK-000186,DOMAIN,IT,1.0
AL-002542,SK-000187,ALIAS,identifying undetected organisational needs,false
AL-002543,SK-000187,ALIAS,detect unidentified organisational needs,false
AL-002544,SK-000187,ALIAS,identify undetected organizational needs,false
AL-002545,SK-000187,ALIAS,spot undetected organisational needs,false
AL-002546,SK-000187,ALIAS,recognize undetected organisational needs,false
AL-002547,SK-000187,ALIAS,identify undetected organisational need,false
AL-002548,SK-000187,ALIAS,discover undetected organisational needs,false
DOM-000241,SK-000187,DOMAIN,BUSINESS,1.0
AL-002549,SK-000188,ALIAS,automate disaster recovery strategies in cloud,false
AL-002550,SK-000188,ALIAS,troubleshoot issues in cloud systems,false
AL-002551,SK-000188,ALIAS,troubleshoot cloud issues,false
AL-002552,SK-000188,ALIAS,manage cloud incidents,false
AL-002553,SK-000188,ALIAS,troubleshoot cloud incidents,false
DOM-000242,SK-000188,DOMAIN,IT,1.0
AL-002554,SK-000189,ALIAS,use database management systems,false
AL-002555,SK-000189,ALIAS,use database software,false
AL-002556,SK-000189,ALIAS,apply databases,false
AL-002557,SK-000189,ALIAS,use data bases,false
AL-002558,SK-000189,ALIAS,use Dbs,false
AL-002559,SK-000189,ALIAS,able to use using databases,false
AL-002560,SK-000189,ALIAS,use database,false
AL-002561,SK-000189,ALIAS,utilise databases,false
AL-002562,SK-000189,ALIAS,make use of databases,false
DOM-000243,SK-000189,DOMAIN,IT,1.0
AL-002563,SK-000190,ALIAS,perform wayside signalling interlocking design activities,false
AL-002564,SK-000190,ALIAS,design wayside signaling interlockings,false
AL-002565,SK-000190,ALIAS,create wayside signalling interlockings,false
AL-002566,SK-000190,ALIAS,develop wayside signalling interlockings,false
AL-002567,SK-000190,ALIAS,conduct wayside signalling interlocking design activities,false
AL-002568,SK-000190,ALIAS,undertake wayside signalling interlocking design activities,false
AL-002569,SK-000190,ALIAS,design railway wayside signalling interlockings,false
AL-002570,SK-000190,ALIAS,design railroad wayside signalling interlockings,false
DOM-000244,SK-000190,DOMAIN,BUSINESS,1.0
AL-000990,SK-000191,ALIAS,Xcode IDE,false
DOM-000245,SK-000191,DOMAIN,IT,1.0
AL-002571,SK-000192,ALIAS,image interpretation,false
AL-002572,SK-000192,ALIAS,image detection,false
AL-002573,SK-000192,ALIAS,visual recognition,false
AL-002574,SK-000192,ALIAS,visual detection,false
DOM-000246,SK-000192,DOMAIN,IT,1.0
AL-000992,SK-000193,ALIAS,combine ICT data,false
DOM-000247,SK-000193,DOMAIN,IT,1.0
AL-002575,SK-000194,ALIAS,inform stakeholders of ideas and objectives,false
AL-002576,SK-000194,ALIAS,communicate with providers of business support services,false
AL-002577,SK-000194,ALIAS,communicating with stakeholders,false
AL-002578,SK-000194,ALIAS,communicate to stakeholders,false
DOM-000248,SK-000194,DOMAIN,IT,1.0
AL-002579,SK-000195,ALIAS,analyze big data,false
AL-002580,SK-000195,ALIAS,scrutinise big data,false
AL-002581,SK-000195,ALIAS,big data analysis,false
AL-002582,SK-000195,ALIAS,investigate big data,false
AL-002583,SK-000195,ALIAS,search big data,false
AL-002584,SK-000195,ALIAS,test big data,false
AL-002585,SK-000195,ALIAS,analysing big data,false
AL-002586,SK-000195,ALIAS,big data analysing,false
DOM-000249,SK-000195,DOMAIN,IT,1.0
AL-002587,SK-000196,ALIAS,Assembly computer programming paradigms,false
AL-002588,SK-000196,ALIAS,Assembly software development techniques,false
AL-002589,SK-000196,ALIAS,Assembly software development principles,false
AL-002590,SK-000196,ALIAS,Assembly,false
AL-002591,SK-000196,ALIAS,Assembly algorithms,false
DOM-000250,SK-000196,DOMAIN,IT,1.0
AL-002592,SK-000197,ALIAS,evaluate pipeline database information,false
AL-002593,SK-000197,ALIAS,perform analysis on pipeline database information,false
AL-002594,SK-000197,ALIAS,analyze pipeline database information,false
AL-002595,SK-000197,ALIAS,evaluate information in pipeline databases,false
AL-002596,SK-000197,ALIAS,retrieve and assess information from pipeline company database,false
AL-002597,SK-000197,ALIAS,conduct analysis on pipeline database information,false
AL-002598,SK-000197,ALIAS,retrieve and analyse information from pipeline company database,false
AL-002599,SK-000197,ALIAS,analyse information in pipeline databases,false
AL-002600,SK-000197,ALIAS,assess information in pipeline databases,false
AL-002601,SK-000197,ALIAS,assess pipeline database information,false
DOM-000251,SK-000197,DOMAIN,IT,1.0
DOM-000252,SK-000198,DOMAIN,IT,1.0
AL-002602,SK-000199,ALIAS,provide reports on cost benefit analysis,false
AL-002603,SK-000199,ALIAS,provide cost-benefit analysis reports,false
AL-002604,SK-000199,ALIAS,produce cost benefit analysis reports,false
AL-002605,SK-000199,ALIAS,generate cost benefit analysis reports,false
AL-002606,SK-000199,ALIAS,providing cost benefit analysis reports,false
AL-002607,SK-000199,ALIAS,create cost benefit analysis reports,false
AL-002608,SK-000199,ALIAS,provide cost benefit analysis report,false
DOM-000253,SK-000199,DOMAIN,BUSINESS,1.0
DOM-000254,SK-000199,DOMAIN,HR,1.0
AL-000998,SK-000200,ALIAS,data engineering methods,false
DOM-000255,SK-000200,DOMAIN,IT,1.0
AL-000999,SK-000201,ALIAS,equity banking,false
DOM-000256,SK-000201,DOMAIN,BUSINESS,1.0
AL-002609,SK-000202,ALIAS,customer product risks analysis,false
AL-002610,SK-000202,ALIAS,product risks analysis,false
DOM-000257,SK-000202,DOMAIN,BUSINESS,1.0
AL-002611,SK-000203,ALIAS,apply an ISMS,false
AL-002612,SK-000203,ALIAS,define an ISMS,false
AL-002613,SK-000203,ALIAS,implement an ISMS,false
AL-002614,SK-000203,ALIAS,define an Information Security Management System,false
AL-002615,SK-000203,ALIAS,monitor an ISMS,false
AL-002616,SK-000203,ALIAS,apply an Information Security Management System,false
AL-002617,SK-000203,ALIAS,implement an Information Security Management System,false
AL-002618,SK-000203,ALIAS,monitor an Information Security Management System,false
DOM-000258,SK-000203,DOMAIN,IT,1.0
AL-002619,SK-000204,ALIAS,hire new personnel,false
AL-002620,SK-000204,ALIAS,hiring new personnel,false
AL-002621,SK-000204,ALIAS,recruit staff,false
AL-002622,SK-000204,ALIAS,employ new personnel,false
AL-002623,SK-000204,ALIAS,manage recruitment of employees,false
DOM-000259,SK-000204,DOMAIN,BUSINESS,1.0
DOM-000260,SK-000204,DOMAIN,HR,1.0
AL-002624,SK-000205,ALIAS,email marketing services,false
AL-002625,SK-000205,ALIAS,services marketing strategies,false
DOM-000261,SK-000205,DOMAIN,BUSINESS,1.0
AL-002626,SK-000206,ALIAS,collect data samples,false
AL-002627,SK-000206,ALIAS,manage data samples,false
AL-002628,SK-000206,ALIAS,handle data samples for statistical purposes,false
DOM-000262,SK-000206,DOMAIN,IT,1.0
AL-002629,SK-000207,ALIAS,records of financial activities,false
AL-002630,SK-000207,ALIAS,financial statement,false
AL-002631,SK-000207,ALIAS,statements on finances,false
DOM-000263,SK-000207,DOMAIN,BUSINESS,1.0
AL-002632,SK-000208,ALIAS,international accounting reporting standards,false
AL-002633,SK-000208,ALIAS,international financial reporting guidelines,false
AL-002634,SK-000208,ALIAS,international finance reporting standards,false
AL-002635,SK-000208,ALIAS,international financial reporting standard,false
AL-002636,SK-000208,ALIAS,reporting standards for international finance,false
DOM-000264,SK-000208,DOMAIN,BUSINESS,1.0
AL-002637,SK-000209,ALIAS,government social security policies,false
AL-002638,SK-000209,ALIAS,government welfare strategies,false
AL-002639,SK-000209,ALIAS,government welfare schedules,false
AL-002640,SK-000209,ALIAS,government social security programs,false
AL-002641,SK-000209,ALIAS,government welfare policies,false
AL-002642,SK-000209,ALIAS,government welfare plans,false
AL-002643,SK-000209,ALIAS,government social security schedules,false
AL-002644,SK-000209,ALIAS,government social security plans,false
AL-002645,SK-000209,ALIAS,government social security strategies,false
DOM-000265,SK-000209,DOMAIN,HR,1.0
AL-002646,SK-000210,ALIAS,monetary estimating,false
AL-002647,SK-000210,ALIAS,monetary planning,false
AL-002648,SK-000210,ALIAS,financial planning,false
AL-002649,SK-000210,ALIAS,monetary calculating,false
AL-002650,SK-000210,ALIAS,financial calculating,false
AL-002651,SK-000210,ALIAS,financial estimating,false
DOM-000266,SK-000210,DOMAIN,BUSINESS,1.0
DOM-000267,SK-000210,DOMAIN,HR,1.0
AL-001009,SK-000211,ALIAS,employ business simulation tools,false
DOM-000268,SK-000211,DOMAIN,BUSINESS,1.0
AL-002652,SK-000212,ALIAS,theories of consultation and communication with clients,false
AL-002653,SK-000212,ALIAS,consultations,false
AL-002654,SK-000212,ALIAS,theories related to consultation,false
AL-002655,SK-000212,ALIAS,concepts of consultation,false
DOM-000269,SK-000212,DOMAIN,HR,1.0
AL-002656,SK-000213,ALIAS,parts for hardware systems,false
AL-002657,SK-000213,ALIAS,hardware system components,false
AL-002658,SK-000213,ALIAS,hardware system parts,false
AL-002659,SK-000213,ALIAS,components of hardware systems,false
AL-002660,SK-000213,ALIAS,types of hardware components,false
AL-002661,SK-000213,ALIAS,typology of hardware components,false
AL-002662,SK-000213,ALIAS,range of hardware components,false
AL-002663,SK-000213,ALIAS,components for hardware systems,false
AL-002664,SK-000213,ALIAS,components of hardware,false
DOM-000270,SK-000213,DOMAIN,IT,1.0
AL-001012,SK-000214,ALIAS,C Sharp,false
DOM-000271,SK-000214,DOMAIN,IT,1.0
AL-002665,SK-000215,ALIAS,instruct in educational or vocational settings,false
AL-002666,SK-000215,ALIAS,provide instruction in academic or vocational domains,false
AL-002667,SK-000215,ALIAS,teach students in academic or vocational contexts,false
DOM-000272,SK-000215,DOMAIN,IT,1.0
AL-002668,SK-000216,ALIAS,profitability management,false
AL-002669,SK-000216,ALIAS,oversee profitability,false
AL-002670,SK-000216,ALIAS,supervise profitability,false
AL-002671,SK-000216,ALIAS,management of profitability,false
AL-002672,SK-000216,ALIAS,maintain profitability,false
AL-002673,SK-000216,ALIAS,managing profitability,false
AL-002674,SK-000216,ALIAS,regulate profitability,false
DOM-000273,SK-000216,DOMAIN,BUSINESS,1.0
AL-002675,SK-000217,ALIAS,influence decision making based on scientific evidence,false
AL-002676,SK-000217,ALIAS,enhance the impact of science influence on policy and society,false
AL-002677,SK-000217,ALIAS,boost the contribution of science to shaping policies and society,false
AL-002678,SK-000217,ALIAS,enhance the influence of science on governance and communities,false
DOM-000274,SK-000217,DOMAIN,IT,1.0
AL-001016,SK-000218,ALIAS,define enterprise data architecture,false
DOM-000275,SK-000218,DOMAIN,IT,1.0
AL-002679,SK-000219,ALIAS,create cloud network,false
AL-002680,SK-000219,ALIAS,implement cloud network,false
DOM-000276,SK-000219,DOMAIN,IT,1.0
AL-002681,SK-000220,ALIAS,supervise project adjustments,false
AL-002682,SK-000220,ALIAS,implement project changes,false
DOM-000277,SK-000220,DOMAIN,BUSINESS,1.0
AL-002683,SK-000221,ALIAS,business appraisal techniques,false
AL-002684,SK-000221,ALIAS,techniques of business valuation,false
AL-002685,SK-000221,ALIAS,business valuation methods,false
AL-002686,SK-000221,ALIAS,business valuation technique,false
DOM-000278,SK-000221,DOMAIN,HR,1.0
AL-002687,SK-000222,ALIAS,ensure data availability,false
AL-002688,SK-000222,ALIAS,ensure data reusability,false
AL-002689,SK-000222,ALIAS,support data reuse in research,false
AL-002690,SK-000222,ALIAS,ensure corrected data storing,false
DOM-000279,SK-000222,DOMAIN,IT,1.0
AL-002691,SK-000223,ALIAS,training subject methods,false
AL-002692,SK-000223,ALIAS,training subject knowledge and methods,false
DOM-000280,SK-000223,DOMAIN,HR,1.0
AL-002693,SK-000224,ALIAS,performing scientific research,false
AL-002694,SK-000224,ALIAS,carry out scientific research,false
AL-002695,SK-000224,ALIAS,conduct scientific research,false
AL-002696,SK-000224,ALIAS,engage in scientific research,false
DOM-000281,SK-000224,DOMAIN,IT,1.0
AL-002697,SK-000225,ALIAS,information security threats,false
AL-002698,SK-000225,ALIAS,cybersecurity threats,false
AL-002699,SK-000225,ALIAS,ICT security threats,false
DOM-000282,SK-000225,DOMAIN,IT,1.0
AL-002700,SK-000226,ALIAS,implement customers follow-up,false
AL-002701,SK-000226,ALIAS,introduce customer follow-up,false
AL-002702,SK-000226,ALIAS,implementing customer follow-up,false
AL-002703,SK-000226,ALIAS,execute customer follow-up,false
AL-002704,SK-000226,ALIAS,implement a customer follow-up,false
AL-002705,SK-000226,ALIAS,administer customer follow-up,false
AL-002706,SK-000226,ALIAS,utilise customer follow-up,false
DOM-000283,SK-000226,DOMAIN,HR,1.0
AL-002707,SK-000227,ALIAS,build recommendation systems,false
AL-002708,SK-000227,ALIAS,recommender engine,false
AL-002709,SK-000227,ALIAS,recommender platform,false
DOM-000284,SK-000227,DOMAIN,IT,1.0
AL-002710,SK-000228,ALIAS,internet regulation,false
AL-002711,SK-000228,ALIAS,internet governance policies,false
DOM-000285,SK-000228,DOMAIN,IT,1.0
AL-002712,SK-000229,ALIAS,strategies for social media platforms,false
AL-002713,SK-000229,ALIAS,social media marketing strategies,false
AL-002714,SK-000229,ALIAS,strategies for social media marketing,false
DOM-000286,SK-000229,DOMAIN,BUSINESS,1.0
AL-002715,SK-000230,ALIAS,complete data cleansing,false
AL-002716,SK-000230,ALIAS,performing data cleansing,false
AL-002717,SK-000230,ALIAS,undertake data cleansing,false
AL-002718,SK-000230,ALIAS,perform a data cleanse,false
AL-002719,SK-000230,ALIAS,data cleansing performance,false
AL-002720,SK-000230,ALIAS,implement data cleansing,false
DOM-000287,SK-000230,DOMAIN,IT,1.0
AL-001029,SK-000231,ALIAS,R software,false
DOM-000288,SK-000231,DOMAIN,IT,1.0
AL-002721,SK-000232,ALIAS,create training programmes,false
AL-002722,SK-000232,ALIAS,develop training programme,false
AL-002723,SK-000232,ALIAS,developing training programmes,false
AL-002724,SK-000232,ALIAS,design training programmes,false
AL-002725,SK-000232,ALIAS,develop programmes for training,false
DOM-000289,SK-000232,DOMAIN,HR,1.0
AL-002726,SK-000233,ALIAS,manage copyrights,false
AL-002727,SK-000233,ALIAS,administer copyrights,false
AL-002728,SK-000233,ALIAS,administer intellectual property rights,false
DOM-000290,SK-000233,DOMAIN,IT,1.0
AL-002729,SK-000234,ALIAS,Groovy software techniques,false
AL-002730,SK-000234,ALIAS,Groovy programming language,false
AL-002731,SK-000234,ALIAS,Groorvy software development,false
DOM-000291,SK-000234,DOMAIN,IT,1.0
AL-002732,SK-000235,ALIAS,monetary management,false
AL-002733,SK-000235,ALIAS,management of financial tasks,false
AL-002734,SK-000235,ALIAS,financial management tasks,false
AL-002735,SK-000235,ALIAS,financial administration,false
AL-002736,SK-000235,ALIAS,monetary administration,false
DOM-000292,SK-000235,DOMAIN,BUSINESS,1.0
AL-002737,SK-000236,ALIAS,handling of social media strategies,false
AL-002738,SK-000236,ALIAS,computer media management,false
AL-002739,SK-000236,ALIAS,management of social media,false
DOM-000293,SK-000236,DOMAIN,BUSINESS,1.0
AL-002740,SK-000237,ALIAS,public image,false
AL-002741,SK-000237,ALIAS,PR,false
DOM-000294,SK-000237,DOMAIN,BUSINESS,1.0
AL-002742,SK-000238,ALIAS,fraud investigation,false
AL-002743,SK-000238,ALIAS,fraudulent activity examination,false
AL-002744,SK-000238,ALIAS,fraudulent activity identification,false
AL-002745,SK-000238,ALIAS,fraud identification,false
AL-002746,SK-000238,ALIAS,fraud examination,false
AL-002747,SK-000238,ALIAS,fraudulent activity investigation,false
DOM-000295,SK-000238,DOMAIN,BUSINESS,1.0
AL-002748,SK-000239,ALIAS,specify data quality criteria,false
AL-002749,SK-000239,ALIAS,set data quality benchmarks,false
DOM-000296,SK-000239,DOMAIN,IT,1.0
AL-002750,SK-000240,ALIAS,produce recruitment policies,false
AL-002751,SK-000240,ALIAS,operate recruitment policies,false
AL-002752,SK-000240,ALIAS,produce employment policies,false
AL-002753,SK-000240,ALIAS,operate employment policies,false
AL-002754,SK-000240,ALIAS,establish employment policies,false
AL-002755,SK-000240,ALIAS,implement employment policies,false
AL-002756,SK-000240,ALIAS,implement recruitment policies,false
AL-002757,SK-000240,ALIAS,establish recruitment policies,false
DOM-000297,SK-000240,DOMAIN,HR,1.0
AL-002758,SK-000241,ALIAS,organise participation in an international event,false
AL-002759,SK-000241,ALIAS,set up participation in local or international events,false
AL-002760,SK-000241,ALIAS,set up participation in international events,false
AL-002761,SK-000241,ALIAS,organise participation in international events,false
AL-002762,SK-000241,ALIAS,arrange participation in international events,false
AL-002763,SK-000241,ALIAS,coordinate participation in international events,false
AL-002764,SK-000241,ALIAS,establish participation in international events,false
AL-002765,SK-000241,ALIAS,arrange participation in local or international events,false
AL-002766,SK-000241,ALIAS,organise participation in a local or international event,false
AL-002767,SK-000241,ALIAS,establish participation in local or international events,false
AL-002768,SK-000241,ALIAS,coordinate participation in local or international events,false
DOM-000298,SK-000241,DOMAIN,BUSINESS,1.0
AL-002769,SK-000242,ALIAS,evaluate candidates vocational skills,false
AL-002770,SK-000242,ALIAS,evaluate applicants vocational skills,false
AL-002771,SK-000242,ALIAS,evaluate candidates vocational knowledge,false
AL-002772,SK-000242,ALIAS,evaluate applicants,false
AL-002773,SK-000242,ALIAS,evaluate candidates vocational competences,false
DOM-000299,SK-000242,DOMAIN,HR,1.0
AL-002774,SK-000243,ALIAS,assess business operations,false
AL-002775,SK-000243,ALIAS,monitor business processes,false
AL-002776,SK-000243,ALIAS,study the contribution of work processes to business goals,false
AL-002777,SK-000243,ALIAS,evaluate business processes,false
DOM-000300,SK-000243,DOMAIN,BUSINESS,1.0
AL-002778,SK-000244,ALIAS,report a test finding,false
AL-002779,SK-000244,ALIAS,summarise test findings,false
AL-002780,SK-000244,ALIAS,describe test findings: record test findings,false
AL-002781,SK-000244,ALIAS,note test findings,false
DOM-000301,SK-000244,DOMAIN,IT,1.0
AL-002782,SK-000245,ALIAS,using content management system software,false
AL-002783,SK-000245,ALIAS,handle content management system software,false
AL-002784,SK-000245,ALIAS,content management system software use,false
AL-002785,SK-000245,ALIAS,adopt content management system software,false
AL-002786,SK-000245,ALIAS,operate content management system software,false
AL-002787,SK-000245,ALIAS,apply content management system software,false
AL-002788,SK-000245,ALIAS,use a content management system software,false
DOM-000302,SK-000245,DOMAIN,BUSINESS,1.0
AL-001044,SK-000246,ALIAS,ASP.NET framework,false
DOM-000303,SK-000246,DOMAIN,IT,1.0
AL-002789,SK-000247,ALIAS,estimate profit,false
AL-002790,SK-000247,ALIAS,estimation of profitability,false
AL-002791,SK-000247,ALIAS,estimating profit,false
AL-002792,SK-000247,ALIAS,profit estimating,false
AL-002793,SK-000247,ALIAS,estimating profitability,false
AL-002794,SK-000247,ALIAS,evaluate profit,false
AL-002795,SK-000247,ALIAS,estimation of profit,false
AL-002796,SK-000247,ALIAS,evaluation of profit,false
AL-002797,SK-000247,ALIAS,profitability estimating,false
AL-002798,SK-000247,ALIAS,evaluate profitability,false
AL-002799,SK-000247,ALIAS,evaluating profit,false
AL-002800,SK-000247,ALIAS,evaluating profitability,false
AL-002801,SK-000247,ALIAS,evaluation of profitability,false
DOM-000304,SK-000247,DOMAIN,BUSINESS,1.0
DOM-000305,SK-000247,DOMAIN,HR,1.0
AL-002802,SK-000248,ALIAS,create a business plan,false
AL-002803,SK-000248,ALIAS,create an economic plan,false
DOM-000306,SK-000248,DOMAIN,BUSINESS,1.0
AL-002804,SK-000249,ALIAS,gather data,false
AL-002805,SK-000249,ALIAS,manage data quantitatively,false
AL-002806,SK-000249,ALIAS,organise data,false
AL-002807,SK-000249,ALIAS,handle numerical data,false
AL-002808,SK-000249,ALIAS,process data,false
AL-002809,SK-000249,ALIAS,present data,false
AL-002810,SK-000249,ALIAS,interpret data,false
AL-002811,SK-000249,ALIAS,managing quantitative data,false
DOM-000307,SK-000249,DOMAIN,IT,1.0
AL-002812,SK-000250,ALIAS,out-placement,false
AL-002813,SK-000250,ALIAS,job placement,false
DOM-000308,SK-000250,DOMAIN,HR,1.0
AL-002814,SK-000251,ALIAS,network communications security measures,false
AL-002815,SK-000251,ALIAS,cyber defence mechanisms,false
AL-002816,SK-000251,ALIAS,cyber/digital/IT/ICT/information security controls,false
AL-002817,SK-000251,ALIAS,cybersecurity measures,false
DOM-000309,SK-000251,DOMAIN,IT,1.0
AL-001050,SK-000252,ALIAS,APL programming paradigms,false
DOM-000310,SK-000252,DOMAIN,IT,1.0
AL-002818,SK-000253,ALIAS,manage channels of distribution,false
AL-002819,SK-000253,ALIAS,organise distribution sources,false
AL-002820,SK-000253,ALIAS,manage distribution channel,false
AL-002821,SK-000253,ALIAS,manage distribution policies,false
DOM-000311,SK-000253,DOMAIN,BUSINESS,1.0
AL-002822,SK-000254,ALIAS,hiring persons,false
AL-002823,SK-000254,ALIAS,hire experienced people,false
AL-002824,SK-000254,ALIAS,oversee recruiting services,false
AL-002825,SK-000254,ALIAS,recruit people with expertise,false
AL-002826,SK-000254,ALIAS,complete recruiting services,false
AL-002827,SK-000254,ALIAS,carry out recruiting services,false
AL-002828,SK-000254,ALIAS,hire people,false
AL-002829,SK-000254,ALIAS,undertake recruiting services,false
AL-002830,SK-000254,ALIAS,make recruiting services,false
AL-002831,SK-000254,ALIAS,hire a person,false
DOM-000312,SK-000254,DOMAIN,HR,1.0
AL-002832,SK-000255,ALIAS,threats to cyber/digital/IT/ICT security,false
AL-002833,SK-000255,ALIAS,security threat,false
AL-002834,SK-000255,ALIAS,physical security hazards,false
AL-002835,SK-000255,ALIAS,cyber/digital/IT/ICT security threats,false
AL-002836,SK-000255,ALIAS,threats to physical security,false
AL-002837,SK-000255,ALIAS,cyber/digital/IT/ICT security risks,false
AL-002838,SK-000255,ALIAS,security dangers,false
AL-002839,SK-000255,ALIAS,physical security risks,false
AL-002840,SK-000255,ALIAS,security hazards,false
AL-002841,SK-000255,ALIAS,physical security threats,false
AL-002842,SK-000255,ALIAS,security risks,false
AL-002843,SK-000255,ALIAS,threats to security,false
AL-002844,SK-000255,ALIAS,physical security dangers,false
AL-002845,SK-000255,ALIAS,cyber/digital/IT/ICT security dangers,false
DOM-000313,SK-000255,DOMAIN,IT,1.0
AL-002846,SK-000256,ALIAS,computational science,false
AL-002847,SK-000256,ALIAS,scientific computation,false
DOM-000314,SK-000256,DOMAIN,IT,1.0
AL-001055,SK-000257,ALIAS,utilise object-oriented programming,false
DOM-000315,SK-000257,DOMAIN,IT,1.0
AL-002848,SK-000258,ALIAS,marketing administration,false
AL-002849,SK-000258,ALIAS,make business decisions,false
AL-002850,SK-000258,ALIAS,making strategic business decisions,false
AL-002851,SK-000258,ALIAS,make strategic business decision,false
DOM-000316,SK-000258,DOMAIN,BUSINESS,1.0
AL-002852,SK-000259,ALIAS,object-oriented paradigm,false
AL-002853,SK-000259,ALIAS,object-oriented modeling,false
AL-002854,SK-000259,ALIAS,knowledge of object-oriented modelling,false
DOM-000317,SK-000259,DOMAIN,IT,1.0
AL-002855,SK-000260,ALIAS,law of contract,false
AL-002856,SK-000260,ALIAS,principles of contract law,false
AL-002857,SK-000260,ALIAS,contract laws,false
AL-002858,SK-000260,ALIAS,contract law regulations,false
DOM-000318,SK-000260,DOMAIN,BUSINESS,1.0
AL-001059,SK-000261,ALIAS,WebCMS software systems,false
DOM-000319,SK-000261,DOMAIN,IT,1.0
AL-002859,SK-000262,ALIAS,evaluating performance of organisational collaborators,false
AL-002860,SK-000262,ALIAS,evaluate organisational collaborators performance,false
AL-002861,SK-000262,ALIAS,evaluate performance of organizational collaborators,false
AL-002862,SK-000262,ALIAS,rate performance of organisational collaborators,false
AL-002863,SK-000262,ALIAS,assess performance of organisational collaborators,false
AL-002864,SK-000262,ALIAS,evaluate performance of organisational collaborator,false
DOM-000320,SK-000262,DOMAIN,HR,1.0
AL-001061,SK-000263,ALIAS,oversee software testing plans,false
DOM-000321,SK-000263,DOMAIN,IT,1.0
AL-002865,SK-000264,ALIAS,define and validate business needs and goals,false
AL-002866,SK-000264,ALIAS,analyse business objectives,false
AL-002867,SK-000264,ALIAS,evaluate business plans,false
AL-002868,SK-000264,ALIAS,analyze business plans,false
AL-002869,SK-000264,ALIAS,analyse business plan feasibility,false
AL-002870,SK-000264,ALIAS,gauge business plans,false
AL-002871,SK-000264,ALIAS,analyse business formal statements,false
AL-002872,SK-000264,ALIAS,analyse business plan,false
DOM-000322,SK-000264,DOMAIN,BUSINESS,1.0
AL-001063,SK-000265,ALIAS,SPARQL Protocol and RDF Query Language,false
DOM-000323,SK-000265,DOMAIN,IT,1.0
AL-002873,SK-000266,ALIAS,employ ICT tools for computer code creation,false
AL-002874,SK-000266,ALIAS,use ICT tools for computer code generation,false
AL-002875,SK-000266,ALIAS,employ programming languages for computer code creation,false
AL-002876,SK-000266,ALIAS,use ICT tools for computer code development,false
AL-002877,SK-000266,ALIAS,use ICT tools for computer code creation,false
DOM-000324,SK-000266,DOMAIN,IT,1.0
AL-002878,SK-000267,ALIAS,apply for research grants,false
AL-002879,SK-000267,ALIAS,draft research grants applications,false
AL-002880,SK-000267,ALIAS,identify research grants,false
AL-002881,SK-000267,ALIAS,generate research funding,false
DOM-000325,SK-000267,DOMAIN,IT,1.0
AL-002882,SK-000268,ALIAS,review financial statements,false
AL-002883,SK-000268,ALIAS,read and understand financial statements,false
AL-002884,SK-000268,ALIAS,interpret financial statement,false
AL-002885,SK-000268,ALIAS,interpret finance statements,false
AL-002886,SK-000268,ALIAS,interpreting financial statements,false
DOM-000326,SK-000268,DOMAIN,BUSINESS,1.0
AL-002887,SK-000269,ALIAS,checking accounting records,false
AL-002888,SK-000269,ALIAS,monitor accounting records,false
AL-002889,SK-000269,ALIAS,check account records,false
AL-002890,SK-000269,ALIAS,check records of accounts,false
AL-002891,SK-000269,ALIAS,review accounting records,false
AL-002892,SK-000269,ALIAS,check accounting record,false
DOM-000327,SK-000269,DOMAIN,BUSINESS,1.0
DOM-000328,SK-000270,DOMAIN,IT,1.0
AL-002893,SK-000271,ALIAS,software debugging tools,false
AL-002894,SK-000271,ALIAS,ICT testing tools,false
DOM-000329,SK-000271,DOMAIN,IT,1.0
AL-002895,SK-000272,ALIAS,draw feedback from employees,false
AL-002896,SK-000272,ALIAS,draw feedback from staff,false
AL-002897,SK-000272,ALIAS,obtain feedback from employees,false
AL-002898,SK-000272,ALIAS,receive feedback from employees,false
AL-002899,SK-000272,ALIAS,obtain feedback from staff,false
AL-002900,SK-000272,ALIAS,collect feedback from staff,false
AL-002901,SK-000272,ALIAS,collect feedback from employees,false
AL-002902,SK-000272,ALIAS,receive feedback from staff,false
DOM-000330,SK-000272,DOMAIN,HR,1.0
AL-001070,SK-000273,ALIAS,ICT capacity management,false
DOM-000331,SK-000273,DOMAIN,BUSINESS,1.0
AL-002903,SK-000274,ALIAS,neuromarketing field,false
AL-002904,SK-000274,ALIAS,neuromarketing strategies,false
AL-002905,SK-000274,ALIAS,neuromarketing technologies,false
AL-002906,SK-000274,ALIAS,neuromarketing,false
AL-002907,SK-000274,ALIAS,the field of neuromarketing,false
DOM-000332,SK-000274,DOMAIN,BUSINESS,1.0
AL-002908,SK-000275,ALIAS,prepare financial statement,false
AL-002909,SK-000275,ALIAS,get financial statements ready,false
AL-002910,SK-000275,ALIAS,preparing financial statements,false
AL-002911,SK-000275,ALIAS,draw up financial statements,false
AL-002912,SK-000275,ALIAS,formulate financial statements,false
AL-002913,SK-000275,ALIAS,prepare statements on finances,false
DOM-000333,SK-000275,DOMAIN,BUSINESS,1.0
AL-002914,SK-000276,ALIAS,store systems and digital data,false
AL-002915,SK-000276,ALIAS,backup digital data and systems,false
AL-002916,SK-000276,ALIAS,cache digital data and systems,false
AL-002917,SK-000276,ALIAS,use data and systems archiving procedures,false
AL-002918,SK-000276,ALIAS,back up data,false
AL-002919,SK-000276,ALIAS,archive digital data and systems,false
AL-002920,SK-000276,ALIAS,use data and systems archiving tools,false
AL-002921,SK-000276,ALIAS,storing digital data and systems,false
AL-002922,SK-000276,ALIAS,store digital data and system,false
AL-002923,SK-000276,ALIAS,restore data,false
DOM-000334,SK-000276,DOMAIN,IT,1.0
AL-002924,SK-000277,ALIAS,cloud deployment,false
AL-002925,SK-000277,ALIAS,deployment and provisioning,false
AL-002926,SK-000277,ALIAS,provision cloud resources,false
DOM-000335,SK-000277,DOMAIN,IT,1.0
AL-002927,SK-000278,ALIAS,electronic data processing,false
AL-002928,SK-000278,ALIAS,processing of data digitally,false
AL-002929,SK-000278,ALIAS,data processing,false
AL-002930,SK-000278,ALIAS,paperless data processing,false
DOM-000336,SK-000278,DOMAIN,IT,1.0
DOM-000337,SK-000278,DOMAIN,BUSINESS,1.0
AL-002931,SK-000279,ALIAS,market entry strategy,false
AL-002932,SK-000279,ALIAS,market entry plans,false
AL-002933,SK-000279,ALIAS,market entry tactics,false
AL-002934,SK-000279,ALIAS,market entrance strategies,false
DOM-000338,SK-000279,DOMAIN,BUSINESS,1.0
AL-002935,SK-000280,ALIAS,company analysis,false
AL-002936,SK-000280,ALIAS,analysis of businesses,false
AL-002937,SK-000280,ALIAS,business analyses,false
AL-002938,SK-000280,ALIAS,enterprise analysis,false
DOM-000339,SK-000280,DOMAIN,BUSINESS,1.0
DOM-000340,SK-000280,DOMAIN,HR,1.0
AL-002939,SK-000281,ALIAS,on-line job platforms,false
AL-002940,SK-000281,ALIAS,online job platform,false
AL-002941,SK-000281,ALIAS,online employment sites,false
AL-002942,SK-000281,ALIAS,online employment portals,false
AL-002943,SK-000281,ALIAS,online job portals,false
AL-002944,SK-000281,ALIAS,online job sites,false
DOM-000341,SK-000281,DOMAIN,HR,1.0
AL-001079,SK-000282,ALIAS,quantitative data analysis,false
DOM-000342,SK-000282,DOMAIN,IT,1.0
AL-001080,SK-000283,ALIAS,OBS,false
DOM-000343,SK-000283,DOMAIN,IT,1.0
AL-001081,SK-000284,ALIAS,Puppet,false
DOM-000344,SK-000284,DOMAIN,IT,1.0
AL-001082,SK-000285,ALIAS,use e-ticketing system,false
DOM-000345,SK-000285,DOMAIN,IT,1.0
AL-002945,SK-000286,ALIAS,evaluating advertising campaign,false
AL-002946,SK-000286,ALIAS,evaluate ad campaign,false
AL-002947,SK-000286,ALIAS,assess advertising campaign,false
AL-002948,SK-000286,ALIAS,review advertising campaign,false
AL-002949,SK-000286,ALIAS,evaluate advertising campaigns,false
DOM-000346,SK-000286,DOMAIN,BUSINESS,1.0
AL-002950,SK-000287,ALIAS,advocate for human rights,false
AL-002951,SK-000287,ALIAS,promote human right laws,false
DOM-000347,SK-000287,DOMAIN,HR,1.0
AL-001085,SK-000288,ALIAS,prepare disaster recovery plans,false
DOM-000348,SK-000288,DOMAIN,IT,1.0
AL-002952,SK-000289,ALIAS,devaluation,false
AL-002953,SK-000289,ALIAS,decrease in value,false
DOM-000349,SK-000289,DOMAIN,BUSINESS,1.0
AL-002954,SK-000290,ALIAS,administer social media marketing,false
AL-002955,SK-000290,ALIAS,social media marketing application,false
AL-002956,SK-000290,ALIAS,implement social media marketing,false
AL-002957,SK-000290,ALIAS,application of social media marketing,false
AL-002958,SK-000290,ALIAS,utilise social media marketing,false
AL-002959,SK-000290,ALIAS,employ social media marketing,false
AL-002960,SK-000290,ALIAS,applying social media marketing,false
DOM-000350,SK-000290,DOMAIN,BUSINESS,1.0
DOM-000351,SK-000290,DOMAIN,HR,1.0
AL-002961,SK-000291,ALIAS,assess budgets,false
AL-002962,SK-000291,ALIAS,evaluate budget,false
AL-002963,SK-000291,ALIAS,review budgets,false
AL-002964,SK-000291,ALIAS,analyse budgets,false
DOM-000352,SK-000291,DOMAIN,BUSINESS,1.0
AL-002965,SK-000292,ALIAS,personnel recruiting,false
AL-002966,SK-000292,ALIAS,hire personnel,false
AL-002967,SK-000292,ALIAS,hiring personnel,false
AL-002968,SK-000292,ALIAS,personnel hiring,false
AL-002969,SK-000292,ALIAS,recruiting personnel,false
DOM-000353,SK-000292,DOMAIN,HR,1.0
AL-002970,SK-000293,ALIAS,set daily priorities for staff,false
AL-002971,SK-000293,ALIAS,set staff priorities,false
AL-002972,SK-000293,ALIAS,daily establishment of priorities,false
AL-002973,SK-000293,ALIAS,set priorities for staff,false
AL-002974,SK-000293,ALIAS,give daily priorities to staff,false
AL-002975,SK-000293,ALIAS,establishment of daily priorities,false
AL-002976,SK-000293,ALIAS,establishing daily priorities,false
AL-002977,SK-000293,ALIAS,establishing of daily priorities,false
DOM-000354,SK-000293,DOMAIN,BUSINESS,1.0
AL-001091,SK-000294,ALIAS,data presentation software,false
DOM-000355,SK-000294,DOMAIN,IT,1.0
DOM-000356,SK-000294,DOMAIN,BUSINESS,1.0
AL-002978,SK-000295,ALIAS,draft annual marketing budget,false
AL-002979,SK-000295,ALIAS,create marketing annual budget,false
AL-002980,SK-000295,ALIAS,create annual budget for marketing,false
AL-002981,SK-000295,ALIAS,prepare annual marketing budget,false
DOM-000357,SK-000295,DOMAIN,BUSINESS,1.0
AL-002982,SK-000296,ALIAS,ask questions and evaluate answers,false
AL-002983,SK-000296,ALIAS,do interviews,false
AL-002984,SK-000296,ALIAS,interview individuals,false
AL-002985,SK-000296,ALIAS,ask questions and keep record of answers,false
AL-002986,SK-000296,ALIAS,interview groups of people,false
DOM-000358,SK-000296,DOMAIN,BUSINESS,1.0
DOM-000359,SK-000296,DOMAIN,HR,1.0
AL-002987,SK-000297,ALIAS,CSR,false
AL-002988,SK-000297,ALIAS,sustainable responsible business,false
AL-002989,SK-000297,ALIAS,social performance,false
AL-002990,SK-000297,ALIAS,corporate citizenship,false
AL-002991,SK-000297,ALIAS,corporate conscience,false
AL-002992,SK-000297,ALIAS,responsible business,false
AL-002993,SK-000297,ALIAS,collective civil responsibility,false
DOM-000360,SK-000297,DOMAIN,BUSINESS,1.0
DOM-000361,SK-000297,DOMAIN,HR,1.0
AL-002994,SK-000298,ALIAS,determining salaries,false
AL-002995,SK-000298,ALIAS,fix remuneration,false
AL-002996,SK-000298,ALIAS,determine the salary,false
AL-002997,SK-000298,ALIAS,establish salaries,false
DOM-000362,SK-000298,DOMAIN,HR,1.0
AL-002998,SK-000299,ALIAS,endorse advertising campaign,false
AL-002999,SK-000299,ALIAS,support advertising campaign,false
AL-003000,SK-000299,ALIAS,approve advertising campaigns,false
AL-003001,SK-000299,ALIAS,approving advertising campaign,false
AL-003002,SK-000299,ALIAS,approve ad campaign,false
DOM-000363,SK-000299,DOMAIN,BUSINESS,1.0
AL-003003,SK-000300,ALIAS,knowledge of hybrid model,false
AL-003004,SK-000300,ALIAS,theory of hybrid model,false
AL-003005,SK-000300,ALIAS,Hybrid model,false
AL-003006,SK-000300,ALIAS,hybrid model principles,false
AL-003007,SK-000300,ALIAS,hybrid model fundamentals,false
DOM-000364,SK-000300,DOMAIN,IT,1.0
AL-003008,SK-000301,ALIAS,develop media plan,false
AL-003009,SK-000301,ALIAS,come up with media plan,false
AL-003010,SK-000301,ALIAS,create media plans,false
AL-003011,SK-000301,ALIAS,make media plan,false
AL-003012,SK-000301,ALIAS,creating media plan,false
DOM-000365,SK-000301,DOMAIN,BUSINESS,1.0
AL-003013,SK-000302,ALIAS,use analytics for commercial purpose,false
AL-003014,SK-000302,ALIAS,utilize analytics for commercial purposes,false
AL-003015,SK-000302,ALIAS,use commercial analytics,false
AL-003016,SK-000302,ALIAS,work with analytics for commercial purposes,false
AL-003017,SK-000302,ALIAS,using analytics for commercial purposes,false
DOM-000366,SK-000302,DOMAIN,BUSINESS,1.0
AL-003018,SK-000303,ALIAS,diagnose customer's needs,false
AL-003019,SK-000303,ALIAS,analyse customer's needs,false
AL-003020,SK-000303,ALIAS,identifying a customer's needs,false
AL-003021,SK-000303,ALIAS,map out customer requirements into pragmatic actions,false
AL-003022,SK-000303,ALIAS,identifying customer's needs,false
AL-003023,SK-000303,ALIAS,classify customer's needs,false
AL-003024,SK-000303,ALIAS,determine customer's needs,false
AL-003025,SK-000303,ALIAS,identify a customer's needs,false
DOM-000367,SK-000303,DOMAIN,HR,1.0
AL-001101,SK-000304,ALIAS,statistical modeling,false
DOM-000368,SK-000304,DOMAIN,IT,1.0
AL-001102,SK-000305,ALIAS,crowdsourcing plans,false
DOM-000369,SK-000305,DOMAIN,BUSINESS,1.0
AL-001103,SK-000306,ALIAS,information extraction techniques,false
DOM-000370,SK-000306,DOMAIN,IT,1.0
DOM-000371,SK-000306,DOMAIN,BUSINESS,1.0
AL-001104,SK-000307,ALIAS,markup programming,false
DOM-000372,SK-000307,DOMAIN,IT,1.0
DOM-000373,SK-000308,DOMAIN,IT,1.0
AL-001105,SK-000309,ALIAS,STAF software,false
DOM-000374,SK-000309,DOMAIN,IT,1.0
AL-003026,SK-000310,ALIAS,provide apparatus availability,false
AL-003027,SK-000310,ALIAS,provide equipment availability,false
AL-003028,SK-000310,ALIAS,safeguard equipment availability,false
AL-003029,SK-000310,ALIAS,safeguard apparatus availability,false
AL-003030,SK-000310,ALIAS,assure equipment availability,false
AL-003031,SK-000310,ALIAS,secure apparatus availability,false
AL-003032,SK-000310,ALIAS,assure apparatus availability,false
AL-003033,SK-000310,ALIAS,secure equipment availability,false
DOM-000375,SK-000310,DOMAIN,BUSINESS,1.0
AL-003034,SK-000311,ALIAS,give recommendations on communication strategies,false
AL-003035,SK-000311,ALIAS,advise on communications strategies,false
AL-003036,SK-000311,ALIAS,advise on communication strategy,false
AL-003037,SK-000311,ALIAS,counsel on communication strategies,false
AL-003038,SK-000311,ALIAS,advising on communication strategies,false
AL-003039,SK-000311,ALIAS,offer suggestions on communication strategies,false
DOM-000376,SK-000311,DOMAIN,BUSINESS,1.0
AL-003040,SK-000312,ALIAS,generate automated software tests,false
AL-003041,SK-000312,ALIAS,build automated software tests,false
AL-003042,SK-000312,ALIAS,design automated software tests,false
DOM-000377,SK-000312,DOMAIN,IT,1.0
AL-003043,SK-000313,ALIAS,audit procedures,false
AL-003044,SK-000313,ALIAS,battery audit process,false
DOM-000378,SK-000313,DOMAIN,IT,1.0
AL-003045,SK-000314,ALIAS,office control,false
AL-003046,SK-000314,ALIAS,office organisation,false
AL-003047,SK-000314,ALIAS,office management,false
DOM-000379,SK-000314,DOMAIN,BUSINESS,1.0
AL-003048,SK-000315,ALIAS,develop business process diagrams,false
AL-003049,SK-000315,ALIAS,design business process models,false
DOM-000380,SK-000315,DOMAIN,BUSINESS,1.0
AL-003050,SK-000316,ALIAS,code with cloud services,false
AL-003051,SK-000316,ALIAS,write code with cloud services,false
AL-003052,SK-000316,ALIAS,develop cloud applications,false
DOM-000381,SK-000316,DOMAIN,IT,1.0
AL-003053,SK-000317,ALIAS,Eclipse,false
AL-003054,SK-000317,ALIAS,knowledge of Eclipse,false
AL-003055,SK-000317,ALIAS,Eclipse IDE,false
DOM-000382,SK-000317,DOMAIN,IT,1.0
AL-001114,SK-000318,ALIAS,develop database scheme,false
DOM-000383,SK-000318,DOMAIN,IT,1.0
AL-003056,SK-000319,ALIAS,apply techniques for strategic thinking,false
AL-003057,SK-000319,ALIAS,think strategically,false
AL-003058,SK-000319,ALIAS,apply strategic thinking techniques,false
AL-003059,SK-000319,ALIAS,move strategically,false
DOM-000384,SK-000319,DOMAIN,BUSINESS,1.0
AL-001116,SK-000320,ALIAS,WordPress CMS,false
DOM-000385,SK-000320,DOMAIN,IT,1.0
AL-003060,SK-000321,ALIAS,manages corporate training programmes,false
AL-003061,SK-000321,ALIAS,supervise corporate training programmes,false
AL-003062,SK-000321,ALIAS,managing corporate training programmes,false
AL-003063,SK-000321,ALIAS,oversee corporate training programmes,false
AL-003064,SK-000321,ALIAS,manage corporate training program,false
AL-003065,SK-000321,ALIAS,coordinate corporate training programmes,false
AL-003066,SK-000321,ALIAS,manage corporate training programs,false
DOM-000386,SK-000321,DOMAIN,HR,1.0
AL-003067,SK-000322,ALIAS,risk governance,false
AL-003068,SK-000322,ALIAS,risk administration,false
AL-003069,SK-000322,ALIAS,hazard manamagent,false
AL-003070,SK-000322,ALIAS,risk assessment,false
DOM-000387,SK-000322,DOMAIN,IT,1.0
DOM-000388,SK-000322,DOMAIN,BUSINESS,1.0
AL-003071,SK-000323,ALIAS,information security engineering,false
AL-003072,SK-000323,ALIAS,network security engineering,false
AL-003073,SK-000323,ALIAS,systems security engineering,false
AL-003074,SK-000323,ALIAS,security management,false
DOM-000389,SK-000323,DOMAIN,IT,1.0
AL-001120,SK-000324,ALIAS,Ansible automation tool,false
DOM-000390,SK-000324,DOMAIN,IT,1.0
AL-003075,SK-000325,ALIAS,outsourcing policies and procedures,false
AL-003076,SK-000325,ALIAS,outsourcing and partner management strategy,false
AL-003077,SK-000325,ALIAS,outsourcing management strategy,false
DOM-000391,SK-000325,DOMAIN,BUSINESS,1.0
AL-001122,SK-000326,ALIAS,system integration,false
DOM-000392,SK-000326,DOMAIN,IT,1.0
AL-003078,SK-000327,ALIAS,view company policy,false
AL-003079,SK-000327,ALIAS,oversee company policy,false
AL-003080,SK-000327,ALIAS,company policy monitoring,false
AL-003081,SK-000327,ALIAS,supervise company policy,false
AL-003082,SK-000327,ALIAS,watch company policy,false
AL-003083,SK-000327,ALIAS,monitoring company policy,false
DOM-000393,SK-000327,DOMAIN,HR,1.0
AL-003084,SK-000328,ALIAS,assess online competitors,false
AL-003085,SK-000328,ALIAS,run competitive analysis,false
AL-003086,SK-000328,ALIAS,carry out analysis of online competitors,false
DOM-000394,SK-000328,DOMAIN,BUSINESS,1.0
AL-003087,SK-000329,ALIAS,facilitate access to job market,false
AL-003088,SK-000329,ALIAS,facilitating job market access,false
AL-003089,SK-000329,ALIAS,assist in gaining access to job market,false
AL-003090,SK-000329,ALIAS,help in gaining access to job market,false
AL-003091,SK-000329,ALIAS,enable job market access,false
DOM-000395,SK-000329,DOMAIN,HR,1.0
AL-003092,SK-000330,ALIAS,Prince II,false
AL-003093,SK-000330,ALIAS,PRojects IN Controlled Environments,false
AL-003094,SK-000330,ALIAS,PRINCE2,false
DOM-000396,SK-000330,DOMAIN,BUSINESS,1.0
AL-003095,SK-000331,ALIAS,fundamentals of programme management,false
AL-003096,SK-000331,ALIAS,management of programmes,false
AL-003097,SK-000331,ALIAS,management of projects,false
AL-003098,SK-000331,ALIAS,fundamentals of project management,false
AL-003099,SK-000331,ALIAS,principles of project management,false
AL-003100,SK-000331,ALIAS,programme management,false
AL-003101,SK-000331,ALIAS,principles of programme management,false
AL-003102,SK-000331,ALIAS,programme management activities,false
AL-003103,SK-000331,ALIAS,project management activities,false
DOM-000397,SK-000331,DOMAIN,BUSINESS,1.0
AL-003104,SK-000332,ALIAS,debate sales contracts,false
AL-003105,SK-000332,ALIAS,negotiating sales contracts,false
AL-003106,SK-000332,ALIAS,negotiate a sales contract,false
AL-003107,SK-000332,ALIAS,sales contract negotiations,false
AL-003108,SK-000332,ALIAS,consult on sales contracts,false
AL-003109,SK-000332,ALIAS,settle sales contracts,false
AL-003110,SK-000332,ALIAS,confer on sales contracts,false
DOM-000398,SK-000332,DOMAIN,BUSINESS,1.0
AL-001129,SK-000333,ALIAS,verify data,false
DOM-000399,SK-000333,DOMAIN,IT,1.0
AL-003111,SK-000334,ALIAS,developing staff,false
AL-003112,SK-000334,ALIAS,help strengthen staff,false
AL-003113,SK-000334,ALIAS,build up staff,false
DOM-000400,SK-000334,DOMAIN,HR,1.0
AL-001131,SK-000335,ALIAS,research design methods,false
DOM-000401,SK-000335,DOMAIN,IT,1.0
AL-001132,SK-000336,ALIAS,analyse business objectives and customer interests,false
DOM-000402,SK-000336,DOMAIN,IT,1.0
DOM-000403,SK-000336,DOMAIN,BUSINESS,1.0
AL-001133,SK-000337,ALIAS,design software testing,false
DOM-000404,SK-000337,DOMAIN,IT,1.0
AL-003114,SK-000338,ALIAS,evaluate the training,false
AL-003115,SK-000338,ALIAS,assess training programme,false
AL-003116,SK-000338,ALIAS,evaluating training,false
AL-003117,SK-000338,ALIAS,analyse training outcome,false
DOM-000405,SK-000338,DOMAIN,HR,1.0
AL-003118,SK-000339,ALIAS,maintain privacy of service user,false
AL-003119,SK-000339,ALIAS,ensure privacy of service users,false
AL-003120,SK-000339,ALIAS,ensure privacy of service user,false
AL-003121,SK-000339,ALIAS,respect privacy of service users,false
DOM-000406,SK-000339,DOMAIN,HR,1.0
AL-003122,SK-000340,ALIAS,organise digital campaigns,false
AL-003123,SK-000340,ALIAS,organise social media marketing campaigns,false
DOM-000407,SK-000340,DOMAIN,BUSINESS,1.0
AL-001137,SK-000341,ALIAS,scientific publications,false
DOM-000408,SK-000341,DOMAIN,IT,1.0
AL-003124,SK-000342,ALIAS,scrutinise consumer buying trends,false
AL-003125,SK-000342,ALIAS,consumer buying trends analysis,false
AL-003126,SK-000342,ALIAS,test consumer buying trends,false
AL-003127,SK-000342,ALIAS,analysis of consumer buying trends,false
AL-003128,SK-000342,ALIAS,investigate consumer buying trends,false
AL-003129,SK-000342,ALIAS,analyse a consumers buying trends,false
AL-003130,SK-000342,ALIAS,search consumer buying trends,false
AL-003131,SK-000342,ALIAS,analyze consumer buying trends,false
DOM-000409,SK-000342,DOMAIN,BUSINESS,1.0
AL-003132,SK-000343,ALIAS,online advertisement,false
AL-003133,SK-000343,ALIAS,online ads,false
AL-003134,SK-000343,ALIAS,web campaign techniques,false
DOM-000410,SK-000343,DOMAIN,BUSINESS,1.0
AL-003135,SK-000344,ALIAS,analyse policy rift,false
AL-003136,SK-000344,ALIAS,determine policy breach,false
AL-003137,SK-000344,ALIAS,establish policy rift,false
AL-003138,SK-000344,ALIAS,classify policy rift,false
AL-003139,SK-000344,ALIAS,determine policy rift,false
AL-003140,SK-000344,ALIAS,classify policy breach,false
AL-003141,SK-000344,ALIAS,establish policy breach,false
AL-003142,SK-000344,ALIAS,analyse policy breach,false
DOM-000411,SK-000344,DOMAIN,HR,1.0
AL-003143,SK-000345,ALIAS,test automation tools,false
AL-003144,SK-000345,ALIAS,Selenium,false
AL-003145,SK-000345,ALIAS,tools for test automation,false
DOM-000412,SK-000345,DOMAIN,IT,1.0
AL-003146,SK-000346,ALIAS,using structured query language,false
AL-003147,SK-000346,ALIAS,use database query language,false
AL-003148,SK-000346,ALIAS,query language using,false
AL-003149,SK-000346,ALIAS,using query language,false
AL-003150,SK-000346,ALIAS,retrieve data using a query language,false
AL-003151,SK-000346,ALIAS,using database query language,false
AL-003152,SK-000346,ALIAS,retrieve data using a structured query language,false
AL-003153,SK-000346,ALIAS,retrieving data using a query language,false
AL-003154,SK-000346,ALIAS,use information retrieval query language,false
AL-003155,SK-000346,ALIAS,using information retrieval query language,false
AL-003156,SK-000346,ALIAS,data retrieving using a query language,false
AL-003157,SK-000346,ALIAS,use structured query language,false
AL-003158,SK-000346,ALIAS,data retrieving using a structured query language,false
AL-003159,SK-000346,ALIAS,retrieving data using a structured query language,false
DOM-000413,SK-000346,DOMAIN,IT,1.0
AL-003160,SK-000347,ALIAS,maintain a central project database,false
AL-003161,SK-000347,ALIAS,preserve a central project repository,false
AL-003162,SK-000347,ALIAS,preserve a central project database,false
DOM-000414,SK-000347,DOMAIN,BUSINESS,1.0
AL-003163,SK-000348,ALIAS,cyber-security regulation,false
AL-003164,SK-000348,ALIAS,network and information security legislation,false
AL-003165,SK-000348,ALIAS,ICT law,false
AL-003166,SK-000348,ALIAS,legal aspects of computing,false
DOM-000415,SK-000348,DOMAIN,IT,1.0
AL-003167,SK-000349,ALIAS,management of liquidity,false
AL-003168,SK-000349,ALIAS,liquidities management,false
AL-003169,SK-000349,ALIAS,liquidity oversight,false
AL-003170,SK-000349,ALIAS,handling of liquidity,false
DOM-000416,SK-000349,DOMAIN,BUSINESS,1.0
AL-003171,SK-000350,ALIAS,work with theoretical marketing models,false
AL-003172,SK-000350,ALIAS,use theoretical models for marketing,false
AL-003173,SK-000350,ALIAS,use theoretical marketing model,false
AL-003174,SK-000350,ALIAS,utilize theoretical marketing models,false
AL-003175,SK-000350,ALIAS,using theoretical marketing models,false
DOM-000417,SK-000350,DOMAIN,BUSINESS,1.0
AL-003176,SK-000351,ALIAS,estimate character,false
AL-003177,SK-000351,ALIAS,assessing character,false
AL-003178,SK-000351,ALIAS,evaluate character,false
DOM-000418,SK-000351,DOMAIN,HR,1.0
AL-003179,SK-000352,ALIAS,liaise with advertising agency,false
AL-003180,SK-000352,ALIAS,cooperate with advertising agencies,false
AL-003181,SK-000352,ALIAS,collaborate with advertising agencies,false
AL-003182,SK-000352,ALIAS,work together with advertising agencies,false
AL-003183,SK-000352,ALIAS,liaise with ad agencies,false
AL-003184,SK-000352,ALIAS,liaising with advertising agencies,false
DOM-000419,SK-000352,DOMAIN,BUSINESS,1.0
AL-003185,SK-000353,ALIAS,provide software testing procedures,false
AL-003186,SK-000353,ALIAS,provide software test procedures documentation,false
DOM-000420,SK-000353,DOMAIN,IT,1.0
AL-001150,SK-000354,ALIAS,perform unit testing,false
DOM-000421,SK-000354,DOMAIN,IT,1.0
AL-003187,SK-000355,ALIAS,develop software throw-away simulation,false
AL-003188,SK-000355,ALIAS,develop software mockup,false
DOM-000422,SK-000355,DOMAIN,IT,1.0
AL-003189,SK-000356,ALIAS,counsel on financial matters,false
AL-003190,SK-000356,ALIAS,advise on financial matter,false
AL-003191,SK-000356,ALIAS,advise on matters of finance,false
AL-003192,SK-000356,ALIAS,advising on financial matters,false
AL-003193,SK-000356,ALIAS,offer suggestions on financial matters,false
AL-003194,SK-000356,ALIAS,give recommendations on financial matters,false
DOM-000423,SK-000356,DOMAIN,BUSINESS,1.0
AL-003195,SK-000357,ALIAS,obtain digital data,false
AL-003196,SK-000357,ALIAS,gather digital data,false
AL-003197,SK-000357,ALIAS,collect digital data,false
DOM-000424,SK-000357,DOMAIN,IT,1.0
AL-003198,SK-000358,ALIAS,business resilience,false
AL-003199,SK-000358,ALIAS,operational resilience,false
AL-003200,SK-000358,ALIAS,organizational resilience,false
DOM-000425,SK-000358,DOMAIN,IT,1.0
DOM-000426,SK-000358,DOMAIN,BUSINESS,1.0
AL-003201,SK-000359,ALIAS,stay up to date with technology trends,false
AL-003202,SK-000359,ALIAS,monitor emerging technologies and industry trends,false
AL-003203,SK-000359,ALIAS,stay up to date on existing and emerging technology trends,false
AL-003204,SK-000359,ALIAS,monitor trends and innovations in technology,false
AL-003205,SK-000359,ALIAS,keep up with the latest technology trends,false
AL-003206,SK-000359,ALIAS,keep abreast of technical innovations,false
AL-003207,SK-000359,ALIAS,follow technology industry trends and new technologies,false
DOM-000427,SK-000359,DOMAIN,BUSINESS,1.0
AL-003208,SK-000360,ALIAS,define measurable marketing objective,false
AL-003209,SK-000360,ALIAS,outline measurable marketing objectives,false
AL-003210,SK-000360,ALIAS,establish measurable marketing objectives,false
AL-003211,SK-000360,ALIAS,specify measurable marketing objectives,false
AL-003212,SK-000360,ALIAS,defining measurable marketing objectives,false
AL-003213,SK-000360,ALIAS,determine measurable marketing objectives,false
AL-003214,SK-000360,ALIAS,define marketing objectives,false
DOM-000428,SK-000360,DOMAIN,BUSINESS,1.0
AL-003215,SK-000361,ALIAS,arrange inclusion policies,false
AL-003216,SK-000361,ALIAS,arrange equal opportunities policies,false
AL-003217,SK-000361,ALIAS,produce set inclusion policies,false
AL-003218,SK-000361,ALIAS,prepare equal opportunities policies,false
AL-003219,SK-000361,ALIAS,produce equal opportunities policies,false
AL-003220,SK-000361,ALIAS,set up equal opportunities policies,false
AL-003221,SK-000361,ALIAS,prepare set inclusion policies,false
DOM-000429,SK-000361,DOMAIN,HR,1.0
AL-003222,SK-000362,ALIAS,offer suggestions to client on technical possibilities,false
AL-003223,SK-000362,ALIAS,advise clients on technical possibilities,false
AL-003224,SK-000362,ALIAS,advising client on technical possibilities,false
AL-003225,SK-000362,ALIAS,counsel client on technical possibilities,false
AL-003226,SK-000362,ALIAS,give client recommendations on technical possibilities,false
AL-003227,SK-000362,ALIAS,advise client on technical possibility,false
DOM-000430,SK-000362,DOMAIN,BUSINESS,1.0
AL-003228,SK-000363,ALIAS,informatics,false
AL-003229,SK-000363,ALIAS,informatics studies,false
DOM-000431,SK-000363,DOMAIN,IT,1.0
AL-003230,SK-000364,ALIAS,organise auditioning,false
AL-003231,SK-000364,ALIAS,arrange auditions,false
AL-003232,SK-000364,ALIAS,plan auditions,false
AL-003233,SK-000364,ALIAS,schedule auditions,false
AL-003234,SK-000364,ALIAS,arranging auditions,false
AL-003235,SK-000364,ALIAS,book auditions,false
AL-003236,SK-000364,ALIAS,organising auditions,false
AL-003237,SK-000364,ALIAS,oversee auditions,false
AL-003238,SK-000364,ALIAS,organize auditions,false
AL-003239,SK-000364,ALIAS,organise audition,false
DOM-000432,SK-000364,DOMAIN,HR,1.0
AL-001161,SK-000365,ALIAS,use visual programming,false
DOM-000433,SK-000365,DOMAIN,IT,1.0
AL-003240,SK-000366,ALIAS,cost oversight,false
AL-003241,SK-000366,ALIAS,cost optimisation,false
AL-003242,SK-000366,ALIAS,cost monitoring,false
AL-003243,SK-000366,ALIAS,managing cost,false
AL-003244,SK-000366,ALIAS,cost managing,false
AL-003245,SK-000366,ALIAS,cost supervision,false
AL-003246,SK-000366,ALIAS,managing costs,false
DOM-000434,SK-000366,DOMAIN,BUSINESS,1.0
AL-003247,SK-000367,ALIAS,execute information security audits,false
AL-003248,SK-000367,ALIAS,execute IT security audits,false
AL-003249,SK-000367,ALIAS,execute cyber security audits,false
AL-003250,SK-000367,ALIAS,execute ICT security audits,false
DOM-000435,SK-000367,DOMAIN,IT,1.0
AL-003251,SK-000368,ALIAS,perform dunning actions,false
AL-003252,SK-000368,ALIAS,perform dunning,false
AL-003253,SK-000368,ALIAS,perform dunning activity,false
AL-003254,SK-000368,ALIAS,performing dunning activities,false
AL-003255,SK-000368,ALIAS,conduct dunning activities,false
DOM-000436,SK-000368,DOMAIN,BUSINESS,1.0
AL-003256,SK-000369,ALIAS,apply design principles for cloud data architecture,false
AL-003257,SK-000369,ALIAS,develop cloud database design,false
AL-003258,SK-000369,ALIAS,apply design principles for cloud database design,false
AL-003259,SK-000369,ALIAS,design automated cloud databases,false
AL-003260,SK-000369,ALIAS,design cloud data architecture,false
DOM-000437,SK-000369,DOMAIN,IT,1.0
AL-003261,SK-000370,ALIAS,experimental data,false
AL-003262,SK-000370,ALIAS,use of data in performance of work,false
AL-003263,SK-000370,ALIAS,use of statistics,false
AL-003264,SK-000370,ALIAS,organisation of data,false
AL-003265,SK-000370,ALIAS,data analysis,false
AL-003266,SK-000370,ALIAS,survey data,false
AL-003267,SK-000370,ALIAS,use of statistics in performance of work,false
AL-003268,SK-000370,ALIAS,data collection,false
AL-003269,SK-000370,ALIAS,stats,false
AL-003270,SK-000370,ALIAS,data work,false
AL-003271,SK-000370,ALIAS,big data,false
AL-003272,SK-000370,ALIAS,metadata,false
AL-003273,SK-000370,ALIAS,statistical analysis,false
AL-003274,SK-000370,ALIAS,use of data,false
AL-003275,SK-000370,ALIAS,administrative data,false
DOM-000438,SK-000370,DOMAIN,IT,1.0
DOM-000439,SK-000370,DOMAIN,BUSINESS,1.0
AL-003276,SK-000371,ALIAS,principles of assessment of risks and threats,false
AL-003277,SK-000371,ALIAS,methods for handling security-related information,false
AL-003278,SK-000371,ALIAS,methods for assessment of risks and threats,false
AL-003279,SK-000371,ALIAS,principles for handling security-related information,false
AL-003280,SK-000371,ALIAS,techniques for handling security-related information,false
AL-003281,SK-000371,ALIAS,techniques for assessment of risks and threats,false
DOM-000440,SK-000371,DOMAIN,IT,1.0
AL-003282,SK-000372,ALIAS,apply communication techniques,false
AL-003283,SK-000372,ALIAS,use techniques for communication,false
AL-003284,SK-000372,ALIAS,utilize communication techniques,false
AL-003285,SK-000372,ALIAS,use communication technique,false
AL-003286,SK-000372,ALIAS,using communication techniques,false
AL-003287,SK-000372,ALIAS,employ communication techniques,false
DOM-000441,SK-000372,DOMAIN,BUSINESS,1.0
DOM-000442,SK-000372,DOMAIN,HR,1.0
AL-003288,SK-000373,ALIAS,project management methods,false
AL-003289,SK-000373,ALIAS,PM²,false
AL-003290,SK-000373,ALIAS,PM² for best practice in organisations,false
AL-003291,SK-000373,ALIAS,PM² for private organisations,false
AL-003292,SK-000373,ALIAS,PM² for European institutions,false
DOM-000443,SK-000373,DOMAIN,BUSINESS,1.0
AL-003293,SK-000374,ALIAS,ICT security,false
AL-003294,SK-000374,ALIAS,cybersecurity,false
AL-003295,SK-000374,ALIAS,digital security,false
AL-003296,SK-000374,ALIAS,information and communications technology security,false
AL-003297,SK-000374,ALIAS,IT security,false
AL-003298,SK-000374,ALIAS,information security,false
DOM-000444,SK-000374,DOMAIN,IT,1.0
AL-003299,SK-000375,ALIAS,work out employment agreements,false
AL-003300,SK-000375,ALIAS,negotiate employment agreement,false
AL-003301,SK-000375,ALIAS,negotiating employment agreements,false
AL-003302,SK-000375,ALIAS,negotiate agreements for employment,false
AL-003303,SK-000375,ALIAS,broker employment agreements,false
AL-003304,SK-000375,ALIAS,come to accord on employment agreements,false
DOM-000445,SK-000375,DOMAIN,HR,1.0
AL-003305,SK-000376,ALIAS,financial abilities,false
AL-003306,SK-000376,ALIAS,financial capabilities,false
AL-003307,SK-000376,ALIAS,financial skills,false
AL-003308,SK-000376,ALIAS,financial knowledge,false
AL-003309,SK-000376,ALIAS,financial acumen,false
DOM-000446,SK-000376,DOMAIN,HR,1.0
AL-003310,SK-000377,ALIAS,keep updated on political landscapes,false
AL-003311,SK-000377,ALIAS,keeping updated on the political landscape,false
AL-003312,SK-000377,ALIAS,keep abreast of the political landscape,false
AL-003313,SK-000377,ALIAS,stay current on the political landscape,false
DOM-000447,SK-000377,DOMAIN,BUSINESS,1.0
AL-003314,SK-000378,ALIAS,Google Docs,false
AL-003315,SK-000378,ALIAS,GNU TeXmacs,false
AL-003316,SK-000378,ALIAS,IBM Lotus Word Pro,false
AL-003317,SK-000378,ALIAS,AbiWord,false
AL-003318,SK-000378,ALIAS,TextEdit,false
AL-003319,SK-000378,ALIAS,LaTeX,false
AL-003320,SK-000378,ALIAS,WordGraph,false
AL-003321,SK-000378,ALIAS,QuickOffice,false
AL-003322,SK-000378,ALIAS,Calligra Words,false
AL-003323,SK-000378,ALIAS,Kingsoft Office Writer,false
AL-003324,SK-000378,ALIAS,LibreOffice Writer,false
AL-003325,SK-000378,ALIAS,use document processing program,false
AL-003326,SK-000378,ALIAS,Atlantis Word Processor,false
AL-003327,SK-000378,ALIAS,Polaris Office,false
AL-003328,SK-000378,ALIAS,produce text files,false
AL-003329,SK-000378,ALIAS,type text,false
AL-003330,SK-000378,ALIAS,make use of word processing software,false
AL-003331,SK-000378,ALIAS,apply word processing software,false
AL-003332,SK-000378,ALIAS,use word processor,false
AL-003333,SK-000378,ALIAS,using word processor,false
AL-003334,SK-000378,ALIAS,Microsoft Office Word,false
AL-003335,SK-000378,ALIAS,Apple Pages,false
AL-003336,SK-000378,ALIAS,Zoho Writer,false
AL-003337,SK-000378,ALIAS,use word processing,false
AL-003338,SK-000378,ALIAS,WordPad,false
AL-003339,SK-000378,ALIAS,able to use using word processing software,false
AL-003340,SK-000378,ALIAS,Textilus,false
AL-003341,SK-000378,ALIAS,utilise word processing software,false
AL-003342,SK-000378,ALIAS,ThinkFree Office,false
AL-003343,SK-000378,ALIAS,IntelliTalk,false
AL-003344,SK-000378,ALIAS,use text processing program,false
DOM-000448,SK-000378,DOMAIN,IT,1.0
AL-003345,SK-000379,ALIAS,use recovery software,false
AL-003346,SK-000379,ALIAS,use back-up and recovery software,false
AL-003347,SK-000379,ALIAS,use back-up software,false
AL-003348,SK-000379,ALIAS,use recovery tools,false
AL-003349,SK-000379,ALIAS,back-up and recovery tools using,false
AL-003350,SK-000379,ALIAS,using back-up and recovery tools,false
AL-003351,SK-000379,ALIAS,using back-up and recovery software,false
AL-003352,SK-000379,ALIAS,use back-up tools,false
DOM-000449,SK-000379,DOMAIN,IT,1.0
AL-001176,SK-000380,ALIAS,apply quantitative research methods,false
DOM-000450,SK-000380,DOMAIN,BUSINESS,1.0
AL-003353,SK-000381,ALIAS,ICT service models,false
AL-003354,SK-000381,ALIAS,service oriented models,false
AL-003355,SK-000381,ALIAS,SaaS model,false
AL-003356,SK-000381,ALIAS,Software as a service,false
AL-003357,SK-000381,ALIAS,SaaS,false
AL-003358,SK-000381,ALIAS,service-oriented modeling,false
DOM-000451,SK-000381,DOMAIN,IT,1.0
AL-001178,SK-000382,ALIAS,conduct research in ICT,false
DOM-000452,SK-000382,DOMAIN,BUSINESS,1.0
AL-003359,SK-000383,ALIAS,adhere to scientific research code of ethics,false
AL-003360,SK-000383,ALIAS,obey scientific research code of conduct,false
AL-003361,SK-000383,ALIAS,follow scientific research code of conduct,false
DOM-000453,SK-000383,DOMAIN,IT,1.0
AL-003362,SK-000384,ALIAS,removing virus from a computer,false
AL-003363,SK-000384,ALIAS,removing malware from a computer,false
AL-003364,SK-000384,ALIAS,cleaning malware-infected computer,false
AL-003365,SK-000384,ALIAS,removing computer virus or malware from a computer,false
AL-003366,SK-000384,ALIAS,remove virus from a computer,false
AL-003367,SK-000384,ALIAS,clean malware-infected computer,false
AL-003368,SK-000384,ALIAS,clean virus-infected computer,false
AL-003369,SK-000384,ALIAS,cleaning virus-infected computer,false
AL-003370,SK-000384,ALIAS,computer virus or malware removing from a computer,false
AL-003371,SK-000384,ALIAS,remove malware from a computer,false
DOM-000454,SK-000384,DOMAIN,IT,1.0
AL-003372,SK-000385,ALIAS,MS Visual C++,false
AL-003373,SK-000385,ALIAS,Visual C++,false
AL-003374,SK-000385,ALIAS,VC++,false
AL-003375,SK-000385,ALIAS,MSVC,false
DOM-000455,SK-000385,DOMAIN,IT,1.0
AL-003376,SK-000386,ALIAS,comply with the statutory obligations,false
AL-003377,SK-000386,ALIAS,abide by the statutory obligations,false
AL-003378,SK-000386,ALIAS,act in accordance with the statutory obligations,false
AL-003379,SK-000386,ALIAS,following the statutory obligations,false
AL-003380,SK-000386,ALIAS,follow the statutory obligation,false
DOM-000456,SK-000386,DOMAIN,BUSINESS,1.0
AL-003381,SK-000387,ALIAS,design ICT device driver,false
AL-003382,SK-000387,ALIAS,build ICT device driver,false
DOM-000457,SK-000387,DOMAIN,IT,1.0
AL-001184,SK-000388,ALIAS,interpret technical information,false
DOM-000458,SK-000388,DOMAIN,IT,1.0
AL-001185,SK-000389,ALIAS,software integration testing,false
DOM-000459,SK-000389,DOMAIN,IT,1.0
AL-001186,SK-000390,ALIAS,TypeScript programming language,false
DOM-000460,SK-000390,DOMAIN,IT,1.0
AL-001187,SK-000391,ALIAS,W3C standards,false
DOM-000461,SK-000391,DOMAIN,IT,1.0
AL-003383,SK-000392,ALIAS,encourage open innovation in research,false
AL-003384,SK-000392,ALIAS,promote integrated collaboration in research,false
AL-003385,SK-000392,ALIAS,boost open innovation in research,false
AL-003386,SK-000392,ALIAS,stimulate collaborative innovation in research,false
AL-003387,SK-000392,ALIAS,foster collaborative innovation in research,false
DOM-000462,SK-000392,DOMAIN,IT,1.0
AL-003388,SK-000393,ALIAS,risk types,false
AL-003389,SK-000393,ALIAS,risk classification,false
AL-003390,SK-000393,ALIAS,definition of risk,false
AL-003391,SK-000393,ALIAS,risk analysis,false
DOM-000463,SK-000393,DOMAIN,BUSINESS,1.0
AL-003392,SK-000394,ALIAS,market studies,false
AL-003393,SK-000394,ALIAS,market analysis,false
DOM-000464,SK-000394,DOMAIN,BUSINESS,1.0
AL-001191,SK-000395,ALIAS,JavaScript Style Sheets,false
DOM-000465,SK-000395,DOMAIN,IT,1.0
AL-003394,SK-000396,ALIAS,compromise with stakeholders,false
AL-003395,SK-000396,ALIAS,cooperate in agreement with stakeholders,false
AL-003396,SK-000396,ALIAS,negotiate with a stakeholders,false
AL-003397,SK-000396,ALIAS,agree terms with stakeholders,false
AL-003398,SK-000396,ALIAS,collaborate with stakeholders,false
DOM-000466,SK-000396,DOMAIN,BUSINESS,1.0
AL-003399,SK-000397,ALIAS,human resource administration,false
AL-003400,SK-000397,ALIAS,human resource supervision,false
AL-003401,SK-000397,ALIAS,personnel administration,false
AL-003402,SK-000397,ALIAS,human resource regulation,false
AL-003403,SK-000397,ALIAS,personnel regulation,false
AL-003404,SK-000397,ALIAS,human resource oversight,false
AL-003405,SK-000397,ALIAS,personnel oversight,false
AL-003406,SK-000397,ALIAS,personnel supervision,false
DOM-000467,SK-000397,DOMAIN,HR,1.0
AL-003407,SK-000398,ALIAS,sack employees,false
AL-003408,SK-000398,ALIAS,dismiss employees,false
AL-003409,SK-000398,ALIAS,let employees go,false
AL-003410,SK-000398,ALIAS,lay off employees,false
AL-003411,SK-000398,ALIAS,discharging employees,false
AL-003412,SK-000398,ALIAS,fire employees,false
AL-003413,SK-000398,ALIAS,discharge employee,false
DOM-000468,SK-000398,DOMAIN,HR,1.0
AL-003414,SK-000399,ALIAS,ensure customer satisfaction,false
AL-003415,SK-000399,ALIAS,process customer feedback,false
AL-003416,SK-000399,ALIAS,collect and manage customer feedback,false
AL-003417,SK-000399,ALIAS,measure feedback from customers,false
AL-003418,SK-000399,ALIAS,measuring customer satisfaction,false
AL-003419,SK-000399,ALIAS,assess customer satisfaction,false
AL-003420,SK-000399,ALIAS,evaluate customer feedback,false
AL-003421,SK-000399,ALIAS,collect and manage client feedback,false
DOM-000469,SK-000399,DOMAIN,HR,1.0
AL-003422,SK-000400,ALIAS,evaluate financial performance of a company,false
AL-003423,SK-000400,ALIAS,investigate financial performance of a company,false
AL-003424,SK-000400,ALIAS,analyse financial performance of companies,false
AL-003425,SK-000400,ALIAS,analyze financial performance of a company,false
AL-003426,SK-000400,ALIAS,review financial performance of a company,false
AL-003427,SK-000400,ALIAS,analysing financial performance of company,false
AL-003428,SK-000400,ALIAS,examine financial performance of a company,false
AL-003429,SK-000400,ALIAS,study financial performance of a company,false
AL-003430,SK-000400,ALIAS,analyse company financial performance,false
DOM-000470,SK-000400,DOMAIN,BUSINESS,1.0
DOM-000471,SK-000400,DOMAIN,HR,1.0
AL-003431,SK-000401,ALIAS,total quality management,false
AL-003432,SK-000401,ALIAS,kaizen,false
AL-003433,SK-000401,ALIAS,total quality control methods,false
AL-003434,SK-000401,ALIAS,tqm,false
AL-003435,SK-000401,ALIAS,total quality control principles,false
AL-003436,SK-000401,ALIAS,total quality control philosophy,false
AL-003437,SK-000401,ALIAS,tqc,false
AL-003438,SK-000401,ALIAS,total quality control approach,false
AL-003439,SK-000401,ALIAS,kaizen principles,false
AL-003440,SK-000401,ALIAS,quality manufacturing principles,false
DOM-000472,SK-000401,DOMAIN,BUSINESS,1.0
AL-003441,SK-000402,ALIAS,conflict resolution theory,false
AL-003442,SK-000402,ALIAS,game theory for blockchain,false
AL-003443,SK-000402,ALIAS,rational choice theory,false
AL-003444,SK-000402,ALIAS,interactive decision theory,false
DOM-000473,SK-000402,DOMAIN,IT,1.0
AL-003445,SK-000403,ALIAS,stimulate recruitment policy,false
AL-003446,SK-000403,ALIAS,encourage recruitment policy,false
AL-003447,SK-000403,ALIAS,advocate employment policy,false
AL-003448,SK-000403,ALIAS,boost recruitment policy,false
AL-003449,SK-000403,ALIAS,boost employment policy,false
AL-003450,SK-000403,ALIAS,advocate recruitment policy,false
AL-003451,SK-000403,ALIAS,encourage employment policy,false
AL-003452,SK-000403,ALIAS,stimulate employment policy,false
DOM-000474,SK-000403,DOMAIN,HR,1.0
AL-003453,SK-000404,ALIAS,make evaluation of employees,false
AL-003454,SK-000404,ALIAS,evaluate casino workers,false
AL-003455,SK-000404,ALIAS,gather information about employees,false
AL-003456,SK-000404,ALIAS,evaluate workers at casino,false
AL-003457,SK-000404,ALIAS,give exams to employees,false
AL-003458,SK-000404,ALIAS,evaluate casino employees,false
AL-003459,SK-000404,ALIAS,assess casino staff,false
AL-003460,SK-000404,ALIAS,test employees,false
AL-003461,SK-000404,ALIAS,assess employees,false
AL-003462,SK-000404,ALIAS,make assessment of employees,false
DOM-000475,SK-000404,DOMAIN,BUSINESS,1.0
AL-001201,SK-000405,ALIAS,utilise software libraries,false
DOM-000476,SK-000405,DOMAIN,IT,1.0
AL-003463,SK-000406,ALIAS,establish organizational policies,false
AL-003464,SK-000406,ALIAS,set organisational policy,false
AL-003465,SK-000406,ALIAS,set organizational policies,false
AL-003466,SK-000406,ALIAS,set organizational policy,false
AL-003467,SK-000406,ALIAS,participate in setting organisational policies,false
AL-003468,SK-000406,ALIAS,establish organisational policy,false
AL-003469,SK-000406,ALIAS,establish organisational policies,false
AL-003470,SK-000406,ALIAS,participate in setting organizational policies,false
DOM-000477,SK-000406,DOMAIN,HR,1.0
AL-003471,SK-000407,ALIAS,give recommendations on efficiency improvements,false
AL-003472,SK-000407,ALIAS,counsel on efficiency improvements,false
AL-003473,SK-000407,ALIAS,advise on improving efficiency,false
AL-003474,SK-000407,ALIAS,advise on efficiency improvement,false
AL-003475,SK-000407,ALIAS,offer suggestions on efficiency improvements,false
AL-003476,SK-000407,ALIAS,advising on efficiency improvements,false
DOM-000478,SK-000407,DOMAIN,BUSINESS,1.0
AL-003477,SK-000408,ALIAS,oversee legislation developments,false
AL-003478,SK-000408,ALIAS,monitor development of policies,false
AL-003479,SK-000408,ALIAS,observe legislation developments,false
AL-003480,SK-000408,ALIAS,monitor development of legislation,false
AL-003481,SK-000408,ALIAS,monitor policies development,false
AL-003482,SK-000408,ALIAS,oversee policies development,false
DOM-000479,SK-000408,DOMAIN,HR,1.0
AL-003483,SK-000409,ALIAS,types of social security,false
AL-003484,SK-000409,ALIAS,types of retirement funds,false
AL-003485,SK-000409,ALIAS,types of retirement accounts+K64,false
DOM-000480,SK-000409,DOMAIN,HR,1.0
AL-003486,SK-000410,ALIAS,produce creative ideas,false
AL-003487,SK-000410,ALIAS,generate creative ideas,false
AL-003488,SK-000410,ALIAS,developing creative ideas,false
AL-003489,SK-000410,ALIAS,create creative ideas,false
DOM-000481,SK-000410,DOMAIN,IT,1.0
AL-003490,SK-000411,ALIAS,look at confidentiality,false
AL-003491,SK-000411,ALIAS,look at covert actions,false
AL-003492,SK-000411,ALIAS,view covert actions,false
AL-003493,SK-000411,ALIAS,oversee covert actions,false
AL-003494,SK-000411,ALIAS,oversee confidentiality,false
AL-003495,SK-000411,ALIAS,view confidentiality,false
DOM-000482,SK-000411,DOMAIN,HR,1.0
AL-001208,SK-000412,ALIAS,quality standards for products,false
DOM-000483,SK-000412,DOMAIN,BUSINESS,1.0
AL-003496,SK-000413,ALIAS,undertake key performance indicators,false
AL-003497,SK-000413,ALIAS,complete key performance indicators,false
AL-003498,SK-000413,ALIAS,implement key performance indicators,false
AL-003499,SK-000413,ALIAS,track a key performance indicator,false
AL-003500,SK-000413,ALIAS,tracking a key performance indicator,false
AL-003501,SK-000413,ALIAS,tracking key performance indicators,false
DOM-000484,SK-000413,DOMAIN,BUSINESS,1.0
DOM-000485,SK-000413,DOMAIN,HR,1.0
AL-003502,SK-000414,ALIAS,supervise exams,false
AL-003503,SK-000414,ALIAS,oversee exams,false
AL-003504,SK-000414,ALIAS,manage test,false
AL-003505,SK-000414,ALIAS,oversee tests,false
AL-003506,SK-000414,ALIAS,supervise examinations,false
AL-003507,SK-000414,ALIAS,manage exams,false
AL-003508,SK-000414,ALIAS,manage examinations,false
AL-003509,SK-000414,ALIAS,supervise tests,false
AL-003510,SK-000414,ALIAS,managing tests,false
AL-003511,SK-000414,ALIAS,oversee examinations,false
DOM-000486,SK-000414,DOMAIN,HR,1.0
AL-003512,SK-000415,ALIAS,keep professional administration documents,false
AL-003513,SK-000415,ALIAS,organise professional administration records,false
AL-003514,SK-000415,ALIAS,maintaining professional administration,false
DOM-000487,SK-000415,DOMAIN,HR,1.0
AL-003515,SK-000416,ALIAS,cloud monitoring,false
AL-003516,SK-000416,ALIAS,cloud computing monitoring and reporting,false
AL-003517,SK-000416,ALIAS,cloud reporting,false
DOM-000488,SK-000416,DOMAIN,IT,1.0
AL-001213,SK-000417,ALIAS,digital research curation,false
DOM-000489,SK-000417,DOMAIN,IT,1.0
AL-003518,SK-000418,ALIAS,generate flow chart,false
AL-003519,SK-000418,ALIAS,develop flow diagram,false
AL-003520,SK-000418,ALIAS,design flow diagram,false
AL-003521,SK-000418,ALIAS,compose flow diagram,false
AL-003522,SK-000418,ALIAS,develop flow chart,false
AL-003523,SK-000418,ALIAS,build flow diagram,false
AL-003524,SK-000418,ALIAS,design flow chart,false
AL-003525,SK-000418,ALIAS,build flowchart,false
AL-003526,SK-000418,ALIAS,compose flow chart,false
AL-003527,SK-000418,ALIAS,generate flow diagram,false
DOM-000490,SK-000418,DOMAIN,IT,1.0
AL-003528,SK-000419,ALIAS,supervise daily info operations,false
AL-003529,SK-000419,ALIAS,supervise daily information operation,false
AL-003530,SK-000419,ALIAS,manage daily information operations,false
AL-003531,SK-000419,ALIAS,direct daily information operations,false
AL-003532,SK-000419,ALIAS,oversee daily information operations,false
AL-003533,SK-000419,ALIAS,supervising daily information operations,false
DOM-000491,SK-000419,DOMAIN,BUSINESS,1.0
AL-003534,SK-000420,ALIAS,open web application security project,false
AL-003535,SK-000420,ALIAS,OWASP,false
DOM-000492,SK-000420,DOMAIN,IT,1.0
AL-003536,SK-000421,ALIAS,coordinate marketing plan action,false
AL-003537,SK-000421,ALIAS,coordinating marketing plan actions,false
AL-003538,SK-000421,ALIAS,coordinate actions of marketing plan,false
AL-003539,SK-000421,ALIAS,manage marketing plan actions,false
AL-003540,SK-000421,ALIAS,oversee marketing plan actions,false
DOM-000493,SK-000421,DOMAIN,BUSINESS,1.0
AL-003541,SK-000422,ALIAS,data set creation,false
AL-003542,SK-000422,ALIAS,establish data sets,false
AL-003543,SK-000422,ALIAS,create a data set,false
AL-003544,SK-000422,ALIAS,produce data sets,false
AL-003545,SK-000422,ALIAS,design data sets,false
AL-003546,SK-000422,ALIAS,develop data sets,false
AL-003547,SK-000422,ALIAS,creating data sets,false
DOM-000494,SK-000422,DOMAIN,IT,1.0
AL-003548,SK-000423,ALIAS,arrange meetings,false
AL-003549,SK-000423,ALIAS,schedule meetings,false
AL-003550,SK-000423,ALIAS,fix meeting,false
AL-003551,SK-000423,ALIAS,organise meetings,false
AL-003552,SK-000423,ALIAS,fixing meetings,false
DOM-000495,SK-000423,DOMAIN,HR,1.0
AL-003553,SK-000424,ALIAS,advise on conflicts' management,false
AL-003554,SK-000424,ALIAS,provide conflict management recommendations,false
AL-003555,SK-000424,ALIAS,advise on management of conflicts,false
AL-003556,SK-000424,ALIAS,suggest conflict management solutions,false
DOM-000496,SK-000424,DOMAIN,HR,1.0
AL-003557,SK-000425,ALIAS,test application,false
AL-003558,SK-000425,ALIAS,test programs,false
DOM-000497,SK-000425,DOMAIN,IT,1.0
AL-003559,SK-000426,ALIAS,evaluate internal factors of companies,false
AL-003560,SK-000426,ALIAS,analyse internal factors of company,false
AL-003561,SK-000426,ALIAS,study internal factors of companies,false
AL-003562,SK-000426,ALIAS,examine internal factors of companies,false
AL-003563,SK-000426,ALIAS,analyse companies' internal factors,false
AL-003564,SK-000426,ALIAS,analyze internal factors of companies,false
AL-003565,SK-000426,ALIAS,analysing internal factors of companies,false
AL-003566,SK-000426,ALIAS,review internal factors of companies,false
DOM-000498,SK-000426,DOMAIN,BUSINESS,1.0
AL-003567,SK-000427,ALIAS,produce work-related reports,false
AL-003568,SK-000427,ALIAS,compose work-related reports,false
AL-003569,SK-000427,ALIAS,write reports,false
AL-003570,SK-000427,ALIAS,present reports on work activities,false
AL-003571,SK-000427,ALIAS,perform work-related reporting,false
AL-003572,SK-000427,ALIAS,write work reports,false
AL-003573,SK-000427,ALIAS,carry out work-related reporting,false
AL-003574,SK-000427,ALIAS,develop reports on work activities,false
AL-003575,SK-000427,ALIAS,complete work-related reports,false
AL-003576,SK-000427,ALIAS,undertake work-related reporting,false
AL-003577,SK-000427,ALIAS,create work-related reports,false
DOM-000499,SK-000427,DOMAIN,BUSINESS,1.0
DOM-000500,SK-000427,DOMAIN,HR,1.0
AL-003578,SK-000428,ALIAS,brand marketing technique,false
AL-003579,SK-000428,ALIAS,brand marketing skills,false
AL-003580,SK-000428,ALIAS,marketing technique brand,false
AL-003581,SK-000428,ALIAS,brand marketing methods,false
AL-003582,SK-000428,ALIAS,brand marketing approaches,false
AL-003583,SK-000428,ALIAS,a brand marketing technique,false
AL-003584,SK-000428,ALIAS,brand marketing performance,false
DOM-000501,SK-000428,DOMAIN,BUSINESS,1.0
AL-003585,SK-000429,ALIAS,Zeus IDE,false
AL-003586,SK-000429,ALIAS,Borland C++ Builder,false
AL-003587,SK-000429,ALIAS,CodeForge,false
AL-003588,SK-000429,ALIAS,Dev-C++,false
AL-003589,SK-000429,ALIAS,DialogBlocks,false
AL-003590,SK-000429,ALIAS,CodeLite,false
AL-003591,SK-000429,ALIAS,Anjuta,false
AL-003592,SK-000429,ALIAS,Philasmicos Entwickler Studio,false
AL-003593,SK-000429,ALIAS,SPE,false
AL-003594,SK-000429,ALIAS,NetBeans,false
AL-003595,SK-000429,ALIAS,MinGW Developer Studio,false
AL-003596,SK-000429,ALIAS,wxHatch,false
AL-003597,SK-000429,ALIAS,IDE,false
AL-003598,SK-000429,ALIAS,Code::Blocks,false
DOM-000502,SK-000429,DOMAIN,IT,1.0
AL-003599,SK-000430,ALIAS,supervise manage contracts,false
AL-003600,SK-000430,ALIAS,managing a contract,false
AL-003601,SK-000430,ALIAS,regulate manage contracts,false
AL-003602,SK-000430,ALIAS,oversee manage contracts,false
AL-003603,SK-000430,ALIAS,manage a contract,false
AL-003604,SK-000430,ALIAS,maintain manage contracts,false
AL-003605,SK-000430,ALIAS,contract management,false
DOM-000503,SK-000430,DOMAIN,BUSINESS,1.0
AL-003606,SK-000431,ALIAS,assist with job interview preparation,false
AL-003607,SK-000431,ALIAS,help with job interview preparation,false
AL-003608,SK-000431,ALIAS,preparing for job interview,false
DOM-000504,SK-000431,DOMAIN,HR,1.0
AL-003609,SK-000432,ALIAS,ensure proper appointments administration,false
AL-003610,SK-000432,ALIAS,accept or cancel appointments,false
AL-003611,SK-000432,ALIAS,administer an appointment,false
AL-003612,SK-000432,ALIAS,develop cancellation policies,false
AL-003613,SK-000432,ALIAS,handle appointment administration,false
AL-003614,SK-000432,ALIAS,schedule appointments,false
AL-003615,SK-000432,ALIAS,ensure proper appointment administration,false
AL-003616,SK-000432,ALIAS,schedule an appointment,false
DOM-000505,SK-000432,DOMAIN,HR,1.0
AL-003617,SK-000433,ALIAS,design of information structures,false
AL-003618,SK-000433,ALIAS,information classification,false
DOM-000506,SK-000433,DOMAIN,IT,1.0
DOM-000507,SK-000433,DOMAIN,BUSINESS,1.0
AL-003619,SK-000434,ALIAS,digital collaboration tools,false
AL-003620,SK-000434,ALIAS,online collaborative tools,false
DOM-000508,SK-000434,DOMAIN,IT,1.0
AL-001231,SK-000435,ALIAS,management of IT related projects,false
DOM-000509,SK-000435,DOMAIN,IT,1.0
AL-003621,SK-000436,ALIAS,coordinate educational programme,false
AL-003622,SK-000436,ALIAS,arrange educational programmes,false
AL-003623,SK-000436,ALIAS,coordinating educational programmes,false
AL-003624,SK-000436,ALIAS,organise educational programmes,false
DOM-000510,SK-000436,DOMAIN,HR,1.0
AL-003625,SK-000437,ALIAS,coordinate logistics with constraints and desired work,false
AL-003626,SK-000437,ALIAS,manage logistics and desired work,false
AL-003627,SK-000437,ALIAS,supervise logistics,false
AL-003628,SK-000437,ALIAS,oversee logistics,false
AL-003629,SK-000437,ALIAS,manage logistics according to the desired work,false
AL-003630,SK-000437,ALIAS,adapt logistics according to the planned works,false
AL-003631,SK-000437,ALIAS,managing logistics,false
AL-003632,SK-000437,ALIAS,regulate logistics,false
AL-003633,SK-000437,ALIAS,maintain logistics,false
AL-003634,SK-000437,ALIAS,logistics management,false
DOM-000511,SK-000437,DOMAIN,BUSINESS,1.0
AL-003635,SK-000438,ALIAS,staff recruitment and training,false
AL-003636,SK-000438,ALIAS,recruit and train staff,false
AL-003637,SK-000438,ALIAS,supervision staff,false
AL-003638,SK-000438,ALIAS,supervising of staff,false
AL-003639,SK-000438,ALIAS,recruitment and training of staff,false
AL-003640,SK-000438,ALIAS,staff supervision,false
AL-003641,SK-000438,ALIAS,recruiting and training staff,false
AL-003642,SK-000438,ALIAS,supervising staff,false
DOM-000512,SK-000438,DOMAIN,HR,1.0
AL-003643,SK-000439,ALIAS,adopting risk management processes,false
AL-003644,SK-000439,ALIAS,adopting processes of risk management,false
AL-003645,SK-000439,ALIAS,adopt processes of risk management,false
AL-003646,SK-000439,ALIAS,risk management processes adopting,false
AL-003647,SK-000439,ALIAS,adopt risk management processes,false
AL-003648,SK-000439,ALIAS,risk management processes applying,false
AL-003649,SK-000439,ALIAS,applying risk management processes,false
AL-003650,SK-000439,ALIAS,applying processes of risk management,false
AL-003651,SK-000439,ALIAS,apply processes of risk management,false
DOM-000513,SK-000439,DOMAIN,IT,1.0
AL-003652,SK-000440,ALIAS,calculate boni,false
AL-003653,SK-000440,ALIAS,calculate bonuses,false
AL-003654,SK-000440,ALIAS,calculate profit,false
AL-003655,SK-000440,ALIAS,calculate profit share,false
DOM-000514,SK-000440,DOMAIN,HR,1.0
AL-003656,SK-000441,ALIAS,analyse context of a business,false
AL-003657,SK-000441,ALIAS,analyze the context of an organization,false
AL-003658,SK-000441,ALIAS,assess the context of an organisation,false
DOM-000515,SK-000441,DOMAIN,BUSINESS,1.0
AL-003659,SK-000442,ALIAS,publishes academic research,false
AL-003660,SK-000442,ALIAS,publish doctoral research,false
AL-003661,SK-000442,ALIAS,publishing academic research,false
AL-003662,SK-000442,ALIAS,publish research,false
AL-003663,SK-000442,ALIAS,publish academic studies,false
DOM-000516,SK-000442,DOMAIN,IT,1.0
AL-003664,SK-000443,ALIAS,employment regulation,false
AL-003665,SK-000443,ALIAS,employment laws,false
AL-003666,SK-000443,ALIAS,employment statute,false
AL-003667,SK-000443,ALIAS,employment rule,false
AL-003668,SK-000443,ALIAS,employment legislation,false
DOM-000517,SK-000443,DOMAIN,HR,1.0
AL-001240,SK-000444,ALIAS,data anlysis,false
DOM-000518,SK-000444,DOMAIN,IT,1.0
AL-003669,SK-000445,ALIAS,process modelling,false
AL-003670,SK-000445,ALIAS,BPMN,false
AL-003671,SK-000445,ALIAS,business process modeling,false
DOM-000519,SK-000445,DOMAIN,BUSINESS,1.0
AL-003672,SK-000446,ALIAS,valorise research findings in industry,false
AL-003673,SK-000446,ALIAS,valorise research findings in the public sector,false
AL-003674,SK-000446,ALIAS,ensure connection between research and industry,false
DOM-000520,SK-000446,DOMAIN,IT,1.0
AL-001243,SK-000447,ALIAS,business data analytics,false
DOM-000521,SK-000447,DOMAIN,IT,1.0
DOM-000522,SK-000447,DOMAIN,BUSINESS,1.0
AL-003675,SK-000448,ALIAS,RDF query language,false
AL-003676,SK-000448,ALIAS,SPARQL,false
DOM-000523,SK-000448,DOMAIN,IT,1.0
AL-003677,SK-000449,ALIAS,CoffeeScript coding techniques,false
AL-003678,SK-000449,ALIAS,CoffeeScript software development techniques,false
AL-003679,SK-000449,ALIAS,CoffeeScript programming paradigms,false
AL-003680,SK-000449,ALIAS,CoffeeScript software development principles,false
AL-003681,SK-000449,ALIAS,CoffeeScript algorithms,false
DOM-000524,SK-000449,DOMAIN,IT,1.0
AL-003682,SK-000450,ALIAS,calculate reimbursement payments,false
AL-003683,SK-000450,ALIAS,calculate repayments,false
AL-003684,SK-000450,ALIAS,calculate coverage payments,false
AL-003685,SK-000450,ALIAS,calculate remuneration,false
AL-003686,SK-000450,ALIAS,calculate settlement payments,false
DOM-000525,SK-000450,DOMAIN,HR,1.0
AL-003687,SK-000451,ALIAS,economic audit,false
AL-003688,SK-000451,ALIAS,fiscal audit,false
AL-003689,SK-000451,ALIAS,business analysis,false
AL-003690,SK-000451,ALIAS,fiscal analysis,false
AL-003691,SK-000451,ALIAS,commercial analysis,false
AL-003692,SK-000451,ALIAS,economic analysis,false
DOM-000526,SK-000451,DOMAIN,BUSINESS,1.0
DOM-000527,SK-000451,DOMAIN,HR,1.0
AL-001248,SK-000452,ALIAS,Objective C,false
DOM-000528,SK-000452,DOMAIN,IT,1.0
AL-003693,SK-000453,ALIAS,conduct PESTEL analysis,false
AL-003694,SK-000453,ALIAS,carry out PESTEL analysis,false
AL-003695,SK-000453,ALIAS,perform analysis using PESTEL framework,false
AL-003696,SK-000453,ALIAS,conduct analysis using PESTEL framework,false
DOM-000529,SK-000453,DOMAIN,BUSINESS,1.0
AL-003697,SK-000454,ALIAS,accounting entry,false
AL-003698,SK-000454,ALIAS,account entries,false
AL-003699,SK-000454,ALIAS,accounting transactions,false
AL-003700,SK-000454,ALIAS,financial transactions records,false
DOM-000530,SK-000454,DOMAIN,BUSINESS,1.0
AL-003701,SK-000455,ALIAS,achieve shared understandings with stakeholders,false
AL-003702,SK-000455,ALIAS,undertake stakeholders engagement processes,false
AL-003703,SK-000455,ALIAS,use processes for negotiated agreements with stakeholders,false
AL-003704,SK-000455,ALIAS,build partnerships with stakeholders,false
AL-003705,SK-000455,ALIAS,negotiate agreements with stakeholders,false
DOM-000531,SK-000455,DOMAIN,IT,1.0
AL-003706,SK-000456,ALIAS,thinking in abstractions,false
AL-003707,SK-000456,ALIAS,thinking in abstract concepts,false
AL-003708,SK-000456,ALIAS,conceptualise reality,false
AL-003709,SK-000456,ALIAS,carry out abstraction of concepts,false
AL-003710,SK-000456,ALIAS,conceptualise abstract ideas,false
DOM-000532,SK-000456,DOMAIN,IT,1.0
AL-003711,SK-000457,ALIAS,marketing a channel,false
AL-003712,SK-000457,ALIAS,market a channel,false
AL-003713,SK-000457,ALIAS,channel advertising,false
AL-003714,SK-000457,ALIAS,channel placing,false
AL-003715,SK-000457,ALIAS,channel promotion,false
AL-003716,SK-000457,ALIAS,marketing channels,false
DOM-000533,SK-000457,DOMAIN,BUSINESS,1.0
DOM-000534,SK-000458,DOMAIN,IT,1.0
AL-001254,SK-000459,ALIAS,quantity surveying techniques,false
DOM-000535,SK-000459,DOMAIN,BUSINESS,1.0
AL-003717,SK-000460,ALIAS,planning marketing campaigns,false
AL-003718,SK-000460,ALIAS,planning a marketing campaign,false
AL-003719,SK-000460,ALIAS,implement marketing campaign,false
AL-003720,SK-000460,ALIAS,set up marketing campaign,false
AL-003721,SK-000460,ALIAS,timetable marketing campaign,false
AL-003722,SK-000460,ALIAS,arrange marketing campaign,false
AL-003723,SK-000460,ALIAS,plan marketing campaign,false
AL-003724,SK-000460,ALIAS,plan a marketing campaign,false
DOM-000536,SK-000460,DOMAIN,BUSINESS,1.0
AL-003725,SK-000461,ALIAS,DMX,false
AL-003726,SK-000461,ALIAS,SuprTool,false
AL-003727,SK-000461,ALIAS,OttoQL,false
AL-003728,SK-000461,ALIAS,XPath,false
AL-003729,SK-000461,ALIAS,QUEL,false
AL-003730,SK-000461,ALIAS,ISBL,false
AL-003731,SK-000461,ALIAS,.QL,false
AL-003732,SK-000461,ALIAS,F-logic,false
AL-003733,SK-000461,ALIAS,SPL,false
AL-003734,SK-000461,ALIAS,FQL,false
AL-003735,SK-000461,ALIAS,OPath,false
AL-003736,SK-000461,ALIAS,MQL,false
AL-003737,SK-000461,ALIAS,Poliqarp,false
AL-003738,SK-000461,ALIAS,HTSQL,false
AL-003739,SK-000461,ALIAS,YQL,false
AL-003740,SK-000461,ALIAS,Gellish,false
AL-003741,SK-000461,ALIAS,XSPARQL,false
AL-003742,SK-000461,ALIAS,Concept-Oriented,false
AL-003743,SK-000461,ALIAS,TMQL,false
AL-003744,SK-000461,ALIAS,RDQL,false
AL-003745,SK-000461,ALIAS,OCL,false
AL-003746,SK-000461,ALIAS,OQL,false
AL-003747,SK-000461,ALIAS,CQLF,false
AL-003748,SK-000461,ALIAS,ReQL,false
AL-003749,SK-000461,ALIAS,Datalog,false
DOM-000537,SK-000461,DOMAIN,IT,1.0
AL-001257,SK-000462,ALIAS,perform code reviews,false
DOM-000538,SK-000462,DOMAIN,IT,1.0
AL-003750,SK-000463,ALIAS,tools for software version control,false
AL-003751,SK-000463,ALIAS,Rudder,false
AL-003752,SK-000463,ALIAS,NOC,false
AL-003753,SK-000463,ALIAS,OCS Inventory NG with GLPI,false
AL-003754,SK-000463,ALIAS,Bcfg2,false
AL-003755,SK-000463,ALIAS,Rundeck,false
AL-003756,SK-000463,ALIAS,Synctool,false
AL-003757,SK-000463,ALIAS,SmartFrog,false
AL-003758,SK-000463,ALIAS,CFEngine,false
AL-003759,SK-000463,ALIAS,Local ConFiGuration system,false
AL-003760,SK-000463,ALIAS,source control,false
AL-003761,SK-000463,ALIAS,Radmind,false
AL-003762,SK-000463,ALIAS,cdist,false
AL-003763,SK-000463,ALIAS,Quattor,false
AL-003764,SK-000463,ALIAS,ISconf,false
AL-003765,SK-000463,ALIAS,revision control,false
AL-003766,SK-000463,ALIAS,NixOS,false
AL-003767,SK-000463,ALIAS,git,false
AL-003768,SK-000463,ALIAS,PIKT,false
AL-003769,SK-000463,ALIAS,software tools for version control,false
AL-003770,SK-000463,ALIAS,Open pc server integration,false
DOM-000539,SK-000463,DOMAIN,IT,1.0
AL-003771,SK-000464,ALIAS,cooperate with colleagues,false
AL-003772,SK-000464,ALIAS,work with colleagues,false
AL-003773,SK-000464,ALIAS,work together with colleagues,false
AL-003774,SK-000464,ALIAS,collaborate with colleagues,false
AL-003775,SK-000464,ALIAS,liaise with the colleagues,false
AL-003776,SK-000464,ALIAS,liaise with a colleague,false
DOM-000540,SK-000464,DOMAIN,HR,1.0
AL-003777,SK-000465,ALIAS,empower teams for continuous improvement,false
AL-003778,SK-000465,ALIAS,drive teams for continuous improvement,false
AL-003779,SK-000465,ALIAS,encourage a team for continuous improvement,false
AL-003780,SK-000465,ALIAS,develop a work atmosphere of continuous improvement,false
AL-003781,SK-000465,ALIAS,encourage teams to continuously improve,false
AL-003782,SK-000465,ALIAS,support teams for continuous improvement,false
AL-003783,SK-000465,ALIAS,encourage teams for continuous improvement,false
AL-003784,SK-000465,ALIAS,create a continuous improvement work atmosphere,false
AL-003785,SK-000465,ALIAS,praise teams for continuous improvement,false
AL-003786,SK-000465,ALIAS,create a working atmosphere of continuous improvement,false
AL-003787,SK-000465,ALIAS,set a work atmosphere of continuous improvement,false
DOM-000541,SK-000465,DOMAIN,HR,1.0
AL-003788,SK-000466,ALIAS,managing payroll,false
AL-003789,SK-000466,ALIAS,oversee payroll,false
AL-003790,SK-000466,ALIAS,handle payroll,false
AL-003791,SK-000466,ALIAS,administer payroll,false
DOM-000542,SK-000466,DOMAIN,HR,1.0
AL-003792,SK-000467,ALIAS,find a stage manager replacement,false
AL-003793,SK-000467,ALIAS,finding a replacement for stage manager,false
AL-003794,SK-000467,ALIAS,stand in for stage manager,false
AL-003795,SK-000467,ALIAS,fill in for stage manager,false
AL-003796,SK-000467,ALIAS,substitute for stage manager,false
AL-003797,SK-000467,ALIAS,cover for stage manager,false
DOM-000543,SK-000467,DOMAIN,BUSINESS,1.0
AL-003798,SK-000468,ALIAS,diagnose system problems,false
AL-003799,SK-000468,ALIAS,troubleshoot system,false
AL-003800,SK-000468,ALIAS,manage system problem,false
DOM-000544,SK-000468,DOMAIN,IT,1.0
AL-003801,SK-000469,ALIAS,business analysis,false
AL-003802,SK-000469,ALIAS,business handling,false
AL-003803,SK-000469,ALIAS,business measures,false
AL-003804,SK-000469,ALIAS,refinement a business,false
AL-003805,SK-000469,ALIAS,business process,false
AL-003806,SK-000469,ALIAS,a business process,false
DOM-000545,SK-000469,DOMAIN,BUSINESS,1.0
DOM-000546,SK-000469,DOMAIN,HR,1.0
AL-001265,SK-000470,ALIAS,Microcontrollers,false
DOM-000547,SK-000470,DOMAIN,IT,1.0
AL-003807,SK-000471,ALIAS,provide advice on regulation violations,false
AL-003808,SK-000471,ALIAS,advise on regulation compliance requirements,false
AL-003809,SK-000471,ALIAS,provide advice on regulation infractions,false
AL-003810,SK-000471,ALIAS,provide advice on regulation breaches,false
AL-003811,SK-000471,ALIAS,make recommendations on how to effectively meet regulatory requirements,false
AL-003812,SK-000471,ALIAS,make recommendations on necessary regulation compliance actions,false
AL-003813,SK-000471,ALIAS,provide advice on violations of regulation,false
AL-003814,SK-000471,ALIAS,advise on preventive and corrective regulation compliance actions,false
AL-003815,SK-000471,ALIAS,advise on preventive and corrective regulation compliance activities,false
AL-003816,SK-000471,ALIAS,provide advice on infractions of regulation,false
DOM-000548,SK-000471,DOMAIN,HR,1.0
AL-001267,SK-000472,ALIAS,multidisciplinary research methods,false
DOM-000549,SK-000472,DOMAIN,IT,1.0
AL-003817,SK-000473,ALIAS,administer data,false
AL-003818,SK-000473,ALIAS,data administration,false
AL-003819,SK-000473,ALIAS,manage data lifecycle,false
AL-003820,SK-000473,ALIAS,operate data quality tools,false
AL-003821,SK-000473,ALIAS,data resource management,false
DOM-000550,SK-000473,DOMAIN,IT,1.0
AL-003822,SK-000474,ALIAS,undertake search engine optimisation,false
AL-003823,SK-000474,ALIAS,manage search engine optimisation,false
AL-003824,SK-000474,ALIAS,carry out search engine optimisation,false
AL-003825,SK-000474,ALIAS,conduct search engine optimization,false
AL-003826,SK-000474,ALIAS,conduct a search engine optimisation,false
AL-003827,SK-000474,ALIAS,organise search engine optimisation,false
AL-003828,SK-000474,ALIAS,conducting a search engine optimisation,false
AL-003829,SK-000474,ALIAS,conducting search engine optimisation,false
DOM-000551,SK-000474,DOMAIN,BUSINESS,1.0
AL-003830,SK-000475,ALIAS,utilise knowledge of human behaviour,false
AL-003831,SK-000475,ALIAS,employ knowledge of human behaviour,false
AL-003832,SK-000475,ALIAS,apply the knowledge of human behaviour,false
AL-003833,SK-000475,ALIAS,applying knowledge of human behaviour,false
AL-003834,SK-000475,ALIAS,implement knowledge of human behaviour,false
AL-003835,SK-000475,ALIAS,apply knowledge of human behavior,false
AL-003836,SK-000475,ALIAS,apply a knowledge of human behaviour,false
AL-003837,SK-000475,ALIAS,administer knowledge of human behaviour,false
DOM-000552,SK-000475,DOMAIN,HR,1.0
AL-003838,SK-000476,ALIAS,maintain active listening,false
AL-003839,SK-000476,ALIAS,active listening,false
AL-003840,SK-000476,ALIAS,apply active listening techniques,false
AL-003841,SK-000476,ALIAS,use active listening techniques,false
AL-003842,SK-000476,ALIAS,listen with attentive participation,false
DOM-000553,SK-000476,DOMAIN,HR,1.0
AL-003843,SK-000477,ALIAS,health care data analytics,false
AL-003844,SK-000477,ALIAS,health care analytics,false
AL-003845,SK-000477,ALIAS,health data analytics,false
AL-003846,SK-000477,ALIAS,healthcare data analytics,false
DOM-000554,SK-000477,DOMAIN,IT,1.0
AL-003847,SK-000478,ALIAS,ICT problem management procedures,false
AL-003848,SK-000478,ALIAS,ICT problem management strategies,false
AL-003849,SK-000478,ALIAS,ICT problem management procedure,false
AL-003850,SK-000478,ALIAS,ICT problem management processes,false
AL-003851,SK-000478,ALIAS,ICT problem management methods,false
AL-003852,SK-000478,ALIAS,types of ICT problem management techniques,false
DOM-000555,SK-000478,DOMAIN,IT,1.0
AL-003853,SK-000479,ALIAS,analysis of web strategy,false
AL-003854,SK-000479,ALIAS,online assessment,false
AL-003855,SK-000479,ALIAS,web presence assessment,false
DOM-000556,SK-000479,DOMAIN,BUSINESS,1.0
AL-003856,SK-000480,ALIAS,programme the event,false
AL-003857,SK-000480,ALIAS,plan an event,false
AL-003858,SK-000480,ALIAS,plan the events,false
AL-003859,SK-000480,ALIAS,map out an event,false
DOM-000557,SK-000480,DOMAIN,BUSINESS,1.0
AL-003860,SK-000481,ALIAS,ML,false
AL-003861,SK-000481,ALIAS,ML systems,false
AL-003862,SK-000481,ALIAS,ML development principles,false
DOM-000558,SK-000481,DOMAIN,IT,1.0
AL-001277,SK-000482,ALIAS,WebSphere application server,false
DOM-000559,SK-000482,DOMAIN,IT,1.0
AL-003863,SK-000483,ALIAS,calculate welfare,false
AL-003864,SK-000483,ALIAS,calculate welfare benefits,false
AL-003865,SK-000483,ALIAS,calculate aid,false
AL-003866,SK-000483,ALIAS,calculate benefits,false
DOM-000560,SK-000483,DOMAIN,HR,1.0
AL-003867,SK-000484,ALIAS,data confidentiality,false
AL-003868,SK-000484,ALIAS,consumer data privacy,false
AL-003869,SK-000484,ALIAS,data access control,false
DOM-000561,SK-000484,DOMAIN,IT,1.0
DOM-000562,SK-000484,DOMAIN,BUSINESS,1.0
AL-003870,SK-000485,ALIAS,coordinate sub-contract labour,false
AL-003871,SK-000485,ALIAS,manage sub-contract labor,false
AL-003872,SK-000485,ALIAS,manage sub-contract labourers,false
AL-003873,SK-000485,ALIAS,oversee sub-contract labour,false
AL-003874,SK-000485,ALIAS,monitor sub-contract labour,false
AL-003875,SK-000485,ALIAS,supervise sub-contract labour,false
AL-003876,SK-000485,ALIAS,managing sub-contract labourers,false
AL-003877,SK-000485,ALIAS,managing sub-contract labour,false
DOM-000563,SK-000485,DOMAIN,HR,1.0
AL-001281,SK-000486,ALIAS,Lightweight Directory Access Protocol,false
DOM-000564,SK-000486,DOMAIN,IT,1.0
AL-003878,SK-000487,ALIAS,support individuals,false
AL-003879,SK-000487,ALIAS,help individuals,false
AL-003880,SK-000487,ALIAS,guide individuals,false
AL-003881,SK-000487,ALIAS,guide people,false
AL-003882,SK-000487,ALIAS,support people,false
AL-003883,SK-000487,ALIAS,help people,false
DOM-000565,SK-000487,DOMAIN,IT,1.0
AL-003884,SK-000488,ALIAS,teamwork approaches,false
AL-003885,SK-000488,ALIAS,teamwork principle,false
AL-003886,SK-000488,ALIAS,teamwork concepts,false
AL-003887,SK-000488,ALIAS,teamwork methods,false
DOM-000566,SK-000488,DOMAIN,BUSINESS,1.0
AL-001284,SK-000489,ALIAS,file hosting service,false
DOM-000567,SK-000489,DOMAIN,IT,1.0
AL-003888,SK-000490,ALIAS,design online community plan,false
AL-003889,SK-000490,ALIAS,establish online community plan,false
AL-003890,SK-000490,ALIAS,promote online community plan,false
AL-003891,SK-000490,ALIAS,expand online community plan,false
AL-003892,SK-000490,ALIAS,progress an online community plan,false
DOM-000568,SK-000490,DOMAIN,BUSINESS,1.0
AL-001286,SK-000491,ALIAS,oversee data collection methods,false
DOM-000569,SK-000491,DOMAIN,IT,1.0
AL-003893,SK-000492,ALIAS,legal requirements for the development and use of ICT products,false
AL-003894,SK-000492,ALIAS,international regulations for the use of ICT products,false
AL-003895,SK-000492,ALIAS,legal requirements for the development of ICT products,false
AL-003896,SK-000492,ALIAS,legal requirements for the design of ICT products,false
AL-003897,SK-000492,ALIAS,international regulations for the development and use of ICT products,false
DOM-000570,SK-000492,DOMAIN,IT,1.0
DOM-000571,SK-000492,DOMAIN,BUSINESS,1.0
AL-001288,SK-000493,ALIAS,communicate with users to gather requirements,false
DOM-000572,SK-000493,DOMAIN,BUSINESS,1.0
AL-003898,SK-000494,ALIAS,develop own practice,false
AL-003899,SK-000494,ALIAS,continuously develop your own practices,false
AL-003900,SK-000494,ALIAS,research identify and resource your continuing professional development,false
AL-003901,SK-000494,ALIAS,identify priority areas for professional development,false
AL-003902,SK-000494,ALIAS,continuously develop own practice,false
AL-003903,SK-000494,ALIAS,manage personal lifelong learning,false
AL-003904,SK-000494,ALIAS,develop own practices continuously,false
AL-003905,SK-000494,ALIAS,conduct personal professional development,false
AL-003906,SK-000494,ALIAS,research own continuing professional development,false
AL-003907,SK-000494,ALIAS,develop own practice continuously,false
AL-003908,SK-000494,ALIAS,undertake responsibility on continuous professional development,false
DOM-000573,SK-000494,DOMAIN,IT,1.0
AL-003909,SK-000495,ALIAS,determine corporate culture,false
AL-003910,SK-000495,ALIAS,shaping corporate culture,false
AL-003911,SK-000495,ALIAS,shape corporation culture,false
AL-003912,SK-000495,ALIAS,define corporate culture,false
DOM-000574,SK-000495,DOMAIN,HR,1.0
AL-003913,SK-000496,ALIAS,commend public finance,false
AL-003914,SK-000496,ALIAS,recommend public finance,false
AL-003915,SK-000496,ALIAS,public finance advice,false
AL-003916,SK-000496,ALIAS,suggest public finance,false
AL-003917,SK-000496,ALIAS,advise on public financial matters,false
AL-003918,SK-000496,ALIAS,advise on public finances,false
AL-003919,SK-000496,ALIAS,assess public finance,false
DOM-000575,SK-000496,DOMAIN,BUSINESS,1.0
AL-003920,SK-000497,ALIAS,impart business plan to collaborators,false
AL-003921,SK-000497,ALIAS,imparting business plans to collaborators,false
AL-003922,SK-000497,ALIAS,impart business plans to collaborator,false
DOM-000576,SK-000497,DOMAIN,BUSINESS,1.0
AL-003923,SK-000498,ALIAS,integrating marketing strategies with the global strategy,false
AL-003924,SK-000498,ALIAS,integrate marketing strategy with the global strategy,false
AL-003925,SK-000498,ALIAS,incorporate marketing strategies with the global strategy,false
AL-003926,SK-000498,ALIAS,implement marketing strategies with the global strategy,false
DOM-000577,SK-000498,DOMAIN,BUSINESS,1.0
AL-003927,SK-000499,ALIAS,PointBase Embedded,false
AL-003928,SK-000499,ALIAS,R:Base,false
AL-003929,SK-000499,ALIAS,Adaptive Server Anywhere,false
AL-003930,SK-000499,ALIAS,Oracle Lite,false
AL-003931,SK-000499,ALIAS,Rdb,false
AL-003932,SK-000499,ALIAS,Interbase,false
AL-003933,SK-000499,ALIAS,Velocis,false
AL-003934,SK-000499,ALIAS,Jasmine ii,false
AL-003935,SK-000499,ALIAS,Raima Database Manager,false
AL-003936,SK-000499,ALIAS,IDMS,false
AL-003937,SK-000499,ALIAS,YARD-SQL,false
AL-003938,SK-000499,ALIAS,Versant,false
AL-003939,SK-000499,ALIAS,Oracle 8I,false
AL-003940,SK-000499,ALIAS,Db.linux,false
AL-003941,SK-000499,ALIAS,NonStop SQL,false
AL-003942,SK-000499,ALIAS,Quadbase SQL Server,false
AL-003943,SK-000499,ALIAS,PointBase Network Server,false
AL-003944,SK-000499,ALIAS,Pervasive.SQL 2000,false
AL-003945,SK-000499,ALIAS,UniData,false
AL-003946,SK-000499,ALIAS,UniSQL,false
AL-003947,SK-000499,ALIAS,Adaptive Server Enterprise,false
AL-003948,SK-000499,ALIAS,Db.star,false
AL-003949,SK-000499,ALIAS,POET Object Server Suite,false
AL-003950,SK-000499,ALIAS,Informix Dynamic Server 2000,false
AL-003951,SK-000499,ALIAS,Informix Extended Parallel Server,false
AL-003952,SK-000499,ALIAS,DBMS,false
AL-003953,SK-000499,ALIAS,Cloudscape,false
AL-003954,SK-000499,ALIAS,SUPRA,false
AL-003955,SK-000499,ALIAS,database systems,false
AL-003956,SK-000499,ALIAS,SQLBase,false
AL-003957,SK-000499,ALIAS,IMS DB,false
AL-003958,SK-000499,ALIAS,Peoplesoft,false
AL-003959,SK-000499,ALIAS,Datacom,false
AL-003960,SK-000499,ALIAS,DB2 Everyplace,false
AL-003961,SK-000499,ALIAS,Sybase,false
AL-003962,SK-000499,ALIAS,PointBase Mobile,false
AL-003963,SK-000499,ALIAS,Model 204,false
AL-003964,SK-000499,ALIAS,Advantage Database Server,false
AL-003965,SK-000499,ALIAS,Pervasive.SQL Workgroup,false
AL-003966,SK-000499,ALIAS,Adabas D,false
AL-003967,SK-000499,ALIAS,TimesTen,false
AL-003968,SK-000499,ALIAS,DB engines,false
AL-003969,SK-000499,ALIAS,Adabas,false
AL-003970,SK-000499,ALIAS,Objectivity DB,false
AL-003971,SK-000499,ALIAS,SQL,false
AL-003972,SK-000499,ALIAS,Ingres ii,false
DOM-000578,SK-000499,DOMAIN,IT,1.0
AL-003973,SK-000500,ALIAS,relevance of insurance principles,false
AL-003974,SK-000500,ALIAS,application of insurance principles,false
AL-003975,SK-000500,ALIAS,relevance of principles of insurance,false
AL-003976,SK-000500,ALIAS,range of insurance principles,false
AL-003977,SK-000500,ALIAS,scope of principles of insurance,false
AL-003978,SK-000500,ALIAS,range of principles of insurance,false
AL-003979,SK-000500,ALIAS,application of principles of insurance,false
AL-003980,SK-000500,ALIAS,scope of insurance principles,false
DOM-000579,SK-000500,DOMAIN,HR,1.0
AL-003981,SK-000501,ALIAS,an advertising techniques,false
AL-003982,SK-000501,ALIAS,advertising methods,false
AL-003983,SK-000501,ALIAS,advertising technique,false
AL-003984,SK-000501,ALIAS,advertising performance,false
AL-003985,SK-000501,ALIAS,techniques of advertising,false
AL-003986,SK-000501,ALIAS,advertising approaches,false
AL-003987,SK-000501,ALIAS,advertising skills,false
DOM-000580,SK-000501,DOMAIN,HR,1.0
AL-003988,SK-000502,ALIAS,AR techniques,false
AL-003989,SK-000502,ALIAS,augmented reality creation process,false
AL-003990,SK-000502,ALIAS,AR creation process,false
AL-003991,SK-000502,ALIAS,augmented reality techniques,false
AL-003992,SK-000502,ALIAS,AR,false
DOM-000581,SK-000502,DOMAIN,IT,1.0
AL-001298,SK-000503,ALIAS,implement content strategy,false
DOM-000582,SK-000503,DOMAIN,BUSINESS,1.0
AL-003993,SK-000504,ALIAS,implementing a virtual private network,false
AL-003994,SK-000504,ALIAS,VPN installing,false
AL-003995,SK-000504,ALIAS,implement a VPN,false
AL-003996,SK-000504,ALIAS,virtual private network installing,false
AL-003997,SK-000504,ALIAS,virtual private network implementing,false
AL-003998,SK-000504,ALIAS,VPN implementing,false
AL-003999,SK-000504,ALIAS,installing a virtual private network,false
AL-004000,SK-000504,ALIAS,implementing a VPN,false
AL-004001,SK-000504,ALIAS,installing a VPN,false
AL-004002,SK-000504,ALIAS,install a VPN,false
DOM-000583,SK-000504,DOMAIN,IT,1.0
AL-001300,SK-000505,ALIAS,coordinate IT activities,false
DOM-000584,SK-000505,DOMAIN,BUSINESS,1.0
AL-004003,SK-000506,ALIAS,assess interview reports,false
AL-004004,SK-000506,ALIAS,evaluate interviews,false
AL-004005,SK-000506,ALIAS,evaluate interview report,false
AL-004006,SK-000506,ALIAS,rate interview reports,false
AL-004007,SK-000506,ALIAS,examine interview reports,false
AL-004008,SK-000506,ALIAS,evaluating interview reports,false
DOM-000585,SK-000506,DOMAIN,HR,1.0
DOM-000586,SK-000507,DOMAIN,IT,1.0
AL-004009,SK-000508,ALIAS,coordinating an operational activity,false
AL-004010,SK-000508,ALIAS,control operational activities,false
AL-004011,SK-000508,ALIAS,coordinate an operational activity,false
AL-004012,SK-000508,ALIAS,sustain operational activities,false
AL-004013,SK-000508,ALIAS,manage operational activities,false
AL-004014,SK-000508,ALIAS,operational activity coordination,false
AL-004015,SK-000508,ALIAS,preserve operational activities,false
DOM-000587,SK-000508,DOMAIN,HR,1.0
AL-004016,SK-000509,ALIAS,market research,false
AL-004017,SK-000509,ALIAS,market studies,false
AL-004018,SK-000509,ALIAS,marketing analysis,false
AL-004019,SK-000509,ALIAS,analysis of the market,false
DOM-000588,SK-000509,DOMAIN,HR,1.0
AL-004020,SK-000510,ALIAS,reflective exercises based on input,false
AL-004021,SK-000510,ALIAS,reflective exercises based on self-evaluation processes,false
AL-004022,SK-000510,ALIAS,self-evaluation reflection techniques,false
DOM-000589,SK-000510,DOMAIN,HR,1.0
AL-004023,SK-000511,ALIAS,analyze business requirements,false
AL-004024,SK-000511,ALIAS,analyse customer product risks,false
AL-004025,SK-000511,ALIAS,business requirements analysis,false
DOM-000590,SK-000511,DOMAIN,IT,1.0
DOM-000591,SK-000511,DOMAIN,BUSINESS,1.0
AL-004026,SK-000512,ALIAS,content marketing plan,false
AL-004027,SK-000512,ALIAS,content marketing proposal,false
AL-004028,SK-000512,ALIAS,content marketing blueprint,false
AL-004029,SK-000512,ALIAS,content marketing strategies,false
AL-004030,SK-000512,ALIAS,a contents marketing strategy,false
AL-004031,SK-000512,ALIAS,contents marketing strategy,false
DOM-000592,SK-000512,DOMAIN,BUSINESS,1.0
AL-004032,SK-000513,ALIAS,OLAP databases,false
AL-004033,SK-000513,ALIAS,Cube databases,false
AL-004034,SK-000513,ALIAS,OLAP,false
DOM-000593,SK-000513,DOMAIN,IT,1.0
AL-004035,SK-000514,ALIAS,network programming,false
AL-004036,SK-000514,ALIAS,server side programming,false
DOM-000594,SK-000514,DOMAIN,IT,1.0
AL-004037,SK-000515,ALIAS,e-commerce system,false
AL-004038,SK-000515,ALIAS,e-commercial systems,false
AL-004039,SK-000515,ALIAS,e commerce organisation,false
AL-004040,SK-000515,ALIAS,e commerce structure,false
AL-004041,SK-000515,ALIAS,e-commerce scheme,false
AL-004042,SK-000515,ALIAS,e-commerce arrangement,false
AL-004043,SK-000515,ALIAS,e-commercial system,false
DOM-000595,SK-000515,DOMAIN,BUSINESS,1.0
DOM-000596,SK-000516,DOMAIN,IT,1.0
AL-001310,SK-000517,ALIAS,Jboss,false
DOM-000597,SK-000517,DOMAIN,IT,1.0
AL-001311,SK-000518,ALIAS,business communication process,false
DOM-000598,SK-000518,DOMAIN,BUSINESS,1.0
DOM-000599,SK-000518,DOMAIN,HR,1.0
AL-004044,SK-000519,ALIAS,build effective cross-group cooperation,false
AL-004045,SK-000519,ALIAS,ensure cooperation cross-department,false
AL-004046,SK-000519,ALIAS,ensure cross-departmental cooperation,false
AL-004047,SK-000519,ALIAS,communicate effectively across teams,false
DOM-000600,SK-000519,DOMAIN,BUSINESS,1.0
AL-004048,SK-000520,ALIAS,determine necessary human resources,false
AL-004049,SK-000520,ALIAS,verify necessary human resources,false
AL-004050,SK-000520,ALIAS,ascertain necessary human resources,false
AL-004051,SK-000520,ALIAS,identify human resources,false
AL-004052,SK-000520,ALIAS,identifying necessary human resources,false
DOM-000601,SK-000520,DOMAIN,HR,1.0
AL-004053,SK-000521,ALIAS,combine face-to-face and online learning,false
AL-004054,SK-000521,ALIAS,integrate blended learning,false
AL-004055,SK-000521,ALIAS,implement mixed learning approaches,false
AL-004056,SK-000521,ALIAS,employ blended learning,false
AL-004057,SK-000521,ALIAS,implement blended learning,false
DOM-000602,SK-000521,DOMAIN,IT,1.0
AL-004058,SK-000522,ALIAS,labour laws,false
AL-004059,SK-000522,ALIAS,workers' law,false
AL-004060,SK-000522,ALIAS,labour statutes,false
AL-004061,SK-000522,ALIAS,"labour rules and regulations, workers' law",false
AL-004062,SK-000522,ALIAS,labor law,false
DOM-000603,SK-000522,DOMAIN,HR,1.0
AL-004063,SK-000523,ALIAS,adapt instruction to labor market,false
AL-004064,SK-000523,ALIAS,adjust instruction to labour market,false
AL-004065,SK-000523,ALIAS,adapting instruction to labour market,false
AL-004066,SK-000523,ALIAS,adapt instruction to labour markets,false
AL-004067,SK-000523,ALIAS,update instruction to labour market,false
AL-004068,SK-000523,ALIAS,modify instruction to labour market,false
AL-004069,SK-000523,ALIAS,adapting instruction to labour markets,false
DOM-000604,SK-000523,DOMAIN,HR,1.0
AL-004070,SK-000524,ALIAS,AJAX technology,false
AL-004071,SK-000524,ALIAS,AJAX software,false
AL-004072,SK-000524,ALIAS,AJAX techniques,false
DOM-000605,SK-000524,DOMAIN,IT,1.0
AL-004073,SK-000525,ALIAS,drafting accounting procedure,false
AL-004074,SK-000525,ALIAS,write up accounting procedures,false
AL-004075,SK-000525,ALIAS,draft accounting procedure,false
AL-004076,SK-000525,ALIAS,draft procedures for accounting,false
AL-004077,SK-000525,ALIAS,establish accounting procedures,false
DOM-000606,SK-000525,DOMAIN,BUSINESS,1.0
AL-004078,SK-000526,ALIAS,C++ software,false
AL-004079,SK-000526,ALIAS,C++ framework,false
DOM-000607,SK-000526,DOMAIN,IT,1.0
AL-004080,SK-000527,ALIAS,work together in the development of marketing strategies,false
AL-004081,SK-000527,ALIAS,team up with in the development of marketing strategies,false
AL-004082,SK-000527,ALIAS,collaborating in the development of marketing strategy,false
AL-004083,SK-000527,ALIAS,collaborate in the development of marketing strategy,false
AL-004084,SK-000527,ALIAS,cooperate in the development of marketing strategies,false
AL-004085,SK-000527,ALIAS,collaborate in marketing strategies development,false
DOM-000608,SK-000527,DOMAIN,BUSINESS,1.0
AL-004086,SK-000528,ALIAS,working with virtual learning environments,false
AL-004087,SK-000528,ALIAS,use virtual learning environments,false
AL-004088,SK-000528,ALIAS,works with virtual learning environments,false
AL-004089,SK-000528,ALIAS,engage with virtual learning environments,false
AL-004090,SK-000528,ALIAS,employ virtual learning environments,false
AL-004091,SK-000528,ALIAS,work with virtual learning environment,false
DOM-000609,SK-000528,DOMAIN,HR,1.0
AL-004092,SK-000529,ALIAS,be friendly with customers,false
AL-004093,SK-000529,ALIAS,enable customer focus,false
AL-004094,SK-000529,ALIAS,demonstrate customer orientation,false
AL-004095,SK-000529,ALIAS,ensure customer orientation,false
AL-004096,SK-000529,ALIAS,demonstrate service-oriented attitude,false
AL-004097,SK-000529,ALIAS,enjoy dealing with customers,false
AL-004098,SK-000529,ALIAS,assure client orientation,false
AL-004099,SK-000529,ALIAS,ensuring client orientation,false
AL-004100,SK-000529,ALIAS,ensure customer focus,false
AL-004101,SK-000529,ALIAS,secure client orientation,false
AL-004102,SK-000529,ALIAS,provide customer services,false
AL-004103,SK-000529,ALIAS,provide client orientation,false
AL-004104,SK-000529,ALIAS,ensure clients orientation,false
AL-004105,SK-000529,ALIAS,enable client orientation,false
AL-004106,SK-000529,ALIAS,provide client support services,false
DOM-000610,SK-000529,DOMAIN,BUSINESS,1.0
AL-004107,SK-000530,ALIAS,guarantee adherence to organisational ICT standards,false
AL-004108,SK-000530,ALIAS,enforce adherence to corporate ICT regulations,false
AL-004109,SK-000530,ALIAS,guarantee compliance with company IT standards,false
DOM-000611,SK-000530,DOMAIN,IT,1.0
AL-004110,SK-000531,ALIAS,inform on tax legislation,false
AL-004111,SK-000531,ALIAS,disseminating information on tax legislation,false
AL-004112,SK-000531,ALIAS,make recommendations on tax legislation,false
AL-004113,SK-000531,ALIAS,disseminate tax legislation information,false
AL-004114,SK-000531,ALIAS,advise on tax legislation,false
DOM-000612,SK-000531,DOMAIN,BUSINESS,1.0
AL-004115,SK-000532,ALIAS,create sales strategies,false
AL-004116,SK-000532,ALIAS,develop sales strategies,false
AL-004117,SK-000532,ALIAS,build sales strategy,false
AL-004118,SK-000532,ALIAS,design sales strategy,false
DOM-000613,SK-000532,DOMAIN,BUSINESS,1.0
AL-004119,SK-000533,ALIAS,propose constructive feedback,false
AL-004120,SK-000533,ALIAS,offer constructive feedback,false
AL-004121,SK-000533,ALIAS,giving constructive feedback,false
AL-004122,SK-000533,ALIAS,provide constructive feedback,false
AL-004123,SK-000533,ALIAS,gives constructive feedback,false
DOM-000614,SK-000533,DOMAIN,HR,1.0
AL-001327,SK-000534,ALIAS,identify legal and normative requirements and standards,false
DOM-000615,SK-000534,DOMAIN,BUSINESS,1.0
AL-004124,SK-000535,ALIAS,think critically about problems,false
AL-004125,SK-000535,ALIAS,thinking critically about problems,false
AL-004126,SK-000535,ALIAS,thinking about problems critically,false
AL-004127,SK-000535,ALIAS,think about problems critically,false
AL-004128,SK-000535,ALIAS,critically addressing problems,false
AL-004129,SK-000535,ALIAS,addressing problems critically,false
AL-004130,SK-000535,ALIAS,critically address problems,false
DOM-000616,SK-000535,DOMAIN,IT,1.0
AL-004131,SK-000536,ALIAS,trading application,false
AL-004132,SK-000536,ALIAS,trading software solution,false
DOM-000617,SK-000536,DOMAIN,IT,1.0
AL-004133,SK-000537,ALIAS,welfare legislation,false
AL-004134,SK-000537,ALIAS,social security rules,false
AL-004135,SK-000537,ALIAS,welfare statutes,false
AL-004136,SK-000537,ALIAS,social security statutes,false
AL-004137,SK-000537,ALIAS,welfare regulations,false
AL-004138,SK-000537,ALIAS,social security legislation,false
AL-004139,SK-000537,ALIAS,welfare rules,false
AL-004140,SK-000537,ALIAS,social security regulations,false
DOM-000618,SK-000537,DOMAIN,HR,1.0
AL-004141,SK-000538,ALIAS,load malware protection,false
AL-004142,SK-000538,ALIAS,loading malware protection,false
AL-004143,SK-000538,ALIAS,installing anti-malware software,false
AL-004144,SK-000538,ALIAS,install anti-virus software,false
AL-004145,SK-000538,ALIAS,anti-virus software installing,false
AL-004146,SK-000538,ALIAS,install anti-malware software,false
AL-004147,SK-000538,ALIAS,anti-malware software installing,false
AL-004148,SK-000538,ALIAS,implementing anti-virus software,false
AL-004149,SK-000538,ALIAS,anti-virus software implementing,false
AL-004150,SK-000538,ALIAS,installing anti-virus software,false
DOM-000619,SK-000538,DOMAIN,IT,1.0
AL-004151,SK-000539,ALIAS,fix health and hygiene standards,false
AL-004152,SK-000539,ALIAS,programme health and safety procedures,false
AL-004153,SK-000539,ALIAS,fix health and safety standards,false
AL-004154,SK-000539,ALIAS,set hygiene and safety standards,false
AL-004155,SK-000539,ALIAS,set health and security standards,false
AL-004156,SK-000539,ALIAS,set hygiene and security standards,false
AL-004157,SK-000539,ALIAS,organise health and safety processes,false
AL-004158,SK-000539,ALIAS,plan procedures of health and safety,false
AL-004159,SK-000539,ALIAS,establish environment and safety standards,false
AL-004160,SK-000539,ALIAS,set health and safety standards,false
AL-004161,SK-000539,ALIAS,establish environment and health standards,false
AL-004162,SK-000539,ALIAS,fix health and security standards,false
DOM-000620,SK-000539,DOMAIN,BUSINESS,1.0
AL-004163,SK-000540,ALIAS,SAP R/3,false
AL-004164,SK-000540,ALIAS,SAP R/3 Enterprise Edition,false
AL-004165,SK-000540,ALIAS,SAP S/4 HANA,false
AL-004166,SK-000540,ALIAS,SAP R/1,false
AL-004167,SK-000540,ALIAS,SAP ERP,false
AL-004168,SK-000540,ALIAS,SAP R/2,false
AL-004169,SK-000540,ALIAS,SAP R/3 Enterprise Central Component,false
AL-004170,SK-000540,ALIAS,SAP ERP 6.0: Enhancement Packages,false
DOM-000621,SK-000540,DOMAIN,IT,1.0
AL-004171,SK-000541,ALIAS,cloud computing,false
AL-004172,SK-000541,ALIAS,edge computing,false
DOM-000622,SK-000541,DOMAIN,IT,1.0
DOM-000623,SK-000541,DOMAIN,BUSINESS,1.0
AL-004173,SK-000542,ALIAS,engaging artistic staff,false
AL-004174,SK-000542,ALIAS,recruit artistic staff,false
AL-004175,SK-000542,ALIAS,hire artistic staff,false
AL-004176,SK-000542,ALIAS,employ artistic staff,false
DOM-000624,SK-000542,DOMAIN,HR,1.0
AL-004177,SK-000543,ALIAS,strategic business operations,false
AL-004178,SK-000543,ALIAS,strategic and operational business mindset,false
AL-004179,SK-000543,ALIAS,business strategy level,false
AL-004180,SK-000543,ALIAS,business strategy tiers,false
DOM-000625,SK-000543,DOMAIN,BUSINESS,1.0
AL-001337,SK-000544,ALIAS,organisational learning process,false
DOM-000626,SK-000544,DOMAIN,BUSINESS,1.0
AL-004181,SK-000545,ALIAS,usability evaluation,false
AL-004182,SK-000545,ALIAS,perform software usability testing,false
DOM-000627,SK-000545,DOMAIN,IT,1.0
AL-001339,SK-000546,ALIAS,take decisions based on data,false
DOM-000628,SK-000546,DOMAIN,IT,1.0
AL-004183,SK-000547,ALIAS,business allowance,false
AL-004184,SK-000547,ALIAS,business mortgage,false
AL-004185,SK-000547,ALIAS,firm loans,false
AL-004186,SK-000547,ALIAS,enterprise loans,false
AL-004187,SK-000547,ALIAS,business investment,false
AL-004188,SK-000547,ALIAS,company loans,false
DOM-000629,SK-000547,DOMAIN,HR,1.0
AL-004189,SK-000548,ALIAS,Swift programming paradigms,false
AL-004190,SK-000548,ALIAS,Swift software development techniques,false
AL-004191,SK-000548,ALIAS,Swift software development principles,false
AL-004192,SK-000548,ALIAS,Swift,false
AL-004193,SK-000548,ALIAS,Swift algorithms,false
DOM-000630,SK-000548,DOMAIN,IT,1.0
AL-004194,SK-000549,ALIAS,Code and fix development,false
AL-004195,SK-000549,ALIAS,Benefits realization management,false
AL-004196,SK-000549,ALIAS,Agile,false
AL-004197,SK-000549,ALIAS,Scrum,false
AL-004198,SK-000549,ALIAS,structured methodology,false
AL-004199,SK-000549,ALIAS,prince2,false
AL-004200,SK-000549,ALIAS,Extreme project management,false
AL-004201,SK-000549,ALIAS,Critical chain project management,false
AL-004202,SK-000549,ALIAS,software development methodologies,false
AL-004203,SK-000549,ALIAS,project management framework,false
AL-004204,SK-000549,ALIAS,project management software,false
DOM-000631,SK-000549,DOMAIN,IT,1.0
AL-004205,SK-000550,ALIAS,pre-investment analysis,false
AL-004206,SK-000550,ALIAS,post-investment analysis,false
AL-004207,SK-000550,ALIAS,post-investment review,false
DOM-000632,SK-000550,DOMAIN,IT,1.0
DOM-000633,SK-000550,DOMAIN,BUSINESS,1.0
AL-004208,SK-000551,ALIAS,identify a market niche,false
AL-004209,SK-000551,ALIAS,analyse market niches,false
AL-004210,SK-000551,ALIAS,classify market niches,false
AL-004211,SK-000551,ALIAS,diagnose market niches,false
AL-004212,SK-000551,ALIAS,establish market niches,false
DOM-000634,SK-000551,DOMAIN,BUSINESS,1.0
AL-004213,SK-000552,ALIAS,build professional network,false
AL-004214,SK-000552,ALIAS,develop professional networks,false
AL-004215,SK-000552,ALIAS,create professional network,false
AL-004216,SK-000552,ALIAS,develop pro network,false
AL-004217,SK-000552,ALIAS,developing professional network,false
DOM-000635,SK-000552,DOMAIN,HR,1.0
AL-004218,SK-000553,ALIAS,oversee the handling of promotional materials,false
AL-004219,SK-000553,ALIAS,managing the handling of promotional materials,false
AL-004220,SK-000553,ALIAS,manage the handling of promotional material,false
AL-004221,SK-000553,ALIAS,supervise the handling of promotional materials,false
AL-004222,SK-000553,ALIAS,manage promotional materials handling,false
DOM-000636,SK-000553,DOMAIN,BUSINESS,1.0
AL-004223,SK-000554,ALIAS,sales processes,false
AL-004224,SK-000554,ALIAS,sales department procedures,false
AL-004225,SK-000554,ALIAS,sales department methods,false
AL-004226,SK-000554,ALIAS,sales department process,false
AL-004227,SK-000554,ALIAS,processes of sales department,false
DOM-000637,SK-000554,DOMAIN,BUSINESS,1.0
AL-001348,SK-000555,ALIAS,cloud security and compliance,false
DOM-000638,SK-000555,DOMAIN,IT,1.0
AL-001349,SK-000556,ALIAS,business management consulting,false
DOM-000639,SK-000556,DOMAIN,BUSINESS,1.0
AL-004228,SK-000557,ALIAS,Formatted Output Specification Instance,false
AL-004229,SK-000557,ALIAS,Extensible Stylesheet Language,false
AL-004230,SK-000557,ALIAS,cascading style sheets,false
AL-004231,SK-000557,ALIAS,CSS,false
AL-004232,SK-000557,ALIAS,SMIL Timesheets,false
AL-004233,SK-000557,ALIAS,Document Style Semantics and Specification Language,false
DOM-000640,SK-000557,DOMAIN,IT,1.0
AL-004234,SK-000558,ALIAS,implementing email spam filter,false
AL-004235,SK-000558,ALIAS,install spam filter,false
AL-004236,SK-000558,ALIAS,implement email spam filter,false
AL-004237,SK-000558,ALIAS,installing spam filter,false
AL-004238,SK-000558,ALIAS,implementing spam protection,false
AL-004239,SK-000558,ALIAS,spam protection implementing,false
AL-004240,SK-000558,ALIAS,load spam filter,false
DOM-000641,SK-000558,DOMAIN,IT,1.0
AL-004241,SK-000559,ALIAS,application of technical communication skills,false
AL-004242,SK-000559,ALIAS,implement technical communication skills,false
AL-004243,SK-000559,ALIAS,utilise technical communication skills,false
AL-004244,SK-000559,ALIAS,employ technical communication skills,false
AL-004245,SK-000559,ALIAS,applying technical communication skills,false
AL-004246,SK-000559,ALIAS,administer technical communication skills,false
DOM-000642,SK-000559,DOMAIN,HR,1.0
AL-004247,SK-000560,ALIAS,plan project meetings,false
AL-004248,SK-000560,ALIAS,handle project meetings logistic,false
AL-004249,SK-000560,ALIAS,schedule project sessions,false
AL-004250,SK-000560,ALIAS,manage project meetings,false
AL-004251,SK-000560,ALIAS,arrange project sessions,false
DOM-000643,SK-000560,DOMAIN,BUSINESS,1.0
AL-004252,SK-000561,ALIAS,MATLAB software development principles,false
AL-004253,SK-000561,ALIAS,MATLAB coding techniques,false
AL-004254,SK-000561,ALIAS,MATLAB algorithms,false
AL-004255,SK-000561,ALIAS,MATLAB software development techniques,false
AL-004256,SK-000561,ALIAS,MATLAB programming paradigms,false
DOM-000644,SK-000561,DOMAIN,IT,1.0
AL-004257,SK-000562,ALIAS,scientific paper writing,false
AL-004258,SK-000562,ALIAS,draw up scientific papers,false
AL-004259,SK-000562,ALIAS,draft scientific papers,false
DOM-000645,SK-000562,DOMAIN,IT,1.0
AL-004260,SK-000563,ALIAS,create data visualisation,false
AL-004261,SK-000563,ALIAS,visualise data,false
DOM-000646,SK-000563,DOMAIN,IT,1.0
AL-004262,SK-000564,ALIAS,organisational role allocation,false
AL-004263,SK-000564,ALIAS,organisational blueprint,false
AL-004264,SK-000564,ALIAS,organisational structures,false
AL-004265,SK-000564,ALIAS,organisational plan,false
AL-004266,SK-000564,ALIAS,organizational structure,false
AL-004267,SK-000564,ALIAS,organisation structures,false
AL-004268,SK-000564,ALIAS,organisational framework,false
AL-004269,SK-000564,ALIAS,an organisational structure,false
DOM-000647,SK-000564,DOMAIN,HR,1.0
AL-004270,SK-000565,ALIAS,provide front-end website design,false
AL-004271,SK-000565,ALIAS,design and develop front-end website,false
DOM-000648,SK-000565,DOMAIN,IT,1.0
AL-001359,SK-000566,ALIAS,software usability,false
DOM-000649,SK-000566,DOMAIN,IT,1.0
AL-001360,SK-000567,ALIAS,use data reporting,false
DOM-000650,SK-000567,DOMAIN,IT,1.0
DOM-000651,SK-000567,DOMAIN,BUSINESS,1.0
AL-004272,SK-000568,ALIAS,giving live presentations,false
AL-004273,SK-000568,ALIAS,give a live presentation,false
AL-004274,SK-000568,ALIAS,give live presentations,false
AL-004275,SK-000568,ALIAS,arrange live presentation,false
AL-004276,SK-000568,ALIAS,convey live presentation,false
AL-004277,SK-000568,ALIAS,deliver live presentation,false
DOM-000652,SK-000568,DOMAIN,BUSINESS,1.0
AL-004278,SK-000569,ALIAS,handle project metrics,false
AL-004279,SK-000569,ALIAS,manage metrics of project,false
AL-004280,SK-000569,ALIAS,oversee project metrics,false
AL-004281,SK-000569,ALIAS,managing project metrics,false
DOM-000653,SK-000569,DOMAIN,BUSINESS,1.0
AL-004282,SK-000570,ALIAS,do cost accounting activities,false
AL-004283,SK-000570,ALIAS,performing cost accounting activities,false
AL-004284,SK-000570,ALIAS,perform activities for cost accounting,false
AL-004285,SK-000570,ALIAS,conduct cost accounting activities,false
AL-004286,SK-000570,ALIAS,perform cost accounting activity,false
DOM-000654,SK-000570,DOMAIN,BUSINESS,1.0
AL-004287,SK-000571,ALIAS,evaluate customer surveys,false
AL-004288,SK-000571,ALIAS,evaluate customer service questionnaires,false
AL-004289,SK-000571,ALIAS,analyse client surveys,false
AL-004290,SK-000571,ALIAS,analyze customer service surveys,false
AL-004291,SK-000571,ALIAS,analyse customer service questionnaires,false
AL-004292,SK-000571,ALIAS,conduct analysis on customer surveys,false
AL-004293,SK-000571,ALIAS,assess results of customers surveys,false
AL-004294,SK-000571,ALIAS,develop conclusions from results of customer surveys,false
AL-004295,SK-000571,ALIAS,analyse customer surveys,false
AL-004296,SK-000571,ALIAS,carry out analysis of the results of customer surveys,false
AL-004297,SK-000571,ALIAS,evaluate customer service surveys,false
AL-004298,SK-000571,ALIAS,make assessments of the results of customer surveys,false
AL-004299,SK-000571,ALIAS,identify trends in results of customer surveys,false
DOM-000655,SK-000571,DOMAIN,BUSINESS,1.0
AL-001365,SK-000572,ALIAS,types of unstructured data,false
DOM-000656,SK-000572,DOMAIN,IT,1.0
DOM-000657,SK-000572,DOMAIN,BUSINESS,1.0
AL-004300,SK-000573,ALIAS,HR department processes,false
AL-004301,SK-000573,ALIAS,human resources processes,false
AL-004302,SK-000573,ALIAS,human resources department procedures,false
AL-004303,SK-000573,ALIAS,human resources department's processes,false
AL-004304,SK-000573,ALIAS,human resources department process,false
AL-004305,SK-000573,ALIAS,human resources department methods,false
DOM-000658,SK-000573,DOMAIN,HR,1.0
AL-004306,SK-000574,ALIAS,write schedule,false
AL-004307,SK-000574,ALIAS,rig work scheduling,false
AL-004308,SK-000574,ALIAS,schedule rig work,false
AL-004309,SK-000574,ALIAS,rig work schedules planning,false
AL-004310,SK-000574,ALIAS,create rig work schedule,false
AL-004311,SK-000574,ALIAS,programme rig work,false
AL-004312,SK-000574,ALIAS,plan rig work schedules,false
AL-004313,SK-000574,ALIAS,prepare rig work plan,false
AL-004314,SK-000574,ALIAS,plan the schedule,false
AL-004315,SK-000574,ALIAS,set up a schedule,false
AL-004316,SK-000574,ALIAS,develop a schedule,false
AL-004317,SK-000574,ALIAS,plan a schedule,false
AL-004318,SK-000574,ALIAS,develop schedule,false
DOM-000659,SK-000574,DOMAIN,BUSINESS,1.0
AL-001368,SK-000575,ALIAS,Salt,false
DOM-000660,SK-000575,DOMAIN,IT,1.0
AL-004319,SK-000576,ALIAS,quality assurance plans,false
AL-004320,SK-000576,ALIAS,quality assurance methodology,false
AL-004321,SK-000576,ALIAS,quality assurance approaches,false
AL-004322,SK-000576,ALIAS,quality assurance arrangements,false
AL-004323,SK-000576,ALIAS,quality assurance processes,false
DOM-000661,SK-000576,DOMAIN,BUSINESS,1.0
AL-001370,SK-000577,ALIAS,Language Integrated Query,false
DOM-000662,SK-000577,DOMAIN,IT,1.0
AL-004324,SK-000578,ALIAS,maintain several projects,false
AL-004325,SK-000578,ALIAS,managing several projects,false
AL-004326,SK-000578,ALIAS,handle several projects,false
AL-004327,SK-000578,ALIAS,oversee several projects,false
DOM-000663,SK-000578,DOMAIN,BUSINESS,1.0
AL-004328,SK-000579,ALIAS,ensuring equipment maintenance,false
AL-004329,SK-000579,ALIAS,perform equipment maintenance,false
AL-004330,SK-000579,ALIAS,performing equipment maintenance,false
AL-004331,SK-000579,ALIAS,perform maintenance of equipment,false
AL-004332,SK-000579,ALIAS,ensure maintenance of equipment,false
AL-004333,SK-000579,ALIAS,equipment maintenance ensuring,false
AL-004334,SK-000579,ALIAS,performing maintenance of equipment,false
AL-004335,SK-000579,ALIAS,equipment maintenance performing,false
AL-004336,SK-000579,ALIAS,ensuring maintenance of equipment,false
DOM-000664,SK-000579,DOMAIN,BUSINESS,1.0
AL-004337,SK-000580,ALIAS,ICT recovery techniques for corrupted software components,false
AL-004338,SK-000580,ALIAS,ICT recovery techniques for hardware,false
AL-004339,SK-000580,ALIAS,ICT recovery techniques for corrupted data,false
AL-004340,SK-000580,ALIAS,ICT recovery methods,false
AL-004341,SK-000580,ALIAS,ICT recovery techniques for damaged and corrupted software components,false
DOM-000665,SK-000580,DOMAIN,IT,1.0
AL-004342,SK-000581,ALIAS,bookkeeping science,false
AL-004343,SK-000581,ALIAS,scientific financial analysis,false
AL-004344,SK-000581,ALIAS,actuarial sciences,false
DOM-000666,SK-000581,DOMAIN,HR,1.0
AL-004345,SK-000582,ALIAS,analysis of user requirement in ICT systems,false
AL-004346,SK-000582,ALIAS,analysis of user requirements in ICT systems,false
DOM-000667,SK-000582,DOMAIN,IT,1.0
AL-004347,SK-000583,ALIAS,give an explanation of accounting records,false
AL-004348,SK-000583,ALIAS,describe accounting records,false
AL-004349,SK-000583,ALIAS,explaining accounting records,false
AL-004350,SK-000583,ALIAS,explain accounting record,false
AL-004351,SK-000583,ALIAS,explain account records,false
AL-004352,SK-000583,ALIAS,clarify accounting records,false
DOM-000668,SK-000583,DOMAIN,BUSINESS,1.0
AL-004353,SK-000584,ALIAS,setting sales gols,false
AL-004354,SK-000584,ALIAS,fix sales goals,false
AL-004355,SK-000584,ALIAS,settle sales goals,false
AL-004356,SK-000584,ALIAS,establish sales goals,false
AL-004357,SK-000584,ALIAS,apply sales goals,false
AL-004358,SK-000584,ALIAS,setting a sales gol,false
AL-004359,SK-000584,ALIAS,set a sales gol,false
DOM-000669,SK-000584,DOMAIN,BUSINESS,1.0
AL-004360,SK-000585,ALIAS,follow the theoretical principles for ICT systems,false
AL-004361,SK-000585,ALIAS,implement theoretical notions for ICT systems,false
AL-004362,SK-000585,ALIAS,follow the principles of ICT systems theory,false
AL-004363,SK-000585,ALIAS,implement principles for ICT systems,false
AL-004364,SK-000585,ALIAS,implement theoretical principless for ICT systems,false
DOM-000670,SK-000585,DOMAIN,IT,1.0
AL-004365,SK-000586,ALIAS,plan medium and long term objectives,false
AL-004366,SK-000586,ALIAS,plan objectives of medium to long term,false
AL-004367,SK-000586,ALIAS,schedule medium to long term business goals,false
AL-004368,SK-000586,ALIAS,determine medium to long term objectives,false
DOM-000671,SK-000586,DOMAIN,HR,1.0
AL-004369,SK-000587,ALIAS,cultivate a professional circle in academia,false
AL-004370,SK-000587,ALIAS,foster relationships with researchers and scientists,false
AL-004371,SK-000587,ALIAS,establish connections with researchers and scientists,false
DOM-000672,SK-000587,DOMAIN,IT,1.0
AL-004372,SK-000588,ALIAS,data quality analysis,false
AL-004373,SK-000588,ALIAS,analyse data quality,false
DOM-000673,SK-000588,DOMAIN,IT,1.0
AL-004374,SK-000589,ALIAS,project deliverables management,false
AL-004375,SK-000589,ALIAS,project setup control,false
AL-004376,SK-000589,ALIAS,effective management process,false
AL-004377,SK-000589,ALIAS,project setup management,false
DOM-000674,SK-000589,DOMAIN,BUSINESS,1.0
AL-004378,SK-000590,ALIAS,supporting quality management systems implementation,false
AL-004379,SK-000590,ALIAS,assist implementation of quality management systems,false
AL-004380,SK-000590,ALIAS,aid implementation of quality management systems,false
AL-004381,SK-000590,ALIAS,implementation support for quality management systems,false
AL-004382,SK-000590,ALIAS,quality management systems implementation support,false
AL-004383,SK-000590,ALIAS,help implementation of quality management systems,false
AL-004384,SK-000590,ALIAS,facilitate implementation of quality management systems,false
DOM-000675,SK-000590,DOMAIN,BUSINESS,1.0
AL-004385,SK-000591,ALIAS,Python 3K,false
AL-004386,SK-000591,ALIAS,Python,false
DOM-000676,SK-000591,DOMAIN,IT,1.0
AL-001385,SK-000592,ALIAS,business IT systems,false
DOM-000677,SK-000592,DOMAIN,BUSINESS,1.0
AL-004387,SK-000593,ALIAS,account for gender characteristics in scientific research,false
AL-004388,SK-000593,ALIAS,promote inclusion in research,false
DOM-000678,SK-000593,DOMAIN,IT,1.0
AL-004389,SK-000594,ALIAS,perform management of projects,false
AL-004390,SK-000594,ALIAS,performing project management,false
AL-004391,SK-000594,ALIAS,manage projects,false
AL-004392,SK-000594,ALIAS,do project management,false
AL-004393,SK-000594,ALIAS,conduct project management,false
AL-004394,SK-000594,ALIAS,perform projects management,false
DOM-000679,SK-000594,DOMAIN,IT,1.0
DOM-000680,SK-000594,DOMAIN,BUSINESS,1.0
AL-004395,SK-000595,ALIAS,prepare inspection reports,false
AL-004396,SK-000595,ALIAS,write monitoring reports,false
AL-004397,SK-000595,ALIAS,write down inspection reports,false
AL-004398,SK-000595,ALIAS,maintain monitoring records,false
AL-004399,SK-000595,ALIAS,keep inspection records,false
AL-004400,SK-000595,ALIAS,prepare monitoring reports,false
AL-004401,SK-000595,ALIAS,write an evaluation reports,false
AL-004402,SK-000595,ALIAS,maintain inspection records,false
AL-004403,SK-000595,ALIAS,produce inspection reports,false
AL-004404,SK-000595,ALIAS,write an inspection report,false
DOM-000681,SK-000595,DOMAIN,HR,1.0
AL-001389,SK-000596,ALIAS,systems fundamentals,false
DOM-000682,SK-000596,DOMAIN,IT,1.0
AL-004405,SK-000597,ALIAS,scrutinize,false
AL-004406,SK-000597,ALIAS,analyze external factors of companies,false
AL-004407,SK-000597,ALIAS,review external factors of companies,false
AL-004408,SK-000597,ALIAS,evaluate external factors of companies,false
AL-004409,SK-000597,ALIAS,analysing external factors of companies,false
AL-004410,SK-000597,ALIAS,examine external factors of companies,false
AL-004411,SK-000597,ALIAS,study external factors of companies,false
AL-004412,SK-000597,ALIAS,analyse external factors of company,false
DOM-000683,SK-000597,DOMAIN,BUSINESS,1.0
AL-004413,SK-000598,ALIAS,evaluate cloud automation alternatives,false
AL-004414,SK-000598,ALIAS,automation of cloud tasks,false
AL-004415,SK-000598,ALIAS,optimise cloud workflows,false
DOM-000684,SK-000598,DOMAIN,IT,1.0
AL-004416,SK-000599,ALIAS,the study of moral principles,false
AL-004417,SK-000599,ALIAS,moral studies,false
DOM-000685,SK-000599,DOMAIN,IT,1.0
AL-004418,SK-000600,ALIAS,watch over sales activities,false
AL-004419,SK-000600,ALIAS,monitor sales activities,false
AL-004420,SK-000600,ALIAS,supervision of sales activities,false
AL-004421,SK-000600,ALIAS,manage sales activities,false
AL-004422,SK-000600,ALIAS,supervising sales activities,false
AL-004423,SK-000600,ALIAS,supervise sales activity,false
AL-004424,SK-000600,ALIAS,oversee sales activities,false
DOM-000686,SK-000600,DOMAIN,BUSINESS,1.0
AL-004425,SK-000601,ALIAS,BYOD,false
AL-004426,SK-000601,ALIAS,cell phone device management,false
AL-004427,SK-000601,ALIAS,mobile terminals,false
AL-004428,SK-000601,ALIAS,bring your own device,false
DOM-000687,SK-000601,DOMAIN,IT,1.0
AL-004429,SK-000602,ALIAS,national accounting principles which are generally accepted,false
AL-004430,SK-000602,ALIAS,national accepted accounting principles,false
AL-004431,SK-000602,ALIAS,national generally accepted accounting theories,false
AL-004432,SK-000602,ALIAS,national generally accepted accounting principle,false
AL-004433,SK-000602,ALIAS,national generally accepted accountancy principles,false
DOM-000688,SK-000602,DOMAIN,BUSINESS,1.0
AL-004434,SK-000603,ALIAS,employee health programme assistance,false
AL-004435,SK-000603,ALIAS,supporting medical staff,false
AL-004436,SK-000603,ALIAS,support medical staff,false
AL-004437,SK-000603,ALIAS,assistance to employee health programmes,false
AL-004438,SK-000603,ALIAS,giving support to health programmes,false
AL-004439,SK-000603,ALIAS,assisting employee health programmes,false
AL-004440,SK-000603,ALIAS,support implementation of health programmes,false
AL-004441,SK-000603,ALIAS,give support to health programmes,false
AL-004442,SK-000603,ALIAS,assist employee health programs,false
AL-004443,SK-000603,ALIAS,assist in employee health programmes,false
DOM-000689,SK-000603,DOMAIN,HR,1.0
AL-004444,SK-000604,ALIAS,perform a product plan,false
AL-004445,SK-000604,ALIAS,product planning performance,false
AL-004446,SK-000604,ALIAS,implement product planning,false
AL-004447,SK-000604,ALIAS,undertake product planning,false
AL-004448,SK-000604,ALIAS,complete product planning,false
AL-004449,SK-000604,ALIAS,performing product planning,false
DOM-000690,SK-000604,DOMAIN,BUSINESS,1.0
AL-004450,SK-000605,ALIAS,identifying new business opportunities,false
AL-004451,SK-000605,ALIAS,diagnose new business opportunities,false
AL-004452,SK-000605,ALIAS,identify a new business opportunity,false
AL-004453,SK-000605,ALIAS,analyse new business opportunities,false
AL-004454,SK-000605,ALIAS,identifying a new business opportunity,false
AL-004455,SK-000605,ALIAS,determine new business opportunities,false
AL-004456,SK-000605,ALIAS,classify new business opportunities,false
DOM-000691,SK-000605,DOMAIN,BUSINESS,1.0
AL-004457,SK-000606,ALIAS,educate on corporate skills,false
AL-004458,SK-000606,ALIAS,teaching corporate skills,false
AL-004459,SK-000606,ALIAS,explain corporate skills,false
AL-004460,SK-000606,ALIAS,provide instruction on corporate skills,false
AL-004461,SK-000606,ALIAS,teaches corporate skills,false
DOM-000692,SK-000606,DOMAIN,HR,1.0
AL-001400,SK-000607,ALIAS,Joomla software,false
DOM-000693,SK-000607,DOMAIN,IT,1.0
AL-004462,SK-000608,ALIAS,comment on organisational climate,false
AL-004463,SK-000608,ALIAS,recommend organisational culture policy,false
AL-004464,SK-000608,ALIAS,help with organisational culture,false
AL-004465,SK-000608,ALIAS,advise on organization climate,false
AL-004466,SK-000608,ALIAS,help with organisational climate,false
AL-004467,SK-000608,ALIAS,comment on organisational culture,false
AL-004468,SK-000608,ALIAS,recommend organisational climate policy,false
DOM-000694,SK-000608,DOMAIN,BUSINESS,1.0
DOM-000695,SK-000608,DOMAIN,HR,1.0
AL-001402,SK-000609,ALIAS,apply functional programming principles,false
DOM-000696,SK-000609,DOMAIN,IT,1.0
AL-004469,SK-000610,ALIAS,manage cloud data encryption,false
AL-004470,SK-000610,ALIAS,manage cloud data retention,false
AL-004471,SK-000610,ALIAS,cloud storage and data management,false
AL-004472,SK-000610,ALIAS,implement cloud data protection,false
AL-004473,SK-000610,ALIAS,create cloud data retention,false
DOM-000697,SK-000610,DOMAIN,IT,1.0
AL-004474,SK-000611,ALIAS,TLS,false
AL-004475,SK-000611,ALIAS,symmetric-key algorithm,false
AL-004476,SK-000611,ALIAS,asymmetric cryptography,false
AL-004477,SK-000611,ALIAS,public-key cryptography,false
AL-004478,SK-000611,ALIAS,transport layer security,false
AL-004479,SK-000611,ALIAS,SSL,false
AL-004480,SK-000611,ALIAS,secure sockets layer,false
DOM-000698,SK-000611,DOMAIN,IT,1.0
AL-004481,SK-000612,ALIAS,state inference,false
AL-004482,SK-000612,ALIAS,energy state estimation,false
AL-004483,SK-000612,ALIAS,state estimation and prediction,false
DOM-000699,SK-000612,DOMAIN,IT,1.0
AL-001406,SK-000613,ALIAS,marketing mixes,false
DOM-000700,SK-000613,DOMAIN,BUSINESS,1.0
AL-004484,SK-000614,ALIAS,arrange settlements,false
AL-004485,SK-000614,ALIAS,negotiate payment,false
AL-004486,SK-000614,ALIAS,mediate settlements,false
AL-004487,SK-000614,ALIAS,negotiate agreements,false
AL-004488,SK-000614,ALIAS,negotiate deals,false
DOM-000701,SK-000614,DOMAIN,HR,1.0
AL-004489,SK-000615,ALIAS,market values,false
AL-004490,SK-000615,ALIAS,market costs,false
AL-004491,SK-000615,ALIAS,market estimates,false
AL-004492,SK-000615,ALIAS,pricing a market,false
AL-004493,SK-000615,ALIAS,pricing marketing,false
AL-004494,SK-000615,ALIAS,market appraisals,false
AL-004495,SK-000615,ALIAS,marketing pricing,false
DOM-000702,SK-000615,DOMAIN,BUSINESS,1.0
AL-004496,SK-000616,ALIAS,scope of management principles,false
AL-004497,SK-000616,ALIAS,principles of management,false
AL-004498,SK-000616,ALIAS,scope of leadership principles,false
AL-004499,SK-000616,ALIAS,range of leadership principles,false
AL-004500,SK-000616,ALIAS,principles of leadership,false
AL-004501,SK-000616,ALIAS,range of management principles,false
AL-004502,SK-000616,ALIAS,literature on leadership principles,false
AL-004503,SK-000616,ALIAS,literature on management principles,false
DOM-000703,SK-000616,DOMAIN,HR,1.0
AL-004504,SK-000617,ALIAS,define organisational standard,false
AL-004505,SK-000617,ALIAS,write up organisational standards,false
AL-004506,SK-000617,ALIAS,defining organisational standards,false
AL-004507,SK-000617,ALIAS,define standards for the organisation,false
AL-004508,SK-000617,ALIAS,define organizational standards,false
AL-004509,SK-000617,ALIAS,set organisational standards,false
DOM-000704,SK-000617,DOMAIN,BUSINESS,1.0
AL-001411,SK-000618,ALIAS,Scratch,false
DOM-000705,SK-000618,DOMAIN,IT,1.0
AL-001412,SK-000619,ALIAS,process-based project management methodology,false
DOM-000706,SK-000619,DOMAIN,IT,1.0
AL-004510,SK-000620,ALIAS,analyse clients interests,false
AL-004511,SK-000620,ALIAS,analyse customer interests,false
AL-004512,SK-000620,ALIAS,analyse guests interests,false
AL-004513,SK-000620,ALIAS,analyse data about visitors,false
AL-004514,SK-000620,ALIAS,analyze data about clients,false
AL-004515,SK-000620,ALIAS,analyse data on clients,false
AL-004516,SK-000620,ALIAS,analyse data about customers,false
AL-004517,SK-000620,ALIAS,undertake customer analysis,false
AL-004518,SK-000620,ALIAS,analyse data about guests,false
AL-004519,SK-000620,ALIAS,analyse client data,false
DOM-000707,SK-000620,DOMAIN,BUSINESS,1.0
AL-004520,SK-000621,ALIAS,tax laws,false
AL-004521,SK-000621,ALIAS,tax regulations,false
AL-004522,SK-000621,ALIAS,fiscal laws,false
AL-004523,SK-000621,ALIAS,fiscal statutes,false
AL-004524,SK-000621,ALIAS,fiscal regulations,false
AL-004525,SK-000621,ALIAS,tax rules,false
AL-004526,SK-000621,ALIAS,fiscal rules,false
AL-004527,SK-000621,ALIAS,tax statutes,false
DOM-000708,SK-000621,DOMAIN,BUSINESS,1.0
AL-004528,SK-000622,ALIAS,ensure compliance with accounting convention,false
AL-004529,SK-000622,ALIAS,ensuring compliance with accounting conventions,false
AL-004530,SK-000622,ALIAS,guarantee compliance with accounting conventions,false
AL-004531,SK-000622,ALIAS,ensure accounting conventions compliance,false
AL-004532,SK-000622,ALIAS,certify compliance with accounting conventions,false
DOM-000709,SK-000622,DOMAIN,BUSINESS,1.0
AL-004533,SK-000623,ALIAS,corporation statutes,false
AL-004534,SK-000623,ALIAS,corporation law,false
AL-004535,SK-000623,ALIAS,corporation regulation,false
AL-004536,SK-000623,ALIAS,corporate regulation,false
AL-004537,SK-000623,ALIAS,corporate statutes,false
AL-004538,SK-000623,ALIAS,corporate rules,false
AL-004539,SK-000623,ALIAS,corporation rules,false
DOM-000710,SK-000623,DOMAIN,BUSINESS,1.0
DOM-000711,SK-000623,DOMAIN,HR,1.0
AL-001417,SK-000624,ALIAS,video conferencing software,false
DOM-000712,SK-000624,DOMAIN,HR,1.0
AL-004540,SK-000625,ALIAS,handle negotiations with employment agencies,false
AL-004541,SK-000625,ALIAS,negotiate with employment companies,false
AL-004542,SK-000625,ALIAS,negotiate with job placement agencies,false
AL-004543,SK-000625,ALIAS,negotiating with employment agencies,false
AL-004544,SK-000625,ALIAS,handle negotiations with job placement agencies,false
AL-004545,SK-000625,ALIAS,negotiate with employment agency,false
AL-004546,SK-000625,ALIAS,negotiate with job placement companies,false
AL-004547,SK-000625,ALIAS,handle negotiations with employment companies,false
AL-004548,SK-000625,ALIAS,handle negotiations with job placement companies,false
AL-004549,SK-000625,ALIAS,negotiate with agencies of employment,false
DOM-000713,SK-000625,DOMAIN,HR,1.0
AL-004550,SK-000626,ALIAS,labour markets,false
AL-004551,SK-000626,ALIAS,labor market,false
AL-004552,SK-000626,ALIAS,job market,false
AL-004553,SK-000626,ALIAS,employment market,false
DOM-000714,SK-000626,DOMAIN,HR,1.0
AL-004554,SK-000627,ALIAS,write up a list of technical specifications,false
AL-004555,SK-000627,ALIAS,gather technical requirements,false
AL-004556,SK-000627,ALIAS,jot down technical specifications in a list,false
AL-004557,SK-000627,ALIAS,write up a technical specifications' list,false
AL-004558,SK-000627,ALIAS,write technical specifications,false
AL-004559,SK-000627,ALIAS,write up technical specifications in a list,false
AL-004560,SK-000627,ALIAS,make a list of technical aspects,false
DOM-000715,SK-000627,DOMAIN,BUSINESS,1.0
AL-004561,SK-000628,ALIAS,Teradata,false
AL-004562,SK-000628,ALIAS,Teradata Integrated Data Warehouse,false
DOM-000716,SK-000628,DOMAIN,IT,1.0
AL-004563,SK-000629,ALIAS,ensuring compliance with disclosure criteria of accounting information,false
AL-004564,SK-000629,ALIAS,ensure compliance with disclosure criteria of account information,false
AL-004565,SK-000629,ALIAS,ensure compliance with accounting information disclosure criteria,false
AL-004566,SK-000629,ALIAS,make sure disclosure criteria of accounting information is compliant,false
AL-004567,SK-000629,ALIAS,certify compliance with disclosure criteria of accounting information,false
AL-004568,SK-000629,ALIAS,guarantee compliance with disclosure criteria of accounting information,false
DOM-000717,SK-000629,DOMAIN,BUSINESS,1.0
AL-004569,SK-000630,ALIAS,lean project management approach,false
AL-004570,SK-000630,ALIAS,Lean Six Sigma,false
AL-004571,SK-000630,ALIAS,lean project methodology,false
DOM-000718,SK-000630,DOMAIN,IT,1.0
DOM-000719,SK-000630,DOMAIN,BUSINESS,1.0
AL-004572,SK-000631,ALIAS,manage open-source content,false
AL-004573,SK-000631,ALIAS,manage open-source publications,false
AL-004574,SK-000631,ALIAS,handle open-source content,false
AL-004575,SK-000631,ALIAS,handle open publications,false
AL-004576,SK-000631,ALIAS,handle open-source publications,false
DOM-000720,SK-000631,DOMAIN,IT,1.0
AL-004577,SK-000632,ALIAS,manage general ledgers,false
AL-004578,SK-000632,ALIAS,managing the general ledger,false
AL-004579,SK-000632,ALIAS,maintain the general ledger,false
AL-004580,SK-000632,ALIAS,oversee the general ledger,false
DOM-000721,SK-000632,DOMAIN,BUSINESS,1.0
AL-004581,SK-000633,ALIAS,assemble business relationships,false
AL-004582,SK-000633,ALIAS,build a business relationship,false
AL-004583,SK-000633,ALIAS,set up business relationships,false
AL-004584,SK-000633,ALIAS,produce business relationships,false
AL-004585,SK-000633,ALIAS,devise business relationships,false
AL-004586,SK-000633,ALIAS,construct business relationships,false
AL-004587,SK-000633,ALIAS,building business relationships,false
DOM-000722,SK-000633,DOMAIN,BUSINESS,1.0
AL-004588,SK-000634,ALIAS,VBScript for web-based scripting,false
AL-004589,SK-000634,ALIAS,VBScript programming paradigms,false
AL-004590,SK-000634,ALIAS,VBScript coding techniques,false
AL-004591,SK-000634,ALIAS,VBScript scripting techniques,false
AL-004592,SK-000634,ALIAS,VBScript algorithms,false
DOM-000723,SK-000634,DOMAIN,IT,1.0
AL-004593,SK-000635,ALIAS,create financial reports,false
AL-004594,SK-000635,ALIAS,create a finance report,false
AL-004595,SK-000635,ALIAS,write a financial report,false
AL-004596,SK-000635,ALIAS,prepare financial reports,false
DOM-000724,SK-000635,DOMAIN,BUSINESS,1.0
AL-004597,SK-000636,ALIAS,supervise disaster recovery trainings,false
AL-004598,SK-000636,ALIAS,supervise disaster recovery exercises,false
AL-004599,SK-000636,ALIAS,conduct disaster recovery trainings,false
DOM-000725,SK-000636,DOMAIN,IT,1.0
AL-004600,SK-000637,ALIAS,customer relationship management,false
AL-004601,SK-000637,ALIAS,principles of marketing,false
AL-004602,SK-000637,ALIAS,methods in customer relationship management,false
AL-004603,SK-000637,ALIAS,management of customer relationships,false
AL-004604,SK-000637,ALIAS,types of marketing principles,false
AL-004605,SK-000637,ALIAS,range of marketing principles,false
AL-004606,SK-000637,ALIAS,techniques in customer relationship management,false
AL-004607,SK-000637,ALIAS,typology of marketing principles,false
DOM-000726,SK-000637,DOMAIN,BUSINESS,1.0
AL-004608,SK-000638,ALIAS,communicate through telephone,false
AL-004609,SK-000638,ALIAS,communicate by phone,false
AL-004610,SK-000638,ALIAS,interact using the telephone,false
AL-004611,SK-000638,ALIAS,use the telephone,false
DOM-000727,SK-000638,DOMAIN,HR,1.0
AL-004612,SK-000639,ALIAS,COBOL programming language,false
AL-004613,SK-000639,ALIAS,Cobol,false
AL-004614,SK-000639,ALIAS,COBOL applications,false
AL-004615,SK-000639,ALIAS,COBOL software,false
DOM-000728,SK-000639,DOMAIN,IT,1.0
AL-004616,SK-000640,ALIAS,design cross-account authentication for complex organisations,false
AL-004617,SK-000640,ALIAS,implement cloud environment for complex organisations,false
AL-004618,SK-000640,ALIAS,design an access strategy for complex organisations,false
AL-004619,SK-000640,ALIAS,design cloud environment for complex organisations,false
AL-004620,SK-000640,ALIAS,design access strategies for complex organisations,false
DOM-000729,SK-000640,DOMAIN,IT,1.0
AL-004621,SK-000641,ALIAS,write down interviews,false
AL-004622,SK-000641,ALIAS,register interviews,false
AL-004623,SK-000641,ALIAS,documenting interviews,false
AL-004624,SK-000641,ALIAS,document interview,false
AL-004625,SK-000641,ALIAS,record interviews,false
DOM-000730,SK-000641,DOMAIN,HR,1.0
AL-004626,SK-000642,ALIAS,controlling expenses,false
AL-004627,SK-000642,ALIAS,supervise expenses,false
AL-004628,SK-000642,ALIAS,expenses controls,false
AL-004629,SK-000642,ALIAS,administer expenses,false
AL-004630,SK-000642,ALIAS,control expenses,false
AL-004631,SK-000642,ALIAS,oversee expenses,false
DOM-000731,SK-000642,DOMAIN,BUSINESS,1.0
AL-001436,SK-000643,ALIAS,time estimation of work,false
DOM-000732,SK-000643,DOMAIN,BUSINESS,1.0
AL-004632,SK-000644,ALIAS,identify company's going concerns,false
AL-004633,SK-000644,ALIAS,identify the going concerns of a company,false
AL-004634,SK-000644,ALIAS,find the going concern of a company,false
AL-004635,SK-000644,ALIAS,identifying the going concern of a company,false
AL-004636,SK-000644,ALIAS,identify the going concern of companies,false
AL-004637,SK-000644,ALIAS,pinpoint the going concern of a company,false
AL-004638,SK-000644,ALIAS,idenfify if a company is a going concern,false
AL-004639,SK-000644,ALIAS,determine the going concern of a company,false
DOM-000733,SK-000644,DOMAIN,BUSINESS,1.0
AL-004640,SK-000645,ALIAS,administer accounts,false
AL-004641,SK-000645,ALIAS,maintain financial records,false
AL-004642,SK-000645,ALIAS,oversee financial records,false
AL-004643,SK-000645,ALIAS,oversee accounts,false
AL-004644,SK-000645,ALIAS,maintain accounts,false
AL-004645,SK-000645,ALIAS,administer financial records,false
DOM-000734,SK-000645,DOMAIN,BUSINESS,1.0
AL-004646,SK-000646,ALIAS,human resource administration,false
AL-004647,SK-000646,ALIAS,HR management,false
AL-004648,SK-000646,ALIAS,human resources management,false
AL-004649,SK-000646,ALIAS,HR,false
AL-004650,SK-000646,ALIAS,human resource control,false
AL-004651,SK-000646,ALIAS,HRM,false
AL-004652,SK-000646,ALIAS,human resource supervision,false
DOM-000735,SK-000646,DOMAIN,HR,1.0
AL-001440,SK-000647,ALIAS,Apache Hadoop,false
DOM-000736,SK-000647,DOMAIN,IT,1.0
AL-001441,SK-000648,ALIAS,biological computing,false
DOM-000737,SK-000648,DOMAIN,IT,1.0
AL-004653,SK-000649,ALIAS,profiling people,false
AL-004654,SK-000649,ALIAS,categorize people based on traits or tendencies,false
AL-004655,SK-000649,ALIAS,characterize people based on traits or tendencies,false
DOM-000738,SK-000649,DOMAIN,HR,1.0
AL-004656,SK-000650,ALIAS,audit organisational culture,false
AL-004657,SK-000650,ALIAS,audit organisational climate,false
AL-004658,SK-000650,ALIAS,monitor organization climate,false
AL-004659,SK-000650,ALIAS,regulate organisational climate,false
AL-004660,SK-000650,ALIAS,supervise organisational climate,false
AL-004661,SK-000650,ALIAS,supervise organisational culture,false
AL-004662,SK-000650,ALIAS,regulate organisational culture,false
DOM-000739,SK-000650,DOMAIN,HR,1.0
AL-004663,SK-000651,ALIAS,instruct employees,false
AL-004664,SK-000651,ALIAS,upskill employees,false
AL-004665,SK-000651,ALIAS,train an employee,false
AL-004666,SK-000651,ALIAS,training employees,false
AL-004667,SK-000651,ALIAS,teach employees,false
DOM-000740,SK-000651,DOMAIN,BUSINESS,1.0
DOM-000741,SK-000651,DOMAIN,HR,1.0
AL-001445,SK-000652,ALIAS,ICT market trends,false
DOM-000742,SK-000652,DOMAIN,BUSINESS,1.0
AL-004668,SK-000653,ALIAS,notice potential markets for companies,false
AL-004669,SK-000653,ALIAS,find potential markets for companies,false
AL-004670,SK-000653,ALIAS,identify potential markets,false
AL-004671,SK-000653,ALIAS,identify potential market for companies,false
AL-004672,SK-000653,ALIAS,identifying potential market for companies,false
AL-004673,SK-000653,ALIAS,locate potential markets for companies,false
DOM-000743,SK-000653,DOMAIN,BUSINESS,1.0
AL-001447,SK-000654,ALIAS,SAS Data Management software,false
DOM-000744,SK-000654,DOMAIN,IT,1.0
AL-004674,SK-000655,ALIAS,installing a network security firewall,false
AL-004675,SK-000655,ALIAS,install a network security firewall,false
AL-004676,SK-000655,ALIAS,implementing network firewall,false
AL-004677,SK-000655,ALIAS,install a firewall,false
AL-004678,SK-000655,ALIAS,implementing a firewall,false
AL-004679,SK-000655,ALIAS,firewall implementing,false
AL-004680,SK-000655,ALIAS,implement network firewall,false
AL-004681,SK-000655,ALIAS,network firewall implementing,false
AL-004682,SK-000655,ALIAS,installing a firewall,false
DOM-000745,SK-000655,DOMAIN,IT,1.0
AL-001449,SK-000656,ALIAS,manage data protection keys,false
DOM-000746,SK-000656,DOMAIN,IT,1.0
AL-001450,SK-000657,ALIAS,Cascading Style Sheets,false
DOM-000747,SK-000657,DOMAIN,IT,1.0
AL-004683,SK-000658,ALIAS,perform accounts allocation,false
AL-004684,SK-000658,ALIAS,conduct account allocation,false
AL-004685,SK-000658,ALIAS,performing account allocation,false
AL-004686,SK-000658,ALIAS,handle account allocation,false
AL-004687,SK-000658,ALIAS,perform allocation of accounts,false
DOM-000748,SK-000658,DOMAIN,BUSINESS,1.0
AL-004688,SK-000659,ALIAS,offer suggestions on security risk management,false
AL-004689,SK-000659,ALIAS,advising on security risk management,false
AL-004690,SK-000659,ALIAS,advise on security risks,false
AL-004691,SK-000659,ALIAS,make recommendations about security risk management,false
AL-004692,SK-000659,ALIAS,advise on management of security risks,false
DOM-000749,SK-000659,DOMAIN,IT,1.0
AL-004693,SK-000660,ALIAS,strategies for sales,false
AL-004694,SK-000660,ALIAS,sales scenarios,false
AL-004695,SK-000660,ALIAS,sales plans,false
AL-004696,SK-000660,ALIAS,sales policies,false
AL-004697,SK-000660,ALIAS,sales blueprints,false
AL-004698,SK-000660,ALIAS,a sales strategy,false
AL-004699,SK-000660,ALIAS,sales strategy,false
DOM-000750,SK-000660,DOMAIN,BUSINESS,1.0
AL-004700,SK-000661,ALIAS,content production techniques,false
AL-004701,SK-000661,ALIAS,content production processes,false
DOM-000751,SK-000661,DOMAIN,IT,1.0
DOM-000752,SK-000661,DOMAIN,BUSINESS,1.0
AL-001455,SK-000662,ALIAS,Pascal,false
DOM-000753,SK-000662,DOMAIN,IT,1.0
AL-004702,SK-000663,ALIAS,create content for web elements,false
AL-004703,SK-000663,ALIAS,write description for web elements,false
DOM-000754,SK-000663,DOMAIN,IT,1.0
AL-004704,SK-000664,ALIAS,attaching accounting certificates to accounting transactions,false
AL-004705,SK-000664,ALIAS,attach certificates to accounting transactions,false
AL-004706,SK-000664,ALIAS,affix accounting certificates to accounting transactions,false
AL-004707,SK-000664,ALIAS,attach accounting certificate to accounting transactions,false
DOM-000755,SK-000664,DOMAIN,BUSINESS,1.0
AL-001458,SK-000665,ALIAS,principles of data ethics,false
DOM-000756,SK-000665,DOMAIN,IT,1.0
AL-001459,SK-000666,ALIAS,test interface between software components,false
DOM-000757,SK-000666,DOMAIN,IT,1.0
AL-004708,SK-000667,ALIAS,create business plans,false
AL-004709,SK-000667,ALIAS,develop plans for business,false
AL-004710,SK-000667,ALIAS,produce business plans,false
AL-004711,SK-000667,ALIAS,developing business plans,false
AL-004712,SK-000667,ALIAS,develop business plan,false
AL-004713,SK-000667,ALIAS,generate business plans,false
DOM-000758,SK-000667,DOMAIN,BUSINESS,1.0
AL-004714,SK-000668,ALIAS,build a trusting relationship,false
AL-004715,SK-000668,ALIAS,build a culture of trust,false
AL-004716,SK-000668,ALIAS,nurture trusted relationships,false
AL-004717,SK-000668,ALIAS,create trust,false
AL-004718,SK-000668,ALIAS,foster trust and confidence,false
AL-004719,SK-000668,ALIAS,build credibility,false
AL-004720,SK-000668,ALIAS,inspire trust and confidence,false
DOM-000759,SK-000668,DOMAIN,HR,1.0
AL-004721,SK-000669,ALIAS,ABAP Programming Techniques,false
AL-004722,SK-000669,ALIAS,ABAP software development,false
AL-004723,SK-000669,ALIAS,ABAP software techniques,false
DOM-000760,SK-000669,DOMAIN,IT,1.0
AL-004724,SK-000670,ALIAS,simulate customer software problems,false
AL-004725,SK-000670,ALIAS,analyse customer software problems,false
AL-004726,SK-000670,ALIAS,replicate customer software problems,false
AL-004727,SK-000670,ALIAS,simulate customer software issues,false
AL-004728,SK-000670,ALIAS,analyse customer software issues,false
DOM-000761,SK-000670,DOMAIN,IT,1.0
AL-004729,SK-000671,ALIAS,develops corporate training programmes,false
AL-004730,SK-000671,ALIAS,develop corporate training program,false
AL-004731,SK-000671,ALIAS,developing corporate training programmes,false
AL-004732,SK-000671,ALIAS,write corporate training programmes,false
AL-004733,SK-000671,ALIAS,generate corporate training programmes,false
AL-004734,SK-000671,ALIAS,develop corporate training programs,false
AL-004735,SK-000671,ALIAS,create corporate training programmes,false
DOM-000762,SK-000671,DOMAIN,HR,1.0
AL-004736,SK-000672,ALIAS,organise mobile marketing,false
AL-004737,SK-000672,ALIAS,conduct cell phone marketing,false
AL-004738,SK-000672,ALIAS,mobile marketing conducting,false
AL-004739,SK-000672,ALIAS,manage mobile marketing,false
AL-004740,SK-000672,ALIAS,undertake mobile marketing,false
AL-004741,SK-000672,ALIAS,carry out mobile marketing,false
AL-004742,SK-000672,ALIAS,conducting mobile marketing,false
AL-004743,SK-000672,ALIAS,conduct mobile marketing campaign,false
DOM-000763,SK-000672,DOMAIN,BUSINESS,1.0
AL-001466,SK-000673,ALIAS,performance analysis techniques,false
DOM-000764,SK-000673,DOMAIN,IT,1.0
AL-004744,SK-000674,ALIAS,research methodology,false
AL-004745,SK-000674,ALIAS,methods of research,false
AL-004746,SK-000674,ALIAS,scientific methods,false
AL-004747,SK-000674,ALIAS,process of scientific research,false
AL-004748,SK-000674,ALIAS,theoretical methodology in scientific research,false
DOM-000765,SK-000674,DOMAIN,BUSINESS,1.0
AL-004749,SK-000675,ALIAS,setup system,false
AL-004750,SK-000675,ALIAS,assemble system,false
DOM-000766,SK-000675,DOMAIN,IT,1.0
AL-004751,SK-000676,ALIAS,search engine marketing,false
AL-004752,SK-000676,ALIAS,SEM,false
AL-004753,SK-000676,ALIAS,Search marketing,false
AL-004754,SK-000676,ALIAS,search engine optimization,false
DOM-000767,SK-000676,DOMAIN,BUSINESS,1.0
AL-004755,SK-000677,ALIAS,data science process,false
AL-004756,SK-000677,ALIAS,science of data,false
DOM-000768,SK-000677,DOMAIN,IT,1.0
AL-004757,SK-000678,ALIAS,align efforts towards business growth,false
AL-004758,SK-000678,ALIAS,align effort towards business development,false
AL-004759,SK-000678,ALIAS,aligning efforts towards business development,false
AL-004760,SK-000678,ALIAS,align business development efforts,false
AL-004761,SK-000678,ALIAS,coordinate efforts towards business development,false
DOM-000769,SK-000678,DOMAIN,BUSINESS,1.0
AL-001472,SK-000679,ALIAS,insourcing planning strategy,false
DOM-000770,SK-000679,DOMAIN,BUSINESS,1.0
AL-004762,SK-000680,ALIAS,oversee standard enterprise resource planning system,false
AL-004763,SK-000680,ALIAS,managing standard enterprise resource planning system,false
AL-004764,SK-000680,ALIAS,maintain standard enterprise resource planning system,false
AL-004765,SK-000680,ALIAS,manage standard enterprise resource planning systems,false
AL-004766,SK-000680,ALIAS,supervise standard enterprise resource planning system,false
AL-004767,SK-000680,ALIAS,standard enterprise resource planning system management,false
AL-004768,SK-000680,ALIAS,regulate standard enterprise resource planning system,false
DOM-000771,SK-000680,DOMAIN,BUSINESS,1.0
AL-004769,SK-000681,ALIAS,Information appliances,false
AL-004770,SK-000681,ALIAS,IoT,false
AL-004771,SK-000681,ALIAS,smart devices,false
AL-004772,SK-000681,ALIAS,Pervasive systems,false
AL-004773,SK-000681,ALIAS,Ubiquitous computing,false
DOM-000772,SK-000681,DOMAIN,IT,1.0
AL-004774,SK-000682,ALIAS,deliver gender equality strategies,false
AL-004775,SK-000682,ALIAS,monitor gender equality indicators,false
AL-004776,SK-000682,ALIAS,monitor gender equality practices,false
DOM-000773,SK-000682,DOMAIN,HR,1.0
AL-004777,SK-000683,ALIAS,shape organisational team based on competencies,false
AL-004778,SK-000683,ALIAS,shape competency-based organisational teams,false
AL-004779,SK-000683,ALIAS,put organisational teams together based on competencies,false
AL-004780,SK-000683,ALIAS,shaping organisational teams based on competencies,false
AL-004781,SK-000683,ALIAS,shape organisational teams based on competency,false
AL-004782,SK-000683,ALIAS,form organisational teams based on competencies,false
AL-004783,SK-000683,ALIAS,shape organizational teams based on competencies,false
DOM-000774,SK-000683,DOMAIN,BUSINESS,1.0
AL-004784,SK-000684,ALIAS,work with managers,false
AL-004785,SK-000684,ALIAS,liaising with managers,false
AL-004786,SK-000684,ALIAS,liaise with a manager,false
AL-004787,SK-000684,ALIAS,cooperate with managers,false
AL-004788,SK-000684,ALIAS,collaborate with managers,false
AL-004789,SK-000684,ALIAS,work together with managers,false
DOM-000775,SK-000684,DOMAIN,BUSINESS,1.0
AL-004790,SK-000685,ALIAS,prepare project documentation,false
AL-004791,SK-000685,ALIAS,formulate project documents,false
AL-004792,SK-000685,ALIAS,write project documentation,false
DOM-000776,SK-000685,DOMAIN,BUSINESS,1.0
AL-001479,SK-000686,ALIAS,talent management,false
DOM-000777,SK-000686,DOMAIN,HR,1.0
AL-004793,SK-000687,ALIAS,assess software specifications,false
AL-004794,SK-000687,ALIAS,examine software requirements,false
AL-004795,SK-000687,ALIAS,assess software systems,false
AL-004796,SK-000687,ALIAS,evaluate software design specification,false
AL-004797,SK-000687,ALIAS,analyse software or system specifications,false
DOM-000778,SK-000687,DOMAIN,IT,1.0
AL-004798,SK-000688,ALIAS,instruct on welfare benefits,false
AL-004799,SK-000688,ALIAS,help with on welfare benefits,false
AL-004800,SK-000688,ALIAS,welfare benefits recommendation,false
AL-004801,SK-000688,ALIAS,instruct on social security benefits,false
AL-004802,SK-000688,ALIAS,social security benefits recommendation,false
AL-004803,SK-000688,ALIAS,help with on social security benefits,false
DOM-000779,SK-000688,DOMAIN,HR,1.0
AL-004804,SK-000689,ALIAS,data processing,false
AL-004805,SK-000689,ALIAS,analyse data,false
AL-004806,SK-000689,ALIAS,processing of data,false
AL-004807,SK-000689,ALIAS,handle data,false
AL-004808,SK-000689,ALIAS,measure data,false
AL-004809,SK-000689,ALIAS,convert data,false
AL-004810,SK-000689,ALIAS,processing data,false
AL-004811,SK-000689,ALIAS,refine data,false
DOM-000780,SK-000689,DOMAIN,IT,1.0
AL-004812,SK-000690,ALIAS,assist people with disabilities in the work environment,false
AL-004813,SK-000690,ALIAS,integrate people with disabilities in the workplace,false
AL-004814,SK-000690,ALIAS,promote employment of people with disabilities,false
DOM-000781,SK-000690,DOMAIN,HR,1.0
AL-004815,SK-000691,ALIAS,Jenkins Continuous Integration server,false
AL-004816,SK-000691,ALIAS,Jenkins,false
AL-004817,SK-000691,ALIAS,Jenkins CI,false
DOM-000782,SK-000691,DOMAIN,IT,1.0
AL-004818,SK-000692,ALIAS,adapt development activities of technological projects,false
AL-004819,SK-000692,ALIAS,adapt the design of technological projects,false
AL-004820,SK-000692,ALIAS,meet organisational needs for technological projects,false
AL-004821,SK-000692,ALIAS,adapt to changes in strategies for technological projects,false
DOM-000783,SK-000692,DOMAIN,IT,1.0
AL-004822,SK-000693,ALIAS,supervising accounting operations,false
AL-004823,SK-000693,ALIAS,oversee accounting operations,false
AL-004824,SK-000693,ALIAS,supervise account operations,false
AL-004825,SK-000693,ALIAS,manage accounting operations accounting operations,false
AL-004826,SK-000693,ALIAS,supervise accounting operation,false
DOM-000784,SK-000693,DOMAIN,BUSINESS,1.0
AL-004827,SK-000694,ALIAS,Couchbase Query Language,false
AL-004828,SK-000694,ALIAS,Non-first Normal Form Query Language,false
DOM-000785,SK-000694,DOMAIN,IT,1.0
AL-004829,SK-000695,ALIAS,create resource plans,false
AL-004830,SK-000695,ALIAS,lead the resource planning process,false
AL-004831,SK-000695,ALIAS,improve resource planning,false
AL-004832,SK-000695,ALIAS,conduct resource planning,false
AL-004833,SK-000695,ALIAS,manage resource schedules,false
AL-004834,SK-000695,ALIAS,build resource plan,false
AL-004835,SK-000695,ALIAS,develop resource plans,false
AL-004836,SK-000695,ALIAS,design resource planning,false
AL-004837,SK-000695,ALIAS,lead on resource planning,false
DOM-000786,SK-000695,DOMAIN,BUSINESS,1.0
AL-004838,SK-000696,ALIAS,follow the company standards,false
AL-004839,SK-000696,ALIAS,follow a company standard,false
AL-004840,SK-000696,ALIAS,follow company codes,false
AL-004841,SK-000696,ALIAS,follow company rules,false
AL-004842,SK-000696,ALIAS,follow company measures,false
AL-004843,SK-000696,ALIAS,follow company requirements,false
AL-004844,SK-000696,ALIAS,following company standards,false
DOM-000787,SK-000696,DOMAIN,BUSINESS,1.0
AL-004845,SK-000697,ALIAS,PPC,false
AL-004846,SK-000697,ALIAS,make strategic business choices,false
AL-004847,SK-000697,ALIAS,make tactical business decisions,false
AL-004848,SK-000697,ALIAS,pay per click,false
DOM-000788,SK-000697,DOMAIN,BUSINESS,1.0
AL-001491,SK-000698,ALIAS,empirical data analysis,false
DOM-000789,SK-000698,DOMAIN,IT,1.0
AL-004849,SK-000699,ALIAS,synthesise complex information,false
AL-004850,SK-000699,ALIAS,summarise information,false
AL-004851,SK-000699,ALIAS,interpret complex information,false
AL-004852,SK-000699,ALIAS,critically summarise information,false
AL-004853,SK-000699,ALIAS,write synthesis essays,false
DOM-000790,SK-000699,DOMAIN,IT,1.0
AL-004854,SK-000700,ALIAS,company policy,false
AL-004855,SK-000700,ALIAS,employer's policies,false
AL-004856,SK-000700,ALIAS,policies of a company,false
AL-004857,SK-000700,ALIAS,corporation's policies,false
DOM-000791,SK-000700,DOMAIN,HR,1.0
AL-004858,SK-000701,ALIAS,develop retention programs for employees,false
AL-004859,SK-000701,ALIAS,create employee retention programs,false
AL-004860,SK-000701,ALIAS,developing employee retention programs,false
AL-004861,SK-000701,ALIAS,come up with employee retention programs,false
AL-004862,SK-000701,ALIAS,generate employee retention programs,false
AL-004863,SK-000701,ALIAS,develop employee retention program,false
DOM-000792,SK-000701,DOMAIN,HR,1.0
AL-004864,SK-000702,ALIAS,supervise government policy execution,false
AL-004865,SK-000702,ALIAS,oversee government policy implementation,false
AL-004866,SK-000702,ALIAS,regulate government policy implementation,false
AL-004867,SK-000702,ALIAS,monitor government policy implementation,false
AL-004868,SK-000702,ALIAS,regulate government policy execution,false
AL-004869,SK-000702,ALIAS,administer government policy implementation,false
AL-004870,SK-000702,ALIAS,administer government policy execution,false
AL-004871,SK-000702,ALIAS,oversee government policy execution,false
AL-004872,SK-000702,ALIAS,supervise government policy implementation,false
DOM-000793,SK-000702,DOMAIN,HR,1.0
AL-004873,SK-000703,ALIAS,work across disciplines,false
AL-004874,SK-000703,ALIAS,work across functional boundaries,false
AL-004875,SK-000703,ALIAS,conduct interdisciplinary research,false
AL-004876,SK-000703,ALIAS,use research findings across disciplines,false
AL-004877,SK-000703,ALIAS,use research findings across functional boundaries,false
DOM-000794,SK-000703,DOMAIN,IT,1.0
AL-004878,SK-000704,ALIAS,implementing a strategic plan,false
AL-004879,SK-000704,ALIAS,utilise strategic planning,false
AL-004880,SK-000704,ALIAS,introduce strategic planning,false
AL-004881,SK-000704,ALIAS,implementing strategic planning,false
AL-004882,SK-000704,ALIAS,strategic planning implementation,false
AL-004883,SK-000704,ALIAS,execute strategic planning,false
AL-004884,SK-000704,ALIAS,administer strategic planning,false
DOM-000795,SK-000704,DOMAIN,BUSINESS,1.0
AL-001498,SK-000705,ALIAS,web services systems,false
DOM-000796,SK-000705,DOMAIN,IT,1.0
AL-004885,SK-000706,ALIAS,build data processing applications,false
AL-004886,SK-000706,ALIAS,design data processing applications,false
AL-004887,SK-000706,ALIAS,design data processing software,false
AL-004888,SK-000706,ALIAS,develop data processing software,false
AL-004889,SK-000706,ALIAS,create data processing applications,false
DOM-000797,SK-000706,DOMAIN,IT,1.0
AL-004890,SK-000707,ALIAS,innovate,false
AL-004891,SK-000707,ALIAS,seek an innovative current practice,false
AL-004892,SK-000707,ALIAS,identify innovation,false
AL-004893,SK-000707,ALIAS,seek innovative current practices,false
DOM-000798,SK-000707,DOMAIN,BUSINESS,1.0
AL-004894,SK-000708,ALIAS,OS architecture,false
AL-004895,SK-000708,ALIAS,AS400,false
AL-004896,SK-000708,ALIAS,WIN/NT,false
AL-004897,SK-000708,ALIAS,Novell,false
AL-004898,SK-000708,ALIAS,VMS,false
DOM-000799,SK-000708,DOMAIN,IT,1.0
AL-001502,SK-000709,ALIAS,apply qualitative research methods,false
DOM-000800,SK-000709,DOMAIN,BUSINESS,1.0
AL-004899,SK-000710,ALIAS,encourage civic engagement in research,false
AL-004900,SK-000710,ALIAS,engage public in research,false
AL-004901,SK-000710,ALIAS,engage citizens in scientific and research activities,false
AL-004902,SK-000710,ALIAS,foster public involvement in scientific research,false
AL-004903,SK-000710,ALIAS,promote citizens participation in research,false
DOM-000801,SK-000710,DOMAIN,IT,1.0
AL-004904,SK-000711,ALIAS,Quality maturity models,false
AL-004905,SK-000711,ALIAS,CMMI (Capability Maturity Model Integrated),false
AL-004906,SK-000711,ALIAS,software process quality,false
AL-004907,SK-000711,ALIAS,CMM,false
DOM-000802,SK-000711,DOMAIN,IT,1.0
AL-001505,SK-000712,ALIAS,software measurement metrics,false
DOM-000803,SK-000712,DOMAIN,IT,1.0
AL-004908,SK-000713,ALIAS,individual employee supporting,false
AL-004909,SK-000713,ALIAS,support individual employees,false
AL-004910,SK-000713,ALIAS,mentoring employees individually,false
AL-004911,SK-000713,ALIAS,supporting employees individually,false
AL-004912,SK-000713,ALIAS,support employees individually,false
AL-004913,SK-000713,ALIAS,mentor employees individually,false
AL-004914,SK-000713,ALIAS,mentoring individual employees,false
AL-004915,SK-000713,ALIAS,individual employee mentoring,false
AL-004916,SK-000713,ALIAS,supporting individual employees,false
DOM-000804,SK-000713,DOMAIN,HR,1.0
AL-001507,SK-000714,ALIAS,manage data models,false
DOM-000805,SK-000714,DOMAIN,IT,1.0
AL-004917,SK-000715,ALIAS,manage stress in organization,false
AL-004918,SK-000715,ALIAS,deal with stress in an organization,false
AL-004919,SK-000715,ALIAS,handle stress in organizations,false
AL-004920,SK-000715,ALIAS,cope with stress in organisation,false
AL-004921,SK-000715,ALIAS,cope with pressure in the work place,false
AL-004922,SK-000715,ALIAS,manage stress in an organisation,false
AL-004923,SK-000715,ALIAS,handle stressful situations in an organisation,false
AL-004924,SK-000715,ALIAS,manage stress in organisations,false
DOM-000806,SK-000715,DOMAIN,HR,1.0
AL-004925,SK-000716,ALIAS,identify with the company's mission,false
AL-004926,SK-000716,ALIAS,identify with the company's vision and goals,false
AL-004927,SK-000716,ALIAS,make the company's goals one's own,false
AL-004928,SK-000716,ALIAS,understand and pursue the company's goals,false
DOM-000807,SK-000716,DOMAIN,HR,1.0
AL-004929,SK-000717,ALIAS,insurance typology,false
AL-004930,SK-000717,ALIAS,categories of insurance types,false
AL-004931,SK-000717,ALIAS,types of insurance products,false
AL-004932,SK-000717,ALIAS,insurance types,false
AL-004933,SK-000717,ALIAS,insurance categories,false
DOM-000808,SK-000717,DOMAIN,HR,1.0
AL-004934,SK-000718,ALIAS,design user interface specifications,false
AL-004935,SK-000718,ALIAS,design user interfaces,false
DOM-000809,SK-000718,DOMAIN,IT,1.0
AL-001512,SK-000719,ALIAS,implement data warehousing solutions,false
DOM-000810,SK-000719,DOMAIN,IT,1.0
AL-004936,SK-000720,ALIAS,liaising with distribution channel managers,false
AL-004937,SK-000720,ALIAS,collaborate with distribution channel managers,false
AL-004938,SK-000720,ALIAS,liaise managers for distribution channel,false
AL-004939,SK-000720,ALIAS,cooperate with distribution channel managers,false
AL-004940,SK-000720,ALIAS,liaise with distribution channel manager,false
AL-004941,SK-000720,ALIAS,work together with distribution channel managers,false
DOM-000811,SK-000720,DOMAIN,BUSINESS,1.0
AL-004942,SK-000721,ALIAS,identify ICT security risks and threats,false
AL-004943,SK-000721,ALIAS,model ICT threats,false
DOM-000812,SK-000721,DOMAIN,IT,1.0
AL-004944,SK-000722,ALIAS,communication principle,false
AL-004945,SK-000722,ALIAS,communication theories,false
AL-004946,SK-000722,ALIAS,principles of communication,false
AL-004947,SK-000722,ALIAS,communication ideals,false
DOM-000813,SK-000722,DOMAIN,BUSINESS,1.0
AL-004948,SK-000723,ALIAS,complete market research,false
AL-004949,SK-000723,ALIAS,performing market research,false
AL-004950,SK-000723,ALIAS,implement market research,false
AL-004951,SK-000723,ALIAS,market research performance,false
AL-004952,SK-000723,ALIAS,undertake market research,false
DOM-000814,SK-000723,DOMAIN,BUSINESS,1.0
AL-001517,SK-000724,ALIAS,data modelling,false
DOM-000815,SK-000724,DOMAIN,IT,1.0
AL-001518,SK-000725,ALIAS,perform software crash and recovery testing,false
DOM-000816,SK-000725,DOMAIN,IT,1.0
AL-001519,SK-000726,ALIAS,management systems principles,false
DOM-000817,SK-000726,DOMAIN,BUSINESS,1.0
AL-004953,SK-000727,ALIAS,engage in public awareness of research,false
AL-004954,SK-000727,ALIAS,communicate scientific results to the public,false
AL-004955,SK-000727,ALIAS,support public understanding of science findings,false
AL-004956,SK-000727,ALIAS,communicate publicly about scientific findings,false
DOM-000818,SK-000727,DOMAIN,IT,1.0
AL-004957,SK-000728,ALIAS,analyse job-related written reports,false
AL-004958,SK-000728,ALIAS,evaluate work-related written reports,false
AL-004959,SK-000728,ALIAS,conduct analysis of written reports,false
AL-004960,SK-000728,ALIAS,conduct analysis of the content of job-related written reports,false
AL-004961,SK-000728,ALIAS,assess work-related written reports,false
AL-004962,SK-000728,ALIAS,conduct analysis of content of work-related written reports,false
AL-004963,SK-000728,ALIAS,assess job-related written reports,false
AL-004964,SK-000728,ALIAS,conduct analysis of written reports and apply findings to work operations,false
AL-004965,SK-000728,ALIAS,evaluate job-related written reports,false
AL-004966,SK-000728,ALIAS,analyze work-related written reports,false
AL-004967,SK-000728,ALIAS,conduct analysis of the content of written reports,false
DOM-000819,SK-000728,DOMAIN,BUSINESS,1.0
AL-001522,SK-000729,ALIAS,Scala Programming Language,false
DOM-000820,SK-000729,DOMAIN,IT,1.0
DOM-000821,SK-000735,DOMAIN,IT,1.0
DOM-000822,SK-000747,DOMAIN,BUSINESS,1.0
DOM-000823,SK-000747,DOMAIN,IT,1.0
DOM-000824,SK-000748,DOMAIN,IT,1.0
DOM-000825,SK-000749,DOMAIN,IT,1.0
DOM-000826,SK-000750,DOMAIN,IT,1.0
DOM-000827,SK-000751,DOMAIN,IT,1.0
DOM-000828,SK-000757,DOMAIN,IT,1.0
DOM-000829,SK-000762,DOMAIN,BUSINESS,1.0
DOM-000830,SK-000766,DOMAIN,IT,1.0
DOM-000831,SK-000767,DOMAIN,IT,1.0
DOM-000832,SK-000769,DOMAIN,BUSINESS,1.0
DOM-000833,SK-000769,DOMAIN,HR,1.0
DOM-000834,SK-000770,DOMAIN,BUSINESS,1.0
DOM-000835,SK-000773,DOMAIN,HR,1.0
DOM-000836,SK-000773,DOMAIN,IT,1.0
DOM-000837,SK-000774,DOMAIN,BUSINESS,1.0
DOM-000838,SK-000774,DOMAIN,HR,1.0
DOM-000839,SK-000775,DOMAIN,IT,1.0
