id,canonical_entity_id,record_type,value,is_verified
AL-001523,RL-000001,ALIAS,financial director,FALSE
AL-001524,RL-000001,ALIAS,head of accounts,FALSE
AL-001525,RL-000001,ALIAS,accounts payable manager,FALSE
AL-001526,RL-000001,ALIAS,financial accounts supervisor,FALSE
AL-001527,RL-000001,ALIAS,accounting office manager,FALSE
AL-001528,RL-000001,ALIAS,accounting department manager,FALSE
AL-001529,RL-000001,ALIAS,accounting director,FALSE
AL-001530,RL-000001,ALIAS,group accounting manager,FALSE
AL-001531,RL-000001,ALIAS,financial accounting manager,FALSE
AL-001532,RL-000001,ALIAS,cost accounting manager,FALSE
AL-001533,RL-000002,ALIAS,job placement officer,FALSE
AL-001534,RL-000002,ALIAS,temporary labour officer,FALSE
AL-001535,RL-000002,ALIAS,employment agent,FALSE
AL-001536,RL-000002,ALIAS,employee recruiter,FALSE
AL-001537,RL-000002,ALIAS,job placement consultant,FALSE
AL-001538,RL-000002,ALIAS,temporary labour agent,FALSE
AL-001539,RL-000002,ALIAS,recruiting process consultant,FALSE
AL-001540,RL-000002,ALIAS,head hunter,FALSE
AL-001541,RL-000002,ALIAS,recruitment officer,FALSE
AL-001542,RL-000003,ALIAS,module tester,FALSE
AL-001543,RL-000003,ALIAS,application tester,FALSE
AL-001544,RL-000003,ALIAS,soft tester,FALSE
AL-001545,RL-000003,ALIAS,application software tester,FALSE
AL-001546,RL-000003,ALIAS,software testing specialist,FALSE
AL-001547,RL-000003,ALIAS,unit tester,FALSE
AL-001548,RL-000003,ALIAS,software testers,FALSE
AL-001549,RL-000003,ALIAS,software application tester,FALSE
AL-001550,RL-000003,ALIAS,tester,FALSE
AL-001551,RL-000004,ALIAS,compensation advisor,FALSE
AL-001552,RL-000004,ALIAS,incentive compensation analyst,FALSE
AL-001553,RL-000004,ALIAS,compensation coordinator,FALSE
AL-001554,RL-000004,ALIAS,compensation manager,FALSE
AL-001555,RL-000004,ALIAS,benefits and compensation analyst,FALSE
AL-001556,RL-000004,ALIAS,compensation and benefits analyst,FALSE
AL-001557,RL-000004,ALIAS,compensation consultant,FALSE
AL-001558,RL-000004,ALIAS,compensation lead,FALSE
AL-001559,RL-000004,ALIAS,total rewards analyst,FALSE
AL-001560,RL-000004,ALIAS,global compensation analyst,FALSE
AL-001561,RL-000004,ALIAS,manager of compensation,FALSE
AL-001562,RL-000004,ALIAS,compensation administrator,FALSE
AL-001563,RL-000004,ALIAS,international compensation analyst,FALSE
AL-001564,RL-000004,ALIAS,HR compensation analyst,FALSE
AL-001565,RL-000004,ALIAS,variable compensation analyst,FALSE
AL-001566,RL-000005,ALIAS,data engineer expert,FALSE
AL-001567,RL-000005,ALIAS,research data engineer,FALSE
AL-001568,RL-000006,ALIAS,data expert,FALSE
AL-001569,RL-000006,ALIAS,research data scientist,FALSE
AL-001570,RL-000006,ALIAS,data research scientist,FALSE
AL-001571,RL-000006,ALIAS,electromobility data scientist,FALSE
AL-001572,RL-000007,ALIAS,hybrid cloud engineer,FALSE
AL-001573,RL-000007,ALIAS,cloud computing engineer,FALSE
AL-001574,RL-000007,ALIAS,cloud infrastructure engineer,FALSE
AL-001575,RL-000007,ALIAS,cloud software engineer,FALSE
AL-001576,RL-000007,ALIAS,cloud-native engineer,FALSE
AL-001577,RL-000007,ALIAS,cloud security engineer,FALSE
AL-001578,RL-000007,ALIAS,cloud developer,FALSE
AL-001579,RL-000007,ALIAS,cloud network engineer,FALSE
AL-001580,RL-000007,ALIAS,cloud solution engineer,FALSE
AL-001581,RL-000008,ALIAS,embedded systems software developers,FALSE
AL-001582,RL-000008,ALIAS,embedded software developerl embedded systems engineer,FALSE
AL-001583,RL-000008,ALIAS,embedded systems designer,FALSE
AL-001584,RL-000008,ALIAS,embedded system software programmer,FALSE
AL-001585,RL-000008,ALIAS,embedded software programmer,FALSE
AL-001586,RL-000008,ALIAS,embedded system software developer,FALSE
AL-001587,RL-000009,ALIAS,IT business development manager,FALSE
AL-001588,RL-000009,ALIAS,ICT commercial development manager,FALSE
AL-001589,RL-000009,ALIAS,IT commercial development manager,FALSE
AL-001590,RL-000009,ALIAS,ICT business development managers,FALSE
AL-001591,RL-000010,ALIAS,management consultant,FALSE
AL-001592,RL-000010,ALIAS,standardisation manager,FALSE
AL-001593,RL-000010,ALIAS,business strategy analyst,FALSE
AL-001594,RL-000010,ALIAS,organisational developer,FALSE
AL-001595,RL-000010,ALIAS,standardisation expert,FALSE
AL-001596,RL-000010,ALIAS,business strategy consultant,FALSE
AL-001597,RL-000010,ALIAS,standardization expert,FALSE
AL-001598,RL-000010,ALIAS,business development analyst,FALSE
AL-001599,RL-000011,ALIAS,market manager,FALSE
AL-001600,RL-000011,ALIAS,sales and marketing manager,FALSE
AL-001601,RL-000011,ALIAS,marketing director,FALSE
AL-001602,RL-000011,ALIAS,promotions manager,FALSE
AL-001603,RL-000011,ALIAS,telemarketing manager,FALSE
AL-001604,RL-000011,ALIAS,advertising sales manager,FALSE
AL-001605,RL-000011,ALIAS,product marketing manager,FALSE
AL-001606,RL-000011,ALIAS,marketing and promotions manager,FALSE
AL-001607,RL-000011,ALIAS,marketing executive,FALSE
AL-001608,RL-000011,ALIAS,market development manager,FALSE
AL-001609,RL-000012,ALIAS,cybersecurity specialist,FALSE
AL-001610,RL-000012,ALIAS,cybersecurity risk assurance consultant,FALSE
AL-001611,RL-000012,ALIAS,information security manager,FALSE
AL-001612,RL-000012,ALIAS,cyber risk manager,FALSE
AL-001613,RL-000012,ALIAS,cybersecurity risk assessor,FALSE
AL-001614,RL-000012,ALIAS,IT security chief,FALSE
AL-001615,RL-000012,ALIAS,ICT security chief,FALSE
AL-001616,RL-000012,ALIAS,ICT security manager,FALSE
AL-001617,RL-000012,ALIAS,ICT technical security expert,FALSE
AL-001618,RL-000012,ALIAS,security coordinator,FALSE
AL-001619,RL-000012,ALIAS,cybersecurity impact analyst,FALSE
AL-001620,RL-000012,ALIAS,IT security manager,FALSE
AL-001621,RL-000012,ALIAS,information security risk analyst,FALSE
AL-001622,RL-000013,ALIAS,talent acquisition specialist,FALSE
AL-001623,RL-000013,ALIAS,talent acquisition partner,FALSE
AL-001624,RL-000013,ALIAS,talent acquisition recruiter,FALSE
AL-001625,RL-000014,ALIAS,special project manager,FALSE
AL-001626,RL-000014,ALIAS,project expediter,FALSE
AL-001627,RL-000014,ALIAS,project leader,FALSE
AL-001628,RL-000014,ALIAS,projects manager,FALSE
AL-001629,RL-000014,ALIAS,project coordinator,FALSE
AL-001630,RL-000014,ALIAS,project director,FALSE
AL-001631,RL-000014,ALIAS,senior project manager,FALSE
AL-001632,RL-000015,ALIAS,web application developer,FALSE
AL-001633,RL-000015,ALIAS,web developers,FALSE
AL-001634,RL-000015,ALIAS,web engineer,FALSE
AL-001635,RL-000015,ALIAS,web specialist,FALSE
AL-001636,RL-000015,ALIAS,web programmer,FALSE
AL-001637,RL-000016,ALIAS,HR director,FALSE
AL-001638,RL-000016,ALIAS,personnel rep,FALSE
AL-001639,RL-000016,ALIAS,human resources director,FALSE
AL-001640,RL-000016,ALIAS,HR officer,FALSE
AL-001641,RL-000016,ALIAS,lifelong learning coach,FALSE
AL-001642,RL-000016,ALIAS,personnel manager,FALSE
AL-001643,RL-000016,ALIAS,personnel representative,FALSE
AL-001644,RL-000016,ALIAS,human resources supervisor,FALSE
AL-001645,RL-000016,ALIAS,personnel officer,FALSE
AL-001646,RL-000016,ALIAS,human resources worker,FALSE
AL-001647,RL-000016,ALIAS,HR worker,FALSE
AL-001648,RL-000016,ALIAS,personnel expert,FALSE
AL-001649,RL-000016,ALIAS,HR rep,FALSE
AL-001650,RL-000016,ALIAS,HR supervisor,FALSE
AL-001651,RL-000016,ALIAS,human resource officer,FALSE
AL-001652,RL-000016,ALIAS,personnel supervisor,FALSE
AL-001653,RL-000016,ALIAS,HR representative,FALSE
AL-001654,RL-000016,ALIAS,human resources representative,FALSE
AL-001655,RL-000016,ALIAS,personnel assistant,FALSE
AL-001656,RL-000016,ALIAS,personnel director,FALSE
AL-001657,RL-000016,ALIAS,personnel worker,FALSE
AL-001658,RL-000016,ALIAS,personnel administrator,FALSE
AL-001659,RL-000016,ALIAS,skills trainer,FALSE
AL-001660,RL-000016,ALIAS,personnel recruiter,FALSE
AL-001661,RL-000016,ALIAS,human resources rep,FALSE
AL-001662,RL-000016,ALIAS,personnel development specialist,FALSE
AL-001663,RL-000016,ALIAS,competencies trainer,FALSE
AL-001664,RL-000017,ALIAS,battery data analyst,FALSE
AL-001665,RL-000017,ALIAS,mine electrification data analyst,FALSE
AL-001666,RL-000017,ALIAS,data warehouse analyst,FALSE
AL-001667,RL-000017,ALIAS,data warehousing analyst,FALSE
AL-001668,RL-000017,ALIAS,battery materials data analyst,FALSE
AL-001669,RL-000017,ALIAS,battery module performance data analyst,FALSE
AL-001670,RL-000017,ALIAS,business data analyst,FALSE
AL-001671,RL-000017,ALIAS,data storage analyst,FALSE
AL-001672,RL-000018,ALIAS,human resources director,FALSE
AL-001673,RL-000018,ALIAS,personnel manager,FALSE
AL-001674,RL-000018,ALIAS,personnel director,FALSE
AL-001675,RL-000018,ALIAS,relocation manager,FALSE
AL-001676,RL-000018,ALIAS,human resources specialist,FALSE
AL-001677,RL-000018,ALIAS,HRM manager,FALSE
AL-001678,RL-000018,ALIAS,staffing manager,FALSE
AL-001679,RL-000018,ALIAS,employee benefits manager,FALSE
AL-001680,RL-000018,ALIAS,benefits manager,FALSE
AL-001681,RL-000018,ALIAS,career advice office manager,FALSE
AL-001682,RL-000018,ALIAS,recruitment manager,FALSE
AL-001683,RL-000018,ALIAS,industrial relations manager,FALSE
AL-001684,RL-000018,ALIAS,outplacement office manager,FALSE
AL-001685,RL-000018,ALIAS,HR manager,FALSE
AL-001686,RL-000019,ALIAS,requirement engineer,FALSE
AL-001687,RL-000019,ALIAS,business process specialist,FALSE
AL-001688,RL-000019,ALIAS,IT business analyst,FALSE
AL-001689,RL-000019,ALIAS,ICT business analysts,FALSE
AL-000020,RL-000020,ALIAS,BD Director (Business Development Director),FALSE
AL-000021,RL-000020,ALIAS,BD Manager (Business Development Manager),FALSE
AL-000022,RL-000020,ALIAS,Brand Manager,FALSE
AL-000023,RL-000020,ALIAS,Business Developer,FALSE
AL-000024,RL-000020,ALIAS,Category Manager,FALSE
AL-000025,RL-000020,ALIAS,Channel Manager,FALSE
AL-000026,RL-000020,ALIAS,Commercial Director,FALSE
AL-000027,RL-000020,ALIAS,Digital Marketing Manager,FALSE
AL-000028,RL-000020,ALIAS,Digital Product Manager,FALSE
AL-000029,RL-000020,ALIAS,Internet Marketing Manager,FALSE
AL-000030,RL-000020,ALIAS,Market Analysis Director,FALSE
AL-000031,RL-000020,ALIAS,Market Development Executive,FALSE
AL-000032,RL-000020,ALIAS,Market Development Manager,FALSE
AL-000033,RL-000020,ALIAS,Market Research Manager,FALSE
AL-000034,RL-000020,ALIAS,Marketing Administrator (Marketing Admin),FALSE
AL-000035,RL-000020,ALIAS,Marketing Communications Manager,FALSE
AL-000036,RL-000020,ALIAS,Marketing Coordinator,FALSE
AL-000037,RL-000020,ALIAS,Marketing Director,FALSE
AL-000038,RL-000020,ALIAS,Marketing Executive,FALSE
AL-000039,RL-000020,ALIAS,Marketing Officer,FALSE
AL-000040,RL-000020,ALIAS,Marketing Operations Director (Marketing Ops Director),FALSE
AL-000041,RL-000020,ALIAS,Marketing Product Manager,FALSE
AL-000042,RL-000020,ALIAS,Marketing Sales Supervisor,FALSE
AL-000043,RL-000020,ALIAS,Media Marketing Director,FALSE
AL-000044,RL-000020,ALIAS,Membership Director,FALSE
AL-000045,RL-000020,ALIAS,Product Development Manager,FALSE
AL-000046,RL-000020,ALIAS,Product Line Manager (PLM),FALSE
AL-000047,RL-000020,ALIAS,Product Management Director,FALSE
AL-000048,RL-000020,ALIAS,Product Manager,FALSE
AL-000049,RL-000020,ALIAS,Product Marketing Manager,FALSE
AL-000050,RL-000020,ALIAS,Sales Marketing Director,FALSE
AL-000051,RL-000020,ALIAS,Sustainable Products Marketing Manager,FALSE
AL-000052,RL-000021,ALIAS,BD Director (Business Development Director),FALSE
AL-000053,RL-000021,ALIAS,Campaign Manager,FALSE
AL-000054,RL-000021,ALIAS,Communications Director,FALSE
AL-000055,RL-000021,ALIAS,Communications Manager,FALSE
AL-000056,RL-000021,ALIAS,Community Engagement Specialist,FALSE
AL-000057,RL-000021,ALIAS,Community Manager,FALSE
AL-000058,RL-000021,ALIAS,Community Outreach Coordinator,FALSE
AL-000059,RL-000021,ALIAS,Community Relations Director,FALSE
AL-000060,RL-000021,ALIAS,Outreach Coordinator,FALSE
AL-000061,RL-000021,ALIAS,PR Director (Public Relations Director),FALSE
AL-000062,RL-000021,ALIAS,PR Supervisor (Public Relations Supervisor),FALSE
AL-000063,RL-000021,ALIAS,Public Affairs Director,FALSE
AL-000064,RL-000021,ALIAS,Public Information Director,FALSE
AL-000065,RL-000021,ALIAS,Public Information Relations Manager,FALSE
AL-000066,RL-000021,ALIAS,Publicity Director,FALSE
AL-000067,RL-000021,ALIAS,Publicity Manager,FALSE
AL-000068,RL-000021,ALIAS,Relationship Manager,FALSE
AL-000069,RL-000021,ALIAS,Social Media Manager,FALSE
AL-000070,RL-000021,ALIAS,University Relations Director,FALSE
AL-000071,RL-000022,ALIAS,Accountant Supervisor,FALSE
AL-000072,RL-000022,ALIAS,Accounting Director,FALSE
AL-000073,RL-000022,ALIAS,Accounting Manager,FALSE
AL-000074,RL-000022,ALIAS,Accounting Supervisor,FALSE
AL-000075,RL-000022,ALIAS,Accounts Manager,FALSE
AL-000076,RL-000022,ALIAS,Accounts Payable Manager,FALSE
AL-000077,RL-000022,ALIAS,Accounts Supervisor,FALSE
AL-000078,RL-000022,ALIAS,Actuarial Manager,FALSE
AL-000079,RL-000022,ALIAS,Asset Manager,FALSE
AL-000080,RL-000022,ALIAS,ATM Manager (Automated Teller Machine Manager),FALSE
AL-000081,RL-000022,ALIAS,Auditing Manager,FALSE
AL-000082,RL-000022,ALIAS,Auditor Supervisor,FALSE
AL-000083,RL-000022,ALIAS,Auto Finance Manager (Automotive Finance Manager),FALSE
AL-000084,RL-000022,ALIAS,Bank Branch Manager,FALSE
AL-000085,RL-000022,ALIAS,Bank Manager,FALSE
AL-000086,RL-000022,ALIAS,Banking Branch Manager,FALSE
AL-000087,RL-000022,ALIAS,Banking Center Manager (BCM),FALSE
AL-000088,RL-000022,ALIAS,Banking Manager,FALSE
AL-000089,RL-000022,ALIAS,Banking Supervisor,FALSE
AL-000090,RL-000022,ALIAS,Branch Manager,FALSE
AL-000091,RL-000022,ALIAS,Budget Manager,FALSE
AL-000092,RL-000022,ALIAS,Business Banking Manager,FALSE
AL-000093,RL-000022,ALIAS,Cash Manager,FALSE
AL-000094,RL-000022,ALIAS,City Comptroller,FALSE
AL-000095,RL-000022,ALIAS,Collections Manager,FALSE
AL-000096,RL-000022,ALIAS,Comptroller,FALSE
AL-000097,RL-000022,ALIAS,Cost Accounting Manager,FALSE
AL-000098,RL-000022,ALIAS,Credit Administration Manager,FALSE
AL-000099,RL-000022,ALIAS,Credit and Collection Manager,FALSE
AL-000100,RL-000022,ALIAS,Credit Department Manager,FALSE
AL-000101,RL-000022,ALIAS,Credit Manager,FALSE
AL-000102,RL-000022,ALIAS,Credit Office Manager,FALSE
AL-000103,RL-000022,ALIAS,Credit Union Manager,FALSE
AL-000104,RL-000022,ALIAS,District Branch Manager,FALSE
AL-000105,RL-000022,ALIAS,Exchange Floor Manager,FALSE
AL-000106,RL-000022,ALIAS,Finance Director,FALSE
AL-000107,RL-000022,ALIAS,Finance Manager,FALSE
AL-000108,RL-000022,ALIAS,Financial Center Manager,FALSE
AL-000109,RL-000022,ALIAS,Financial Director,FALSE
AL-000110,RL-000022,ALIAS,Financial Institution Branch Manager,FALSE
AL-000111,RL-000022,ALIAS,Financial Institution Manager,FALSE
AL-000112,RL-000022,ALIAS,Financial Manager,FALSE
AL-000113,RL-000022,ALIAS,Financial Officer,FALSE
AL-000114,RL-000022,ALIAS,Financial Planning and Analysis Manager,FALSE
AL-000115,RL-000022,ALIAS,Financial Planning Manager,FALSE
AL-000116,RL-000022,ALIAS,Financial Reporting Manager,FALSE
AL-000117,RL-000022,ALIAS,Financial Supervisor,FALSE
AL-000118,RL-000022,ALIAS,Financial Systems Manager,FALSE
AL-000119,RL-000022,ALIAS,Fiscal Manager,FALSE
AL-000120,RL-000022,ALIAS,International Bank Manager,FALSE
AL-000121,RL-000022,ALIAS,Investment Manager,FALSE
AL-000122,RL-000022,ALIAS,Paymaster,FALSE
AL-000123,RL-000022,ALIAS,Reimbursement Director,FALSE
AL-000124,RL-000022,ALIAS,Residential Mortgage Manager,FALSE
AL-000125,RL-000022,ALIAS,Revenue Cycle Manager,FALSE
AL-000126,RL-000022,ALIAS,Risk and Insurance Manager,FALSE
AL-000127,RL-000022,ALIAS,Risk Management Director,FALSE
AL-000128,RL-000022,ALIAS,Tax Director,FALSE
AL-000129,RL-000022,ALIAS,Tax Manager,FALSE
AL-000130,RL-000023,ALIAS,Benefits Admin (Benefits Administrator),FALSE
AL-000131,RL-000023,ALIAS,Benefits Advisor,FALSE
AL-000132,RL-000023,ALIAS,Benefits Coordinator,FALSE
AL-000133,RL-000023,ALIAS,Benefits Director,FALSE
AL-000134,RL-000023,ALIAS,Benefits Manager,FALSE
AL-000135,RL-000023,ALIAS,Compensation and Benefits Director,FALSE
AL-000136,RL-000023,ALIAS,Compensation and Benefits Manager,FALSE
AL-000137,RL-000023,ALIAS,Compensation Director,FALSE
AL-000138,RL-000023,ALIAS,Compensation Manager,FALSE
AL-000139,RL-000023,ALIAS,Compensation Program Manager,FALSE
AL-000140,RL-000023,ALIAS,Employee Benefits Account Manager,FALSE
AL-000141,RL-000023,ALIAS,Employee Benefits Coordinator,FALSE
AL-000142,RL-000023,ALIAS,Employee Benefits Director,FALSE
AL-000143,RL-000023,ALIAS,Employee Benefits Manager,FALSE
AL-000144,RL-000023,ALIAS,Global Benefits Manager,FALSE
AL-000145,RL-000023,ALIAS,Global Compensation Director,FALSE
AL-000146,RL-000023,ALIAS,Global Compensation Manager,FALSE
AL-000147,RL-000023,ALIAS,Payroll and Benefits Manager,FALSE
AL-000148,RL-000023,ALIAS,Payroll Manager,FALSE
AL-000149,RL-000023,ALIAS,Personnel Manager,FALSE
AL-000150,RL-000023,ALIAS,Position Classification Manager,FALSE
AL-000151,RL-000023,ALIAS,Reimbursement Manager,FALSE
AL-000152,RL-000023,ALIAS,Reimbursements Manager,FALSE
AL-000153,RL-000023,ALIAS,Total Rewards Director,FALSE
AL-000154,RL-000023,ALIAS,Total Rewards Manager,FALSE
AL-000155,RL-000023,ALIAS,Wage and Salary Administrator (Wage and Salary Admin),FALSE
AL-000156,RL-000023,ALIAS,Workers' Compensation Manager,FALSE
AL-000157,RL-000024,ALIAS,Diversity and Inclusion Director,FALSE
AL-000158,RL-000024,ALIAS,Diversity Manager,FALSE
AL-000159,RL-000024,ALIAS,Efficiency Manager,FALSE
AL-000160,RL-000024,ALIAS,Employee Relations Manager,FALSE
AL-000161,RL-000024,ALIAS,Employee Welfare Manager,FALSE
AL-000162,RL-000024,ALIAS,Employment Manager,FALSE
AL-000163,RL-000024,ALIAS,HR Admin Director (Human Resources Administration Director),FALSE
AL-000164,RL-000024,ALIAS,HR Coordinator (Human Resources Coordinator),FALSE
AL-000165,RL-000024,ALIAS,HR Department Supervisor (Human Resources Department Supervisor),FALSE
AL-000166,RL-000024,ALIAS,HR Director (Human Resources Director),FALSE
AL-000167,RL-000024,ALIAS,HR Manager (Human Resources Manager),FALSE
AL-000168,RL-000024,ALIAS,HR Ops Manager (Human Resources Operations Manager),FALSE
AL-000169,RL-000024,ALIAS,HR Supervisor (Human Resources Supervisor),FALSE
AL-000170,RL-000024,ALIAS,HR VP (Human Resources Vice President),FALSE
AL-000171,RL-000024,ALIAS,Human Services Manager,FALSE
AL-000172,RL-000024,ALIAS,Industrial Relations Director,FALSE
AL-000173,RL-000024,ALIAS,Industrial Relations Manager,FALSE
AL-000174,RL-000024,ALIAS,Labor Relations Director,FALSE
AL-000175,RL-000024,ALIAS,Labor Relations Manager,FALSE
AL-000176,RL-000024,ALIAS,Personnel Director,FALSE
AL-000177,RL-000024,ALIAS,Personnel Generalist Manager,FALSE
AL-000178,RL-000024,ALIAS,Personnel Manager,FALSE
AL-000179,RL-000024,ALIAS,Placement Director,FALSE
AL-000180,RL-000024,ALIAS,Position Description Manager,FALSE
AL-000181,RL-000024,ALIAS,Recruiting Manager,FALSE
AL-000182,RL-000024,ALIAS,Recruitment Director,FALSE
AL-000183,RL-000024,ALIAS,Recruitment Manager,FALSE
AL-000184,RL-000024,ALIAS,Staffing Manager,FALSE
AL-000185,RL-000024,ALIAS,Talent Acquisition Director,FALSE
AL-000186,RL-000024,ALIAS,Talent Acquisition Manager,FALSE
AL-000187,RL-000024,ALIAS,Workforce Manager,FALSE
AL-000188,RL-000025,ALIAS,Business Intelligence Engineer,FALSE
AL-000189,RL-000025,ALIAS,Career Development Specialist,FALSE
AL-000190,RL-000025,ALIAS,Career Development Technician,FALSE
AL-000191,RL-000025,ALIAS,Career Specialist,FALSE
AL-000192,RL-000025,ALIAS,Certification Specialist,FALSE
AL-000193,RL-000025,ALIAS,Contract Recruiter,FALSE
AL-000194,RL-000025,ALIAS,Corporate Recruiter,FALSE
AL-000195,RL-000025,ALIAS,Credentialing Coordinator,FALSE
AL-000196,RL-000025,ALIAS,Credentialing Specialist,FALSE
AL-000197,RL-000025,ALIAS,Credentials Specialist,FALSE
AL-000198,RL-000025,ALIAS,Employee Advisor,FALSE
AL-000199,RL-000025,ALIAS,Employee Counselor,FALSE
AL-000200,RL-000025,ALIAS,Employee Health Maintenance Program Specialist,FALSE
AL-000201,RL-000025,ALIAS,Employee Operations Examiner,FALSE
AL-000202,RL-000025,ALIAS,Employee Placement Specialist,FALSE
AL-000203,RL-000025,ALIAS,Employee Service Officer,FALSE
AL-000204,RL-000025,ALIAS,Employment Advisor,FALSE
AL-000205,RL-000025,ALIAS,Employment Appeals Examiner,FALSE
AL-000206,RL-000025,ALIAS,Employment Interviewer,FALSE
AL-000207,RL-000025,ALIAS,Employment Officer,FALSE
AL-000208,RL-000025,ALIAS,Employment Program Representative,FALSE
AL-000209,RL-000025,ALIAS,Employment Recruiter,FALSE
AL-000210,RL-000025,ALIAS,Employment Representative,FALSE
AL-000211,RL-000025,ALIAS,Employment Security Officer,FALSE
AL-000212,RL-000025,ALIAS,Employment Service Specialist,FALSE
AL-000213,RL-000025,ALIAS,Employment Specialist,FALSE
AL-000214,RL-000025,ALIAS,Enlisted Advisor,FALSE
AL-000215,RL-000025,ALIAS,Ethics Officer,FALSE
AL-000216,RL-000025,ALIAS,Executive Coach,FALSE
AL-000217,RL-000025,ALIAS,Executive Recruiter,FALSE
AL-000218,RL-000025,ALIAS,Headhunter,FALSE
AL-000219,RL-000025,ALIAS,Healthcare Recruiter,FALSE
AL-000220,RL-000025,ALIAS,HR Advisor (Human Resource Advisor),FALSE
AL-000221,RL-000025,ALIAS,HR Analyst (Human Resources Analyst),FALSE
AL-000222,RL-000025,ALIAS,HR Associate (Human Resources Associate),FALSE
AL-000223,RL-000025,ALIAS,HR Business Partner (Human Resources Business Partner),FALSE
AL-000224,RL-000025,ALIAS,HR Consultant (Human Resources Consultant),FALSE
AL-000225,RL-000025,ALIAS,HR Coordinator (Human Resources Coordinator),FALSE
AL-000226,RL-000025,ALIAS,HR Generalist (Human Resources Generalist),FALSE
AL-000227,RL-000025,ALIAS,HR Recruiter (Human Resources Recruiter),FALSE
AL-000228,RL-000025,ALIAS,HR Tech (Human Resources Technician),FALSE
AL-000229,RL-000025,ALIAS,HRIS Analyst (Human Resources Information System Analyst),FALSE
AL-000230,RL-000025,ALIAS,Human Resources Representative (HR Rep),FALSE
AL-000231,RL-000025,ALIAS,Human Resources Specialist (HR Specialist),FALSE
AL-000232,RL-000025,ALIAS,Job Developer,FALSE
AL-000233,RL-000025,ALIAS,Job Development Specialist,FALSE
AL-000234,RL-000025,ALIAS,Job Interviewer,FALSE
AL-000235,RL-000025,ALIAS,Job Placement Officer,FALSE
AL-000236,RL-000025,ALIAS,Job Placement Specialist,FALSE
AL-000237,RL-000025,ALIAS,Job Recruiter,FALSE
AL-000238,RL-000025,ALIAS,Job Service Consultant,FALSE
AL-000239,RL-000025,ALIAS,Job Service Specialist,FALSE
AL-000240,RL-000025,ALIAS,Labor Contractor,FALSE
AL-000241,RL-000025,ALIAS,Labor Service Representative,FALSE
AL-000242,RL-000025,ALIAS,Labor Services Representative,FALSE
AL-000243,RL-000025,ALIAS,Mentor Recruiter,FALSE
AL-000244,RL-000025,ALIAS,Morale Officer,FALSE
AL-000245,RL-000025,ALIAS,Outplacement Consultant,FALSE
AL-000246,RL-000025,ALIAS,Personnel Advisor,FALSE
AL-000247,RL-000025,ALIAS,Personnel Analyst,FALSE
AL-000248,RL-000025,ALIAS,Personnel Consultant,FALSE
AL-000249,RL-000025,ALIAS,Personnel Coordinator,FALSE
AL-000250,RL-000025,ALIAS,Personnel Counselor,FALSE
AL-000251,RL-000025,ALIAS,Personnel Interviewer,FALSE
AL-000252,RL-000025,ALIAS,Personnel Officer,FALSE
AL-000253,RL-000025,ALIAS,Personnel Placement Specialist,FALSE
AL-000254,RL-000025,ALIAS,Personnel Recruiter,FALSE
AL-000255,RL-000025,ALIAS,Personnel Representative,FALSE
AL-000256,RL-000025,ALIAS,Personnel Specialist,FALSE
AL-000257,RL-000025,ALIAS,Personnel Technician,FALSE
AL-000258,RL-000025,ALIAS,Personnel Worker,FALSE
AL-000259,RL-000025,ALIAS,Placement Coordinator,FALSE
AL-000260,RL-000025,ALIAS,Placement Counselor,FALSE
AL-000261,RL-000025,ALIAS,Placement Officer,FALSE
AL-000262,RL-000025,ALIAS,Placement Specialist,FALSE
AL-000263,RL-000025,ALIAS,Prisoner Classification Interviewer,FALSE
AL-000264,RL-000025,ALIAS,Recruiter,FALSE
AL-000265,RL-000025,ALIAS,Recruiting Coordinator,FALSE
AL-000266,RL-000025,ALIAS,Recruiting Specialist,FALSE
AL-000267,RL-000025,ALIAS,Recruitment Consultant,FALSE
AL-000268,RL-000025,ALIAS,Resume Writer,FALSE
AL-000269,RL-000025,ALIAS,Retention Specialist,FALSE
AL-000270,RL-000025,ALIAS,Retirement Officer,FALSE
AL-000271,RL-000025,ALIAS,Rules Examiner,FALSE
AL-000272,RL-000025,ALIAS,Selection Specialist,FALSE
AL-000273,RL-000025,ALIAS,Sourcing Recruiter,FALSE
AL-000274,RL-000025,ALIAS,Staffing Associate,FALSE
AL-000275,RL-000025,ALIAS,Staffing Consultant,FALSE
AL-000276,RL-000025,ALIAS,Staffing Coordinator,FALSE
AL-000277,RL-000025,ALIAS,Staffing Specialist,FALSE
AL-000278,RL-000025,ALIAS,Student Recruiter,FALSE
AL-000279,RL-000025,ALIAS,Talent Acquisition Coordinator,FALSE
AL-000280,RL-000025,ALIAS,Talent Acquisition Partner (TAP),FALSE
AL-000281,RL-000025,ALIAS,Talent Acquisition Recruiter,FALSE
AL-000282,RL-000025,ALIAS,Talent Acquisition Specialist,FALSE
AL-000283,RL-000025,ALIAS,Talent Recruiter,FALSE
AL-000284,RL-000025,ALIAS,Technical Recruiter,FALSE
AL-000285,RL-000025,ALIAS,Volunteer Coordinator,FALSE
AL-000286,RL-000025,ALIAS,Workforce Services Representative,FALSE
AL-000287,RL-000025,ALIAS,Workforce Staffing Advisor,FALSE
AL-000288,RL-000026,ALIAS,Administrative Analyst,FALSE
AL-000289,RL-000026,ALIAS,Administrative Support Coordinator,FALSE
AL-000290,RL-000026,ALIAS,Business Analyst,FALSE
AL-000291,RL-000026,ALIAS,Business Consultant,FALSE
AL-000292,RL-000026,ALIAS,Business Development Analyst,FALSE
AL-000293,RL-000026,ALIAS,Business Management Analyst,FALSE
AL-000294,RL-000026,ALIAS,Business Management Consultant,FALSE
AL-000295,RL-000026,ALIAS,Business Operations Analyst,FALSE
AL-000296,RL-000026,ALIAS,Business Process Analyst,FALSE
AL-000297,RL-000026,ALIAS,Business Process Consultant,FALSE
AL-000298,RL-000026,ALIAS,Business Systems Analyst,FALSE
AL-000299,RL-000026,ALIAS,Clerical Methods Analyst,FALSE
AL-000300,RL-000026,ALIAS,Commercial Specialist,FALSE
AL-000301,RL-000026,ALIAS,Dealer Analyst,FALSE
AL-000302,RL-000026,ALIAS,Employment Programs Analyst,FALSE
AL-000303,RL-000026,ALIAS,Forms Analyst,FALSE
AL-000304,RL-000026,ALIAS,Health Information Management Business Analyst (HIM Business Analyst),FALSE
AL-000305,RL-000026,ALIAS,Health Information Management Data Analyst (HIM Data Analyst),FALSE
AL-000306,RL-000026,ALIAS,Health Program Analyst,FALSE
AL-000307,RL-000026,ALIAS,Health Program Specialist,FALSE
AL-000308,RL-000026,ALIAS,Health Systems Analyst,FALSE
AL-000309,RL-000026,ALIAS,Healthcare Consultant,FALSE
AL-000310,RL-000026,ALIAS,Human Resource Analyst (HR Analyst),FALSE
AL-000311,RL-000026,ALIAS,Implementation Consultant,FALSE
AL-000312,RL-000026,ALIAS,Industrial Analyst,FALSE
AL-000313,RL-000026,ALIAS,Management Analyst,FALSE
AL-000314,RL-000026,ALIAS,Management and Program Analyst,FALSE
AL-000315,RL-000026,ALIAS,Management Consultant,FALSE
AL-000316,RL-000026,ALIAS,Management Scientist,FALSE
AL-000317,RL-000026,ALIAS,Management Systems Auditor,FALSE
AL-000318,RL-000026,ALIAS,Operations Analyst,FALSE
AL-000319,RL-000026,ALIAS,Organizational Development Consultant,FALSE
AL-000320,RL-000026,ALIAS,Performance Consultant,FALSE
AL-000321,RL-000026,ALIAS,Performance Management Analyst,FALSE
AL-000322,RL-000026,ALIAS,Program Analyst,FALSE
AL-000323,RL-000026,ALIAS,Program Development Specialist,FALSE
AL-000324,RL-000026,ALIAS,Program Evaluator,FALSE
AL-000325,RL-000026,ALIAS,Program Management Analyst,FALSE
AL-000326,RL-000026,ALIAS,Project Management Analyst,FALSE
AL-000327,RL-000026,ALIAS,Records Management Analyst,FALSE
AL-000328,RL-000026,ALIAS,Reports Analyst,FALSE
AL-000329,RL-000026,ALIAS,Survey Analyst,FALSE
AL-000330,RL-000026,ALIAS,Technical Business Analyst,FALSE
AL-000331,RL-000027,ALIAS,Benefit Programs Specialist,FALSE
AL-000332,RL-000027,ALIAS,Benefits Administrator (Benefits Admin),FALSE
AL-000333,RL-000027,ALIAS,Benefits Analyst,FALSE
AL-000334,RL-000027,ALIAS,Benefits Consultant,FALSE
AL-000335,RL-000027,ALIAS,Benefits Coordinator,FALSE
AL-000336,RL-000027,ALIAS,Benefits Professional,FALSE
AL-000337,RL-000027,ALIAS,Benefits Representative (Benefits Rep),FALSE
AL-000338,RL-000027,ALIAS,Benefits Specialist,FALSE
AL-000339,RL-000027,ALIAS,Claims Benefit Specialist,FALSE
AL-000340,RL-000027,ALIAS,Compensation Analyst,FALSE
AL-000341,RL-000027,ALIAS,Compensation and Benefits Analyst,FALSE
AL-000342,RL-000027,ALIAS,Compensation and Benefits Specialist,FALSE
AL-000343,RL-000027,ALIAS,Compensation Consultant,FALSE
AL-000344,RL-000027,ALIAS,Compensation Expert,FALSE
AL-000345,RL-000027,ALIAS,Compensation Specialist,FALSE
AL-000346,RL-000027,ALIAS,Employee Benefits Specialist,FALSE
AL-000347,RL-000027,ALIAS,Employment Advisor,FALSE
AL-000348,RL-000027,ALIAS,Health Benefits Specialist,FALSE
AL-000349,RL-000027,ALIAS,Health Plan Specialist,FALSE
AL-000350,RL-000027,ALIAS,Healthcare Consultant,FALSE
AL-000351,RL-000027,ALIAS,HR Benefits Specialist (Human Resources Benefits Specialist),FALSE
AL-000352,RL-000027,ALIAS,Job Analyst,FALSE
AL-000353,RL-000027,ALIAS,Job Specification Writer,FALSE
AL-000354,RL-000027,ALIAS,Occupational Analyst,FALSE
AL-000355,RL-000027,ALIAS,Payroll and Benefits Administrator (Payroll and Benefits Admin),FALSE
AL-000356,RL-000027,ALIAS,Payroll Specialist,FALSE
AL-000357,RL-000027,ALIAS,Pension Administrator (Pension Admin),FALSE
AL-000358,RL-000027,ALIAS,Pensions Retirement Plan Specialist,FALSE
AL-000359,RL-000027,ALIAS,Personnel Specialist,FALSE
AL-000360,RL-000027,ALIAS,Position Classification Specialist,FALSE
AL-000361,RL-000027,ALIAS,Position Classifier,FALSE
AL-000362,RL-000027,ALIAS,Reimbursement Specialist,FALSE
AL-000363,RL-000027,ALIAS,Retirement Plan Specialist,FALSE
AL-000364,RL-000027,ALIAS,Salary and Wage Administrator (Salary and Wage Admin),FALSE
AL-000365,RL-000027,ALIAS,Sales Compensation Analyst,FALSE
AL-000366,RL-000027,ALIAS,Union Contract Representative (Union Contract Rep),FALSE
AL-000367,RL-000027,ALIAS,Wage Adjuster,FALSE
AL-000368,RL-000027,ALIAS,Wage Analyst,FALSE
AL-000369,RL-000027,ALIAS,Wage and Salary Specialist,FALSE
AL-000370,RL-000027,ALIAS,Wage Conciliator,FALSE
AL-000371,RL-000027,ALIAS,Workers' Compensation Claims Specialist,FALSE
AL-000372,RL-000027,ALIAS,Workforce Analyst,FALSE
AL-000373,RL-000028,ALIAS,AI Security Specialist (Artificial Intelligence Security Specialist),FALSE
AL-000374,RL-000028,ALIAS,All-Source Analyst,FALSE
AL-000375,RL-000028,ALIAS,Application Security Analyst,FALSE
AL-000376,RL-000028,ALIAS,Applications Security Analyst,FALSE
AL-000377,RL-000028,ALIAS,Automatic Data Processing Systems Security Specialist (ADP Systems Security),FALSE
AL-000378,RL-000028,ALIAS,Blue Team Member,FALSE
AL-000379,RL-000028,ALIAS,Certified Information Systems Security Professional (CISSP),FALSE
AL-000380,RL-000028,ALIAS,Cloud Security Architect,FALSE
AL-000381,RL-000028,ALIAS,Cloud Security Engineer,FALSE
AL-000382,RL-000028,ALIAS,Computer Security Coordinator,FALSE
AL-000383,RL-000028,ALIAS,Computer Security Information Specialist,FALSE
AL-000384,RL-000028,ALIAS,Computer Security Specialist,FALSE
AL-000385,RL-000028,ALIAS,Computer Systems Security Analyst,FALSE
AL-000386,RL-000028,ALIAS,Counterespionage Analyst,FALSE
AL-000387,RL-000028,ALIAS,Cryptological Technician,FALSE
AL-000388,RL-000028,ALIAS,Cryptologist,FALSE
AL-000389,RL-000028,ALIAS,Cyber Defense Analyst,FALSE
AL-000390,RL-000028,ALIAS,Cyber Defense Forensics Analyst,FALSE
AL-000391,RL-000028,ALIAS,Cyber Incident Responder,FALSE
AL-000392,RL-000028,ALIAS,Cyber Information Security Analyst,FALSE
AL-000393,RL-000028,ALIAS,Cyber Intel Planner,FALSE
AL-000394,RL-000028,ALIAS,Cyber Intelligence Specialist,FALSE
AL-000395,RL-000028,ALIAS,Cyber Operations Planner (Cyber Ops Planner),FALSE
AL-000396,RL-000028,ALIAS,Cyber Operations Specialist,FALSE
AL-000397,RL-000028,ALIAS,Cyber Operator,FALSE
AL-000398,RL-000028,ALIAS,Cyber Policy and Strategy Planner,FALSE
AL-000399,RL-000028,ALIAS,Cyber Security Analyst,FALSE
AL-000400,RL-000028,ALIAS,Cyber Security Specialist,FALSE
AL-000401,RL-000028,ALIAS,Cyber Security Support Technician,FALSE
AL-000402,RL-000028,ALIAS,Cybersecurity All-Source Analyst,FALSE
AL-000403,RL-000028,ALIAS,Cybersecurity Analyst,FALSE
AL-000404,RL-000028,ALIAS,Cybersecurity Engineer,FALSE
AL-000405,RL-000028,ALIAS,Cybersecurity Exploitation Analyst,FALSE
AL-000406,RL-000028,ALIAS,Cybersecurity Incident Response Analyst,FALSE
AL-000407,RL-000028,ALIAS,Cybersecurity Multi-Disciplined Language Analyst,FALSE
AL-000408,RL-000028,ALIAS,Cybersecurity Partner Integration Planner,FALSE
AL-000409,RL-000028,ALIAS,Cybersecurity Specialist,FALSE
AL-000410,RL-000028,ALIAS,Cybersecurity Target Developer,FALSE
AL-000411,RL-000028,ALIAS,Cybersecurity Target Network Analyst,FALSE
AL-000412,RL-000028,ALIAS,Cybersecurity Threat Analyst,FALSE
AL-000413,RL-000028,ALIAS,Cybersecurity Warning Analyst,FALSE
AL-000414,RL-000028,ALIAS,Data Security Analyst,FALSE
AL-000415,RL-000028,ALIAS,Database Security Expert,FALSE
AL-000416,RL-000028,ALIAS,Exploitation Analyst,FALSE
AL-000417,RL-000028,ALIAS,Incident Responder,FALSE
AL-000418,RL-000028,ALIAS,Incident Response Analyst,FALSE
AL-000419,RL-000028,ALIAS,Incident Response Manager,FALSE
AL-000420,RL-000028,ALIAS,Industrial Internet of Things Security Specialist (IIoT Security Specialist),FALSE
AL-000421,RL-000028,ALIAS,Information Assurance Analyst,FALSE
AL-000422,RL-000028,ALIAS,Information Security Analyst,FALSE
AL-000423,RL-000028,ALIAS,Information Security Officer,FALSE
AL-000424,RL-000028,ALIAS,Information Security Specialist,FALSE
AL-000425,RL-000028,ALIAS,Information Systems Security Analyst,FALSE
AL-000426,RL-000028,ALIAS,Information Systems Security Officer (ISSO),FALSE
AL-000427,RL-000028,ALIAS,Information Systems Security Specialist,FALSE
AL-000428,RL-000028,ALIAS,Information Technology Analyst (IT Analyst),FALSE
AL-000429,RL-000028,ALIAS,Information Technology Consultant (IT Consultant),FALSE
AL-000430,RL-000028,ALIAS,Information Technology Security Analyst (IT Security Analyst),FALSE
AL-000431,RL-000028,ALIAS,Information Technology Security Architect (IT Security Architect),FALSE
AL-000432,RL-000028,ALIAS,International Affairs Specialist,FALSE
AL-000433,RL-000028,ALIAS,Internet of Things Security Specialist (IoT Security Specialist),FALSE
AL-000434,RL-000028,ALIAS,Internet Security Specialist,FALSE
AL-000435,RL-000028,ALIAS,Intrusion Detection Analyst,FALSE
AL-000436,RL-000028,ALIAS,IT Auditor (Information Technology Auditor),FALSE
AL-000437,RL-000028,ALIAS,IT Risk Specialist (Information Technology Risk Specialist),FALSE
AL-000438,RL-000028,ALIAS,Mission Assessment Specialist,FALSE
AL-000439,RL-000028,ALIAS,Network Security Analyst,FALSE
AL-000440,RL-000028,ALIAS,Network Security Officer,FALSE
AL-000441,RL-000028,ALIAS,Network Security Systems Analyst,FALSE
AL-000442,RL-000028,ALIAS,Red Team Member,FALSE
AL-000443,RL-000028,ALIAS,Security Analyst,FALSE
AL-000444,RL-000028,ALIAS,Security Auditor,FALSE
AL-000445,RL-000028,ALIAS,Security Consultant,FALSE
AL-000446,RL-000028,ALIAS,Security Control Assessor,FALSE
AL-000447,RL-000028,ALIAS,Security Operations Analyst,FALSE
AL-000448,RL-000028,ALIAS,Security Operations Center Analyst (SOC Analyst),FALSE
AL-000449,RL-000028,ALIAS,Security Specialist,FALSE
AL-000450,RL-000028,ALIAS,Source Code Auditor,FALSE
AL-000451,RL-000028,ALIAS,Supervisory Control and Data Acquisition Security Analyst (SCADA Security Analyst),FALSE
AL-000452,RL-000028,ALIAS,Systems Analyst,FALSE
AL-000453,RL-000028,ALIAS,Systems Security Analyst,FALSE
AL-000454,RL-000028,ALIAS,Systems Security Specialist,FALSE
AL-000455,RL-000028,ALIAS,Technology Analyst,FALSE
AL-000456,RL-000028,ALIAS,Threat Hunter,FALSE
AL-000457,RL-000028,ALIAS,Threat Monitoring Analyst,FALSE
AL-000458,RL-000028,ALIAS,Virus Technician,FALSE
AL-000459,RL-000028,ALIAS,Warning Analyst,FALSE
AL-000460,RL-000029,ALIAS,AI Engineer (Artificial Intelligence Engineer),FALSE
AL-000461,RL-000029,ALIAS,Applied Scientist,FALSE
AL-000462,RL-000029,ALIAS,Artificial Intelligence Specialist (AI Specialist),FALSE
AL-000463,RL-000029,ALIAS,Computational Linguist,FALSE
AL-000464,RL-000029,ALIAS,Computational Scientist,FALSE
AL-000465,RL-000029,ALIAS,Computational Theory Scientist,FALSE
AL-000466,RL-000029,ALIAS,Computer Scientist,FALSE
AL-000467,RL-000029,ALIAS,Computer Specialist,FALSE
AL-000468,RL-000029,ALIAS,Computer Vision Scientist,FALSE
AL-000469,RL-000029,ALIAS,Control System Computer Scientist,FALSE
AL-000470,RL-000029,ALIAS,Cryptologist,FALSE
AL-000471,RL-000029,ALIAS,Cybersecurity Research Scientist (Cyber Research Scientist),FALSE
AL-000472,RL-000029,ALIAS,Digital Solutions Manager,FALSE
AL-000473,RL-000029,ALIAS,Information Scientist,FALSE
AL-000474,RL-000029,ALIAS,Languages Researcher,FALSE
AL-000475,RL-000029,ALIAS,Machine Learning Data Scientist,FALSE
AL-000476,RL-000029,ALIAS,Machine Learning Engineer,FALSE
AL-000477,RL-000029,ALIAS,Machine Learning Research Scientist,FALSE
AL-000478,RL-000029,ALIAS,Machine Learning Scientist,FALSE
AL-000479,RL-000029,ALIAS,Machine Learning Software Engineer,FALSE
AL-000480,RL-000029,ALIAS,Multi-Disciplined Language Analyst,FALSE
AL-000481,RL-000029,ALIAS,NLP Engineer (Natural Language Processing Engineer),FALSE
AL-000482,RL-000029,ALIAS,Programming Languages Researcher,FALSE
AL-000483,RL-000029,ALIAS,Programming Methodology Researcher,FALSE
AL-000484,RL-000029,ALIAS,Research and Development Specialist (R and D Specialist),FALSE
AL-000485,RL-000029,ALIAS,Research Computer Scientist,FALSE
AL-000486,RL-000029,ALIAS,Research Engineer,FALSE
AL-000487,RL-000029,ALIAS,Research Scientist,FALSE
AL-000488,RL-000029,ALIAS,Scientific Programmer Analyst,FALSE
AL-000489,RL-000029,ALIAS,Scientist,FALSE
AL-000490,RL-000029,ALIAS,Site Reliability Engineer,FALSE
AL-000491,RL-000030,ALIAS,AI Specialist (Artificial Intelligence Specialist),FALSE
AL-000492,RL-000030,ALIAS,Application Analyst,FALSE
AL-000493,RL-000030,ALIAS,Application Architect,FALSE
AL-000494,RL-000030,ALIAS,Application Developer,FALSE
AL-000495,RL-000030,ALIAS,Application Engineer,FALSE
AL-000496,RL-000030,ALIAS,Application Integration Engineer,FALSE
AL-000497,RL-000030,ALIAS,Application Integrator,FALSE
AL-000498,RL-000030,ALIAS,Application Programmer,FALSE
AL-000499,RL-000030,ALIAS,Application Software Engineering IT Specialist (Application Software Engineering Information Technology Specialist),FALSE
AL-000500,RL-000030,ALIAS,Application Support Engineer,FALSE
AL-000501,RL-000030,ALIAS,Application Systems Analyst,FALSE
AL-000502,RL-000030,ALIAS,Application Systems Architect,FALSE
AL-000503,RL-000030,ALIAS,Beta Tester,FALSE
AL-000504,RL-000030,ALIAS,Business Application Developer,FALSE
AL-000505,RL-000030,ALIAS,Certified Internetwork Expert,FALSE
AL-000506,RL-000030,ALIAS,Commercial Drone Software Developer,FALSE
AL-000507,RL-000030,ALIAS,Computer Application Developer,FALSE
AL-000508,RL-000030,ALIAS,Computer Application Engineer,FALSE
AL-000509,RL-000030,ALIAS,Computer Architect,FALSE
AL-000510,RL-000030,ALIAS,Computer Consultant,FALSE
AL-000511,RL-000030,ALIAS,Computer Engineer,FALSE
AL-000512,RL-000030,ALIAS,Computer Programmer Analyst,FALSE
AL-000513,RL-000030,ALIAS,Computer Software Engineer,FALSE
AL-000514,RL-000030,ALIAS,Computer Systems Software Architect,FALSE
AL-000515,RL-000030,ALIAS,Computer Systems Software Engineer,FALSE
AL-000516,RL-000030,ALIAS,Developer,FALSE
AL-000517,RL-000030,ALIAS,DevOps Architect (Development and Operations Architect),FALSE
AL-000518,RL-000030,ALIAS,DevOps Developer (Development and Operations Developer),FALSE
AL-000519,RL-000030,ALIAS,DevOps Engineer (Development Operations Engineer),FALSE
AL-000520,RL-000030,ALIAS,Drone Software Development Engineer,FALSE
AL-000521,RL-000030,ALIAS,EDP System Engineer (Electronic Data Processing System Engineer),FALSE
AL-000522,RL-000030,ALIAS,Embedded Engineer,FALSE
AL-000523,RL-000030,ALIAS,Embedded Software Engineer,FALSE
AL-000524,RL-000030,ALIAS,Embedded Systems Software Developer,FALSE
AL-000525,RL-000030,ALIAS,Enterprise Systems Engineer,FALSE
AL-000526,RL-000030,ALIAS,Extract Transform Load Developer,FALSE
AL-000527,RL-000030,ALIAS,Full Stack Developer,FALSE
AL-000528,RL-000030,ALIAS,Full Stack Engineer,FALSE
AL-000529,RL-000030,ALIAS,Full Stack Software Engineer,FALSE
AL-000530,RL-000030,ALIAS,Game Developer,FALSE
AL-000531,RL-000030,ALIAS,Game Engineer,FALSE
AL-000532,RL-000030,ALIAS,Graphic Engineer,FALSE
AL-000533,RL-000030,ALIAS,Implementation Specialist,FALSE
AL-000534,RL-000030,ALIAS,Information Architect,FALSE
AL-000535,RL-000030,ALIAS,Infrastructure Engineer,FALSE
AL-000536,RL-000030,ALIAS,Interface Designer,FALSE
AL-000537,RL-000030,ALIAS,Internet Application Developer,FALSE
AL-000538,RL-000030,ALIAS,Internet Consultant,FALSE
AL-000539,RL-000030,ALIAS,Knowledge Management Application Developer,FALSE
AL-000540,RL-000030,ALIAS,Mainframe Systems Programmer,FALSE
AL-000541,RL-000030,ALIAS,Mobile Application Developer,FALSE
AL-000542,RL-000030,ALIAS,Mobile Device Developer,FALSE
AL-000543,RL-000030,ALIAS,Operating System Designer (OS Designer),FALSE
AL-000544,RL-000030,ALIAS,Operating System Specialist (OS Specialist),FALSE
AL-000545,RL-000030,ALIAS,Publishing Systems Analyst,FALSE
AL-000546,RL-000030,ALIAS,Secure Software Assessor,FALSE
AL-000547,RL-000030,ALIAS,Server Engineer,FALSE
AL-000548,RL-000030,ALIAS,Simulation Developer,FALSE
AL-000549,RL-000030,ALIAS,Site Reliability Engineer,FALSE
AL-000550,RL-000030,ALIAS,SOA Developer (Service Oriented Architecture Developer),FALSE
AL-000551,RL-000030,ALIAS,Software Application Architect,FALSE
AL-000552,RL-000030,ALIAS,Software Application Designer,FALSE
AL-000553,RL-000030,ALIAS,Software Application Developer,FALSE
AL-000554,RL-000030,ALIAS,Software Application Engineer,FALSE
AL-000555,RL-000030,ALIAS,Software Application Specialist,FALSE
AL-000556,RL-000030,ALIAS,Software Architect,FALSE
AL-000557,RL-000030,ALIAS,Software Computer Specialist,FALSE
AL-000558,RL-000030,ALIAS,Software Design Engineer,FALSE
AL-000559,RL-000030,ALIAS,Software Designer,FALSE
AL-000560,RL-000030,ALIAS,Software Developer,FALSE
AL-000561,RL-000030,ALIAS,Software Development Engineer,FALSE
AL-000562,RL-000030,ALIAS,Software Engineer,FALSE
AL-000563,RL-000030,ALIAS,Software Engineering Systems IT Specialist (Software Engineering Systems Information Technology Specialist),FALSE
AL-000564,RL-000030,ALIAS,Software Quality Engineer (SQE),FALSE
AL-000565,RL-000030,ALIAS,Software Requirements Engineer (SRE),FALSE
AL-000566,RL-000030,ALIAS,Software Systems Developer,FALSE
AL-000567,RL-000030,ALIAS,Software Systems Engineer,FALSE
AL-000568,RL-000030,ALIAS,Software Writer,FALSE
AL-000569,RL-000030,ALIAS,Solution Architect,FALSE
AL-000570,RL-000030,ALIAS,Solution Engineer,FALSE
AL-000571,RL-000030,ALIAS,Solutions Architect,FALSE
AL-000572,RL-000030,ALIAS,Systems Analyst Engineer,FALSE
AL-000573,RL-000030,ALIAS,Systems Coordinator,FALSE
AL-000574,RL-000030,ALIAS,Systems Engineer,FALSE
AL-000575,RL-000030,ALIAS,Systems Integration Engineer,FALSE
AL-000576,RL-000030,ALIAS,Systems Software Designer,FALSE
AL-000577,RL-000030,ALIAS,Systems Software Engineer,FALSE
AL-000578,RL-000030,ALIAS,Systems Software Specialist,FALSE
AL-000579,RL-000030,ALIAS,Systems Support Engineer,FALSE
AL-000580,RL-000030,ALIAS,UI Designer (User Interface Designer),FALSE
AL-000581,RL-000030,ALIAS,Usability Engineer,FALSE
AL-000582,RL-000030,ALIAS,Video Game Engineer,FALSE
AL-000583,RL-000030,ALIAS,XML Developer (Extensible Markup Language Developer),FALSE
AL-000584,RL-000031,ALIAS,Application Integrator,FALSE
AL-000585,RL-000031,ALIAS,Applications Analyst,FALSE
AL-000586,RL-000031,ALIAS,Applications Quality Assurance Specialist (Applications QA Specialist),FALSE
AL-000587,RL-000031,ALIAS,Applications Software Engineering Information Technology Specialist (Applications Software Engineering IT Specialist),FALSE
AL-000588,RL-000031,ALIAS,Applications System Analyst,FALSE
AL-000589,RL-000031,ALIAS,Applications Tester,FALSE
AL-000590,RL-000031,ALIAS,Automation Specialist,FALSE
AL-000591,RL-000031,ALIAS,Automation Tester,FALSE
AL-000592,RL-000031,ALIAS,Beta Tester,FALSE
AL-000593,RL-000031,ALIAS,Bug Bounty Hunter,FALSE
AL-000594,RL-000031,ALIAS,Computer Consultant,FALSE
AL-000595,RL-000031,ALIAS,Data Modeler,FALSE
AL-000596,RL-000031,ALIAS,Game Tester,FALSE
AL-000597,RL-000031,ALIAS,Implementation Specialist,FALSE
AL-000598,RL-000031,ALIAS,Information Technology Analyst (IT Analyst),FALSE
AL-000599,RL-000031,ALIAS,Information Technology Consultant (IT Consultant),FALSE
AL-000600,RL-000031,ALIAS,IT Performance Analyst (Information Technology Performance Analyst),FALSE
AL-000601,RL-000031,ALIAS,Malware Analyst,FALSE
AL-000602,RL-000031,ALIAS,Performance Tester,FALSE
AL-000603,RL-000031,ALIAS,Quality Analyst,FALSE
AL-000604,RL-000031,ALIAS,Quality Assurance Analyst (QA Analyst),FALSE
AL-000605,RL-000031,ALIAS,Quality Assurance Automation Engineer (QA Automation Engineer),FALSE
AL-000606,RL-000031,ALIAS,Quality Assurance Engineer (QA Engineer),FALSE
AL-000607,RL-000031,ALIAS,Quality Assurance Specialist (QA Specialist),FALSE
AL-000608,RL-000031,ALIAS,Quality Assurance Tester (QA Tester),FALSE
AL-000609,RL-000031,ALIAS,Quality Engineer,FALSE
AL-000610,RL-000031,ALIAS,Secure Software Assessor,FALSE
AL-000611,RL-000031,ALIAS,Server Engineer,FALSE
AL-000612,RL-000031,ALIAS,Software Application Quality Assurance Specialist (Software Application QA Specialist),FALSE
AL-000613,RL-000031,ALIAS,Software Application Support Specialist,FALSE
AL-000614,RL-000031,ALIAS,Software Development Test Engineer,FALSE
AL-000615,RL-000031,ALIAS,Software Installer,FALSE
AL-000616,RL-000031,ALIAS,Software Quality Assurance Analyst (SQA Analyst),FALSE
AL-000617,RL-000031,ALIAS,Software Quality Assurance Consultant (Software QA Consultant),FALSE
AL-000618,RL-000031,ALIAS,Software Quality Assurance Engineer (SQA Engineer),FALSE
AL-000619,RL-000031,ALIAS,Software Quality Assurance Specialist (SQA Specialist),FALSE
AL-000620,RL-000031,ALIAS,Software Quality Assurance Technician (SQA Technician),FALSE
AL-000621,RL-000031,ALIAS,Software Quality Control Specialist (Software QC Specialist),FALSE
AL-000622,RL-000031,ALIAS,Software Quality Engineer,FALSE
AL-000623,RL-000031,ALIAS,Software Quality Tester,FALSE
AL-000624,RL-000031,ALIAS,Software Requirements Engineer,FALSE
AL-000625,RL-000031,ALIAS,Software Systems Engineer,FALSE
AL-000626,RL-000031,ALIAS,Software Test Analyst,FALSE
AL-000627,RL-000031,ALIAS,Software Test Engineer,FALSE
AL-000628,RL-000031,ALIAS,Software Tester,FALSE
AL-000629,RL-000031,ALIAS,Software Testing Specialist,FALSE
AL-000630,RL-000031,ALIAS,Solution Architect,FALSE
AL-000631,RL-000031,ALIAS,Solutions Architect,FALSE
AL-000632,RL-000031,ALIAS,System Testing and Evaluation Specialist,FALSE
AL-000633,RL-000031,ALIAS,Systems Analyst,FALSE
AL-000634,RL-000031,ALIAS,Systems Analyst Engineer,FALSE
AL-000635,RL-000031,ALIAS,Systems Coordinator,FALSE
AL-000636,RL-000031,ALIAS,Systems Integration Engineer,FALSE
AL-000637,RL-000031,ALIAS,Systems Software Quality Assurance Specialist (Systems Software QA Specialist),FALSE
AL-000638,RL-000031,ALIAS,Systems Software Specialist,FALSE
AL-000639,RL-000031,ALIAS,Systems Support Engineer,FALSE
AL-000640,RL-000031,ALIAS,Systems Tester,FALSE
AL-000641,RL-000031,ALIAS,Systems Tester Analyst,FALSE
AL-000642,RL-000031,ALIAS,Technical Support Engineer,FALSE
AL-000643,RL-000031,ALIAS,Technology Analyst,FALSE
AL-000644,RL-000031,ALIAS,Test Automation Engineer,FALSE
AL-000645,RL-000031,ALIAS,Test Engineer,FALSE
AL-000646,RL-000031,ALIAS,Usability Engineer,FALSE
AL-000647,RL-000031,ALIAS,User Experience Designer (UX Designer),FALSE
AL-000648,RL-000031,ALIAS,User Interface and User Experience Architect (UI/UX Architect),FALSE
AL-000649,RL-000031,ALIAS,User Interface and User Experience Designer (UI/UX Designer),FALSE
AL-000650,RL-000031,ALIAS,User Interface Designer (UI Designer),FALSE
AL-000651,RL-000031,ALIAS,Validation Engineer,FALSE
AL-000652,RL-000032,ALIAS,Back End Developer,FALSE
AL-000653,RL-000032,ALIAS,Back End Engineer,FALSE
AL-000654,RL-000032,ALIAS,Back End Software Engineer,FALSE
AL-000655,RL-000032,ALIAS,Back-End Web Developer,FALSE
AL-000656,RL-000032,ALIAS,Computer Graphic Artist,FALSE
AL-000657,RL-000032,ALIAS,Computer Graphic Designer,FALSE
AL-000658,RL-000032,ALIAS,Front End Developer,FALSE
AL-000659,RL-000032,ALIAS,Front End Engineer,FALSE
AL-000660,RL-000032,ALIAS,Front End React Developer,FALSE
AL-000661,RL-000032,ALIAS,Front End Software Engineer,FALSE
AL-000662,RL-000032,ALIAS,Front End Web Developer,FALSE
AL-000663,RL-000032,ALIAS,Full Stack Developer,FALSE
AL-000664,RL-000032,ALIAS,Full Stack Web Developer,FALSE
AL-000665,RL-000032,ALIAS,HTML Developer (HyperText Markup Language Developer),FALSE
AL-000666,RL-000032,ALIAS,Interface Designer,FALSE
AL-000667,RL-000032,ALIAS,Internet Application Developer,FALSE
AL-000668,RL-000032,ALIAS,Internet Architect,FALSE
AL-000669,RL-000032,ALIAS,Internet Developer,FALSE
AL-000670,RL-000032,ALIAS,Internet Site Designer,FALSE
AL-000671,RL-000032,ALIAS,Internet Specialist,FALSE
AL-000672,RL-000032,ALIAS,Intranet Developer,FALSE
AL-000673,RL-000032,ALIAS,JavaScript Developer,FALSE
AL-000674,RL-000032,ALIAS,jQuery Developer,FALSE
AL-000675,RL-000032,ALIAS,Node.js Developer,FALSE
AL-000676,RL-000032,ALIAS,PHP Developer (Personal Home Page Developer),FALSE
AL-000677,RL-000032,ALIAS,PHP Web Developer (Personal Home Page Web Developer),FALSE
AL-000678,RL-000032,ALIAS,PHP Website Developer,FALSE
AL-000679,RL-000032,ALIAS,React.js Developer,FALSE
AL-000680,RL-000032,ALIAS,Ruby on Rails Developer,FALSE
AL-000681,RL-000032,ALIAS,Salesforce Developer,FALSE
AL-000682,RL-000032,ALIAS,Tableau Developer,FALSE
AL-000683,RL-000032,ALIAS,Technology Applications Engineer,FALSE
AL-000684,RL-000032,ALIAS,UI Developer (User Interface Developer),FALSE
AL-000685,RL-000032,ALIAS,Web Application Developer,FALSE
AL-000686,RL-000032,ALIAS,Web Applications Developer,FALSE
AL-000687,RL-000032,ALIAS,Web Architect,FALSE
AL-000688,RL-000032,ALIAS,Web Consultant,FALSE
AL-000689,RL-000032,ALIAS,Web Content Developer,FALSE
AL-000690,RL-000032,ALIAS,Web Design Specialist,FALSE
AL-000691,RL-000032,ALIAS,Web Developer,FALSE
AL-000692,RL-000032,ALIAS,Web Engineer,FALSE
AL-000693,RL-000032,ALIAS,Web Infrastructure Developer,FALSE
AL-000694,RL-000032,ALIAS,Web Page Developer,FALSE
AL-000695,RL-000032,ALIAS,Web Producer,FALSE
AL-000696,RL-000032,ALIAS,Web Programmer,FALSE
AL-000697,RL-000032,ALIAS,Web Site Designer,FALSE
AL-000698,RL-000032,ALIAS,Web Site Developer,FALSE
AL-000699,RL-000032,ALIAS,Web Site Specialist,FALSE
AL-000700,RL-000032,ALIAS,Web Software Engineer,FALSE
AL-000701,RL-000032,ALIAS,Web Specialist,FALSE
AL-000702,RL-000032,ALIAS,Web Technician,FALSE
AL-000703,RL-000032,ALIAS,Webmaster,FALSE
AL-000704,RL-000032,ALIAS,Webmaster Analyst,FALSE
AL-000705,RL-000032,ALIAS,Website Manager,FALSE
AL-000706,RL-000032,ALIAS,Websphere Administrator,FALSE
AL-000707,RL-000032,ALIAS,WordPress Developer,FALSE
AL-000708,RL-000032,ALIAS,XML Developer (Extensible Markup Language Developer),FALSE
AL-000709,RL-000033,ALIAS,Application Development Director,FALSE
AL-000710,RL-000033,ALIAS,Application Manager,FALSE
AL-000711,RL-000033,ALIAS,Cloud Product Director,FALSE
AL-000712,RL-000033,ALIAS,Computer Project Manager,FALSE
AL-000713,RL-000033,ALIAS,Cyber IT Knowledge Manager,FALSE
AL-000714,RL-000033,ALIAS,Cybersecurity Project Manager,FALSE
AL-000715,RL-000033,ALIAS,Cybersecurity Scrum Master,FALSE
AL-000716,RL-000033,ALIAS,Data Center Product Director,FALSE
AL-000717,RL-000033,ALIAS,Database Administration Project Manager,FALSE
AL-000718,RL-000033,ALIAS,Database Development Project Manager,FALSE
AL-000719,RL-000033,ALIAS,E-Business Project Manager,FALSE
AL-000720,RL-000033,ALIAS,Information Support Project Manager,FALSE
AL-000721,RL-000033,ALIAS,Information Systems Planner (IS Planner),FALSE
AL-000722,RL-000033,ALIAS,Information Systems Project Manager (IS Project Manager),FALSE
AL-000723,RL-000033,ALIAS,Infrastructure Project Manager,FALSE
AL-000724,RL-000033,ALIAS,Interactive Media Project Manager,FALSE
AL-000725,RL-000033,ALIAS,Internet Project Manager,FALSE
AL-000726,RL-000033,ALIAS,IT Manager (Information Technology Manager),FALSE
AL-000727,RL-000033,ALIAS,IT Program Manager (Information Technology Program Manager),FALSE
AL-000728,RL-000033,ALIAS,IT Project Manager (Information Technology Project Manager),FALSE
AL-000729,RL-000033,ALIAS,IT Supervisor (Information Technology Supervisor),FALSE
AL-000730,RL-000033,ALIAS,Network Operations Project Manager,FALSE
AL-000731,RL-000033,ALIAS,Network Services Project Manager,FALSE
AL-000732,RL-000033,ALIAS,Planning Management IT Specialist (Planning Management Information Technology Specialist),FALSE
AL-000733,RL-000033,ALIAS,Programming Development Project Manager,FALSE
AL-000734,RL-000033,ALIAS,Project Management IT Specialist (Project Management Information Technology Specialist),FALSE
AL-000735,RL-000033,ALIAS,Project Manager (PM),FALSE
AL-000736,RL-000033,ALIAS,Release Manager,FALSE
AL-000737,RL-000033,ALIAS,Scrum Master,FALSE
AL-000738,RL-000033,ALIAS,Software Development Project Manager,FALSE
AL-000739,RL-000033,ALIAS,Software Project Manager,FALSE
AL-000740,RL-000033,ALIAS,Systems Development Manager,FALSE
AL-000741,RL-000033,ALIAS,Technical Manager,FALSE
AL-000742,RL-000033,ALIAS,Technical Project Manager,FALSE
AL-000743,RL-000033,ALIAS,Technology Manager,FALSE
AL-000744,RL-000033,ALIAS,Technology Project Manager,FALSE
AL-000745,RL-000033,ALIAS,Transition Program Manager,FALSE
AL-000746,RL-000033,ALIAS,Web Site Project Manager,FALSE
AL-000747,RL-000033,ALIAS,Website Project Manager,FALSE
AL-000748,RL-000034,ALIAS,Analytics Consultant,FALSE
AL-000749,RL-000034,ALIAS,Applied Scientist,FALSE
AL-000750,RL-000034,ALIAS,Data Analyst,FALSE
AL-000751,RL-000034,ALIAS,Data Analytic Scientist,FALSE
AL-000752,RL-000034,ALIAS,Data Analytics Scientist,FALSE
AL-000753,RL-000034,ALIAS,Data Analytics Specialist,FALSE
AL-000754,RL-000034,ALIAS,Data Architect,FALSE
AL-000755,RL-000034,ALIAS,Data Consultant,FALSE
AL-000756,RL-000034,ALIAS,Data Economist,FALSE
AL-000757,RL-000034,ALIAS,Data Engineer,FALSE
AL-000758,RL-000034,ALIAS,Data Management Scientist,FALSE
AL-000759,RL-000034,ALIAS,Data Mining Analyst,FALSE
AL-000760,RL-000034,ALIAS,Data Modeler,FALSE
AL-000761,RL-000034,ALIAS,Data Quality Analyst,FALSE
AL-000762,RL-000034,ALIAS,Data Science Engineer,FALSE
AL-000763,RL-000034,ALIAS,Data Science Intern,FALSE
AL-000764,RL-000034,ALIAS,Data Specialist,FALSE
AL-000765,RL-000034,ALIAS,Machine Learning Data Scientist,FALSE
AL-000766,RL-000034,ALIAS,Machine Learning Engineer,FALSE
AL-000767,RL-000034,ALIAS,Machine Learning Scientist,FALSE
AL-000768,RL-000034,ALIAS,Machine Learning Software Engineer,FALSE
AL-000769,RL-000034,ALIAS,Marketing Data Scientist,FALSE
AL-000770,RL-000034,ALIAS,Psychometric Consultant,FALSE
AL-000771,RL-000034,ALIAS,Quantitative Methodologist,FALSE
AL-000772,RL-000034,ALIAS,Quantitative Researcher,FALSE
AL-000773,RL-000034,ALIAS,Research Analyst,FALSE
AL-000774,RL-000034,ALIAS,Research Scientist,FALSE
AL-000775,RL-000034,ALIAS,Statistical Analyst,FALSE
AL-000776,RL-000034,ALIAS,Statistical Consultant,FALSE
AL-000777,RL-000035,ALIAS,Assignment Clerk,FALSE
AL-000778,RL-000035,ALIAS,Benefits Clerk,FALSE
AL-000779,RL-000035,ALIAS,Benefits Coordinator,FALSE
AL-000780,RL-000035,ALIAS,Benefits Technician,FALSE
AL-000781,RL-000035,ALIAS,Civil Service Clerk,FALSE
AL-000782,RL-000035,ALIAS,Civil Service Worker,FALSE
AL-000783,RL-000035,ALIAS,Contract Clerk,FALSE
AL-000784,RL-000035,ALIAS,Employment Assistant,FALSE
AL-000785,RL-000035,ALIAS,Employment Clerk,FALSE
AL-000786,RL-000035,ALIAS,Enrollment Specialist,FALSE
AL-000787,RL-000035,ALIAS,Human Resources Administrative Assistant (HR Administrative Assistant),FALSE
AL-000788,RL-000035,ALIAS,Human Resources Assistant (HR Assistant),FALSE
AL-000789,RL-000035,ALIAS,Human Resources Associate (HR Associate),FALSE
AL-000790,RL-000035,ALIAS,Human Resources Clerk (HR Clerk),FALSE
AL-000791,RL-000035,ALIAS,Human Resources Team Member,FALSE
AL-000792,RL-000035,ALIAS,Identification Clerk,FALSE
AL-000793,RL-000035,ALIAS,Onboarding Coordinator,FALSE
AL-000794,RL-000035,ALIAS,Personnel Associate,FALSE
AL-000795,RL-000035,ALIAS,Personnel Clerk,FALSE
AL-000796,RL-000035,ALIAS,Personnel Officer,FALSE
AL-000797,RL-000035,ALIAS,Recruiting Coordinator,FALSE
AL-000798,RL-000035,ALIAS,Resource Coordinator,FALSE
AL-000799,RL-000035,ALIAS,Staffing Assistant,FALSE
AL-000800,RL-000035,ALIAS,Temporary Help Agency Referral Clerk,FALSE
AL-000801,RL-000035,ALIAS,Time Study Clerk,FALSE
AL-000802,SK-000001,ALIAS,Haskell techniques,FALSE
AL-001690,SK-000002,ALIAS,create technical documentation,FALSE
AL-001691,SK-000002,ALIAS,create technical documentation and academic writings,FALSE
AL-001692,SK-000002,ALIAS,write technical documentation,FALSE
AL-001693,SK-000002,ALIAS,write scientific and academic papers,FALSE
AL-001694,SK-000003,ALIAS,kdevplatform,FALSE
AL-001695,SK-000003,ALIAS,KDevelop platform,FALSE
AL-000805,SK-000004,ALIAS,drift existing data,FALSE
AL-001696,SK-000005,ALIAS,supplies managing,FALSE
AL-001697,SK-000005,ALIAS,control and monitor supplies,FALSE
AL-001698,SK-000005,ALIAS,monitor and control supplies,FALSE
AL-001699,SK-000005,ALIAS,supply chain management,FALSE
AL-001700,SK-000005,ALIAS,supplies planning,FALSE
AL-001701,SK-000005,ALIAS,manage supply chain,FALSE
AL-001702,SK-000005,ALIAS,plan supplies,FALSE
AL-001703,SK-000005,ALIAS,supplies management,FALSE
AL-000807,SK-000006,ALIAS,Erlang programming language,FALSE
AL-001704,SK-000007,ALIAS,lead ICT data classification responsabilities,FALSE
AL-001705,SK-000007,ALIAS,organise ICT data classification responsibilities,FALSE
AL-001706,SK-000008,ALIAS,data structuring methods,FALSE
AL-001707,SK-000008,ALIAS,types of data infrastructure,FALSE
AL-001708,SK-000008,ALIAS,data infrastructure,FALSE
AL-001709,SK-000009,ALIAS,offer suggestions on bankruptcy proceedings,FALSE
AL-001710,SK-000009,ALIAS,give recommendations on bankruptcy proceedings,FALSE
AL-001711,SK-000009,ALIAS,advise on proceedings on bankruptcy,FALSE
AL-001712,SK-000009,ALIAS,counsel on bankruptcy proceedings,FALSE
AL-001713,SK-000009,ALIAS,advise on bankruptcy proceeding,FALSE
AL-001714,SK-000009,ALIAS,advising on bankruptcy proceedings,FALSE
AL-001715,SK-000010,ALIAS,SAS coding,FALSE
AL-001716,SK-000010,ALIAS,SAS algorithms,FALSE
AL-001717,SK-000010,ALIAS,SAS testing,FALSE
AL-001718,SK-000010,ALIAS,SAS algorithm,FALSE
AL-001719,SK-000010,ALIAS,SAS programming language,FALSE
AL-001720,SK-000010,ALIAS,SAS principles for software development,FALSE
AL-001721,SK-000010,ALIAS,SAS techniques for software development,FALSE
AL-001722,SK-000011,ALIAS,use an interface specific to the application,FALSE
AL-001723,SK-000011,ALIAS,using an interface specific to the application,FALSE
AL-001724,SK-000011,ALIAS,application-specific interface using,FALSE
AL-001725,SK-000011,ALIAS,operate an interface specific to the application,FALSE
AL-001726,SK-000011,ALIAS,using an application-specific interface,FALSE
AL-001727,SK-000011,ALIAS,application-specific interface operating,FALSE
AL-001728,SK-000011,ALIAS,operating an interface specific to the application,FALSE
AL-001729,SK-000011,ALIAS,operating an application-specific interface,FALSE
AL-001730,SK-000011,ALIAS,operate an application-specific interface,FALSE
AL-001731,SK-000012,ALIAS,customers insight,FALSE
AL-001732,SK-000012,ALIAS,customer understanding,FALSE
AL-001733,SK-000012,ALIAS,customer's insight,FALSE
AL-001734,SK-000012,ALIAS,customer insights,FALSE
AL-000814,SK-000013,ALIAS,programs management,FALSE
AL-000815,SK-000014,ALIAS,metadata tagging,FALSE
AL-001735,SK-000015,ALIAS,the study of law,FALSE
AL-001736,SK-000015,ALIAS,law studies,FALSE
AL-001737,SK-000016,ALIAS,DNS,FALSE
AL-001738,SK-000016,ALIAS,DNS server,FALSE
AL-001739,SK-000017,ALIAS,mathematical computation,FALSE
AL-001740,SK-000017,ALIAS,mathematical representation,FALSE
AL-001741,SK-000017,ALIAS,mathematical simulation,FALSE
AL-001742,SK-000018,ALIAS,prepare data,FALSE
AL-001743,SK-000018,ALIAS,normalize data,FALSE
AL-001744,SK-000018,ALIAS,perform data pre-processing,FALSE
AL-000820,SK-000019,ALIAS,propose technical solutions to business problems,FALSE
AL-001745,SK-000020,ALIAS,simulation software ANSYS,FALSE
AL-001746,SK-000020,ALIAS,computer-based simulation,FALSE
AL-001747,SK-000021,ALIAS,accounts department processes,FALSE
AL-001748,SK-000021,ALIAS,accounting department procedures,FALSE
AL-001749,SK-000021,ALIAS,accounting processes,FALSE
AL-001750,SK-000022,ALIAS,integrating strategic foundation in daily performance,FALSE
AL-001751,SK-000022,ALIAS,incorporate strategic foundation in daily performance,FALSE
AL-001752,SK-000022,ALIAS,implement strategic foundation in daily performance,FALSE
AL-001753,SK-000022,ALIAS,integrate strategic foundation in performance,FALSE
AL-001754,SK-000023,ALIAS,oversee scientific data,FALSE
AL-001755,SK-000023,ALIAS,handle research data,FALSE
AL-001756,SK-000023,ALIAS,administer research data,FALSE
AL-001757,SK-000024,ALIAS,organise marketing strategy,FALSE
AL-001758,SK-000024,ALIAS,plan marketing strategies,FALSE
AL-001759,SK-000024,ALIAS,design marketing strategy,FALSE
AL-001760,SK-000024,ALIAS,plan a marketing strategy,FALSE
AL-001761,SK-000024,ALIAS,project marketing strategy,FALSE
AL-001762,SK-000024,ALIAS,planning a marketing strategy,FALSE
AL-001763,SK-000024,ALIAS,arrange marketing strategy,FALSE
AL-001764,SK-000025,ALIAS,employment legislation,FALSE
AL-001765,SK-000025,ALIAS,employment law,FALSE
AL-001766,SK-000025,ALIAS,labor legislation,FALSE
AL-001767,SK-000025,ALIAS,legislation on labour,FALSE
AL-000827,SK-000026,ALIAS,application development life-cycle,FALSE
AL-001768,SK-000027,ALIAS,administer company policies,FALSE
AL-001769,SK-000027,ALIAS,applying company policies,FALSE
AL-001770,SK-000027,ALIAS,employ company policies,FALSE
AL-001771,SK-000027,ALIAS,utilise company policies,FALSE
AL-001772,SK-000027,ALIAS,company policy application,FALSE
AL-001773,SK-000027,ALIAS,apply company policy,FALSE
AL-001774,SK-000027,ALIAS,implement company policies,FALSE
AL-001775,SK-000028,ALIAS,prepare plan for migration to cloud,FALSE
AL-001776,SK-000028,ALIAS,cloud migration planning,FALSE
AL-001777,SK-000028,ALIAS,plan refactoring,FALSE
AL-000830,SK-000029,ALIAS,Agile management software,FALSE
AL-001778,SK-000030,ALIAS,use html,FALSE
AL-001779,SK-000030,ALIAS,use mark-up languages,FALSE
AL-001780,SK-000030,ALIAS,use XHTML,FALSE
AL-001781,SK-000031,ALIAS,design automated migration methods,FALSE
AL-001782,SK-000031,ALIAS,design automated transfer of ICT information,FALSE
AL-001783,SK-000031,ALIAS,generate automated transfer of ICT information,FALSE
AL-001784,SK-000031,ALIAS,develop automated transfer of ICT information,FALSE
AL-001785,SK-000031,ALIAS,create automated transfer of ICT information,FALSE
AL-001786,SK-000032,ALIAS,perform multitasking activities,FALSE
AL-001787,SK-000032,ALIAS,carry out multitasking,FALSE
AL-001788,SK-000032,ALIAS,perform multi tasks at the same time,FALSE
AL-001789,SK-000033,ALIAS,sale argumentation,FALSE
AL-001790,SK-000033,ALIAS,argumentation of sales,FALSE
AL-001791,SK-000033,ALIAS,sales techniques,FALSE
AL-001792,SK-000033,ALIAS,sales pitches,FALSE
AL-001793,SK-000033,ALIAS,sales strategies,FALSE
AL-001794,SK-000033,ALIAS,sales promotions,FALSE
AL-001795,SK-000034,ALIAS,compile data for forensic purposes,FALSE
AL-001796,SK-000034,ALIAS,collect data for forensic purposes,FALSE
AL-001797,SK-000035,ALIAS,train staff to improve performance,FALSE
AL-001798,SK-000035,ALIAS,employee coaching,FALSE
AL-001799,SK-000035,ALIAS,coach employees for performance,FALSE
AL-001800,SK-000035,ALIAS,coach staff,FALSE
AL-001801,SK-000035,ALIAS,train employees to improve performance,FALSE
AL-000837,SK-000036,ALIAS,Ruby,FALSE
AL-000838,SK-000037,ALIAS,Common Lisp programming language,FALSE
AL-000839,SK-000038,ALIAS,Maven,FALSE
AL-001802,SK-000039,ALIAS,provide customer service,FALSE
AL-001803,SK-000039,ALIAS,supply customer service,FALSE
AL-001804,SK-000039,ALIAS,respond to customer requests,FALSE
AL-001805,SK-000039,ALIAS,respond to customers,FALSE
AL-001806,SK-000039,ALIAS,engage with customers,FALSE
AL-001807,SK-000039,ALIAS,help customers,FALSE
AL-001808,SK-000039,ALIAS,assist customers,FALSE
AL-001809,SK-000039,ALIAS,talk with customers,FALSE
AL-001810,SK-000039,ALIAS,communicate with clients,FALSE
AL-001811,SK-000039,ALIAS,interact with customers,FALSE
AL-001812,SK-000039,ALIAS,interact with clients,FALSE
AL-000841,SK-000040,ALIAS,risk management internal policy,FALSE
AL-001813,SK-000041,ALIAS,Lisp software development principles,FALSE
AL-001814,SK-000041,ALIAS,Lisp algorithms,FALSE
AL-001815,SK-000041,ALIAS,Lisp software development techniques,FALSE
AL-001816,SK-000041,ALIAS,Lisp programming paradigms,FALSE
AL-001817,SK-000041,ALIAS,Lisp coding techniques,FALSE
AL-001818,SK-000042,ALIAS,write research applications,FALSE
AL-001819,SK-000042,ALIAS,gather and define user requirements,FALSE
AL-001820,SK-000042,ALIAS,categorise customer requirements,FALSE
AL-001821,SK-000043,ALIAS,task scheduling,FALSE
AL-001822,SK-000043,ALIAS,organise tasks,FALSE
AL-001823,SK-000043,ALIAS,schedule tasks,FALSE
AL-001824,SK-000043,ALIAS,organize tasks,FALSE
AL-001825,SK-000043,ALIAS,task planning,FALSE
AL-001826,SK-000043,ALIAS,assign and schedule tasks,FALSE
AL-001827,SK-000043,ALIAS,task management,FALSE
AL-001828,SK-000043,ALIAS,manage task scheduling,FALSE
AL-001829,SK-000043,ALIAS,plan tasks,FALSE
AL-001830,SK-000043,ALIAS,manage tasking,FALSE
AL-000845,SK-000044,ALIAS,relationship marketing strategies,FALSE
AL-001831,SK-000045,ALIAS,implement conflict management,FALSE
AL-001832,SK-000045,ALIAS,administer conflict management,FALSE
AL-001833,SK-000045,ALIAS,utilise conflict management,FALSE
AL-001834,SK-000045,ALIAS,applying conflict management,FALSE
AL-001835,SK-000045,ALIAS,conflict management application,FALSE
AL-001836,SK-000045,ALIAS,employ conflict management,FALSE
AL-001837,SK-000045,ALIAS,application of conflict management,FALSE
AL-000847,SK-000046,ALIAS,business requirements identification,FALSE
AL-001838,SK-000047,ALIAS,recommend on accident management,FALSE
AL-001839,SK-000047,ALIAS,strategise on accident management,FALSE
AL-001840,SK-000047,ALIAS,suggest on risk management,FALSE
AL-001841,SK-000047,ALIAS,propose on risk management,FALSE
AL-001842,SK-000047,ALIAS,recommend on risk management,FALSE
AL-001843,SK-000047,ALIAS,propose on accident management,FALSE
AL-001844,SK-000047,ALIAS,suggest on accident management,FALSE
AL-001845,SK-000047,ALIAS,strategise on risk management,FALSE
AL-001846,SK-000048,ALIAS,investigate unemployment rates,FALSE
AL-001847,SK-000048,ALIAS,scrutinise unemployment rates,FALSE
AL-001848,SK-000048,ALIAS,investigate jobless rates,FALSE
AL-001849,SK-000048,ALIAS,analyze unemployment rates,FALSE
AL-001850,SK-000048,ALIAS,scrutinise jobless rates,FALSE
AL-001851,SK-000048,ALIAS,audit jobless rates,FALSE
AL-001852,SK-000048,ALIAS,audit unemployment rates,FALSE
AL-001853,SK-000049,ALIAS,perform job analysis,FALSE
AL-001854,SK-000049,ALIAS,carry out analysis of job,FALSE
AL-001855,SK-000049,ALIAS,carrying out job analysis,FALSE
AL-000851,SK-000050,ALIAS,ethical hacking techniques,FALSE
AL-000852,SK-000051,ALIAS,Syntactically Awesome Stylesheets,FALSE
AL-001856,SK-000052,ALIAS,design multi-tier cloud architecture,FALSE
AL-001857,SK-000052,ALIAS,create cloud architecture,FALSE
AL-001858,SK-000052,ALIAS,engineer cloud architecture,FALSE
AL-001859,SK-000054,ALIAS,forensic IT,FALSE
AL-001860,SK-000054,ALIAS,digital forensic investigation,FALSE
AL-001861,SK-000055,ALIAS,describe interview purposes,FALSE
AL-001862,SK-000055,ALIAS,explaining interview purposes,FALSE
AL-001863,SK-000055,ALIAS,explain purposes of interview,FALSE
AL-001864,SK-000055,ALIAS,outline interview purposes,FALSE
AL-001865,SK-000055,ALIAS,explain interview purpose,FALSE
AL-000856,SK-000056,ALIAS,marketing data analytics,FALSE
AL-001866,SK-000057,ALIAS,international commerce,FALSE
AL-001867,SK-000057,ALIAS,foreign trade,FALSE
AL-001868,SK-000057,ALIAS,global trade,FALSE
AL-001869,SK-000057,ALIAS,world wide trade,FALSE
AL-001870,SK-000057,ALIAS,international trading,FALSE
AL-000858,SK-000058,ALIAS,InfoSec strategy,FALSE
AL-001871,SK-000059,ALIAS,suggestions on personnel management,FALSE
AL-001872,SK-000059,ALIAS,provide personnel management advice,FALSE
AL-001873,SK-000059,ALIAS,give personnel management advice and support,FALSE
AL-001874,SK-000059,ALIAS,recommend personnel management,FALSE
AL-001875,SK-000059,ALIAS,provide personnel management support,FALSE
AL-001876,SK-000059,ALIAS,instruct on personnel management,FALSE
AL-001877,SK-000060,ALIAS,design virtual assistant skills,FALSE
AL-001878,SK-000060,ALIAS,develop interaction model,FALSE
AL-001879,SK-000060,ALIAS,design skills for interaction model,FALSE
AL-001880,SK-000061,ALIAS,customers' segmentation,FALSE
AL-001881,SK-000061,ALIAS,customer segmentation process,FALSE
AL-001882,SK-000061,ALIAS,segmentation of customers,FALSE
AL-001883,SK-000061,ALIAS,market fragmentation,FALSE
AL-001884,SK-000062,ALIAS,VB.NET,FALSE
AL-001885,SK-000062,ALIAS,.NET,FALSE
AL-001886,SK-000062,ALIAS,Visual Studio .NET,FALSE
AL-001887,SK-000062,ALIAS,Visual Studio,FALSE
AL-001888,SK-000062,ALIAS,VB,FALSE
AL-001889,SK-000063,ALIAS,administer marketing strategies,FALSE
AL-001890,SK-000063,ALIAS,implementing marketing strategies,FALSE
AL-001891,SK-000063,ALIAS,utilise marketing strategies,FALSE
AL-001892,SK-000063,ALIAS,implement a marketing strategy,FALSE
AL-001893,SK-000063,ALIAS,marketing strategies implementation,FALSE
AL-001894,SK-000063,ALIAS,execute marketing strategies,FALSE
AL-001895,SK-000063,ALIAS,introduce marketing strategies,FALSE
AL-001896,SK-000064,ALIAS,business analytics,FALSE
AL-001897,SK-000064,ALIAS,BI,FALSE
AL-001898,SK-000064,ALIAS,business intelligence tools,FALSE
AL-001899,SK-000065,ALIAS,apprise on taxation and related matters,FALSE
AL-001900,SK-000065,ALIAS,fiscal duties notification,FALSE
AL-001901,SK-000065,ALIAS,advise on taxation and related matters,FALSE
AL-001902,SK-000065,ALIAS,brief on taxation and related matters,FALSE
AL-001903,SK-000065,ALIAS,apprise on fiscal duties,FALSE
AL-001904,SK-000065,ALIAS,advise on fiscal duties,FALSE
AL-001905,SK-000065,ALIAS,brief on fiscal duties,FALSE
AL-001906,SK-000066,ALIAS,project sales over periods of time,FALSE
AL-001907,SK-000066,ALIAS,forecast sales over period of time,FALSE
AL-001908,SK-000066,ALIAS,estimate sales over periods of time,FALSE
AL-001909,SK-000066,ALIAS,predict sales over periods of time,FALSE
AL-001910,SK-000066,ALIAS,forecast sales over time periods,FALSE
AL-001911,SK-000066,ALIAS,forecasting sales over periods of time,FALSE
AL-001912,SK-000066,ALIAS,forecast sales over time,FALSE
AL-001913,SK-000067,ALIAS,support annual budget production,FALSE
AL-001914,SK-000067,ALIAS,support annual budget creation,FALSE
AL-001915,SK-000067,ALIAS,assist the annual budgeting process,FALSE
AL-001916,SK-000067,ALIAS,support annual budget development,FALSE
AL-001917,SK-000067,ALIAS,assist the process of preparing the annual budget,FALSE
AL-001918,SK-000067,ALIAS,support production of annual budget,FALSE
AL-001919,SK-000067,ALIAS,provide assistance to the annual budgeting process,FALSE
AL-001920,SK-000067,ALIAS,conduct annual report support activities,FALSE
AL-001921,SK-000067,ALIAS,support creation of annual budget,FALSE
AL-001922,SK-000067,ALIAS,perform annual budget support activities,FALSE
AL-001923,SK-000068,ALIAS,implementing computer network safety policies,FALSE
AL-001924,SK-000068,ALIAS,implementing ICT safety policies,FALSE
AL-001925,SK-000068,ALIAS,implement computer network safety policies,FALSE
AL-001926,SK-000068,ALIAS,implement ICT safety policies,FALSE
AL-001927,SK-000068,ALIAS,implement computer network security policies,FALSE
AL-001928,SK-000068,ALIAS,apply on-line safety guidelines,FALSE
AL-001929,SK-000068,ALIAS,ICT safety policies implementing,FALSE
AL-001930,SK-000068,ALIAS,apply on-line security guidelines,FALSE
AL-001931,SK-000068,ALIAS,on-line security guidelines applying,FALSE
AL-001932,SK-000068,ALIAS,on-line safety guidelines applying,FALSE
AL-001933,SK-000070,ALIAS,telephone soliciting,FALSE
AL-001934,SK-000070,ALIAS,cold-calling,FALSE
AL-001935,SK-000071,ALIAS,advise on tax plans,FALSE
AL-001936,SK-000071,ALIAS,advising on tax planning,FALSE
AL-001937,SK-000071,ALIAS,give recommendations on tax planning,FALSE
AL-001938,SK-000071,ALIAS,counsel on tax planning,FALSE
AL-001939,SK-000071,ALIAS,offer suggestions on tax planning,FALSE
AL-001940,SK-000072,ALIAS,use online payment solutions,FALSE
AL-001941,SK-000072,ALIAS,make use of e-services,FALSE
AL-001942,SK-000072,ALIAS,use electronic services,FALSE
AL-001943,SK-000072,ALIAS,engage in citizenship through digital technologies,FALSE
AL-001944,SK-000072,ALIAS,able to use e-services,FALSE
AL-001945,SK-000072,ALIAS,apply e-services,FALSE
AL-001946,SK-000072,ALIAS,utilise e-services,FALSE
AL-001947,SK-000073,ALIAS,analyse sales levels of products,FALSE
AL-001948,SK-000073,ALIAS,study sales levels of product,FALSE
AL-001949,SK-000073,ALIAS,study product sales levels,FALSE
AL-001950,SK-000073,ALIAS,studying sales levels of products,FALSE
AL-001951,SK-000073,ALIAS,inspect sales levels of products,FALSE
AL-001952,SK-000073,ALIAS,study sales level of products,FALSE
AL-001953,SK-000074,ALIAS,utilise CASE tools for software design,FALSE
AL-001954,SK-000074,ALIAS,utilize CASE tools for software design,FALSE
AL-001955,SK-000074,ALIAS,utilize computer-aided software engineering tools,FALSE
AL-001956,SK-000074,ALIAS,utilise CASE tools,FALSE
AL-001957,SK-000074,ALIAS,use CASE tools,FALSE
AL-001958,SK-000075,ALIAS,Google Sheets,FALSE
AL-001959,SK-000075,ALIAS,PlanMaker,FALSE
AL-001960,SK-000075,ALIAS,Gnumeric,FALSE
AL-001961,SK-000075,ALIAS,OxygenOffice Professional Calc,FALSE
AL-001962,SK-000075,ALIAS,ResolverOne,FALSE
AL-001963,SK-000075,ALIAS,ThinkFree Office Calc,FALSE
AL-001964,SK-000075,ALIAS,CellPro,FALSE
AL-001965,SK-000075,ALIAS,Simple Spreadsheet,FALSE
AL-001966,SK-000075,ALIAS,Corel Calculate,FALSE
AL-001967,SK-000075,ALIAS,MS Excel,FALSE
AL-001968,SK-000075,ALIAS,wikiCalc,FALSE
AL-001969,SK-000075,ALIAS,Calligra Sheets,FALSE
AL-001970,SK-000075,ALIAS,QT Calc Express,FALSE
AL-001971,SK-000075,ALIAS,Lotus 1-2-3,FALSE
AL-001972,SK-000075,ALIAS,Quantrix Modeler,FALSE
AL-001973,SK-000075,ALIAS,Dolphinity Planner,FALSE
AL-001974,SK-000075,ALIAS,Kingsoft Spreadsheet,FALSE
AL-001975,SK-000075,ALIAS,Sheetster,FALSE
AL-001976,SK-000075,ALIAS,Accel Spreadsheet,FALSE
AL-001977,SK-000075,ALIAS,LibreOffice Calc,FALSE
AL-001978,SK-000075,ALIAS,Microsoft Office Excel,FALSE
AL-001979,SK-000075,ALIAS,use spreadsheets program,FALSE
AL-001980,SK-000075,ALIAS,IBM Lotus Symphony Spreadsheets,FALSE
AL-001981,SK-000075,ALIAS,Household Budget Worksheet,FALSE
AL-001982,SK-000075,ALIAS,design spreadsheets,FALSE
AL-001983,SK-000075,ALIAS,Myrtle,FALSE
AL-001984,SK-000075,ALIAS,Ability Office Spreadsheet,FALSE
AL-001985,SK-000075,ALIAS,DhtmlxSpreadsheet,FALSE
AL-001986,SK-000075,ALIAS,OOo4Kids Calc,FALSE
AL-001987,SK-000075,ALIAS,Lotus Improv,FALSE
AL-001988,SK-000075,ALIAS,Sphygmic Software Spreadsheet,FALSE
AL-001989,SK-000075,ALIAS,Zoho Sheet,FALSE
AL-001990,SK-000076,ALIAS,Java 2,FALSE
AL-001991,SK-000076,ALIAS,Java 2 enterprise edition,FALSE
AL-001992,SK-000076,ALIAS,Java (computer programming),FALSE
AL-001993,SK-000077,ALIAS,promoting gender equality in business contexts,FALSE
AL-001994,SK-000077,ALIAS,encourage promote gender equality in business contexts,FALSE
AL-001995,SK-000077,ALIAS,promote business context gender equality,FALSE
AL-001996,SK-000077,ALIAS,advocate promote gender equality in business contexts,FALSE
AL-001997,SK-000077,ALIAS,promote gender equality in business context,FALSE
AL-001998,SK-000078,ALIAS,use a data processing technique,FALSE
AL-001999,SK-000078,ALIAS,apply data processing technique,FALSE
AL-002000,SK-000078,ALIAS,make use of data processing techniques,FALSE
AL-002001,SK-000078,ALIAS,utilize data processing techniques,FALSE
AL-002002,SK-000078,ALIAS,gather and analyse data,FALSE
AL-000878,SK-000079,ALIAS,MultiDimensional eXpressions,FALSE
AL-002003,SK-000080,ALIAS,data architecture,FALSE
AL-002004,SK-000080,ALIAS,information system design,FALSE
AL-002005,SK-000081,ALIAS,forecasting organisational risks,FALSE
AL-002006,SK-000081,ALIAS,foresee organisational risks,FALSE
AL-002007,SK-000081,ALIAS,forecast organizational risks,FALSE
AL-002008,SK-000081,ALIAS,forecast organisational risk,FALSE
AL-002009,SK-000081,ALIAS,predict organisational risks,FALSE
AL-002010,SK-000082,ALIAS,cloud safety and compliance,FALSE
AL-002011,SK-000082,ALIAS,cloud safety,FALSE
AL-002012,SK-000082,ALIAS,cloud security,FALSE
AL-002013,SK-000082,ALIAS,cloud compliance,FALSE
AL-002014,SK-000083,ALIAS,pricing strategy,FALSE
AL-002015,SK-000083,ALIAS,price strategies,FALSE
AL-002016,SK-000083,ALIAS,pricing plans,FALSE
AL-002017,SK-000083,ALIAS,pricing tactics,FALSE
AL-000883,SK-000084,ALIAS,ensure compliance with legislative regulations,FALSE
AL-002018,SK-000085,ALIAS,perform a risk analysis,FALSE
AL-002019,SK-000085,ALIAS,risk analysis performance,FALSE
AL-002020,SK-000085,ALIAS,implement risk analysis,FALSE
AL-002021,SK-000085,ALIAS,finish risk analysis,FALSE
AL-002022,SK-000085,ALIAS,performing a risk analysis,FALSE
AL-002023,SK-000085,ALIAS,complete risk analysis,FALSE
AL-002024,SK-000085,ALIAS,undertake risk analysis,FALSE
AL-000885,SK-000086,ALIAS,examine current data,FALSE
AL-002025,SK-000087,ALIAS,give feedback in a professional setting,FALSE
AL-002026,SK-000087,ALIAS,interact appropriately in research and professional spheres,FALSE
AL-002027,SK-000087,ALIAS,receive feedback in a professional setting,FALSE
AL-002028,SK-000087,ALIAS,interact considerately in research and professional spheres,FALSE
AL-002029,SK-000087,ALIAS,show collegiality in research and professional environments,FALSE
AL-002030,SK-000088,ALIAS,organise projects,FALSE
AL-002031,SK-000088,ALIAS,coordinating events,FALSE
AL-002032,SK-000088,ALIAS,coordinate an event,FALSE
AL-002033,SK-000088,ALIAS,plan events,FALSE
AL-002034,SK-000089,ALIAS,advocate pay parity,FALSE
AL-002035,SK-000089,ALIAS,encourage pay parity,FALSE
AL-002036,SK-000089,ALIAS,advocate equal pay,FALSE
AL-002037,SK-000089,ALIAS,promote pay parity,FALSE
AL-002038,SK-000089,ALIAS,endorse equal pay,FALSE
AL-002039,SK-000089,ALIAS,encourage equal pay,FALSE
AL-002040,SK-000089,ALIAS,endorse pay parity,FALSE
AL-002041,SK-000090,ALIAS,embedded systems software architectures,FALSE
AL-002042,SK-000090,ALIAS,embedded software,FALSE
AL-002043,SK-000091,ALIAS,budget set costs,FALSE
AL-002044,SK-000091,ALIAS,approximate set costs,FALSE
AL-002045,SK-000091,ALIAS,estimate set costs,FALSE
AL-002046,SK-000091,ALIAS,manage operation budgets,FALSE
AL-002047,SK-000091,ALIAS,oversee operational budgets,FALSE
AL-002048,SK-000091,ALIAS,handle operational budgets,FALSE
AL-002049,SK-000091,ALIAS,maintain operational budgets,FALSE
AL-002050,SK-000091,ALIAS,manage operational budget,FALSE
AL-002106,SK-000093,ALIAS,determine project specifications,FALSE
AL-002107,SK-000093,ALIAS,produce detailed specifications for projects,FALSE
AL-002108,SK-000094,ALIAS,maintain a relationship with customers,FALSE
AL-002109,SK-000094,ALIAS,sustain relationship with customers,FALSE
AL-002110,SK-000094,ALIAS,manage relationship with customers,FALSE
AL-002111,SK-000094,ALIAS,control relationship with customers,FALSE
AL-002112,SK-000094,ALIAS,preserve relationship with customers,FALSE
AL-002113,SK-000094,ALIAS,maintain relationships with customers,FALSE
AL-002114,SK-000094,ALIAS,maintain a relationship with a customer,FALSE
AL-002115,SK-000095,ALIAS,giving advice on personal matters,FALSE
AL-002116,SK-000095,ALIAS,give advice on personal matter,FALSE
AL-002117,SK-000095,ALIAS,offer suggestions on personal matters,FALSE
AL-002118,SK-000095,ALIAS,make recommendations on personal matters,FALSE
AL-002119,SK-000096,ALIAS,give accurate project information,FALSE
AL-002120,SK-000096,ALIAS,provide accurate project information,FALSE
AL-002121,SK-000097,ALIAS,make tax returns forms ready,FALSE
AL-002122,SK-000097,ALIAS,prepare forms for tax returns,FALSE
AL-002123,SK-000097,ALIAS,complete tax returns forms,FALSE
AL-002124,SK-000097,ALIAS,prepare tax return forms,FALSE
AL-002125,SK-000097,ALIAS,preparing tax returns forms,FALSE
AL-002126,SK-000097,ALIAS,get tax returns forms ready,FALSE
AL-002127,SK-000097,ALIAS,prepare tax returns form,FALSE
AL-002128,SK-000098,ALIAS,assist in the practical actions for developing marketing campaign,FALSE
AL-002129,SK-000098,ALIAS,assist in the practical actions for marketing campaigns development,FALSE
AL-002130,SK-000098,ALIAS,help in the practical actions for developing marketing campaigns,FALSE
AL-002131,SK-000098,ALIAS,assisting in the practical actions for developing marketing campaigns,FALSE
AL-002132,SK-000098,ALIAS,aid in the practical actions for developing marketing campaigns,FALSE
AL-002133,SK-000098,ALIAS,assist in the practical actions for developing marketing campaigns,FALSE
AL-002134,SK-000099,ALIAS,enforce finance policies,FALSE
AL-002135,SK-000099,ALIAS,enforcing financial policies,FALSE
AL-002136,SK-000099,ALIAS,implement financial policies,FALSE
AL-002137,SK-000099,ALIAS,impose financial policies,FALSE
AL-002138,SK-000099,ALIAS,enforce financial policy,FALSE
AL-002139,SK-000100,ALIAS,Kingsoft Office Presentation,FALSE
AL-002140,SK-000100,ALIAS,Corel Presentations,FALSE
AL-002141,SK-000100,ALIAS,using presentation software,FALSE
AL-002142,SK-000100,ALIAS,Slide Bureau,FALSE
AL-002143,SK-000100,ALIAS,make use of presentation software,FALSE
AL-002144,SK-000100,ALIAS,CustomShow,FALSE
AL-002145,SK-000100,ALIAS,SnagIt,FALSE
AL-002146,SK-000100,ALIAS,Adobe Persuation,FALSE
AL-002147,SK-000100,ALIAS,Preseria,FALSE
AL-002148,SK-000100,ALIAS,Haiku Deck,FALSE
AL-002149,SK-000100,ALIAS,Google Slides,FALSE
AL-002150,SK-000100,ALIAS,Adobe Ovation,FALSE
AL-002151,SK-000100,ALIAS,LibreOffice Impress,FALSE
AL-002152,SK-000100,ALIAS,Evernote Presentations,FALSE
AL-002153,SK-000100,ALIAS,Prezi,FALSE
AL-002154,SK-000100,ALIAS,ClearSlide,FALSE
AL-002155,SK-000100,ALIAS,Emaze,FALSE
AL-002156,SK-000100,ALIAS,SlideShare,FALSE
AL-002157,SK-000100,ALIAS,VisualBee,FALSE
AL-002158,SK-000100,ALIAS,MediaShout,FALSE
AL-002159,SK-000100,ALIAS,SlideDog,FALSE
AL-002160,SK-000100,ALIAS,able to use presentation software,FALSE
AL-002161,SK-000100,ALIAS,Slideshark,FALSE
AL-002162,SK-000100,ALIAS,produce electronic presentations,FALSE
AL-002163,SK-000100,ALIAS,utilise presentation software,FALSE
AL-002164,SK-000100,ALIAS,Microsoft Office PowerPoint,FALSE
AL-002165,SK-000100,ALIAS,apply presentation software,FALSE
AL-002166,SK-000100,ALIAS,use presentation program,FALSE
AL-002167,SK-000100,ALIAS,Articulate Presenter,FALSE
AL-002168,SK-000100,ALIAS,Powtoon,FALSE
AL-002169,SK-000100,ALIAS,GoAnimate,FALSE
AL-002170,SK-000100,ALIAS,KnowledgeVision,FALSE
AL-002171,SK-000100,ALIAS,Kineticast,FALSE
AL-002172,SK-000100,ALIAS,use slide show software,FALSE
AL-002173,SK-000101,ALIAS,principles of project management,FALSE
AL-002174,SK-000101,ALIAS,principles of project control,FALSE
AL-002175,SK-000101,ALIAS,scope of project control principles,FALSE
AL-002176,SK-000101,ALIAS,range of project management principles,FALSE
AL-002177,SK-000101,ALIAS,range of project control principles,FALSE
AL-002178,SK-000101,ALIAS,content of project management principles,FALSE
AL-002179,SK-000101,ALIAS,scope of project management principles,FALSE
AL-002180,SK-000101,ALIAS,content of project control principles,FALSE
AL-002181,SK-000102,ALIAS,software architecture patterns,FALSE
AL-002182,SK-000102,ALIAS,software architecture frameworks,FALSE
AL-000902,SK-000103,ALIAS,develop technological improvement strategies,FALSE
AL-002183,SK-000104,ALIAS,work together with auditors,FALSE
AL-002184,SK-000104,ALIAS,liaising with auditors,FALSE
AL-002185,SK-000104,ALIAS,cooperate with auditors,FALSE
AL-002186,SK-000104,ALIAS,liaise with auditor,FALSE
AL-002187,SK-000104,ALIAS,collaborate with auditors,FALSE
AL-002188,SK-000105,ALIAS,analyse testing results for incorrect software output,FALSE
AL-002189,SK-000105,ALIAS,locate defects causing unexpected software output,FALSE
AL-002190,SK-000105,ALIAS,repair computer code for software,FALSE
AL-002191,SK-000105,ALIAS,fix computer code for software,FALSE
AL-002192,SK-000106,ALIAS,parallel computing,FALSE
AL-002193,SK-000106,ALIAS,use parallel computing,FALSE
AL-000906,SK-000107,ALIAS,data scraping,FALSE
AL-000907,SK-000108,ALIAS,LESS language,FALSE
AL-002194,SK-000109,ALIAS,manage hr,FALSE
AL-002195,SK-000109,ALIAS,managing human resources,FALSE
AL-002196,SK-000109,ALIAS,supervise human resources,FALSE
AL-002197,SK-000109,ALIAS,oversee human resources,FALSE
AL-002198,SK-000109,ALIAS,direct human resources,FALSE
AL-002199,SK-000110,ALIAS,undertake business analysis,FALSE
AL-002200,SK-000110,ALIAS,performing business analysis,FALSE
AL-002201,SK-000110,ALIAS,perform analysis of a business,FALSE
AL-002202,SK-000110,ALIAS,perform a business analysis,FALSE
AL-002203,SK-000110,ALIAS,implement business analysis,FALSE
AL-002204,SK-000110,ALIAS,complete business analysis,FALSE
AL-002205,SK-000111,ALIAS,integrate software into system frameworks,FALSE
AL-002206,SK-000111,ALIAS,harmonise software with system architectures,FALSE
AL-002207,SK-000111,ALIAS,coordinate software with architectural structures,FALSE
AL-002208,SK-000112,ALIAS,carbon-neutral manufacturing,FALSE
AL-002209,SK-000112,ALIAS,sustainable production,FALSE
AL-002210,SK-000112,ALIAS,sustainable forest products,FALSE
AL-002211,SK-000112,ALIAS,eco-friendly manufacturing,FALSE
AL-002212,SK-000112,ALIAS,green manufacturing,FALSE
AL-002213,SK-000112,ALIAS,resource-efficient manufacturing,FALSE
AL-002214,SK-000113,ALIAS,promote an event,FALSE
AL-002215,SK-000113,ALIAS,advertise an event,FALSE
AL-002216,SK-000113,ALIAS,promoting an event,FALSE
AL-002217,SK-000113,ALIAS,market an event,FALSE
AL-002218,SK-000114,ALIAS,implement content quality control,FALSE
AL-002219,SK-000114,ALIAS,perform quantent quality assessment,FALSE
AL-002220,SK-000115,ALIAS,investigate milled grains,FALSE
AL-002221,SK-000115,ALIAS,test milled grains,FALSE
AL-002222,SK-000115,ALIAS,scrutinise milled grains,FALSE
AL-002223,SK-000115,ALIAS,search milled grains,FALSE
AL-002224,SK-000115,ALIAS,analysing market financial trends,FALSE
AL-002225,SK-000115,ALIAS,analysis of a market financial trend,FALSE
AL-002226,SK-000115,ALIAS,analyse a market financial trend,FALSE
AL-002227,SK-000115,ALIAS,analyze market financial trends,FALSE
AL-002228,SK-000116,ALIAS,plan exhibition marketing plan,FALSE
AL-002229,SK-000116,ALIAS,exhibition marketing plan preparation,FALSE
AL-002230,SK-000116,ALIAS,arrange exhibition marketing plan,FALSE
AL-002231,SK-000116,ALIAS,prepare an exhibition marketing plan,FALSE
AL-002232,SK-000116,ALIAS,develop exhibition marketing plan,FALSE
AL-002233,SK-000116,ALIAS,provide exhibition marketing plan,FALSE
AL-002234,SK-000116,ALIAS,preparing an exhibition marketing plan,FALSE
AL-002235,SK-000117,ALIAS,strive growth of the company,FALSE
AL-002236,SK-000117,ALIAS,crusade for company growth,FALSE
AL-002237,SK-000117,ALIAS,work hard for company growth,FALSE
AL-002238,SK-000117,ALIAS,striving for company growth,FALSE
AL-000917,SK-000118,ALIAS,manage information security,FALSE
AL-002239,SK-000119,ALIAS,analyse financial accounts,FALSE
AL-002240,SK-000119,ALIAS,monitor finance accounts,FALSE
AL-002241,SK-000119,ALIAS,analyse financial records,FALSE
AL-002242,SK-000120,ALIAS,organize staff assessment,FALSE
AL-002243,SK-000120,ALIAS,arrange staff assessment,FALSE
AL-002244,SK-000120,ALIAS,organise assessments of staff,FALSE
AL-002245,SK-000120,ALIAS,organise staff assessments,FALSE
AL-002246,SK-000120,ALIAS,organising staff assessment,FALSE
AL-002247,SK-000120,ALIAS,plan staff assessment,FALSE
AL-002248,SK-000121,ALIAS,disseminate scientific results,FALSE
AL-002249,SK-000121,ALIAS,disclose scientific results,FALSE
AL-002250,SK-000121,ALIAS,disclose findings of scientific research,FALSE
AL-002251,SK-000121,ALIAS,disseminate findings of scientific research,FALSE
AL-002252,SK-000121,ALIAS,disseminate results of scientific research,FALSE
AL-002253,SK-000122,ALIAS,know open-source software licensing schemes,FALSE
AL-002254,SK-000122,ALIAS,know open-source software coding practices,FALSE
AL-002255,SK-000122,ALIAS,know open-source licensing schemes,FALSE
AL-002256,SK-000122,ALIAS,know open-source coding practices,FALSE
AL-002257,SK-000122,ALIAS,manage open-source software,FALSE
AL-002258,SK-000123,ALIAS,use programming design patterns,FALSE
AL-002259,SK-000123,ALIAS,utilise software design patterns,FALSE
AL-002260,SK-000124,ALIAS,analyse data performance,FALSE
AL-002261,SK-000124,ALIAS,perform analysis of data,FALSE
AL-002262,SK-000124,ALIAS,implement data analysis,FALSE
AL-002263,SK-000124,ALIAS,performing data analysis,FALSE
AL-002264,SK-000124,ALIAS,undertake data analysis,FALSE
AL-002265,SK-000124,ALIAS,complete data analysis,FALSE
AL-000924,SK-000125,ALIAS,Prolog,FALSE
AL-002266,SK-000126,ALIAS,state policy production,FALSE
AL-002267,SK-000126,ALIAS,state policy introduction,FALSE
AL-002268,SK-000126,ALIAS,government policy execution,FALSE
AL-002269,SK-000126,ALIAS,government policy direction,FALSE
AL-002270,SK-000126,ALIAS,state policy direction,FALSE
AL-002271,SK-000126,ALIAS,government policy production,FALSE
AL-002272,SK-000126,ALIAS,government policy introduction,FALSE
AL-002273,SK-000126,ALIAS,state policy execution,FALSE
AL-002274,SK-000127,ALIAS,design-to-cost process,FALSE
AL-002275,SK-000127,ALIAS,process design,FALSE
AL-002276,SK-000128,ALIAS,utilise ICT tools for logic programming,FALSE
AL-002277,SK-000128,ALIAS,use Datalog for logic programming,FALSE
AL-002278,SK-000128,ALIAS,employ Answer Set Programming,FALSE
AL-002279,SK-000128,ALIAS,employ ICT tools for logic programming,FALSE
AL-002280,SK-000128,ALIAS,use Prolog for logic programming,FALSE
AL-002281,SK-000129,ALIAS,perform company financial management activities,FALSE
AL-002282,SK-000129,ALIAS,manage finances,FALSE
AL-002283,SK-000129,ALIAS,conduct financial management activities,FALSE
AL-002284,SK-000129,ALIAS,manage financial resources,FALSE
AL-002285,SK-000129,ALIAS,monitor and control financial resources,FALSE
AL-002286,SK-000129,ALIAS,supervise company budgets,FALSE
AL-002287,SK-000129,ALIAS,monitor and manage financial resources,FALSE
AL-002288,SK-000129,ALIAS,oversee company budgets,FALSE
AL-002289,SK-000129,ALIAS,manage and control company budgets,FALSE
AL-002290,SK-000129,ALIAS,monitor financial resources,FALSE
AL-002291,SK-000129,ALIAS,control finances,FALSE
AL-002292,SK-000130,ALIAS,develop visual design from given specifications,FALSE
AL-002293,SK-000130,ALIAS,develop visual design concepts based on target audience,FALSE
AL-002294,SK-000130,ALIAS,develop visual design based on target audience,FALSE
AL-002295,SK-000130,ALIAS,translate requirement concepts into visual design,FALSE
AL-002296,SK-000130,ALIAS,develop visual design concepts from given specifications,FALSE
AL-002297,SK-000131,ALIAS,develop data processes,FALSE
AL-002298,SK-000131,ALIAS,implement data processes,FALSE
AL-002299,SK-000132,ALIAS,carrying out sales analysis,FALSE
AL-002300,SK-000132,ALIAS,carry out a sales analysis,FALSE
AL-002301,SK-000132,ALIAS,oversee sales analysis,FALSE
AL-002302,SK-000132,ALIAS,undertake sales analysis,FALSE
AL-002303,SK-000132,ALIAS,complete sales analysis,FALSE
AL-002304,SK-000132,ALIAS,make sales analysis,FALSE
AL-002305,SK-000132,ALIAS,carrying out a sales analysis,FALSE
AL-002306,SK-000133,ALIAS,ICT network security threats,FALSE
AL-002307,SK-000133,ALIAS,information systems security risks,FALSE
AL-002308,SK-000134,ALIAS,speak foreign languages,FALSE
AL-002309,SK-000134,ALIAS,communicate in multiple languages,FALSE
AL-002310,SK-000134,ALIAS,speak a different language,FALSE
AL-002311,SK-000135,ALIAS,add up government revenue,FALSE
AL-002312,SK-000135,ALIAS,tally tax,FALSE
AL-002313,SK-000135,ALIAS,reckon tax,FALSE
AL-002314,SK-000135,ALIAS,count tax,FALSE
AL-002315,SK-000135,ALIAS,add up tax,FALSE
AL-002316,SK-000135,ALIAS,calculate government revenue,FALSE
AL-002317,SK-000135,ALIAS,measure tax,FALSE
AL-002318,SK-000135,ALIAS,count government revenue,FALSE
AL-002319,SK-000135,ALIAS,measure government revenue,FALSE
AL-000935,SK-000136,ALIAS,process of innovation,FALSE
AL-002320,SK-000137,ALIAS,accounting controls,FALSE
AL-002321,SK-000137,ALIAS,accounting governance,FALSE
AL-002322,SK-000137,ALIAS,accounting supervision,FALSE
AL-002323,SK-000137,ALIAS,accounting arrangements,FALSE
AL-002324,SK-000137,ALIAS,book keeping supervision,FALSE
AL-002325,SK-000137,ALIAS,book keeping governance,FALSE
AL-002326,SK-000137,ALIAS,book keeping arrangements,FALSE
AL-002327,SK-000137,ALIAS,book keeping controls,FALSE
AL-000937,SK-000138,ALIAS,OpenEdge Advanced Business Language techniques,FALSE
AL-002328,SK-000139,ALIAS,identifying talent,FALSE
AL-002329,SK-000139,ALIAS,identify talented people,FALSE
AL-002330,SK-000139,ALIAS,earmark people with talent,FALSE
AL-002331,SK-000139,ALIAS,identify talents,FALSE
AL-000939,SK-000140,ALIAS,apply analytical mathematical methods,FALSE
AL-002332,SK-000141,ALIAS,interview practices,FALSE
AL-002333,SK-000141,ALIAS,interviewing techniques,FALSE
AL-002334,SK-000141,ALIAS,interview procedures,FALSE
AL-002335,SK-000141,ALIAS,interview methods,FALSE
AL-002336,SK-000141,ALIAS,interview technique,FALSE
AL-002337,SK-000142,ALIAS,documentation types of product life cycle,FALSE
AL-002338,SK-000142,ALIAS,internal documentation types of product life cycle,FALSE
AL-002339,SK-000142,ALIAS,internal documentation types,FALSE
AL-002340,SK-000142,ALIAS,technical documentation types,FALSE
AL-002341,SK-000142,ALIAS,external documentation types,FALSE
AL-002342,SK-000143,ALIAS,tailor project methodologies,FALSE
AL-002343,SK-000143,ALIAS,perform project methodologies customisations,FALSE
AL-002344,SK-000143,ALIAS,perform tailoring of project methodologies,FALSE
AL-002345,SK-000143,ALIAS,carry out project methodologies customisations,FALSE
AL-002346,SK-000143,ALIAS,carry out tailoring of project methodologies,FALSE
AL-002347,SK-000144,ALIAS,supervise staff,FALSE
AL-002348,SK-000144,ALIAS,coordinate and monitor employees,FALSE
AL-002349,SK-000144,ALIAS,undertake HR processes,FALSE
AL-002350,SK-000144,ALIAS,supervise personnel,FALSE
AL-002351,SK-000144,ALIAS,implement HR actions,FALSE
AL-002352,SK-000144,ALIAS,supervise employees,FALSE
AL-002353,SK-000144,ALIAS,perform HR,FALSE
AL-002354,SK-000144,ALIAS,conduct HR activities,FALSE
AL-002355,SK-000144,ALIAS,manage personnel,FALSE
AL-002356,SK-000144,ALIAS,manage subordinates,FALSE
AL-002357,SK-000144,ALIAS,manage team,FALSE
AL-002358,SK-000144,ALIAS,manage employees,FALSE
AL-002359,SK-000144,ALIAS,coordinate and monitor subordinates,FALSE
AL-002360,SK-000144,ALIAS,coordinate and monitor staff,FALSE
AL-000944,SK-000145,ALIAS,social network analysis methods,FALSE
AL-002361,SK-000146,ALIAS,business norms,FALSE
AL-002362,SK-000146,ALIAS,the law of business,FALSE
AL-002363,SK-000146,ALIAS,business laws,FALSE
AL-002364,SK-000146,ALIAS,business regulation,FALSE
AL-002365,SK-000146,ALIAS,business legislation,FALSE
AL-002366,SK-000147,ALIAS,Infoviz,FALSE
AL-002367,SK-000147,ALIAS,information visualisation,FALSE
AL-002368,SK-000147,ALIAS,visualization interface,FALSE
AL-002369,SK-000147,ALIAS,Infovis,FALSE
AL-002370,SK-000147,ALIAS,information visualization,FALSE
AL-002371,SK-000148,ALIAS,define information security approach,FALSE
AL-002372,SK-000148,ALIAS,define information security strategy,FALSE
AL-002373,SK-000149,ALIAS,manage retirement funds,FALSE
AL-002374,SK-000149,ALIAS,manage social security funds,FALSE
AL-002375,SK-000149,ALIAS,manage retirement accounts,FALSE
AL-002376,SK-000150,ALIAS,plan and implement security policies,FALSE
AL-002377,SK-000150,ALIAS,design and implement security policies,FALSE
AL-002378,SK-000151,ALIAS,apply numerical analysis to data,FALSE
AL-002379,SK-000151,ALIAS,apply JMP statistical analysis techniques,FALSE
AL-002380,SK-000151,ALIAS,apply minitab statistical analysis techniques,FALSE
AL-000951,SK-000152,ALIAS,develop user documentation,FALSE
AL-002381,SK-000153,ALIAS,optimise cloud services,FALSE
AL-002382,SK-000153,ALIAS,perform cloud refactoring,FALSE
AL-002383,SK-000153,ALIAS,optimise cloud features,FALSE
AL-002384,SK-000153,ALIAS,refactor cloud services,FALSE
AL-002385,SK-000153,ALIAS,do cloud features refactoring,FALSE
AL-002386,SK-000154,ALIAS,government income,FALSE
AL-002387,SK-000154,ALIAS,government revenues,FALSE
AL-002388,SK-000154,ALIAS,government taxations,FALSE
AL-002389,SK-000154,ALIAS,public taxations,FALSE
AL-002390,SK-000154,ALIAS,public income,FALSE
AL-002391,SK-000154,ALIAS,public money,FALSE
AL-002392,SK-000154,ALIAS,public revenues,FALSE
AL-002393,SK-000154,ALIAS,government money,FALSE
AL-002394,SK-000155,ALIAS,job opportunities,FALSE
AL-002395,SK-000155,ALIAS,labour market offers,FALSE
AL-002396,SK-000155,ALIAS,labour market opportunities,FALSE
AL-002397,SK-000155,ALIAS,job market offer,FALSE
AL-000955,SK-000156,ALIAS,digital information systems,FALSE
AL-002398,SK-000157,ALIAS,financial department procedures,FALSE
AL-002399,SK-000157,ALIAS,finance department processes,FALSE
AL-002400,SK-000157,ALIAS,financial processes,FALSE
AL-002401,SK-000157,ALIAS,financial department methods,FALSE
AL-002402,SK-000157,ALIAS,financial department process,FALSE
AL-002403,SK-000158,ALIAS,perform scholarly peer review,FALSE
AL-002404,SK-000158,ALIAS,assess research results,FALSE
AL-002405,SK-000158,ALIAS,assess research methodology,FALSE
AL-002406,SK-000159,ALIAS,corporate policies,FALSE
AL-002407,SK-000159,ALIAS,corporate regulations,FALSE
AL-002408,SK-000159,ALIAS,organisational standards,FALSE
AL-002409,SK-000159,ALIAS,organisational guidelines,FALSE
AL-002410,SK-000159,ALIAS,institutional policies,FALSE
AL-002411,SK-000160,ALIAS,secure information transparency,FALSE
AL-002412,SK-000160,ALIAS,establish information openness,FALSE
AL-002413,SK-000160,ALIAS,secure information openness,FALSE
AL-002414,SK-000160,ALIAS,provide information transparency,FALSE
AL-002415,SK-000160,ALIAS,assure information openness,FALSE
AL-002416,SK-000160,ALIAS,establish information transparency,FALSE
AL-002417,SK-000160,ALIAS,provide information openness,FALSE
AL-002418,SK-000160,ALIAS,assure information transparency,FALSE
AL-000960,SK-000161,ALIAS,ICT quality control,FALSE
AL-002419,SK-000162,ALIAS,utilise change management,FALSE
AL-002420,SK-000162,ALIAS,alter management,FALSE
AL-002421,SK-000162,ALIAS,rework management,FALSE
AL-002422,SK-000162,ALIAS,apply changing management,FALSE
AL-002423,SK-000162,ALIAS,change management application,FALSE
AL-002424,SK-000162,ALIAS,administer change management,FALSE
AL-002425,SK-000162,ALIAS,revise management,FALSE
AL-002426,SK-000162,ALIAS,implement change management,FALSE
AL-002427,SK-000162,ALIAS,change management,FALSE
AL-002428,SK-000162,ALIAS,employ change management,FALSE
AL-002429,SK-000162,ALIAS,applying change management,FALSE
AL-000962,SK-000163,ALIAS,lead ICT projects,FALSE
AL-002430,SK-000164,ALIAS,maintaining relationship with suppliers,FALSE
AL-002431,SK-000164,ALIAS,control relationship with suppliers,FALSE
AL-002432,SK-000164,ALIAS,manage relationship with suppliers,FALSE
AL-002433,SK-000164,ALIAS,sustain relationship with suppliers,FALSE
AL-002434,SK-000164,ALIAS,maintain a relationship with suppliers,FALSE
AL-002435,SK-000164,ALIAS,maintain relationship with a supplier,FALSE
AL-002436,SK-000164,ALIAS,preserve relationship with suppliers,FALSE
AL-002437,SK-000165,ALIAS,Client-side JavaScript,FALSE
AL-002438,SK-000165,ALIAS,Live Script,FALSE
AL-002439,SK-000165,ALIAS,Escript,FALSE
AL-002440,SK-000165,ALIAS,CSJS,FALSE
AL-002441,SK-000165,ALIAS,Mocha,FALSE
AL-002442,SK-000165,ALIAS,Server-side JavaScript,FALSE
AL-002443,SK-000166,ALIAS,decision-making tools,FALSE
AL-002444,SK-000166,ALIAS,decision support matrix,FALSE
AL-002445,SK-000166,ALIAS,decision support software,FALSE
AL-002446,SK-000167,ALIAS,legal regulation compliance,FALSE
AL-002447,SK-000167,ALIAS,comply with legal rules,FALSE
AL-002448,SK-000167,ALIAS,comply with legal legislation,FALSE
AL-002449,SK-000167,ALIAS,comply with legal laws,FALSE
AL-002450,SK-000167,ALIAS,comply with legal statutes,FALSE
AL-002451,SK-000167,ALIAS,comply with a legal regulation,FALSE
AL-002452,SK-000167,ALIAS,complying with legal regulations,FALSE
AL-002453,SK-000168,ALIAS,inspect marketing content,FALSE
AL-002454,SK-000168,ALIAS,assess marketing content,FALSE
AL-002455,SK-000168,ALIAS,evaluate content for marketing,FALSE
AL-002456,SK-000168,ALIAS,evaluating marketing content,FALSE
AL-002457,SK-000168,ALIAS,rate marketing content,FALSE
AL-002458,SK-000169,ALIAS,data feature engineering,FALSE
AL-002459,SK-000169,ALIAS,t-distributed stochastic neighbor embedding,FALSE
AL-002460,SK-000169,ALIAS,data feature extraction,FALSE
AL-002461,SK-000169,ALIAS,data feature selection,FALSE
AL-002462,SK-000169,ALIAS,multidimensional scaling,FALSE
AL-002463,SK-000169,ALIAS,t-SNE,FALSE
AL-002464,SK-000169,ALIAS,Kohonen self-organizing map,FALSE
AL-002465,SK-000170,ALIAS,write up auditing financial reports,FALSE
AL-002466,SK-000170,ALIAS,make auditing financial reports ready,FALSE
AL-002467,SK-000170,ALIAS,prepare auditing reports,FALSE
AL-002468,SK-000170,ALIAS,formulate auditing financial reports,FALSE
AL-002469,SK-000170,ALIAS,preparing financial auditing reports,FALSE
AL-002470,SK-000170,ALIAS,prepare reports on financial audits,FALSE
AL-002471,SK-000170,ALIAS,prepare auditing financial report,FALSE
AL-002472,SK-000171,ALIAS,enterprise data storage,FALSE
AL-002473,SK-000171,ALIAS,data warehouse solutions,FALSE
AL-002474,SK-000171,ALIAS,data repository,FALSE
AL-002475,SK-000172,ALIAS,handle payroll reports,FALSE
AL-002476,SK-000172,ALIAS,managing payroll reports,FALSE
AL-002477,SK-000172,ALIAS,oversee payroll reports,FALSE
AL-002478,SK-000172,ALIAS,manage payroll report,FALSE
AL-002479,SK-000172,ALIAS,manage reports for payroll,FALSE
AL-002480,SK-000172,ALIAS,maintain payroll reports,FALSE
AL-000972,SK-000173,ALIAS,XQuery language,FALSE
AL-002481,SK-000174,ALIAS,ICT security compliances,FALSE
AL-002482,SK-000174,ALIAS,cyber security frameworks,FALSE
AL-002483,SK-000174,ALIAS,IT security frameworks,FALSE
AL-002484,SK-000174,ALIAS,cyber security compliances,FALSE
AL-002485,SK-000174,ALIAS,ICT security frameworks,FALSE
AL-002486,SK-000174,ALIAS,information security compliances,FALSE
AL-002487,SK-000174,ALIAS,information security frameworks,FALSE
AL-002488,SK-000174,ALIAS,cyber security standards,FALSE
AL-002489,SK-000174,ALIAS,IT security compliances,FALSE
AL-002490,SK-000174,ALIAS,IT security standards,FALSE
AL-002491,SK-000174,ALIAS,information security standards,FALSE
AL-002492,SK-000175,ALIAS,liaising with financiers,FALSE
AL-002493,SK-000175,ALIAS,network with financiers,FALSE
AL-002494,SK-000175,ALIAS,liaise with financier,FALSE
AL-002495,SK-000175,ALIAS,interact with financiers,FALSE
AL-002496,SK-000175,ALIAS,schmooze with financiers,FALSE
AL-002497,SK-000176,ALIAS,Practical Extraction and Report Language,FALSE
AL-002498,SK-000176,ALIAS,PONIE,FALSE
AL-002499,SK-000177,ALIAS,exhibit academic proficiency,FALSE
AL-002500,SK-000177,ALIAS,demonstrate complex understanding of a research area,FALSE
AL-002501,SK-000177,ALIAS,demonstrate deep knowledge of a research area,FALSE
AL-002502,SK-000177,ALIAS,demonstrate deep knowledge of a specific research area,FALSE
AL-002503,SK-000177,ALIAS,demonstrate complex understanding of a specific research area,FALSE
AL-002504,SK-000178,ALIAS,using different communication channels,FALSE
AL-002505,SK-000178,ALIAS,operate specific communication channels,FALSE
AL-002506,SK-000178,ALIAS,handle specific communication channels,FALSE
AL-002507,SK-000178,ALIAS,utilise specific communication channels,FALSE
AL-002508,SK-000178,ALIAS,apply specific communication channels,FALSE
AL-002509,SK-000178,ALIAS,use of different communication channels,FALSE
AL-002510,SK-000179,ALIAS,mine data,FALSE
AL-002511,SK-000179,ALIAS,use model data,FALSE
AL-002512,SK-000180,ALIAS,ICT well-being maintenance,FALSE
AL-002513,SK-000180,ALIAS,ICT welfare maintenance,FALSE
AL-002514,SK-000180,ALIAS,ICT protection,FALSE
AL-002515,SK-000180,ALIAS,information and communication technologies safety,FALSE
AL-002516,SK-000180,ALIAS,ICT security,FALSE
AL-002517,SK-000180,ALIAS,information and communication technology safety,FALSE
AL-002518,SK-000181,ALIAS,Smalltalk programming system,FALSE
AL-002519,SK-000181,ALIAS,Smalltalk,FALSE
AL-002520,SK-000182,ALIAS,non financial reporting guidelines,FALSE
AL-002521,SK-000182,ALIAS,sustainability standardised reporting frameworks,FALSE
AL-002522,SK-000182,ALIAS,global reporting framework for sustainability,FALSE
AL-002523,SK-000182,ALIAS,global reporting guidelines for sustainability,FALSE
AL-002524,SK-000183,ALIAS,numeracy,FALSE
AL-002525,SK-000183,ALIAS,quantitative data,FALSE
AL-002526,SK-000183,ALIAS,solid modeling,FALSE
AL-002527,SK-000183,ALIAS,mathematical subjects,FALSE
AL-002528,SK-000183,ALIAS,field of mathematics,FALSE
AL-002529,SK-000183,ALIAS,study of mathematics,FALSE
AL-002530,SK-000183,ALIAS,maths,FALSE
AL-002531,SK-000183,ALIAS,calculation,FALSE
AL-002532,SK-000184,ALIAS,Hypertext Preprocessor,FALSE
AL-002533,SK-000184,ALIAS,Personal Home Page,FALSE
AL-002534,SK-000185,ALIAS,software performance incidents,FALSE
AL-002535,SK-000185,ALIAS,software behaviour deviations,FALSE
AL-002536,SK-000185,ALIAS,software performance deviations,FALSE
AL-002537,SK-000185,ALIAS,software bugs,FALSE
AL-002538,SK-000185,ALIAS,software defects,FALSE
AL-002539,SK-000186,ALIAS,non-relational database,FALSE
AL-002540,SK-000186,ALIAS,types of databases,FALSE
AL-002541,SK-000186,ALIAS,relational database,FALSE
AL-002542,SK-000187,ALIAS,identifying undetected organisational needs,FALSE
AL-002543,SK-000187,ALIAS,detect unidentified organisational needs,FALSE
AL-002544,SK-000187,ALIAS,identify undetected organizational needs,FALSE
AL-002545,SK-000187,ALIAS,spot undetected organisational needs,FALSE
AL-002546,SK-000187,ALIAS,recognize undetected organisational needs,FALSE
AL-002547,SK-000187,ALIAS,identify undetected organisational need,FALSE
AL-002548,SK-000187,ALIAS,discover undetected organisational needs,FALSE
AL-002549,SK-000188,ALIAS,automate disaster recovery strategies in cloud,FALSE
AL-002550,SK-000188,ALIAS,troubleshoot issues in cloud systems,FALSE
AL-002551,SK-000188,ALIAS,troubleshoot cloud issues,FALSE
AL-002552,SK-000188,ALIAS,manage cloud incidents,FALSE
AL-002553,SK-000188,ALIAS,troubleshoot cloud incidents,FALSE
AL-002554,SK-000189,ALIAS,use database management systems,FALSE
AL-002555,SK-000189,ALIAS,use database software,FALSE
AL-002556,SK-000189,ALIAS,apply databases,FALSE
AL-002557,SK-000189,ALIAS,use data bases,FALSE
AL-002558,SK-000189,ALIAS,use Dbs,FALSE
AL-002559,SK-000189,ALIAS,able to use using databases,FALSE
AL-002560,SK-000189,ALIAS,use database,FALSE
AL-002561,SK-000189,ALIAS,utilise databases,FALSE
AL-002562,SK-000189,ALIAS,make use of databases,FALSE
AL-002563,SK-000190,ALIAS,perform wayside signalling interlocking design activities,FALSE
AL-002564,SK-000190,ALIAS,design wayside signaling interlockings,FALSE
AL-002565,SK-000190,ALIAS,create wayside signalling interlockings,FALSE
AL-002566,SK-000190,ALIAS,develop wayside signalling interlockings,FALSE
AL-002567,SK-000190,ALIAS,conduct wayside signalling interlocking design activities,FALSE
AL-002568,SK-000190,ALIAS,undertake wayside signalling interlocking design activities,FALSE
AL-002569,SK-000190,ALIAS,design railway wayside signalling interlockings,FALSE
AL-002570,SK-000190,ALIAS,design railroad wayside signalling interlockings,FALSE
AL-000990,SK-000191,ALIAS,Xcode IDE,FALSE
AL-002571,SK-000192,ALIAS,image interpretation,FALSE
AL-002572,SK-000192,ALIAS,image detection,FALSE
AL-002573,SK-000192,ALIAS,visual recognition,FALSE
AL-002574,SK-000192,ALIAS,visual detection,FALSE
AL-000992,SK-000193,ALIAS,combine ICT data,FALSE
AL-002575,SK-000194,ALIAS,inform stakeholders of ideas and objectives,FALSE
AL-002576,SK-000194,ALIAS,communicate with providers of business support services,FALSE
AL-002577,SK-000194,ALIAS,communicating with stakeholders,FALSE
AL-002578,SK-000194,ALIAS,communicate to stakeholders,FALSE
AL-002579,SK-000195,ALIAS,analyze big data,FALSE
AL-002580,SK-000195,ALIAS,scrutinise big data,FALSE
AL-002581,SK-000195,ALIAS,big data analysis,FALSE
AL-002582,SK-000195,ALIAS,investigate big data,FALSE
AL-002583,SK-000195,ALIAS,search big data,FALSE
AL-002584,SK-000195,ALIAS,test big data,FALSE
AL-002585,SK-000195,ALIAS,analysing big data,FALSE
AL-002586,SK-000195,ALIAS,big data analysing,FALSE
AL-002587,SK-000196,ALIAS,Assembly computer programming paradigms,FALSE
AL-002588,SK-000196,ALIAS,Assembly software development techniques,FALSE
AL-002589,SK-000196,ALIAS,Assembly software development principles,FALSE
AL-002590,SK-000196,ALIAS,Assembly,FALSE
AL-002591,SK-000196,ALIAS,Assembly algorithms,FALSE
AL-002592,SK-000197,ALIAS,evaluate pipeline database information,FALSE
AL-002593,SK-000197,ALIAS,perform analysis on pipeline database information,FALSE
AL-002594,SK-000197,ALIAS,analyze pipeline database information,FALSE
AL-002595,SK-000197,ALIAS,evaluate information in pipeline databases,FALSE
AL-002596,SK-000197,ALIAS,retrieve and assess information from pipeline company database,FALSE
AL-002597,SK-000197,ALIAS,conduct analysis on pipeline database information,FALSE
AL-002598,SK-000197,ALIAS,retrieve and analyse information from pipeline company database,FALSE
AL-002599,SK-000197,ALIAS,analyse information in pipeline databases,FALSE
AL-002600,SK-000197,ALIAS,assess information in pipeline databases,FALSE
AL-002601,SK-000197,ALIAS,assess pipeline database information,FALSE
AL-002602,SK-000199,ALIAS,provide reports on cost benefit analysis,FALSE
AL-002603,SK-000199,ALIAS,provide cost-benefit analysis reports,FALSE
AL-002604,SK-000199,ALIAS,produce cost benefit analysis reports,FALSE
AL-002605,SK-000199,ALIAS,generate cost benefit analysis reports,FALSE
AL-002606,SK-000199,ALIAS,providing cost benefit analysis reports,FALSE
AL-002607,SK-000199,ALIAS,create cost benefit analysis reports,FALSE
AL-002608,SK-000199,ALIAS,provide cost benefit analysis report,FALSE
AL-000998,SK-000200,ALIAS,data engineering methods,FALSE
AL-000999,SK-000201,ALIAS,equity banking,FALSE
AL-002609,SK-000202,ALIAS,customer product risks analysis,FALSE
AL-002610,SK-000202,ALIAS,product risks analysis,FALSE
AL-002611,SK-000203,ALIAS,apply an ISMS,FALSE
AL-002612,SK-000203,ALIAS,define an ISMS,FALSE
AL-002613,SK-000203,ALIAS,implement an ISMS,FALSE
AL-002614,SK-000203,ALIAS,define an Information Security Management System,FALSE
AL-002615,SK-000203,ALIAS,monitor an ISMS,FALSE
AL-002616,SK-000203,ALIAS,apply an Information Security Management System,FALSE
AL-002617,SK-000203,ALIAS,implement an Information Security Management System,FALSE
AL-002618,SK-000203,ALIAS,monitor an Information Security Management System,FALSE
AL-002619,SK-000204,ALIAS,hire new personnel,FALSE
AL-002620,SK-000204,ALIAS,hiring new personnel,FALSE
AL-002621,SK-000204,ALIAS,recruit staff,FALSE
AL-002622,SK-000204,ALIAS,employ new personnel,FALSE
AL-002623,SK-000204,ALIAS,manage recruitment of employees,FALSE
AL-002624,SK-000205,ALIAS,email marketing services,FALSE
AL-002625,SK-000205,ALIAS,services marketing strategies,FALSE
AL-002626,SK-000206,ALIAS,collect data samples,FALSE
AL-002627,SK-000206,ALIAS,manage data samples,FALSE
AL-002628,SK-000206,ALIAS,handle data samples for statistical purposes,FALSE
AL-002629,SK-000207,ALIAS,records of financial activities,FALSE
AL-002630,SK-000207,ALIAS,financial statement,FALSE
AL-002631,SK-000207,ALIAS,statements on finances,FALSE
AL-002632,SK-000208,ALIAS,international accounting reporting standards,FALSE
AL-002633,SK-000208,ALIAS,international financial reporting guidelines,FALSE
AL-002634,SK-000208,ALIAS,international finance reporting standards,FALSE
AL-002635,SK-000208,ALIAS,international financial reporting standard,FALSE
AL-002636,SK-000208,ALIAS,reporting standards for international finance,FALSE
AL-002637,SK-000209,ALIAS,government social security policies,FALSE
AL-002638,SK-000209,ALIAS,government welfare strategies,FALSE
AL-002639,SK-000209,ALIAS,government welfare schedules,FALSE
AL-002640,SK-000209,ALIAS,government social security programs,FALSE
AL-002641,SK-000209,ALIAS,government welfare policies,FALSE
AL-002642,SK-000209,ALIAS,government welfare plans,FALSE
AL-002643,SK-000209,ALIAS,government social security schedules,FALSE
AL-002644,SK-000209,ALIAS,government social security plans,FALSE
AL-002645,SK-000209,ALIAS,government social security strategies,FALSE
AL-002646,SK-000210,ALIAS,monetary estimating,FALSE
AL-002647,SK-000210,ALIAS,monetary planning,FALSE
AL-002648,SK-000210,ALIAS,financial planning,FALSE
AL-002649,SK-000210,ALIAS,monetary calculating,FALSE
AL-002650,SK-000210,ALIAS,financial calculating,FALSE
AL-002651,SK-000210,ALIAS,financial estimating,FALSE
AL-001009,SK-000211,ALIAS,employ business simulation tools,FALSE
AL-002652,SK-000212,ALIAS,theories of consultation and communication with clients,FALSE
AL-002653,SK-000212,ALIAS,consultations,FALSE
AL-002654,SK-000212,ALIAS,theories related to consultation,FALSE
AL-002655,SK-000212,ALIAS,concepts of consultation,FALSE
AL-002656,SK-000213,ALIAS,parts for hardware systems,FALSE
AL-002657,SK-000213,ALIAS,hardware system components,FALSE
AL-002658,SK-000213,ALIAS,hardware system parts,FALSE
AL-002659,SK-000213,ALIAS,components of hardware systems,FALSE
AL-002660,SK-000213,ALIAS,types of hardware components,FALSE
AL-002661,SK-000213,ALIAS,typology of hardware components,FALSE
AL-002662,SK-000213,ALIAS,range of hardware components,FALSE
AL-002663,SK-000213,ALIAS,components for hardware systems,FALSE
AL-002664,SK-000213,ALIAS,components of hardware,FALSE
AL-001012,SK-000214,ALIAS,C Sharp,FALSE
AL-002665,SK-000215,ALIAS,instruct in educational or vocational settings,FALSE
AL-002666,SK-000215,ALIAS,provide instruction in academic or vocational domains,FALSE
AL-002667,SK-000215,ALIAS,teach students in academic or vocational contexts,FALSE
AL-002668,SK-000216,ALIAS,profitability management,FALSE
AL-002669,SK-000216,ALIAS,oversee profitability,FALSE
AL-002670,SK-000216,ALIAS,supervise profitability,FALSE
AL-002671,SK-000216,ALIAS,management of profitability,FALSE
AL-002672,SK-000216,ALIAS,maintain profitability,FALSE
AL-002673,SK-000216,ALIAS,managing profitability,FALSE
AL-002674,SK-000216,ALIAS,regulate profitability,FALSE
AL-002675,SK-000217,ALIAS,influence decision making based on scientific evidence,FALSE
AL-002676,SK-000217,ALIAS,enhance the impact of science influence on policy and society,FALSE
AL-002677,SK-000217,ALIAS,boost the contribution of science to shaping policies and society,FALSE
AL-002678,SK-000217,ALIAS,enhance the influence of science on governance and communities,FALSE
AL-001016,SK-000218,ALIAS,define enterprise data architecture,FALSE
AL-002679,SK-000219,ALIAS,create cloud network,FALSE
AL-002680,SK-000219,ALIAS,implement cloud network,FALSE
AL-002681,SK-000220,ALIAS,supervise project adjustments,FALSE
AL-002682,SK-000220,ALIAS,implement project changes,FALSE
AL-002683,SK-000221,ALIAS,business appraisal techniques,FALSE
AL-002684,SK-000221,ALIAS,techniques of business valuation,FALSE
AL-002685,SK-000221,ALIAS,business valuation methods,FALSE
AL-002686,SK-000221,ALIAS,business valuation technique,FALSE
AL-002687,SK-000222,ALIAS,ensure data availability,FALSE
AL-002688,SK-000222,ALIAS,ensure data reusability,FALSE
AL-002689,SK-000222,ALIAS,support data reuse in research,FALSE
AL-002690,SK-000222,ALIAS,ensure corrected data storing,FALSE
AL-002691,SK-000223,ALIAS,training subject methods,FALSE
AL-002692,SK-000223,ALIAS,training subject knowledge and methods,FALSE
AL-002693,SK-000224,ALIAS,performing scientific research,FALSE
AL-002694,SK-000224,ALIAS,carry out scientific research,FALSE
AL-002695,SK-000224,ALIAS,conduct scientific research,FALSE
AL-002696,SK-000224,ALIAS,engage in scientific research,FALSE
AL-002697,SK-000225,ALIAS,information security threats,FALSE
AL-002698,SK-000225,ALIAS,cybersecurity threats,FALSE
AL-002699,SK-000225,ALIAS,ICT security threats,FALSE
AL-002700,SK-000226,ALIAS,implement customers follow-up,FALSE
AL-002701,SK-000226,ALIAS,introduce customer follow-up,FALSE
AL-002702,SK-000226,ALIAS,implementing customer follow-up,FALSE
AL-002703,SK-000226,ALIAS,execute customer follow-up,FALSE
AL-002704,SK-000226,ALIAS,implement a customer follow-up,FALSE
AL-002705,SK-000226,ALIAS,administer customer follow-up,FALSE
AL-002706,SK-000226,ALIAS,utilise customer follow-up,FALSE
AL-002707,SK-000227,ALIAS,build recommendation systems,FALSE
AL-002708,SK-000227,ALIAS,recommender engine,FALSE
AL-002709,SK-000227,ALIAS,recommender platform,FALSE
AL-002710,SK-000228,ALIAS,internet regulation,FALSE
AL-002711,SK-000228,ALIAS,internet governance policies,FALSE
AL-002712,SK-000229,ALIAS,strategies for social media platforms,FALSE
AL-002713,SK-000229,ALIAS,social media marketing strategies,FALSE
AL-002714,SK-000229,ALIAS,strategies for social media marketing,FALSE
AL-002715,SK-000230,ALIAS,complete data cleansing,FALSE
AL-002716,SK-000230,ALIAS,performing data cleansing,FALSE
AL-002717,SK-000230,ALIAS,undertake data cleansing,FALSE
AL-002718,SK-000230,ALIAS,perform a data cleanse,FALSE
AL-002719,SK-000230,ALIAS,data cleansing performance,FALSE
AL-002720,SK-000230,ALIAS,implement data cleansing,FALSE
AL-001029,SK-000231,ALIAS,R software,FALSE
AL-002721,SK-000232,ALIAS,create training programmes,FALSE
AL-002722,SK-000232,ALIAS,develop training programme,FALSE
AL-002723,SK-000232,ALIAS,developing training programmes,FALSE
AL-002724,SK-000232,ALIAS,design training programmes,FALSE
AL-002725,SK-000232,ALIAS,develop programmes for training,FALSE
AL-002726,SK-000233,ALIAS,manage copyrights,FALSE
AL-002727,SK-000233,ALIAS,administer copyrights,FALSE
AL-002728,SK-000233,ALIAS,administer intellectual property rights,FALSE
AL-002729,SK-000234,ALIAS,Groovy software techniques,FALSE
AL-002730,SK-000234,ALIAS,Groovy programming language,FALSE
AL-002731,SK-000234,ALIAS,Groorvy software development,FALSE
AL-002732,SK-000235,ALIAS,monetary management,FALSE
AL-002733,SK-000235,ALIAS,management of financial tasks,FALSE
AL-002734,SK-000235,ALIAS,financial management tasks,FALSE
AL-002735,SK-000235,ALIAS,financial administration,FALSE
AL-002736,SK-000235,ALIAS,monetary administration,FALSE
AL-002737,SK-000236,ALIAS,handling of social media strategies,FALSE
AL-002738,SK-000236,ALIAS,computer media management,FALSE
AL-002739,SK-000236,ALIAS,management of social media,FALSE
AL-002740,SK-000237,ALIAS,public image,FALSE
AL-002741,SK-000237,ALIAS,PR,FALSE
AL-002742,SK-000238,ALIAS,fraud investigation,FALSE
AL-002743,SK-000238,ALIAS,fraudulent activity examination,FALSE
AL-002744,SK-000238,ALIAS,fraudulent activity identification,FALSE
AL-002745,SK-000238,ALIAS,fraud identification,FALSE
AL-002746,SK-000238,ALIAS,fraud examination,FALSE
AL-002747,SK-000238,ALIAS,fraudulent activity investigation,FALSE
AL-002748,SK-000239,ALIAS,specify data quality criteria,FALSE
AL-002749,SK-000239,ALIAS,set data quality benchmarks,FALSE
AL-002750,SK-000240,ALIAS,produce recruitment policies,FALSE
AL-002751,SK-000240,ALIAS,operate recruitment policies,FALSE
AL-002752,SK-000240,ALIAS,produce employment policies,FALSE
AL-002753,SK-000240,ALIAS,operate employment policies,FALSE
AL-002754,SK-000240,ALIAS,establish employment policies,FALSE
AL-002755,SK-000240,ALIAS,implement employment policies,FALSE
AL-002756,SK-000240,ALIAS,implement recruitment policies,FALSE
AL-002757,SK-000240,ALIAS,establish recruitment policies,FALSE
AL-002758,SK-000241,ALIAS,organise participation in an international event,FALSE
AL-002759,SK-000241,ALIAS,set up participation in local or international events,FALSE
AL-002760,SK-000241,ALIAS,set up participation in international events,FALSE
AL-002761,SK-000241,ALIAS,organise participation in international events,FALSE
AL-002762,SK-000241,ALIAS,arrange participation in international events,FALSE
AL-002763,SK-000241,ALIAS,coordinate participation in international events,FALSE
AL-002764,SK-000241,ALIAS,establish participation in international events,FALSE
AL-002765,SK-000241,ALIAS,arrange participation in local or international events,FALSE
AL-002766,SK-000241,ALIAS,organise participation in a local or international event,FALSE
AL-002767,SK-000241,ALIAS,establish participation in local or international events,FALSE
AL-002768,SK-000241,ALIAS,coordinate participation in local or international events,FALSE
AL-002769,SK-000242,ALIAS,evaluate candidates vocational skills,FALSE
AL-002770,SK-000242,ALIAS,evaluate applicants vocational skills,FALSE
AL-002771,SK-000242,ALIAS,evaluate candidates vocational knowledge,FALSE
AL-002772,SK-000242,ALIAS,evaluate applicants,FALSE
AL-002773,SK-000242,ALIAS,evaluate candidates vocational competences,FALSE
AL-002774,SK-000243,ALIAS,assess business operations,FALSE
AL-002775,SK-000243,ALIAS,monitor business processes,FALSE
AL-002776,SK-000243,ALIAS,study the contribution of work processes to business goals,FALSE
AL-002777,SK-000243,ALIAS,evaluate business processes,FALSE
AL-002778,SK-000244,ALIAS,report a test finding,FALSE
AL-002779,SK-000244,ALIAS,summarise test findings,FALSE
AL-002780,SK-000244,ALIAS,describe test findings: record test findings,FALSE
AL-002781,SK-000244,ALIAS,note test findings,FALSE
AL-002782,SK-000245,ALIAS,using content management system software,FALSE
AL-002783,SK-000245,ALIAS,handle content management system software,FALSE
AL-002784,SK-000245,ALIAS,content management system software use,FALSE
AL-002785,SK-000245,ALIAS,adopt content management system software,FALSE
AL-002786,SK-000245,ALIAS,operate content management system software,FALSE
AL-002787,SK-000245,ALIAS,apply content management system software,FALSE
AL-002788,SK-000245,ALIAS,use a content management system software,FALSE
AL-001044,SK-000246,ALIAS,ASP.NET framework,FALSE
AL-002789,SK-000247,ALIAS,estimate profit,FALSE
AL-002790,SK-000247,ALIAS,estimation of profitability,FALSE
AL-002791,SK-000247,ALIAS,estimating profit,FALSE
AL-002792,SK-000247,ALIAS,profit estimating,FALSE
AL-002793,SK-000247,ALIAS,estimating profitability,FALSE
AL-002794,SK-000247,ALIAS,evaluate profit,FALSE
AL-002795,SK-000247,ALIAS,estimation of profit,FALSE
AL-002796,SK-000247,ALIAS,evaluation of profit,FALSE
AL-002797,SK-000247,ALIAS,profitability estimating,FALSE
AL-002798,SK-000247,ALIAS,evaluate profitability,FALSE
AL-002799,SK-000247,ALIAS,evaluating profit,FALSE
AL-002800,SK-000247,ALIAS,evaluating profitability,FALSE
AL-002801,SK-000247,ALIAS,evaluation of profitability,FALSE
AL-002802,SK-000248,ALIAS,create a business plan,FALSE
AL-002803,SK-000248,ALIAS,create an economic plan,FALSE
AL-002804,SK-000249,ALIAS,gather data,FALSE
AL-002805,SK-000249,ALIAS,manage data quantitatively,FALSE
AL-002806,SK-000249,ALIAS,organise data,FALSE
AL-002807,SK-000249,ALIAS,handle numerical data,FALSE
AL-002808,SK-000249,ALIAS,process data,FALSE
AL-002809,SK-000249,ALIAS,present data,FALSE
AL-002810,SK-000249,ALIAS,interpret data,FALSE
AL-002811,SK-000249,ALIAS,managing quantitative data,FALSE
AL-002812,SK-000250,ALIAS,out-placement,FALSE
AL-002813,SK-000250,ALIAS,job placement,FALSE
AL-002814,SK-000251,ALIAS,network communications security measures,FALSE
AL-002815,SK-000251,ALIAS,cyber defence mechanisms,FALSE
AL-002816,SK-000251,ALIAS,cyber/digital/IT/ICT/information security controls,FALSE
AL-002817,SK-000251,ALIAS,cybersecurity measures,FALSE
AL-001050,SK-000252,ALIAS,APL programming paradigms,FALSE
AL-002818,SK-000253,ALIAS,manage channels of distribution,FALSE
AL-002819,SK-000253,ALIAS,organise distribution sources,FALSE
AL-002820,SK-000253,ALIAS,manage distribution channel,FALSE
AL-002821,SK-000253,ALIAS,manage distribution policies,FALSE
AL-002822,SK-000254,ALIAS,hiring persons,FALSE
AL-002823,SK-000254,ALIAS,hire experienced people,FALSE
AL-002824,SK-000254,ALIAS,oversee recruiting services,FALSE
AL-002825,SK-000254,ALIAS,recruit people with expertise,FALSE
AL-002826,SK-000254,ALIAS,complete recruiting services,FALSE
AL-002827,SK-000254,ALIAS,carry out recruiting services,FALSE
AL-002828,SK-000254,ALIAS,hire people,FALSE
AL-002829,SK-000254,ALIAS,undertake recruiting services,FALSE
AL-002830,SK-000254,ALIAS,make recruiting services,FALSE
AL-002831,SK-000254,ALIAS,hire a person,FALSE
AL-002832,SK-000255,ALIAS,threats to cyber/digital/IT/ICT security,FALSE
AL-002833,SK-000255,ALIAS,security threat,FALSE
AL-002834,SK-000255,ALIAS,physical security hazards,FALSE
AL-002835,SK-000255,ALIAS,cyber/digital/IT/ICT security threats,FALSE
AL-002836,SK-000255,ALIAS,threats to physical security,FALSE
AL-002837,SK-000255,ALIAS,cyber/digital/IT/ICT security risks,FALSE
AL-002838,SK-000255,ALIAS,security dangers,FALSE
AL-002839,SK-000255,ALIAS,physical security risks,FALSE
AL-002840,SK-000255,ALIAS,security hazards,FALSE
AL-002841,SK-000255,ALIAS,physical security threats,FALSE
AL-002842,SK-000255,ALIAS,security risks,FALSE
AL-002843,SK-000255,ALIAS,threats to security,FALSE
AL-002844,SK-000255,ALIAS,physical security dangers,FALSE
AL-002845,SK-000255,ALIAS,cyber/digital/IT/ICT security dangers,FALSE
AL-002846,SK-000256,ALIAS,computational science,FALSE
AL-002847,SK-000256,ALIAS,scientific computation,FALSE
AL-001055,SK-000257,ALIAS,utilise object-oriented programming,FALSE
AL-002848,SK-000258,ALIAS,marketing administration,FALSE
AL-002849,SK-000258,ALIAS,make business decisions,FALSE
AL-002850,SK-000258,ALIAS,making strategic business decisions,FALSE
AL-002851,SK-000258,ALIAS,make strategic business decision,FALSE
AL-002852,SK-000259,ALIAS,object-oriented paradigm,FALSE
AL-002853,SK-000259,ALIAS,object-oriented modeling,FALSE
AL-002854,SK-000259,ALIAS,knowledge of object-oriented modelling,FALSE
AL-002855,SK-000260,ALIAS,law of contract,FALSE
AL-002856,SK-000260,ALIAS,principles of contract law,FALSE
AL-002857,SK-000260,ALIAS,contract laws,FALSE
AL-002858,SK-000260,ALIAS,contract law regulations,FALSE
AL-001059,SK-000261,ALIAS,WebCMS software systems,FALSE
AL-002859,SK-000262,ALIAS,evaluating performance of organisational collaborators,FALSE
AL-002860,SK-000262,ALIAS,evaluate organisational collaborators performance,FALSE
AL-002861,SK-000262,ALIAS,evaluate performance of organizational collaborators,FALSE
AL-002862,SK-000262,ALIAS,rate performance of organisational collaborators,FALSE
AL-002863,SK-000262,ALIAS,assess performance of organisational collaborators,FALSE
AL-002864,SK-000262,ALIAS,evaluate performance of organisational collaborator,FALSE
AL-001061,SK-000263,ALIAS,oversee software testing plans,FALSE
AL-002865,SK-000264,ALIAS,define and validate business needs and goals,FALSE
AL-002866,SK-000264,ALIAS,analyse business objectives,FALSE
AL-002867,SK-000264,ALIAS,evaluate business plans,FALSE
AL-002868,SK-000264,ALIAS,analyze business plans,FALSE
AL-002869,SK-000264,ALIAS,analyse business plan feasibility,FALSE
AL-002870,SK-000264,ALIAS,gauge business plans,FALSE
AL-002871,SK-000264,ALIAS,analyse business formal statements,FALSE
AL-002872,SK-000264,ALIAS,analyse business plan,FALSE
AL-001063,SK-000265,ALIAS,SPARQL Protocol and RDF Query Language,FALSE
AL-002873,SK-000266,ALIAS,employ ICT tools for computer code creation,FALSE
AL-002874,SK-000266,ALIAS,use ICT tools for computer code generation,FALSE
AL-002875,SK-000266,ALIAS,employ programming languages for computer code creation,FALSE
AL-002876,SK-000266,ALIAS,use ICT tools for computer code development,FALSE
AL-002877,SK-000266,ALIAS,use ICT tools for computer code creation,FALSE
AL-002878,SK-000267,ALIAS,apply for research grants,FALSE
AL-002879,SK-000267,ALIAS,draft research grants applications,FALSE
AL-002880,SK-000267,ALIAS,identify research grants,FALSE
AL-002881,SK-000267,ALIAS,generate research funding,FALSE
AL-002882,SK-000268,ALIAS,review financial statements,FALSE
AL-002883,SK-000268,ALIAS,read and understand financial statements,FALSE
AL-002884,SK-000268,ALIAS,interpret financial statement,FALSE
AL-002885,SK-000268,ALIAS,interpret finance statements,FALSE
AL-002886,SK-000268,ALIAS,interpreting financial statements,FALSE
AL-002887,SK-000269,ALIAS,checking accounting records,FALSE
AL-002888,SK-000269,ALIAS,monitor accounting records,FALSE
AL-002889,SK-000269,ALIAS,check account records,FALSE
AL-002890,SK-000269,ALIAS,check records of accounts,FALSE
AL-002891,SK-000269,ALIAS,review accounting records,FALSE
AL-002892,SK-000269,ALIAS,check accounting record,FALSE
AL-002893,SK-000271,ALIAS,software debugging tools,FALSE
AL-002894,SK-000271,ALIAS,ICT testing tools,FALSE
AL-002895,SK-000272,ALIAS,draw feedback from employees,FALSE
AL-002896,SK-000272,ALIAS,draw feedback from staff,FALSE
AL-002897,SK-000272,ALIAS,obtain feedback from employees,FALSE
AL-002898,SK-000272,ALIAS,receive feedback from employees,FALSE
AL-002899,SK-000272,ALIAS,obtain feedback from staff,FALSE
AL-002900,SK-000272,ALIAS,collect feedback from staff,FALSE
AL-002901,SK-000272,ALIAS,collect feedback from employees,FALSE
AL-002902,SK-000272,ALIAS,receive feedback from staff,FALSE
AL-001070,SK-000273,ALIAS,ICT capacity management,FALSE
AL-002903,SK-000274,ALIAS,neuromarketing field,FALSE
AL-002904,SK-000274,ALIAS,neuromarketing strategies,FALSE
AL-002905,SK-000274,ALIAS,neuromarketing technologies,FALSE
AL-002906,SK-000274,ALIAS,neuromarketing,FALSE
AL-002907,SK-000274,ALIAS,the field of neuromarketing,FALSE
AL-002908,SK-000275,ALIAS,prepare financial statement,FALSE
AL-002909,SK-000275,ALIAS,get financial statements ready,FALSE
AL-002910,SK-000275,ALIAS,preparing financial statements,FALSE
AL-002911,SK-000275,ALIAS,draw up financial statements,FALSE
AL-002912,SK-000275,ALIAS,formulate financial statements,FALSE
AL-002913,SK-000275,ALIAS,prepare statements on finances,FALSE
AL-002914,SK-000276,ALIAS,store systems and digital data,FALSE
AL-002915,SK-000276,ALIAS,backup digital data and systems,FALSE
AL-002916,SK-000276,ALIAS,cache digital data and systems,FALSE
AL-002917,SK-000276,ALIAS,use data and systems archiving procedures,FALSE
AL-002918,SK-000276,ALIAS,back up data,FALSE
AL-002919,SK-000276,ALIAS,archive digital data and systems,FALSE
AL-002920,SK-000276,ALIAS,use data and systems archiving tools,FALSE
AL-002921,SK-000276,ALIAS,storing digital data and systems,FALSE
AL-002922,SK-000276,ALIAS,store digital data and system,FALSE
AL-002923,SK-000276,ALIAS,restore data,FALSE
AL-002924,SK-000277,ALIAS,cloud deployment,FALSE
AL-002925,SK-000277,ALIAS,deployment and provisioning,FALSE
AL-002926,SK-000277,ALIAS,provision cloud resources,FALSE
AL-002927,SK-000278,ALIAS,electronic data processing,FALSE
AL-002928,SK-000278,ALIAS,processing of data digitally,FALSE
AL-002929,SK-000278,ALIAS,data processing,FALSE
AL-002930,SK-000278,ALIAS,paperless data processing,FALSE
AL-002931,SK-000279,ALIAS,market entry strategy,FALSE
AL-002932,SK-000279,ALIAS,market entry plans,FALSE
AL-002933,SK-000279,ALIAS,market entry tactics,FALSE
AL-002934,SK-000279,ALIAS,market entrance strategies,FALSE
AL-002935,SK-000280,ALIAS,company analysis,FALSE
AL-002936,SK-000280,ALIAS,analysis of businesses,FALSE
AL-002937,SK-000280,ALIAS,business analyses,FALSE
AL-002938,SK-000280,ALIAS,enterprise analysis,FALSE
AL-002939,SK-000281,ALIAS,on-line job platforms,FALSE
AL-002940,SK-000281,ALIAS,online job platform,FALSE
AL-002941,SK-000281,ALIAS,online employment sites,FALSE
AL-002942,SK-000281,ALIAS,online employment portals,FALSE
AL-002943,SK-000281,ALIAS,online job portals,FALSE
AL-002944,SK-000281,ALIAS,online job sites,FALSE
AL-001079,SK-000282,ALIAS,quantitative data analysis,FALSE
AL-001080,SK-000283,ALIAS,OBS,FALSE
AL-001081,SK-000284,ALIAS,Puppet,FALSE
AL-001082,SK-000285,ALIAS,use e-ticketing system,FALSE
AL-002945,SK-000286,ALIAS,evaluating advertising campaign,FALSE
AL-002946,SK-000286,ALIAS,evaluate ad campaign,FALSE
AL-002947,SK-000286,ALIAS,assess advertising campaign,FALSE
AL-002948,SK-000286,ALIAS,review advertising campaign,FALSE
AL-002949,SK-000286,ALIAS,evaluate advertising campaigns,FALSE
AL-002950,SK-000287,ALIAS,advocate for human rights,FALSE
AL-002951,SK-000287,ALIAS,promote human right laws,FALSE
AL-001085,SK-000288,ALIAS,prepare disaster recovery plans,FALSE
AL-002952,SK-000289,ALIAS,devaluation,FALSE
AL-002953,SK-000289,ALIAS,decrease in value,FALSE
AL-002954,SK-000290,ALIAS,administer social media marketing,FALSE
AL-002955,SK-000290,ALIAS,social media marketing application,FALSE
AL-002956,SK-000290,ALIAS,implement social media marketing,FALSE
AL-002957,SK-000290,ALIAS,application of social media marketing,FALSE
AL-002958,SK-000290,ALIAS,utilise social media marketing,FALSE
AL-002959,SK-000290,ALIAS,employ social media marketing,FALSE
AL-002960,SK-000290,ALIAS,applying social media marketing,FALSE
AL-002961,SK-000291,ALIAS,assess budgets,FALSE
AL-002962,SK-000291,ALIAS,evaluate budget,FALSE
AL-002963,SK-000291,ALIAS,review budgets,FALSE
AL-002964,SK-000291,ALIAS,analyse budgets,FALSE
AL-002965,SK-000292,ALIAS,personnel recruiting,FALSE
AL-002966,SK-000292,ALIAS,hire personnel,FALSE
AL-002967,SK-000292,ALIAS,hiring personnel,FALSE
AL-002968,SK-000292,ALIAS,personnel hiring,FALSE
AL-002969,SK-000292,ALIAS,recruiting personnel,FALSE
AL-002970,SK-000293,ALIAS,set daily priorities for staff,FALSE
AL-002971,SK-000293,ALIAS,set staff priorities,FALSE
AL-002972,SK-000293,ALIAS,daily establishment of priorities,FALSE
AL-002973,SK-000293,ALIAS,set priorities for staff,FALSE
AL-002974,SK-000293,ALIAS,give daily priorities to staff,FALSE
AL-002975,SK-000293,ALIAS,establishment of daily priorities,FALSE
AL-002976,SK-000293,ALIAS,establishing daily priorities,FALSE
AL-002977,SK-000293,ALIAS,establishing of daily priorities,FALSE
AL-001091,SK-000294,ALIAS,data presentation software,FALSE
AL-002978,SK-000295,ALIAS,draft annual marketing budget,FALSE
AL-002979,SK-000295,ALIAS,create marketing annual budget,FALSE
AL-002980,SK-000295,ALIAS,create annual budget for marketing,FALSE
AL-002981,SK-000295,ALIAS,prepare annual marketing budget,FALSE
AL-002982,SK-000296,ALIAS,ask questions and evaluate answers,FALSE
AL-002983,SK-000296,ALIAS,do interviews,FALSE
AL-002984,SK-000296,ALIAS,interview individuals,FALSE
AL-002985,SK-000296,ALIAS,ask questions and keep record of answers,FALSE
AL-002986,SK-000296,ALIAS,interview groups of people,FALSE
AL-002987,SK-000297,ALIAS,CSR,FALSE
AL-002988,SK-000297,ALIAS,sustainable responsible business,FALSE
AL-002989,SK-000297,ALIAS,social performance,FALSE
AL-002990,SK-000297,ALIAS,corporate citizenship,FALSE
AL-002991,SK-000297,ALIAS,corporate conscience,FALSE
AL-002992,SK-000297,ALIAS,responsible business,FALSE
AL-002993,SK-000297,ALIAS,collective civil responsibility,FALSE
AL-002994,SK-000298,ALIAS,determining salaries,FALSE
AL-002995,SK-000298,ALIAS,fix remuneration,FALSE
AL-002996,SK-000298,ALIAS,determine the salary,FALSE
AL-002997,SK-000298,ALIAS,establish salaries,FALSE
AL-002998,SK-000299,ALIAS,endorse advertising campaign,FALSE
AL-002999,SK-000299,ALIAS,support advertising campaign,FALSE
AL-003000,SK-000299,ALIAS,approve advertising campaigns,FALSE
AL-003001,SK-000299,ALIAS,approving advertising campaign,FALSE
AL-003002,SK-000299,ALIAS,approve ad campaign,FALSE
AL-003003,SK-000300,ALIAS,knowledge of hybrid model,FALSE
AL-003004,SK-000300,ALIAS,theory of hybrid model,FALSE
AL-003005,SK-000300,ALIAS,Hybrid model,FALSE
AL-003006,SK-000300,ALIAS,hybrid model principles,FALSE
AL-003007,SK-000300,ALIAS,hybrid model fundamentals,FALSE
AL-003008,SK-000301,ALIAS,develop media plan,FALSE
AL-003009,SK-000301,ALIAS,come up with media plan,FALSE
AL-003010,SK-000301,ALIAS,create media plans,FALSE
AL-003011,SK-000301,ALIAS,make media plan,FALSE
AL-003012,SK-000301,ALIAS,creating media plan,FALSE
AL-003013,SK-000302,ALIAS,use analytics for commercial purpose,FALSE
AL-003014,SK-000302,ALIAS,utilize analytics for commercial purposes,FALSE
AL-003015,SK-000302,ALIAS,use commercial analytics,FALSE
AL-003016,SK-000302,ALIAS,work with analytics for commercial purposes,FALSE
AL-003017,SK-000302,ALIAS,using analytics for commercial purposes,FALSE
AL-003018,SK-000303,ALIAS,diagnose customer's needs,FALSE
AL-003019,SK-000303,ALIAS,analyse customer's needs,FALSE
AL-003020,SK-000303,ALIAS,identifying a customer's needs,FALSE
AL-003021,SK-000303,ALIAS,map out customer requirements into pragmatic actions,FALSE
AL-003022,SK-000303,ALIAS,identifying customer's needs,FALSE
AL-003023,SK-000303,ALIAS,classify customer's needs,FALSE
AL-003024,SK-000303,ALIAS,determine customer's needs,FALSE
AL-003025,SK-000303,ALIAS,identify a customer's needs,FALSE
AL-001101,SK-000304,ALIAS,statistical modeling,FALSE
AL-001102,SK-000305,ALIAS,crowdsourcing plans,FALSE
AL-001103,SK-000306,ALIAS,information extraction techniques,FALSE
AL-001104,SK-000307,ALIAS,markup programming,FALSE
AL-001105,SK-000309,ALIAS,STAF software,FALSE
AL-003026,SK-000310,ALIAS,provide apparatus availability,FALSE
AL-003027,SK-000310,ALIAS,provide equipment availability,FALSE
AL-003028,SK-000310,ALIAS,safeguard equipment availability,FALSE
AL-003029,SK-000310,ALIAS,safeguard apparatus availability,FALSE
AL-003030,SK-000310,ALIAS,assure equipment availability,FALSE
AL-003031,SK-000310,ALIAS,secure apparatus availability,FALSE
AL-003032,SK-000310,ALIAS,assure apparatus availability,FALSE
AL-003033,SK-000310,ALIAS,secure equipment availability,FALSE
AL-003034,SK-000311,ALIAS,give recommendations on communication strategies,FALSE
AL-003035,SK-000311,ALIAS,advise on communications strategies,FALSE
AL-003036,SK-000311,ALIAS,advise on communication strategy,FALSE
AL-003037,SK-000311,ALIAS,counsel on communication strategies,FALSE
AL-003038,SK-000311,ALIAS,advising on communication strategies,FALSE
AL-003039,SK-000311,ALIAS,offer suggestions on communication strategies,FALSE
AL-003040,SK-000312,ALIAS,generate automated software tests,FALSE
AL-003041,SK-000312,ALIAS,build automated software tests,FALSE
AL-003042,SK-000312,ALIAS,design automated software tests,FALSE
AL-003043,SK-000313,ALIAS,audit procedures,FALSE
AL-003044,SK-000313,ALIAS,battery audit process,FALSE
AL-003045,SK-000314,ALIAS,office control,FALSE
AL-003046,SK-000314,ALIAS,office organisation,FALSE
AL-003047,SK-000314,ALIAS,office management,FALSE
AL-003048,SK-000315,ALIAS,develop business process diagrams,FALSE
AL-003049,SK-000315,ALIAS,design business process models,FALSE
AL-003050,SK-000316,ALIAS,code with cloud services,FALSE
AL-003051,SK-000316,ALIAS,write code with cloud services,FALSE
AL-003052,SK-000316,ALIAS,develop cloud applications,FALSE
AL-003053,SK-000317,ALIAS,Eclipse,FALSE
AL-003054,SK-000317,ALIAS,knowledge of Eclipse,FALSE
AL-003055,SK-000317,ALIAS,Eclipse IDE,FALSE
AL-001114,SK-000318,ALIAS,develop database scheme,FALSE
AL-003056,SK-000319,ALIAS,apply techniques for strategic thinking,FALSE
AL-003057,SK-000319,ALIAS,think strategically,FALSE
AL-003058,SK-000319,ALIAS,apply strategic thinking techniques,FALSE
AL-003059,SK-000319,ALIAS,move strategically,FALSE
AL-001116,SK-000320,ALIAS,WordPress CMS,FALSE
AL-003060,SK-000321,ALIAS,manages corporate training programmes,FALSE
AL-003061,SK-000321,ALIAS,supervise corporate training programmes,FALSE
AL-003062,SK-000321,ALIAS,managing corporate training programmes,FALSE
AL-003063,SK-000321,ALIAS,oversee corporate training programmes,FALSE
AL-003064,SK-000321,ALIAS,manage corporate training program,FALSE
AL-003065,SK-000321,ALIAS,coordinate corporate training programmes,FALSE
AL-003066,SK-000321,ALIAS,manage corporate training programs,FALSE
AL-003067,SK-000322,ALIAS,risk governance,FALSE
AL-003068,SK-000322,ALIAS,risk administration,FALSE
AL-003069,SK-000322,ALIAS,hazard manamagent,FALSE
AL-003070,SK-000322,ALIAS,risk assessment,FALSE
AL-003071,SK-000323,ALIAS,information security engineering,FALSE
AL-003072,SK-000323,ALIAS,network security engineering,FALSE
AL-003073,SK-000323,ALIAS,systems security engineering,FALSE
AL-003074,SK-000323,ALIAS,security management,FALSE
AL-001120,SK-000324,ALIAS,Ansible automation tool,FALSE
AL-003075,SK-000325,ALIAS,outsourcing policies and procedures,FALSE
AL-003076,SK-000325,ALIAS,outsourcing and partner management strategy,FALSE
AL-003077,SK-000325,ALIAS,outsourcing management strategy,FALSE
AL-001122,SK-000326,ALIAS,system integration,FALSE
AL-003078,SK-000327,ALIAS,view company policy,FALSE
AL-003079,SK-000327,ALIAS,oversee company policy,FALSE
AL-003080,SK-000327,ALIAS,company policy monitoring,FALSE
AL-003081,SK-000327,ALIAS,supervise company policy,FALSE
AL-003082,SK-000327,ALIAS,watch company policy,FALSE
AL-003083,SK-000327,ALIAS,monitoring company policy,FALSE
AL-003084,SK-000328,ALIAS,assess online competitors,FALSE
AL-003085,SK-000328,ALIAS,run competitive analysis,FALSE
AL-003086,SK-000328,ALIAS,carry out analysis of online competitors,FALSE
AL-003087,SK-000329,ALIAS,facilitate access to job market,FALSE
AL-003088,SK-000329,ALIAS,facilitating job market access,FALSE
AL-003089,SK-000329,ALIAS,assist in gaining access to job market,FALSE
AL-003090,SK-000329,ALIAS,help in gaining access to job market,FALSE
AL-003091,SK-000329,ALIAS,enable job market access,FALSE
AL-003092,SK-000330,ALIAS,Prince II,FALSE
AL-003093,SK-000330,ALIAS,PRojects IN Controlled Environments,FALSE
AL-003094,SK-000330,ALIAS,PRINCE2,FALSE
AL-003095,SK-000331,ALIAS,fundamentals of programme management,FALSE
AL-003096,SK-000331,ALIAS,management of programmes,FALSE
AL-003097,SK-000331,ALIAS,management of projects,FALSE
AL-003098,SK-000331,ALIAS,fundamentals of project management,FALSE
AL-003099,SK-000331,ALIAS,principles of project management,FALSE
AL-003100,SK-000331,ALIAS,programme management,FALSE
AL-003101,SK-000331,ALIAS,principles of programme management,FALSE
AL-003102,SK-000331,ALIAS,programme management activities,FALSE
AL-003103,SK-000331,ALIAS,project management activities,FALSE
AL-003104,SK-000332,ALIAS,debate sales contracts,FALSE
AL-003105,SK-000332,ALIAS,negotiating sales contracts,FALSE
AL-003106,SK-000332,ALIAS,negotiate a sales contract,FALSE
AL-003107,SK-000332,ALIAS,sales contract negotiations,FALSE
AL-003108,SK-000332,ALIAS,consult on sales contracts,FALSE
AL-003109,SK-000332,ALIAS,settle sales contracts,FALSE
AL-003110,SK-000332,ALIAS,confer on sales contracts,FALSE
AL-001129,SK-000333,ALIAS,verify data,FALSE
AL-003111,SK-000334,ALIAS,developing staff,FALSE
AL-003112,SK-000334,ALIAS,help strengthen staff,FALSE
AL-003113,SK-000334,ALIAS,build up staff,FALSE
AL-001131,SK-000335,ALIAS,research design methods,FALSE
AL-001132,SK-000336,ALIAS,analyse business objectives and customer interests,FALSE
AL-001133,SK-000337,ALIAS,design software testing,FALSE
AL-003114,SK-000338,ALIAS,evaluate the training,FALSE
AL-003115,SK-000338,ALIAS,assess training programme,FALSE
AL-003116,SK-000338,ALIAS,evaluating training,FALSE
AL-003117,SK-000338,ALIAS,analyse training outcome,FALSE
AL-003118,SK-000339,ALIAS,maintain privacy of service user,FALSE
AL-003119,SK-000339,ALIAS,ensure privacy of service users,FALSE
AL-003120,SK-000339,ALIAS,ensure privacy of service user,FALSE
AL-003121,SK-000339,ALIAS,respect privacy of service users,FALSE
AL-003122,SK-000340,ALIAS,organise digital campaigns,FALSE
AL-003123,SK-000340,ALIAS,organise social media marketing campaigns,FALSE
AL-001137,SK-000341,ALIAS,scientific publications,FALSE
AL-003124,SK-000342,ALIAS,scrutinise consumer buying trends,FALSE
AL-003125,SK-000342,ALIAS,consumer buying trends analysis,FALSE
AL-003126,SK-000342,ALIAS,test consumer buying trends,FALSE
AL-003127,SK-000342,ALIAS,analysis of consumer buying trends,FALSE
AL-003128,SK-000342,ALIAS,investigate consumer buying trends,FALSE
AL-003129,SK-000342,ALIAS,analyse a consumers buying trends,FALSE
AL-003130,SK-000342,ALIAS,search consumer buying trends,FALSE
AL-003131,SK-000342,ALIAS,analyze consumer buying trends,FALSE
AL-003132,SK-000343,ALIAS,online advertisement,FALSE
AL-003133,SK-000343,ALIAS,online ads,FALSE
AL-003134,SK-000343,ALIAS,web campaign techniques,FALSE
AL-003135,SK-000344,ALIAS,analyse policy rift,FALSE
AL-003136,SK-000344,ALIAS,determine policy breach,FALSE
AL-003137,SK-000344,ALIAS,establish policy rift,FALSE
AL-003138,SK-000344,ALIAS,classify policy rift,FALSE
AL-003139,SK-000344,ALIAS,determine policy rift,FALSE
AL-003140,SK-000344,ALIAS,classify policy breach,FALSE
AL-003141,SK-000344,ALIAS,establish policy breach,FALSE
AL-003142,SK-000344,ALIAS,analyse policy breach,FALSE
AL-003143,SK-000345,ALIAS,test automation tools,FALSE
AL-003144,SK-000345,ALIAS,Selenium,FALSE
AL-003145,SK-000345,ALIAS,tools for test automation,FALSE
AL-003146,SK-000346,ALIAS,using structured query language,FALSE
AL-003147,SK-000346,ALIAS,use database query language,FALSE
AL-003148,SK-000346,ALIAS,query language using,FALSE
AL-003149,SK-000346,ALIAS,using query language,FALSE
AL-003150,SK-000346,ALIAS,retrieve data using a query language,FALSE
AL-003151,SK-000346,ALIAS,using database query language,FALSE
AL-003152,SK-000346,ALIAS,retrieve data using a structured query language,FALSE
AL-003153,SK-000346,ALIAS,retrieving data using a query language,FALSE
AL-003154,SK-000346,ALIAS,use information retrieval query language,FALSE
AL-003155,SK-000346,ALIAS,using information retrieval query language,FALSE
AL-003156,SK-000346,ALIAS,data retrieving using a query language,FALSE
AL-003157,SK-000346,ALIAS,use structured query language,FALSE
AL-003158,SK-000346,ALIAS,data retrieving using a structured query language,FALSE
AL-003159,SK-000346,ALIAS,retrieving data using a structured query language,FALSE
AL-003160,SK-000347,ALIAS,maintain a central project database,FALSE
AL-003161,SK-000347,ALIAS,preserve a central project repository,FALSE
AL-003162,SK-000347,ALIAS,preserve a central project database,FALSE
AL-003163,SK-000348,ALIAS,cyber-security regulation,FALSE
AL-003164,SK-000348,ALIAS,network and information security legislation,FALSE
AL-003165,SK-000348,ALIAS,ICT law,FALSE
AL-003166,SK-000348,ALIAS,legal aspects of computing,FALSE
AL-003167,SK-000349,ALIAS,management of liquidity,FALSE
AL-003168,SK-000349,ALIAS,liquidities management,FALSE
AL-003169,SK-000349,ALIAS,liquidity oversight,FALSE
AL-003170,SK-000349,ALIAS,handling of liquidity,FALSE
AL-003171,SK-000350,ALIAS,work with theoretical marketing models,FALSE
AL-003172,SK-000350,ALIAS,use theoretical models for marketing,FALSE
AL-003173,SK-000350,ALIAS,use theoretical marketing model,FALSE
AL-003174,SK-000350,ALIAS,utilize theoretical marketing models,FALSE
AL-003175,SK-000350,ALIAS,using theoretical marketing models,FALSE
AL-003176,SK-000351,ALIAS,estimate character,FALSE
AL-003177,SK-000351,ALIAS,assessing character,FALSE
AL-003178,SK-000351,ALIAS,evaluate character,FALSE
AL-003179,SK-000352,ALIAS,liaise with advertising agency,FALSE
AL-003180,SK-000352,ALIAS,cooperate with advertising agencies,FALSE
AL-003181,SK-000352,ALIAS,collaborate with advertising agencies,FALSE
AL-003182,SK-000352,ALIAS,work together with advertising agencies,FALSE
AL-003183,SK-000352,ALIAS,liaise with ad agencies,FALSE
AL-003184,SK-000352,ALIAS,liaising with advertising agencies,FALSE
AL-003185,SK-000353,ALIAS,provide software testing procedures,FALSE
AL-003186,SK-000353,ALIAS,provide software test procedures documentation,FALSE
AL-001150,SK-000354,ALIAS,perform unit testing,FALSE
AL-003187,SK-000355,ALIAS,develop software throw-away simulation,FALSE
AL-003188,SK-000355,ALIAS,develop software mockup,FALSE
AL-003189,SK-000356,ALIAS,counsel on financial matters,FALSE
AL-003190,SK-000356,ALIAS,advise on financial matter,FALSE
AL-003191,SK-000356,ALIAS,advise on matters of finance,FALSE
AL-003192,SK-000356,ALIAS,advising on financial matters,FALSE
AL-003193,SK-000356,ALIAS,offer suggestions on financial matters,FALSE
AL-003194,SK-000356,ALIAS,give recommendations on financial matters,FALSE
AL-003195,SK-000357,ALIAS,obtain digital data,FALSE
AL-003196,SK-000357,ALIAS,gather digital data,FALSE
AL-003197,SK-000357,ALIAS,collect digital data,FALSE
AL-003198,SK-000358,ALIAS,business resilience,FALSE
AL-003199,SK-000358,ALIAS,operational resilience,FALSE
AL-003200,SK-000358,ALIAS,organizational resilience,FALSE
AL-003201,SK-000359,ALIAS,stay up to date with technology trends,FALSE
AL-003202,SK-000359,ALIAS,monitor emerging technologies and industry trends,FALSE
AL-003203,SK-000359,ALIAS,stay up to date on existing and emerging technology trends,FALSE
AL-003204,SK-000359,ALIAS,monitor trends and innovations in technology,FALSE
AL-003205,SK-000359,ALIAS,keep up with the latest technology trends,FALSE
AL-003206,SK-000359,ALIAS,keep abreast of technical innovations,FALSE
AL-003207,SK-000359,ALIAS,follow technology industry trends and new technologies,FALSE
AL-003208,SK-000360,ALIAS,define measurable marketing objective,FALSE
AL-003209,SK-000360,ALIAS,outline measurable marketing objectives,FALSE
AL-003210,SK-000360,ALIAS,establish measurable marketing objectives,FALSE
AL-003211,SK-000360,ALIAS,specify measurable marketing objectives,FALSE
AL-003212,SK-000360,ALIAS,defining measurable marketing objectives,FALSE
AL-003213,SK-000360,ALIAS,determine measurable marketing objectives,FALSE
AL-003214,SK-000360,ALIAS,define marketing objectives,FALSE
AL-003215,SK-000361,ALIAS,arrange inclusion policies,FALSE
AL-003216,SK-000361,ALIAS,arrange equal opportunities policies,FALSE
AL-003217,SK-000361,ALIAS,produce set inclusion policies,FALSE
AL-003218,SK-000361,ALIAS,prepare equal opportunities policies,FALSE
AL-003219,SK-000361,ALIAS,produce equal opportunities policies,FALSE
AL-003220,SK-000361,ALIAS,set up equal opportunities policies,FALSE
AL-003221,SK-000361,ALIAS,prepare set inclusion policies,FALSE
AL-003222,SK-000362,ALIAS,offer suggestions to client on technical possibilities,FALSE
AL-003223,SK-000362,ALIAS,advise clients on technical possibilities,FALSE
AL-003224,SK-000362,ALIAS,advising client on technical possibilities,FALSE
AL-003225,SK-000362,ALIAS,counsel client on technical possibilities,FALSE
AL-003226,SK-000362,ALIAS,give client recommendations on technical possibilities,FALSE
AL-003227,SK-000362,ALIAS,advise client on technical possibility,FALSE
AL-003228,SK-000363,ALIAS,informatics,FALSE
AL-003229,SK-000363,ALIAS,informatics studies,FALSE
AL-003230,SK-000364,ALIAS,organise auditioning,FALSE
AL-003231,SK-000364,ALIAS,arrange auditions,FALSE
AL-003232,SK-000364,ALIAS,plan auditions,FALSE
AL-003233,SK-000364,ALIAS,schedule auditions,FALSE
AL-003234,SK-000364,ALIAS,arranging auditions,FALSE
AL-003235,SK-000364,ALIAS,book auditions,FALSE
AL-003236,SK-000364,ALIAS,organising auditions,FALSE
AL-003237,SK-000364,ALIAS,oversee auditions,FALSE
AL-003238,SK-000364,ALIAS,organize auditions,FALSE
AL-003239,SK-000364,ALIAS,organise audition,FALSE
AL-001161,SK-000365,ALIAS,use visual programming,FALSE
AL-003240,SK-000366,ALIAS,cost oversight,FALSE
AL-003241,SK-000366,ALIAS,cost optimisation,FALSE
AL-003242,SK-000366,ALIAS,cost monitoring,FALSE
AL-003243,SK-000366,ALIAS,managing cost,FALSE
AL-003244,SK-000366,ALIAS,cost managing,FALSE
AL-003245,SK-000366,ALIAS,cost supervision,FALSE
AL-003246,SK-000366,ALIAS,managing costs,FALSE
AL-003247,SK-000367,ALIAS,execute information security audits,FALSE
AL-003248,SK-000367,ALIAS,execute IT security audits,FALSE
AL-003249,SK-000367,ALIAS,execute cyber security audits,FALSE
AL-003250,SK-000367,ALIAS,execute ICT security audits,FALSE
AL-003251,SK-000368,ALIAS,perform dunning actions,FALSE
AL-003252,SK-000368,ALIAS,perform dunning,FALSE
AL-003253,SK-000368,ALIAS,perform dunning activity,FALSE
AL-003254,SK-000368,ALIAS,performing dunning activities,FALSE
AL-003255,SK-000368,ALIAS,conduct dunning activities,FALSE
AL-003256,SK-000369,ALIAS,apply design principles for cloud data architecture,FALSE
AL-003257,SK-000369,ALIAS,develop cloud database design,FALSE
AL-003258,SK-000369,ALIAS,apply design principles for cloud database design,FALSE
AL-003259,SK-000369,ALIAS,design automated cloud databases,FALSE
AL-003260,SK-000369,ALIAS,design cloud data architecture,FALSE
AL-003261,SK-000370,ALIAS,experimental data,FALSE
AL-003262,SK-000370,ALIAS,use of data in performance of work,FALSE
AL-003263,SK-000370,ALIAS,use of statistics,FALSE
AL-003264,SK-000370,ALIAS,organisation of data,FALSE
AL-003265,SK-000370,ALIAS,data analysis,FALSE
AL-003266,SK-000370,ALIAS,survey data,FALSE
AL-003267,SK-000370,ALIAS,use of statistics in performance of work,FALSE
AL-003268,SK-000370,ALIAS,data collection,FALSE
AL-003269,SK-000370,ALIAS,stats,FALSE
AL-003270,SK-000370,ALIAS,data work,FALSE
AL-003271,SK-000370,ALIAS,big data,FALSE
AL-003272,SK-000370,ALIAS,metadata,FALSE
AL-003273,SK-000370,ALIAS,statistical analysis,FALSE
AL-003274,SK-000370,ALIAS,use of data,FALSE
AL-003275,SK-000370,ALIAS,administrative data,FALSE
AL-003276,SK-000371,ALIAS,principles of assessment of risks and threats,FALSE
AL-003277,SK-000371,ALIAS,methods for handling security-related information,FALSE
AL-003278,SK-000371,ALIAS,methods for assessment of risks and threats,FALSE
AL-003279,SK-000371,ALIAS,principles for handling security-related information,FALSE
AL-003280,SK-000371,ALIAS,techniques for handling security-related information,FALSE
AL-003281,SK-000371,ALIAS,techniques for assessment of risks and threats,FALSE
AL-003282,SK-000372,ALIAS,apply communication techniques,FALSE
AL-003283,SK-000372,ALIAS,use techniques for communication,FALSE
AL-003284,SK-000372,ALIAS,utilize communication techniques,FALSE
AL-003285,SK-000372,ALIAS,use communication technique,FALSE
AL-003286,SK-000372,ALIAS,using communication techniques,FALSE
AL-003287,SK-000372,ALIAS,employ communication techniques,FALSE
AL-003288,SK-000373,ALIAS,project management methods,FALSE
AL-003289,SK-000373,ALIAS,PM²,FALSE
AL-003290,SK-000373,ALIAS,PM² for best practice in organisations,FALSE
AL-003291,SK-000373,ALIAS,PM² for private organisations,FALSE
AL-003292,SK-000373,ALIAS,PM² for European institutions,FALSE
AL-003293,SK-000374,ALIAS,ICT security,FALSE
AL-003294,SK-000374,ALIAS,cybersecurity,FALSE
AL-003295,SK-000374,ALIAS,digital security,FALSE
AL-003296,SK-000374,ALIAS,information and communications technology security,FALSE
AL-003297,SK-000374,ALIAS,IT security,FALSE
AL-003298,SK-000374,ALIAS,information security,FALSE
AL-003299,SK-000375,ALIAS,work out employment agreements,FALSE
AL-003300,SK-000375,ALIAS,negotiate employment agreement,FALSE
AL-003301,SK-000375,ALIAS,negotiating employment agreements,FALSE
AL-003302,SK-000375,ALIAS,negotiate agreements for employment,FALSE
AL-003303,SK-000375,ALIAS,broker employment agreements,FALSE
AL-003304,SK-000375,ALIAS,come to accord on employment agreements,FALSE
AL-003305,SK-000376,ALIAS,financial abilities,FALSE
AL-003306,SK-000376,ALIAS,financial capabilities,FALSE
AL-003307,SK-000376,ALIAS,financial skills,FALSE
AL-003308,SK-000376,ALIAS,financial knowledge,FALSE
AL-003309,SK-000376,ALIAS,financial acumen,FALSE
AL-003310,SK-000377,ALIAS,keep updated on political landscapes,FALSE
AL-003311,SK-000377,ALIAS,keeping updated on the political landscape,FALSE
AL-003312,SK-000377,ALIAS,keep abreast of the political landscape,FALSE
AL-003313,SK-000377,ALIAS,stay current on the political landscape,FALSE
AL-003314,SK-000378,ALIAS,Google Docs,FALSE
AL-003315,SK-000378,ALIAS,GNU TeXmacs,FALSE
AL-003316,SK-000378,ALIAS,IBM Lotus Word Pro,FALSE
AL-003317,SK-000378,ALIAS,AbiWord,FALSE
AL-003318,SK-000378,ALIAS,TextEdit,FALSE
AL-003319,SK-000378,ALIAS,LaTeX,FALSE
AL-003320,SK-000378,ALIAS,WordGraph,FALSE
AL-003321,SK-000378,ALIAS,QuickOffice,FALSE
AL-003322,SK-000378,ALIAS,Calligra Words,FALSE
AL-003323,SK-000378,ALIAS,Kingsoft Office Writer,FALSE
AL-003324,SK-000378,ALIAS,LibreOffice Writer,FALSE
AL-003325,SK-000378,ALIAS,use document processing program,FALSE
AL-003326,SK-000378,ALIAS,Atlantis Word Processor,FALSE
AL-003327,SK-000378,ALIAS,Polaris Office,FALSE
AL-003328,SK-000378,ALIAS,produce text files,FALSE
AL-003329,SK-000378,ALIAS,type text,FALSE
AL-003330,SK-000378,ALIAS,make use of word processing software,FALSE
AL-003331,SK-000378,ALIAS,apply word processing software,FALSE
AL-003332,SK-000378,ALIAS,use word processor,FALSE
AL-003333,SK-000378,ALIAS,using word processor,FALSE
AL-003334,SK-000378,ALIAS,Microsoft Office Word,FALSE
AL-003335,SK-000378,ALIAS,Apple Pages,FALSE
AL-003336,SK-000378,ALIAS,Zoho Writer,FALSE
AL-003337,SK-000378,ALIAS,use word processing,FALSE
AL-003338,SK-000378,ALIAS,WordPad,FALSE
AL-003339,SK-000378,ALIAS,able to use using word processing software,FALSE
AL-003340,SK-000378,ALIAS,Textilus,FALSE
AL-003341,SK-000378,ALIAS,utilise word processing software,FALSE
AL-003342,SK-000378,ALIAS,ThinkFree Office,FALSE
AL-003343,SK-000378,ALIAS,IntelliTalk,FALSE
AL-003344,SK-000378,ALIAS,use text processing program,FALSE
AL-003345,SK-000379,ALIAS,use recovery software,FALSE
AL-003346,SK-000379,ALIAS,use back-up and recovery software,FALSE
AL-003347,SK-000379,ALIAS,use back-up software,FALSE
AL-003348,SK-000379,ALIAS,use recovery tools,FALSE
AL-003349,SK-000379,ALIAS,back-up and recovery tools using,FALSE
AL-003350,SK-000379,ALIAS,using back-up and recovery tools,FALSE
AL-003351,SK-000379,ALIAS,using back-up and recovery software,FALSE
AL-003352,SK-000379,ALIAS,use back-up tools,FALSE
AL-001176,SK-000380,ALIAS,apply quantitative research methods,FALSE
AL-003353,SK-000381,ALIAS,ICT service models,FALSE
AL-003354,SK-000381,ALIAS,service oriented models,FALSE
AL-003355,SK-000381,ALIAS,SaaS model,FALSE
AL-003356,SK-000381,ALIAS,Software as a service,FALSE
AL-003357,SK-000381,ALIAS,SaaS,FALSE
AL-003358,SK-000381,ALIAS,service-oriented modeling,FALSE
AL-001178,SK-000382,ALIAS,conduct research in ICT,FALSE
AL-003359,SK-000383,ALIAS,adhere to scientific research code of ethics,FALSE
AL-003360,SK-000383,ALIAS,obey scientific research code of conduct,FALSE
AL-003361,SK-000383,ALIAS,follow scientific research code of conduct,FALSE
AL-003362,SK-000384,ALIAS,removing virus from a computer,FALSE
AL-003363,SK-000384,ALIAS,removing malware from a computer,FALSE
AL-003364,SK-000384,ALIAS,cleaning malware-infected computer,FALSE
AL-003365,SK-000384,ALIAS,removing computer virus or malware from a computer,FALSE
AL-003366,SK-000384,ALIAS,remove virus from a computer,FALSE
AL-003367,SK-000384,ALIAS,clean malware-infected computer,FALSE
AL-003368,SK-000384,ALIAS,clean virus-infected computer,FALSE
AL-003369,SK-000384,ALIAS,cleaning virus-infected computer,FALSE
AL-003370,SK-000384,ALIAS,computer virus or malware removing from a computer,FALSE
AL-003371,SK-000384,ALIAS,remove malware from a computer,FALSE
AL-003372,SK-000385,ALIAS,MS Visual C++,FALSE
AL-003373,SK-000385,ALIAS,Visual C++,FALSE
AL-003374,SK-000385,ALIAS,VC++,FALSE
AL-003375,SK-000385,ALIAS,MSVC,FALSE
AL-003376,SK-000386,ALIAS,comply with the statutory obligations,FALSE
AL-003377,SK-000386,ALIAS,abide by the statutory obligations,FALSE
AL-003378,SK-000386,ALIAS,act in accordance with the statutory obligations,FALSE
AL-003379,SK-000386,ALIAS,following the statutory obligations,FALSE
AL-003380,SK-000386,ALIAS,follow the statutory obligation,FALSE
AL-003381,SK-000387,ALIAS,design ICT device driver,FALSE
AL-003382,SK-000387,ALIAS,build ICT device driver,FALSE
AL-001184,SK-000388,ALIAS,interpret technical information,FALSE
AL-001185,SK-000389,ALIAS,software integration testing,FALSE
AL-001186,SK-000390,ALIAS,TypeScript programming language,FALSE
AL-001187,SK-000391,ALIAS,W3C standards,FALSE
AL-003383,SK-000392,ALIAS,encourage open innovation in research,FALSE
AL-003384,SK-000392,ALIAS,promote integrated collaboration in research,FALSE
AL-003385,SK-000392,ALIAS,boost open innovation in research,FALSE
AL-003386,SK-000392,ALIAS,stimulate collaborative innovation in research,FALSE
AL-003387,SK-000392,ALIAS,foster collaborative innovation in research,FALSE
AL-003388,SK-000393,ALIAS,risk types,FALSE
AL-003389,SK-000393,ALIAS,risk classification,FALSE
AL-003390,SK-000393,ALIAS,definition of risk,FALSE
AL-003391,SK-000393,ALIAS,risk analysis,FALSE
AL-003392,SK-000394,ALIAS,market studies,FALSE
AL-003393,SK-000394,ALIAS,market analysis,FALSE
AL-001191,SK-000395,ALIAS,JavaScript Style Sheets,FALSE
AL-003394,SK-000396,ALIAS,compromise with stakeholders,FALSE
AL-003395,SK-000396,ALIAS,cooperate in agreement with stakeholders,FALSE
AL-003396,SK-000396,ALIAS,negotiate with a stakeholders,FALSE
AL-003397,SK-000396,ALIAS,agree terms with stakeholders,FALSE
AL-003398,SK-000396,ALIAS,collaborate with stakeholders,FALSE
AL-003399,SK-000397,ALIAS,human resource administration,FALSE
AL-003400,SK-000397,ALIAS,human resource supervision,FALSE
AL-003401,SK-000397,ALIAS,personnel administration,FALSE
AL-003402,SK-000397,ALIAS,human resource regulation,FALSE
AL-003403,SK-000397,ALIAS,personnel regulation,FALSE
AL-003404,SK-000397,ALIAS,human resource oversight,FALSE
AL-003405,SK-000397,ALIAS,personnel oversight,FALSE
AL-003406,SK-000397,ALIAS,personnel supervision,FALSE
AL-003407,SK-000398,ALIAS,sack employees,FALSE
AL-003408,SK-000398,ALIAS,dismiss employees,FALSE
AL-003409,SK-000398,ALIAS,let employees go,FALSE
AL-003410,SK-000398,ALIAS,lay off employees,FALSE
AL-003411,SK-000398,ALIAS,discharging employees,FALSE
AL-003412,SK-000398,ALIAS,fire employees,FALSE
AL-003413,SK-000398,ALIAS,discharge employee,FALSE
AL-003414,SK-000399,ALIAS,ensure customer satisfaction,FALSE
AL-003415,SK-000399,ALIAS,process customer feedback,FALSE
AL-003416,SK-000399,ALIAS,collect and manage customer feedback,FALSE
AL-003417,SK-000399,ALIAS,measure feedback from customers,FALSE
AL-003418,SK-000399,ALIAS,measuring customer satisfaction,FALSE
AL-003419,SK-000399,ALIAS,assess customer satisfaction,FALSE
AL-003420,SK-000399,ALIAS,evaluate customer feedback,FALSE
AL-003421,SK-000399,ALIAS,collect and manage client feedback,FALSE
AL-003422,SK-000400,ALIAS,evaluate financial performance of a company,FALSE
AL-003423,SK-000400,ALIAS,investigate financial performance of a company,FALSE
AL-003424,SK-000400,ALIAS,analyse financial performance of companies,FALSE
AL-003425,SK-000400,ALIAS,analyze financial performance of a company,FALSE
AL-003426,SK-000400,ALIAS,review financial performance of a company,FALSE
AL-003427,SK-000400,ALIAS,analysing financial performance of company,FALSE
AL-003428,SK-000400,ALIAS,examine financial performance of a company,FALSE
AL-003429,SK-000400,ALIAS,study financial performance of a company,FALSE
AL-003430,SK-000400,ALIAS,analyse company financial performance,FALSE
AL-003431,SK-000401,ALIAS,total quality management,FALSE
AL-003432,SK-000401,ALIAS,kaizen,FALSE
AL-003433,SK-000401,ALIAS,total quality control methods,FALSE
AL-003434,SK-000401,ALIAS,tqm,FALSE
AL-003435,SK-000401,ALIAS,total quality control principles,FALSE
AL-003436,SK-000401,ALIAS,total quality control philosophy,FALSE
AL-003437,SK-000401,ALIAS,tqc,FALSE
AL-003438,SK-000401,ALIAS,total quality control approach,FALSE
AL-003439,SK-000401,ALIAS,kaizen principles,FALSE
AL-003440,SK-000401,ALIAS,quality manufacturing principles,FALSE
AL-003441,SK-000402,ALIAS,conflict resolution theory,FALSE
AL-003442,SK-000402,ALIAS,game theory for blockchain,FALSE
AL-003443,SK-000402,ALIAS,rational choice theory,FALSE
AL-003444,SK-000402,ALIAS,interactive decision theory,FALSE
AL-003445,SK-000403,ALIAS,stimulate recruitment policy,FALSE
AL-003446,SK-000403,ALIAS,encourage recruitment policy,FALSE
AL-003447,SK-000403,ALIAS,advocate employment policy,FALSE
AL-003448,SK-000403,ALIAS,boost recruitment policy,FALSE
AL-003449,SK-000403,ALIAS,boost employment policy,FALSE
AL-003450,SK-000403,ALIAS,advocate recruitment policy,FALSE
AL-003451,SK-000403,ALIAS,encourage employment policy,FALSE
AL-003452,SK-000403,ALIAS,stimulate employment policy,FALSE
AL-003453,SK-000404,ALIAS,make evaluation of employees,FALSE
AL-003454,SK-000404,ALIAS,evaluate casino workers,FALSE
AL-003455,SK-000404,ALIAS,gather information about employees,FALSE
AL-003456,SK-000404,ALIAS,evaluate workers at casino,FALSE
AL-003457,SK-000404,ALIAS,give exams to employees,FALSE
AL-003458,SK-000404,ALIAS,evaluate casino employees,FALSE
AL-003459,SK-000404,ALIAS,assess casino staff,FALSE
AL-003460,SK-000404,ALIAS,test employees,FALSE
AL-003461,SK-000404,ALIAS,assess employees,FALSE
AL-003462,SK-000404,ALIAS,make assessment of employees,FALSE
AL-001201,SK-000405,ALIAS,utilise software libraries,FALSE
AL-003463,SK-000406,ALIAS,establish organizational policies,FALSE
AL-003464,SK-000406,ALIAS,set organisational policy,FALSE
AL-003465,SK-000406,ALIAS,set organizational policies,FALSE
AL-003466,SK-000406,ALIAS,set organizational policy,FALSE
AL-003467,SK-000406,ALIAS,participate in setting organisational policies,FALSE
AL-003468,SK-000406,ALIAS,establish organisational policy,FALSE
AL-003469,SK-000406,ALIAS,establish organisational policies,FALSE
AL-003470,SK-000406,ALIAS,participate in setting organizational policies,FALSE
AL-003471,SK-000407,ALIAS,give recommendations on efficiency improvements,FALSE
AL-003472,SK-000407,ALIAS,counsel on efficiency improvements,FALSE
AL-003473,SK-000407,ALIAS,advise on improving efficiency,FALSE
AL-003474,SK-000407,ALIAS,advise on efficiency improvement,FALSE
AL-003475,SK-000407,ALIAS,offer suggestions on efficiency improvements,FALSE
AL-003476,SK-000407,ALIAS,advising on efficiency improvements,FALSE
AL-003477,SK-000408,ALIAS,oversee legislation developments,FALSE
AL-003478,SK-000408,ALIAS,monitor development of policies,FALSE
AL-003479,SK-000408,ALIAS,observe legislation developments,FALSE
AL-003480,SK-000408,ALIAS,monitor development of legislation,FALSE
AL-003481,SK-000408,ALIAS,monitor policies development,FALSE
AL-003482,SK-000408,ALIAS,oversee policies development,FALSE
AL-003483,SK-000409,ALIAS,types of social security,FALSE
AL-003484,SK-000409,ALIAS,types of retirement funds,FALSE
AL-003485,SK-000409,ALIAS,types of retirement accounts+K64,FALSE
AL-003486,SK-000410,ALIAS,produce creative ideas,FALSE
AL-003487,SK-000410,ALIAS,generate creative ideas,FALSE
AL-003488,SK-000410,ALIAS,developing creative ideas,FALSE
AL-003489,SK-000410,ALIAS,create creative ideas,FALSE
AL-003490,SK-000411,ALIAS,look at confidentiality,FALSE
AL-003491,SK-000411,ALIAS,look at covert actions,FALSE
AL-003492,SK-000411,ALIAS,view covert actions,FALSE
AL-003493,SK-000411,ALIAS,oversee covert actions,FALSE
AL-003494,SK-000411,ALIAS,oversee confidentiality,FALSE
AL-003495,SK-000411,ALIAS,view confidentiality,FALSE
AL-001208,SK-000412,ALIAS,quality standards for products,FALSE
AL-003496,SK-000413,ALIAS,undertake key performance indicators,FALSE
AL-003497,SK-000413,ALIAS,complete key performance indicators,FALSE
AL-003498,SK-000413,ALIAS,implement key performance indicators,FALSE
AL-003499,SK-000413,ALIAS,track a key performance indicator,FALSE
AL-003500,SK-000413,ALIAS,tracking a key performance indicator,FALSE
AL-003501,SK-000413,ALIAS,tracking key performance indicators,FALSE
AL-003502,SK-000414,ALIAS,supervise exams,FALSE
AL-003503,SK-000414,ALIAS,oversee exams,FALSE
AL-003504,SK-000414,ALIAS,manage test,FALSE
AL-003505,SK-000414,ALIAS,oversee tests,FALSE
AL-003506,SK-000414,ALIAS,supervise examinations,FALSE
AL-003507,SK-000414,ALIAS,manage exams,FALSE
AL-003508,SK-000414,ALIAS,manage examinations,FALSE
AL-003509,SK-000414,ALIAS,supervise tests,FALSE
AL-003510,SK-000414,ALIAS,managing tests,FALSE
AL-003511,SK-000414,ALIAS,oversee examinations,FALSE
AL-003512,SK-000415,ALIAS,keep professional administration documents,FALSE
AL-003513,SK-000415,ALIAS,organise professional administration records,FALSE
AL-003514,SK-000415,ALIAS,maintaining professional administration,FALSE
AL-003515,SK-000416,ALIAS,cloud monitoring,FALSE
AL-003516,SK-000416,ALIAS,cloud computing monitoring and reporting,FALSE
AL-003517,SK-000416,ALIAS,cloud reporting,FALSE
AL-001213,SK-000417,ALIAS,digital research curation,FALSE
AL-003518,SK-000418,ALIAS,generate flow chart,FALSE
AL-003519,SK-000418,ALIAS,develop flow diagram,FALSE
AL-003520,SK-000418,ALIAS,design flow diagram,FALSE
AL-003521,SK-000418,ALIAS,compose flow diagram,FALSE
AL-003522,SK-000418,ALIAS,develop flow chart,FALSE
AL-003523,SK-000418,ALIAS,build flow diagram,FALSE
AL-003524,SK-000418,ALIAS,design flow chart,FALSE
AL-003525,SK-000418,ALIAS,build flowchart,FALSE
AL-003526,SK-000418,ALIAS,compose flow chart,FALSE
AL-003527,SK-000418,ALIAS,generate flow diagram,FALSE
AL-003528,SK-000419,ALIAS,supervise daily info operations,FALSE
AL-003529,SK-000419,ALIAS,supervise daily information operation,FALSE
AL-003530,SK-000419,ALIAS,manage daily information operations,FALSE
AL-003531,SK-000419,ALIAS,direct daily information operations,FALSE
AL-003532,SK-000419,ALIAS,oversee daily information operations,FALSE
AL-003533,SK-000419,ALIAS,supervising daily information operations,FALSE
AL-003534,SK-000420,ALIAS,open web application security project,FALSE
AL-003535,SK-000420,ALIAS,OWASP,FALSE
AL-003536,SK-000421,ALIAS,coordinate marketing plan action,FALSE
AL-003537,SK-000421,ALIAS,coordinating marketing plan actions,FALSE
AL-003538,SK-000421,ALIAS,coordinate actions of marketing plan,FALSE
AL-003539,SK-000421,ALIAS,manage marketing plan actions,FALSE
AL-003540,SK-000421,ALIAS,oversee marketing plan actions,FALSE
AL-003541,SK-000422,ALIAS,data set creation,FALSE
AL-003542,SK-000422,ALIAS,establish data sets,FALSE
AL-003543,SK-000422,ALIAS,create a data set,FALSE
AL-003544,SK-000422,ALIAS,produce data sets,FALSE
AL-003545,SK-000422,ALIAS,design data sets,FALSE
AL-003546,SK-000422,ALIAS,develop data sets,FALSE
AL-003547,SK-000422,ALIAS,creating data sets,FALSE
AL-003548,SK-000423,ALIAS,arrange meetings,FALSE
AL-003549,SK-000423,ALIAS,schedule meetings,FALSE
AL-003550,SK-000423,ALIAS,fix meeting,FALSE
AL-003551,SK-000423,ALIAS,organise meetings,FALSE
AL-003552,SK-000423,ALIAS,fixing meetings,FALSE
AL-003553,SK-000424,ALIAS,advise on conflicts' management,FALSE
AL-003554,SK-000424,ALIAS,provide conflict management recommendations,FALSE
AL-003555,SK-000424,ALIAS,advise on management of conflicts,FALSE
AL-003556,SK-000424,ALIAS,suggest conflict management solutions,FALSE
AL-003557,SK-000425,ALIAS,test application,FALSE
AL-003558,SK-000425,ALIAS,test programs,FALSE
AL-003559,SK-000426,ALIAS,evaluate internal factors of companies,FALSE
AL-003560,SK-000426,ALIAS,analyse internal factors of company,FALSE
AL-003561,SK-000426,ALIAS,study internal factors of companies,FALSE
AL-003562,SK-000426,ALIAS,examine internal factors of companies,FALSE
AL-003563,SK-000426,ALIAS,analyse companies' internal factors,FALSE
AL-003564,SK-000426,ALIAS,analyze internal factors of companies,FALSE
AL-003565,SK-000426,ALIAS,analysing internal factors of companies,FALSE
AL-003566,SK-000426,ALIAS,review internal factors of companies,FALSE
AL-003567,SK-000427,ALIAS,produce work-related reports,FALSE
AL-003568,SK-000427,ALIAS,compose work-related reports,FALSE
AL-003569,SK-000427,ALIAS,write reports,FALSE
AL-003570,SK-000427,ALIAS,present reports on work activities,FALSE
AL-003571,SK-000427,ALIAS,perform work-related reporting,FALSE
AL-003572,SK-000427,ALIAS,write work reports,FALSE
AL-003573,SK-000427,ALIAS,carry out work-related reporting,FALSE
AL-003574,SK-000427,ALIAS,develop reports on work activities,FALSE
AL-003575,SK-000427,ALIAS,complete work-related reports,FALSE
AL-003576,SK-000427,ALIAS,undertake work-related reporting,FALSE
AL-003577,SK-000427,ALIAS,create work-related reports,FALSE
AL-003578,SK-000428,ALIAS,brand marketing technique,FALSE
AL-003579,SK-000428,ALIAS,brand marketing skills,FALSE
AL-003580,SK-000428,ALIAS,marketing technique brand,FALSE
AL-003581,SK-000428,ALIAS,brand marketing methods,FALSE
AL-003582,SK-000428,ALIAS,brand marketing approaches,FALSE
AL-003583,SK-000428,ALIAS,a brand marketing technique,FALSE
AL-003584,SK-000428,ALIAS,brand marketing performance,FALSE
AL-003585,SK-000429,ALIAS,Zeus IDE,FALSE
AL-003586,SK-000429,ALIAS,Borland C++ Builder,FALSE
AL-003587,SK-000429,ALIAS,CodeForge,FALSE
AL-003588,SK-000429,ALIAS,Dev-C++,FALSE
AL-003589,SK-000429,ALIAS,DialogBlocks,FALSE
AL-003590,SK-000429,ALIAS,CodeLite,FALSE
AL-003591,SK-000429,ALIAS,Anjuta,FALSE
AL-003592,SK-000429,ALIAS,Philasmicos Entwickler Studio,FALSE
AL-003593,SK-000429,ALIAS,SPE,FALSE
AL-003594,SK-000429,ALIAS,NetBeans,FALSE
AL-003595,SK-000429,ALIAS,MinGW Developer Studio,FALSE
AL-003596,SK-000429,ALIAS,wxHatch,FALSE
AL-003597,SK-000429,ALIAS,IDE,FALSE
AL-003598,SK-000429,ALIAS,Code::Blocks,FALSE
AL-003599,SK-000430,ALIAS,supervise manage contracts,FALSE
AL-003600,SK-000430,ALIAS,managing a contract,FALSE
AL-003601,SK-000430,ALIAS,regulate manage contracts,FALSE
AL-003602,SK-000430,ALIAS,oversee manage contracts,FALSE
AL-003603,SK-000430,ALIAS,manage a contract,FALSE
AL-003604,SK-000430,ALIAS,maintain manage contracts,FALSE
AL-003605,SK-000430,ALIAS,contract management,FALSE
AL-003606,SK-000431,ALIAS,assist with job interview preparation,FALSE
AL-003607,SK-000431,ALIAS,help with job interview preparation,FALSE
AL-003608,SK-000431,ALIAS,preparing for job interview,FALSE
AL-003609,SK-000432,ALIAS,ensure proper appointments administration,FALSE
AL-003610,SK-000432,ALIAS,accept or cancel appointments,FALSE
AL-003611,SK-000432,ALIAS,administer an appointment,FALSE
AL-003612,SK-000432,ALIAS,develop cancellation policies,FALSE
AL-003613,SK-000432,ALIAS,handle appointment administration,FALSE
AL-003614,SK-000432,ALIAS,schedule appointments,FALSE
AL-003615,SK-000432,ALIAS,ensure proper appointment administration,FALSE
AL-003616,SK-000432,ALIAS,schedule an appointment,FALSE
AL-003617,SK-000433,ALIAS,design of information structures,FALSE
AL-003618,SK-000433,ALIAS,information classification,FALSE
AL-003619,SK-000434,ALIAS,digital collaboration tools,FALSE
AL-003620,SK-000434,ALIAS,online collaborative tools,FALSE
AL-001231,SK-000435,ALIAS,management of IT related projects,FALSE
AL-003621,SK-000436,ALIAS,coordinate educational programme,FALSE
AL-003622,SK-000436,ALIAS,arrange educational programmes,FALSE
AL-003623,SK-000436,ALIAS,coordinating educational programmes,FALSE
AL-003624,SK-000436,ALIAS,organise educational programmes,FALSE
AL-003625,SK-000437,ALIAS,coordinate logistics with constraints and desired work,FALSE
AL-003626,SK-000437,ALIAS,manage logistics and desired work,FALSE
AL-003627,SK-000437,ALIAS,supervise logistics,FALSE
AL-003628,SK-000437,ALIAS,oversee logistics,FALSE
AL-003629,SK-000437,ALIAS,manage logistics according to the desired work,FALSE
AL-003630,SK-000437,ALIAS,adapt logistics according to the planned works,FALSE
AL-003631,SK-000437,ALIAS,managing logistics,FALSE
AL-003632,SK-000437,ALIAS,regulate logistics,FALSE
AL-003633,SK-000437,ALIAS,maintain logistics,FALSE
AL-003634,SK-000437,ALIAS,logistics management,FALSE
AL-003635,SK-000438,ALIAS,staff recruitment and training,FALSE
AL-003636,SK-000438,ALIAS,recruit and train staff,FALSE
AL-003637,SK-000438,ALIAS,supervision staff,FALSE
AL-003638,SK-000438,ALIAS,supervising of staff,FALSE
AL-003639,SK-000438,ALIAS,recruitment and training of staff,FALSE
AL-003640,SK-000438,ALIAS,staff supervision,FALSE
AL-003641,SK-000438,ALIAS,recruiting and training staff,FALSE
AL-003642,SK-000438,ALIAS,supervising staff,FALSE
AL-003643,SK-000439,ALIAS,adopting risk management processes,FALSE
AL-003644,SK-000439,ALIAS,adopting processes of risk management,FALSE
AL-003645,SK-000439,ALIAS,adopt processes of risk management,FALSE
AL-003646,SK-000439,ALIAS,risk management processes adopting,FALSE
AL-003647,SK-000439,ALIAS,adopt risk management processes,FALSE
AL-003648,SK-000439,ALIAS,risk management processes applying,FALSE
AL-003649,SK-000439,ALIAS,applying risk management processes,FALSE
AL-003650,SK-000439,ALIAS,applying processes of risk management,FALSE
AL-003651,SK-000439,ALIAS,apply processes of risk management,FALSE
AL-003652,SK-000440,ALIAS,calculate boni,FALSE
AL-003653,SK-000440,ALIAS,calculate bonuses,FALSE
AL-003654,SK-000440,ALIAS,calculate profit,FALSE
AL-003655,SK-000440,ALIAS,calculate profit share,FALSE
AL-003656,SK-000441,ALIAS,analyse context of a business,FALSE
AL-003657,SK-000441,ALIAS,analyze the context of an organization,FALSE
AL-003658,SK-000441,ALIAS,assess the context of an organisation,FALSE
AL-003659,SK-000442,ALIAS,publishes academic research,FALSE
AL-003660,SK-000442,ALIAS,publish doctoral research,FALSE
AL-003661,SK-000442,ALIAS,publishing academic research,FALSE
AL-003662,SK-000442,ALIAS,publish research,FALSE
AL-003663,SK-000442,ALIAS,publish academic studies,FALSE
AL-003664,SK-000443,ALIAS,employment regulation,FALSE
AL-003665,SK-000443,ALIAS,employment laws,FALSE
AL-003666,SK-000443,ALIAS,employment statute,FALSE
AL-003667,SK-000443,ALIAS,employment rule,FALSE
AL-003668,SK-000443,ALIAS,employment legislation,FALSE
AL-001240,SK-000444,ALIAS,data anlysis,FALSE
AL-003669,SK-000445,ALIAS,process modelling,FALSE
AL-003670,SK-000445,ALIAS,BPMN,FALSE
AL-003671,SK-000445,ALIAS,business process modeling,FALSE
AL-003672,SK-000446,ALIAS,valorise research findings in industry,FALSE
AL-003673,SK-000446,ALIAS,valorise research findings in the public sector,FALSE
AL-003674,SK-000446,ALIAS,ensure connection between research and industry,FALSE
AL-001243,SK-000447,ALIAS,business data analytics,FALSE
AL-003675,SK-000448,ALIAS,RDF query language,FALSE
AL-003676,SK-000448,ALIAS,SPARQL,FALSE
AL-003677,SK-000449,ALIAS,CoffeeScript coding techniques,FALSE
AL-003678,SK-000449,ALIAS,CoffeeScript software development techniques,FALSE
AL-003679,SK-000449,ALIAS,CoffeeScript programming paradigms,FALSE
AL-003680,SK-000449,ALIAS,CoffeeScript software development principles,FALSE
AL-003681,SK-000449,ALIAS,CoffeeScript algorithms,FALSE
AL-003682,SK-000450,ALIAS,calculate reimbursement payments,FALSE
AL-003683,SK-000450,ALIAS,calculate repayments,FALSE
AL-003684,SK-000450,ALIAS,calculate coverage payments,FALSE
AL-003685,SK-000450,ALIAS,calculate remuneration,FALSE
AL-003686,SK-000450,ALIAS,calculate settlement payments,FALSE
AL-003687,SK-000451,ALIAS,economic audit,FALSE
AL-003688,SK-000451,ALIAS,fiscal audit,FALSE
AL-003689,SK-000451,ALIAS,business analysis,FALSE
AL-003690,SK-000451,ALIAS,fiscal analysis,FALSE
AL-003691,SK-000451,ALIAS,commercial analysis,FALSE
AL-003692,SK-000451,ALIAS,economic analysis,FALSE
AL-001248,SK-000452,ALIAS,Objective C,FALSE
AL-003693,SK-000453,ALIAS,conduct PESTEL analysis,FALSE
AL-003694,SK-000453,ALIAS,carry out PESTEL analysis,FALSE
AL-003695,SK-000453,ALIAS,perform analysis using PESTEL framework,FALSE
AL-003696,SK-000453,ALIAS,conduct analysis using PESTEL framework,FALSE
AL-003697,SK-000454,ALIAS,accounting entry,FALSE
AL-003698,SK-000454,ALIAS,account entries,FALSE
AL-003699,SK-000454,ALIAS,accounting transactions,FALSE
AL-003700,SK-000454,ALIAS,financial transactions records,FALSE
AL-003701,SK-000455,ALIAS,achieve shared understandings with stakeholders,FALSE
AL-003702,SK-000455,ALIAS,undertake stakeholders engagement processes,FALSE
AL-003703,SK-000455,ALIAS,use processes for negotiated agreements with stakeholders,FALSE
AL-003704,SK-000455,ALIAS,build partnerships with stakeholders,FALSE
AL-003705,SK-000455,ALIAS,negotiate agreements with stakeholders,FALSE
AL-003706,SK-000456,ALIAS,thinking in abstractions,FALSE
AL-003707,SK-000456,ALIAS,thinking in abstract concepts,FALSE
AL-003708,SK-000456,ALIAS,conceptualise reality,FALSE
AL-003709,SK-000456,ALIAS,carry out abstraction of concepts,FALSE
AL-003710,SK-000456,ALIAS,conceptualise abstract ideas,FALSE
AL-003711,SK-000457,ALIAS,marketing a channel,FALSE
AL-003712,SK-000457,ALIAS,market a channel,FALSE
AL-003713,SK-000457,ALIAS,channel advertising,FALSE
AL-003714,SK-000457,ALIAS,channel placing,FALSE
AL-003715,SK-000457,ALIAS,channel promotion,FALSE
AL-003716,SK-000457,ALIAS,marketing channels,FALSE
AL-001254,SK-000459,ALIAS,quantity surveying techniques,FALSE
AL-003717,SK-000460,ALIAS,planning marketing campaigns,FALSE
AL-003718,SK-000460,ALIAS,planning a marketing campaign,FALSE
AL-003719,SK-000460,ALIAS,implement marketing campaign,FALSE
AL-003720,SK-000460,ALIAS,set up marketing campaign,FALSE
AL-003721,SK-000460,ALIAS,timetable marketing campaign,FALSE
AL-003722,SK-000460,ALIAS,arrange marketing campaign,FALSE
AL-003723,SK-000460,ALIAS,plan marketing campaign,FALSE
AL-003724,SK-000460,ALIAS,plan a marketing campaign,FALSE
AL-003725,SK-000461,ALIAS,DMX,FALSE
AL-003726,SK-000461,ALIAS,SuprTool,FALSE
AL-003727,SK-000461,ALIAS,OttoQL,FALSE
AL-003728,SK-000461,ALIAS,XPath,FALSE
AL-003729,SK-000461,ALIAS,QUEL,FALSE
AL-003730,SK-000461,ALIAS,ISBL,FALSE
AL-003731,SK-000461,ALIAS,.QL,FALSE
AL-003732,SK-000461,ALIAS,F-logic,FALSE
AL-003733,SK-000461,ALIAS,SPL,FALSE
AL-003734,SK-000461,ALIAS,FQL,FALSE
AL-003735,SK-000461,ALIAS,OPath,FALSE
AL-003736,SK-000461,ALIAS,MQL,FALSE
AL-003737,SK-000461,ALIAS,Poliqarp,FALSE
AL-003738,SK-000461,ALIAS,HTSQL,FALSE
AL-003739,SK-000461,ALIAS,YQL,FALSE
AL-003740,SK-000461,ALIAS,Gellish,FALSE
AL-003741,SK-000461,ALIAS,XSPARQL,FALSE
AL-003742,SK-000461,ALIAS,Concept-Oriented,FALSE
AL-003743,SK-000461,ALIAS,TMQL,FALSE
AL-003744,SK-000461,ALIAS,RDQL,FALSE
AL-003745,SK-000461,ALIAS,OCL,FALSE
AL-003746,SK-000461,ALIAS,OQL,FALSE
AL-003747,SK-000461,ALIAS,CQLF,FALSE
AL-003748,SK-000461,ALIAS,ReQL,FALSE
AL-003749,SK-000461,ALIAS,Datalog,FALSE
AL-001257,SK-000462,ALIAS,perform code reviews,FALSE
AL-003750,SK-000463,ALIAS,tools for software version control,FALSE
AL-003751,SK-000463,ALIAS,Rudder,FALSE
AL-003752,SK-000463,ALIAS,NOC,FALSE
AL-003753,SK-000463,ALIAS,OCS Inventory NG with GLPI,FALSE
AL-003754,SK-000463,ALIAS,Bcfg2,FALSE
AL-003755,SK-000463,ALIAS,Rundeck,FALSE
AL-003756,SK-000463,ALIAS,Synctool,FALSE
AL-003757,SK-000463,ALIAS,SmartFrog,FALSE
AL-003758,SK-000463,ALIAS,CFEngine,FALSE
AL-003759,SK-000463,ALIAS,Local ConFiGuration system,FALSE
AL-003760,SK-000463,ALIAS,source control,FALSE
AL-003761,SK-000463,ALIAS,Radmind,FALSE
AL-003762,SK-000463,ALIAS,cdist,FALSE
AL-003763,SK-000463,ALIAS,Quattor,FALSE
AL-003764,SK-000463,ALIAS,ISconf,FALSE
AL-003765,SK-000463,ALIAS,revision control,FALSE
AL-003766,SK-000463,ALIAS,NixOS,FALSE
AL-003767,SK-000463,ALIAS,git,FALSE
AL-003768,SK-000463,ALIAS,PIKT,FALSE
AL-003769,SK-000463,ALIAS,software tools for version control,FALSE
AL-003770,SK-000463,ALIAS,Open pc server integration,FALSE
AL-003771,SK-000464,ALIAS,cooperate with colleagues,FALSE
AL-003772,SK-000464,ALIAS,work with colleagues,FALSE
AL-003773,SK-000464,ALIAS,work together with colleagues,FALSE
AL-003774,SK-000464,ALIAS,collaborate with colleagues,FALSE
AL-003775,SK-000464,ALIAS,liaise with the colleagues,FALSE
AL-003776,SK-000464,ALIAS,liaise with a colleague,FALSE
AL-003777,SK-000465,ALIAS,empower teams for continuous improvement,FALSE
AL-003778,SK-000465,ALIAS,drive teams for continuous improvement,FALSE
AL-003779,SK-000465,ALIAS,encourage a team for continuous improvement,FALSE
AL-003780,SK-000465,ALIAS,develop a work atmosphere of continuous improvement,FALSE
AL-003781,SK-000465,ALIAS,encourage teams to continuously improve,FALSE
AL-003782,SK-000465,ALIAS,support teams for continuous improvement,FALSE
AL-003783,SK-000465,ALIAS,encourage teams for continuous improvement,FALSE
AL-003784,SK-000465,ALIAS,create a continuous improvement work atmosphere,FALSE
AL-003785,SK-000465,ALIAS,praise teams for continuous improvement,FALSE
AL-003786,SK-000465,ALIAS,create a working atmosphere of continuous improvement,FALSE
AL-003787,SK-000465,ALIAS,set a work atmosphere of continuous improvement,FALSE
AL-003788,SK-000466,ALIAS,managing payroll,FALSE
AL-003789,SK-000466,ALIAS,oversee payroll,FALSE
AL-003790,SK-000466,ALIAS,handle payroll,FALSE
AL-003791,SK-000466,ALIAS,administer payroll,FALSE
AL-003792,SK-000467,ALIAS,find a stage manager replacement,FALSE
AL-003793,SK-000467,ALIAS,finding a replacement for stage manager,FALSE
AL-003794,SK-000467,ALIAS,stand in for stage manager,FALSE
AL-003795,SK-000467,ALIAS,fill in for stage manager,FALSE
AL-003796,SK-000467,ALIAS,substitute for stage manager,FALSE
AL-003797,SK-000467,ALIAS,cover for stage manager,FALSE
AL-003798,SK-000468,ALIAS,diagnose system problems,FALSE
AL-003799,SK-000468,ALIAS,troubleshoot system,FALSE
AL-003800,SK-000468,ALIAS,manage system problem,FALSE
AL-003801,SK-000469,ALIAS,business analysis,FALSE
AL-003802,SK-000469,ALIAS,business handling,FALSE
AL-003803,SK-000469,ALIAS,business measures,FALSE
AL-003804,SK-000469,ALIAS,refinement a business,FALSE
AL-003805,SK-000469,ALIAS,business process,FALSE
AL-003806,SK-000469,ALIAS,a business process,FALSE
AL-001265,SK-000470,ALIAS,Microcontrollers,FALSE
AL-003807,SK-000471,ALIAS,provide advice on regulation violations,FALSE
AL-003808,SK-000471,ALIAS,advise on regulation compliance requirements,FALSE
AL-003809,SK-000471,ALIAS,provide advice on regulation infractions,FALSE
AL-003810,SK-000471,ALIAS,provide advice on regulation breaches,FALSE
AL-003811,SK-000471,ALIAS,make recommendations on how to effectively meet regulatory requirements,FALSE
AL-003812,SK-000471,ALIAS,make recommendations on necessary regulation compliance actions,FALSE
AL-003813,SK-000471,ALIAS,provide advice on violations of regulation,FALSE
AL-003814,SK-000471,ALIAS,advise on preventive and corrective regulation compliance actions,FALSE
AL-003815,SK-000471,ALIAS,advise on preventive and corrective regulation compliance activities,FALSE
AL-003816,SK-000471,ALIAS,provide advice on infractions of regulation,FALSE
AL-001267,SK-000472,ALIAS,multidisciplinary research methods,FALSE
AL-003817,SK-000473,ALIAS,administer data,FALSE
AL-003818,SK-000473,ALIAS,data administration,FALSE
AL-003819,SK-000473,ALIAS,manage data lifecycle,FALSE
AL-003820,SK-000473,ALIAS,operate data quality tools,FALSE
AL-003821,SK-000473,ALIAS,data resource management,FALSE
AL-003822,SK-000474,ALIAS,undertake search engine optimisation,FALSE
AL-003823,SK-000474,ALIAS,manage search engine optimisation,FALSE
AL-003824,SK-000474,ALIAS,carry out search engine optimisation,FALSE
AL-003825,SK-000474,ALIAS,conduct search engine optimization,FALSE
AL-003826,SK-000474,ALIAS,conduct a search engine optimisation,FALSE
AL-003827,SK-000474,ALIAS,organise search engine optimisation,FALSE
AL-003828,SK-000474,ALIAS,conducting a search engine optimisation,FALSE
AL-003829,SK-000474,ALIAS,conducting search engine optimisation,FALSE
AL-003830,SK-000475,ALIAS,utilise knowledge of human behaviour,FALSE
AL-003831,SK-000475,ALIAS,employ knowledge of human behaviour,FALSE
AL-003832,SK-000475,ALIAS,apply the knowledge of human behaviour,FALSE
AL-003833,SK-000475,ALIAS,applying knowledge of human behaviour,FALSE
AL-003834,SK-000475,ALIAS,implement knowledge of human behaviour,FALSE
AL-003835,SK-000475,ALIAS,apply knowledge of human behavior,FALSE
AL-003836,SK-000475,ALIAS,apply a knowledge of human behaviour,FALSE
AL-003837,SK-000475,ALIAS,administer knowledge of human behaviour,FALSE
AL-003838,SK-000476,ALIAS,maintain active listening,FALSE
AL-003839,SK-000476,ALIAS,active listening,FALSE
AL-003840,SK-000476,ALIAS,apply active listening techniques,FALSE
AL-003841,SK-000476,ALIAS,use active listening techniques,FALSE
AL-003842,SK-000476,ALIAS,listen with attentive participation,FALSE
AL-003843,SK-000477,ALIAS,health care data analytics,FALSE
AL-003844,SK-000477,ALIAS,health care analytics,FALSE
AL-003845,SK-000477,ALIAS,health data analytics,FALSE
AL-003846,SK-000477,ALIAS,healthcare data analytics,FALSE
AL-003847,SK-000478,ALIAS,ICT problem management procedures,FALSE
AL-003848,SK-000478,ALIAS,ICT problem management strategies,FALSE
AL-003849,SK-000478,ALIAS,ICT problem management procedure,FALSE
AL-003850,SK-000478,ALIAS,ICT problem management processes,FALSE
AL-003851,SK-000478,ALIAS,ICT problem management methods,FALSE
AL-003852,SK-000478,ALIAS,types of ICT problem management techniques,FALSE
AL-003853,SK-000479,ALIAS,analysis of web strategy,FALSE
AL-003854,SK-000479,ALIAS,online assessment,FALSE
AL-003855,SK-000479,ALIAS,web presence assessment,FALSE
AL-003856,SK-000480,ALIAS,programme the event,FALSE
AL-003857,SK-000480,ALIAS,plan an event,FALSE
AL-003858,SK-000480,ALIAS,plan the events,FALSE
AL-003859,SK-000480,ALIAS,map out an event,FALSE
AL-003860,SK-000481,ALIAS,ML,FALSE
AL-003861,SK-000481,ALIAS,ML systems,FALSE
AL-003862,SK-000481,ALIAS,ML development principles,FALSE
AL-001277,SK-000482,ALIAS,WebSphere application server,FALSE
AL-003863,SK-000483,ALIAS,calculate welfare,FALSE
AL-003864,SK-000483,ALIAS,calculate welfare benefits,FALSE
AL-003865,SK-000483,ALIAS,calculate aid,FALSE
AL-003866,SK-000483,ALIAS,calculate benefits,FALSE
AL-003867,SK-000484,ALIAS,data confidentiality,FALSE
AL-003868,SK-000484,ALIAS,consumer data privacy,FALSE
AL-003869,SK-000484,ALIAS,data access control,FALSE
AL-003870,SK-000485,ALIAS,coordinate sub-contract labour,FALSE
AL-003871,SK-000485,ALIAS,manage sub-contract labor,FALSE
AL-003872,SK-000485,ALIAS,manage sub-contract labourers,FALSE
AL-003873,SK-000485,ALIAS,oversee sub-contract labour,FALSE
AL-003874,SK-000485,ALIAS,monitor sub-contract labour,FALSE
AL-003875,SK-000485,ALIAS,supervise sub-contract labour,FALSE
AL-003876,SK-000485,ALIAS,managing sub-contract labourers,FALSE
AL-003877,SK-000485,ALIAS,managing sub-contract labour,FALSE
AL-001281,SK-000486,ALIAS,Lightweight Directory Access Protocol,FALSE
AL-003878,SK-000487,ALIAS,support individuals,FALSE
AL-003879,SK-000487,ALIAS,help individuals,FALSE
AL-003880,SK-000487,ALIAS,guide individuals,FALSE
AL-003881,SK-000487,ALIAS,guide people,FALSE
AL-003882,SK-000487,ALIAS,support people,FALSE
AL-003883,SK-000487,ALIAS,help people,FALSE
AL-003884,SK-000488,ALIAS,teamwork approaches,FALSE
AL-003885,SK-000488,ALIAS,teamwork principle,FALSE
AL-003886,SK-000488,ALIAS,teamwork concepts,FALSE
AL-003887,SK-000488,ALIAS,teamwork methods,FALSE
AL-001284,SK-000489,ALIAS,file hosting service,FALSE
AL-003888,SK-000490,ALIAS,design online community plan,FALSE
AL-003889,SK-000490,ALIAS,establish online community plan,FALSE
AL-003890,SK-000490,ALIAS,promote online community plan,FALSE
AL-003891,SK-000490,ALIAS,expand online community plan,FALSE
AL-003892,SK-000490,ALIAS,progress an online community plan,FALSE
AL-001286,SK-000491,ALIAS,oversee data collection methods,FALSE
AL-003893,SK-000492,ALIAS,legal requirements for the development and use of ICT products,FALSE
AL-003894,SK-000492,ALIAS,international regulations for the use of ICT products,FALSE
AL-003895,SK-000492,ALIAS,legal requirements for the development of ICT products,FALSE
AL-003896,SK-000492,ALIAS,legal requirements for the design of ICT products,FALSE
AL-003897,SK-000492,ALIAS,international regulations for the development and use of ICT products,FALSE
AL-001288,SK-000493,ALIAS,communicate with users to gather requirements,FALSE
AL-003898,SK-000494,ALIAS,develop own practice,FALSE
AL-003899,SK-000494,ALIAS,continuously develop your own practices,FALSE
AL-003900,SK-000494,ALIAS,research identify and resource your continuing professional development,FALSE
AL-003901,SK-000494,ALIAS,identify priority areas for professional development,FALSE
AL-003902,SK-000494,ALIAS,continuously develop own practice,FALSE
AL-003903,SK-000494,ALIAS,manage personal lifelong learning,FALSE
AL-003904,SK-000494,ALIAS,develop own practices continuously,FALSE
AL-003905,SK-000494,ALIAS,conduct personal professional development,FALSE
AL-003906,SK-000494,ALIAS,research own continuing professional development,FALSE
AL-003907,SK-000494,ALIAS,develop own practice continuously,FALSE
AL-003908,SK-000494,ALIAS,undertake responsibility on continuous professional development,FALSE
AL-003909,SK-000495,ALIAS,determine corporate culture,FALSE
AL-003910,SK-000495,ALIAS,shaping corporate culture,FALSE
AL-003911,SK-000495,ALIAS,shape corporation culture,FALSE
AL-003912,SK-000495,ALIAS,define corporate culture,FALSE
AL-003913,SK-000496,ALIAS,commend public finance,FALSE
AL-003914,SK-000496,ALIAS,recommend public finance,FALSE
AL-003915,SK-000496,ALIAS,public finance advice,FALSE
AL-003916,SK-000496,ALIAS,suggest public finance,FALSE
AL-003917,SK-000496,ALIAS,advise on public financial matters,FALSE
AL-003918,SK-000496,ALIAS,advise on public finances,FALSE
AL-003919,SK-000496,ALIAS,assess public finance,FALSE
AL-003920,SK-000497,ALIAS,impart business plan to collaborators,FALSE
AL-003921,SK-000497,ALIAS,imparting business plans to collaborators,FALSE
AL-003922,SK-000497,ALIAS,impart business plans to collaborator,FALSE
AL-003923,SK-000498,ALIAS,integrating marketing strategies with the global strategy,FALSE
AL-003924,SK-000498,ALIAS,integrate marketing strategy with the global strategy,FALSE
AL-003925,SK-000498,ALIAS,incorporate marketing strategies with the global strategy,FALSE
AL-003926,SK-000498,ALIAS,implement marketing strategies with the global strategy,FALSE
AL-003927,SK-000499,ALIAS,PointBase Embedded,FALSE
AL-003928,SK-000499,ALIAS,R:Base,FALSE
AL-003929,SK-000499,ALIAS,Adaptive Server Anywhere,FALSE
AL-003930,SK-000499,ALIAS,Oracle Lite,FALSE
AL-003931,SK-000499,ALIAS,Rdb,FALSE
AL-003932,SK-000499,ALIAS,Interbase,FALSE
AL-003933,SK-000499,ALIAS,Velocis,FALSE
AL-003934,SK-000499,ALIAS,Jasmine ii,FALSE
AL-003935,SK-000499,ALIAS,Raima Database Manager,FALSE
AL-003936,SK-000499,ALIAS,IDMS,FALSE
AL-003937,SK-000499,ALIAS,YARD-SQL,FALSE
AL-003938,SK-000499,ALIAS,Versant,FALSE
AL-003939,SK-000499,ALIAS,Oracle 8I,FALSE
AL-003940,SK-000499,ALIAS,Db.linux,FALSE
AL-003941,SK-000499,ALIAS,NonStop SQL,FALSE
AL-003942,SK-000499,ALIAS,Quadbase SQL Server,FALSE
AL-003943,SK-000499,ALIAS,PointBase Network Server,FALSE
AL-003944,SK-000499,ALIAS,Pervasive.SQL 2000,FALSE
AL-003945,SK-000499,ALIAS,UniData,FALSE
AL-003946,SK-000499,ALIAS,UniSQL,FALSE
AL-003947,SK-000499,ALIAS,Adaptive Server Enterprise,FALSE
AL-003948,SK-000499,ALIAS,Db.star,FALSE
AL-003949,SK-000499,ALIAS,POET Object Server Suite,FALSE
AL-003950,SK-000499,ALIAS,Informix Dynamic Server 2000,FALSE
AL-003951,SK-000499,ALIAS,Informix Extended Parallel Server,FALSE
AL-003952,SK-000499,ALIAS,DBMS,FALSE
AL-003953,SK-000499,ALIAS,Cloudscape,FALSE
AL-003954,SK-000499,ALIAS,SUPRA,FALSE
AL-003955,SK-000499,ALIAS,database systems,FALSE
AL-003956,SK-000499,ALIAS,SQLBase,FALSE
AL-003957,SK-000499,ALIAS,IMS DB,FALSE
AL-003958,SK-000499,ALIAS,Peoplesoft,FALSE
AL-003959,SK-000499,ALIAS,Datacom,FALSE
AL-003960,SK-000499,ALIAS,DB2 Everyplace,FALSE
AL-003961,SK-000499,ALIAS,Sybase,FALSE
AL-003962,SK-000499,ALIAS,PointBase Mobile,FALSE
AL-003963,SK-000499,ALIAS,Model 204,FALSE
AL-003964,SK-000499,ALIAS,Advantage Database Server,FALSE
AL-003965,SK-000499,ALIAS,Pervasive.SQL Workgroup,FALSE
AL-003966,SK-000499,ALIAS,Adabas D,FALSE
AL-003967,SK-000499,ALIAS,TimesTen,FALSE
AL-003968,SK-000499,ALIAS,DB engines,FALSE
AL-003969,SK-000499,ALIAS,Adabas,FALSE
AL-003970,SK-000499,ALIAS,Objectivity DB,FALSE
AL-003971,SK-000499,ALIAS,SQL,FALSE
AL-003972,SK-000499,ALIAS,Ingres ii,FALSE
AL-003973,SK-000500,ALIAS,relevance of insurance principles,FALSE
AL-003974,SK-000500,ALIAS,application of insurance principles,FALSE
AL-003975,SK-000500,ALIAS,relevance of principles of insurance,FALSE
AL-003976,SK-000500,ALIAS,range of insurance principles,FALSE
AL-003977,SK-000500,ALIAS,scope of principles of insurance,FALSE
AL-003978,SK-000500,ALIAS,range of principles of insurance,FALSE
AL-003979,SK-000500,ALIAS,application of principles of insurance,FALSE
AL-003980,SK-000500,ALIAS,scope of insurance principles,FALSE
AL-003981,SK-000501,ALIAS,an advertising techniques,FALSE
AL-003982,SK-000501,ALIAS,advertising methods,FALSE
AL-003983,SK-000501,ALIAS,advertising technique,FALSE
AL-003984,SK-000501,ALIAS,advertising performance,FALSE
AL-003985,SK-000501,ALIAS,techniques of advertising,FALSE
AL-003986,SK-000501,ALIAS,advertising approaches,FALSE
AL-003987,SK-000501,ALIAS,advertising skills,FALSE
AL-003988,SK-000502,ALIAS,AR techniques,FALSE
AL-003989,SK-000502,ALIAS,augmented reality creation process,FALSE
AL-003990,SK-000502,ALIAS,AR creation process,FALSE
AL-003991,SK-000502,ALIAS,augmented reality techniques,FALSE
AL-003992,SK-000502,ALIAS,AR,FALSE
AL-001298,SK-000503,ALIAS,implement content strategy,FALSE
AL-003993,SK-000504,ALIAS,implementing a virtual private network,FALSE
AL-003994,SK-000504,ALIAS,VPN installing,FALSE
AL-003995,SK-000504,ALIAS,implement a VPN,FALSE
AL-003996,SK-000504,ALIAS,virtual private network installing,FALSE
AL-003997,SK-000504,ALIAS,virtual private network implementing,FALSE
AL-003998,SK-000504,ALIAS,VPN implementing,FALSE
AL-003999,SK-000504,ALIAS,installing a virtual private network,FALSE
AL-004000,SK-000504,ALIAS,implementing a VPN,FALSE
AL-004001,SK-000504,ALIAS,installing a VPN,FALSE
AL-004002,SK-000504,ALIAS,install a VPN,FALSE
AL-001300,SK-000505,ALIAS,coordinate IT activities,FALSE
AL-004003,SK-000506,ALIAS,assess interview reports,FALSE
AL-004004,SK-000506,ALIAS,evaluate interviews,FALSE
AL-004005,SK-000506,ALIAS,evaluate interview report,FALSE
AL-004006,SK-000506,ALIAS,rate interview reports,FALSE
AL-004007,SK-000506,ALIAS,examine interview reports,FALSE
AL-004008,SK-000506,ALIAS,evaluating interview reports,FALSE
AL-004009,SK-000508,ALIAS,coordinating an operational activity,FALSE
AL-004010,SK-000508,ALIAS,control operational activities,FALSE
AL-004011,SK-000508,ALIAS,coordinate an operational activity,FALSE
AL-004012,SK-000508,ALIAS,sustain operational activities,FALSE
AL-004013,SK-000508,ALIAS,manage operational activities,FALSE
AL-004014,SK-000508,ALIAS,operational activity coordination,FALSE
AL-004015,SK-000508,ALIAS,preserve operational activities,FALSE
AL-004016,SK-000509,ALIAS,market research,FALSE
AL-004017,SK-000509,ALIAS,market studies,FALSE
AL-004018,SK-000509,ALIAS,marketing analysis,FALSE
AL-004019,SK-000509,ALIAS,analysis of the market,FALSE
AL-004020,SK-000510,ALIAS,reflective exercises based on input,FALSE
AL-004021,SK-000510,ALIAS,reflective exercises based on self-evaluation processes,FALSE
AL-004022,SK-000510,ALIAS,self-evaluation reflection techniques,FALSE
AL-004023,SK-000511,ALIAS,analyze business requirements,FALSE
AL-004024,SK-000511,ALIAS,analyse customer product risks,FALSE
AL-004025,SK-000511,ALIAS,business requirements analysis,FALSE
AL-004026,SK-000512,ALIAS,content marketing plan,FALSE
AL-004027,SK-000512,ALIAS,content marketing proposal,FALSE
AL-004028,SK-000512,ALIAS,content marketing blueprint,FALSE
AL-004029,SK-000512,ALIAS,content marketing strategies,FALSE
AL-004030,SK-000512,ALIAS,a contents marketing strategy,FALSE
AL-004031,SK-000512,ALIAS,contents marketing strategy,FALSE
AL-004032,SK-000513,ALIAS,OLAP databases,FALSE
AL-004033,SK-000513,ALIAS,Cube databases,FALSE
AL-004034,SK-000513,ALIAS,OLAP,FALSE
AL-004035,SK-000514,ALIAS,network programming,FALSE
AL-004036,SK-000514,ALIAS,server side programming,FALSE
AL-004037,SK-000515,ALIAS,e-commerce system,FALSE
AL-004038,SK-000515,ALIAS,e-commercial systems,FALSE
AL-004039,SK-000515,ALIAS,e commerce organisation,FALSE
AL-004040,SK-000515,ALIAS,e commerce structure,FALSE
AL-004041,SK-000515,ALIAS,e-commerce scheme,FALSE
AL-004042,SK-000515,ALIAS,e-commerce arrangement,FALSE
AL-004043,SK-000515,ALIAS,e-commercial system,FALSE
AL-001310,SK-000517,ALIAS,Jboss,FALSE
AL-001311,SK-000518,ALIAS,business communication process,FALSE
AL-004044,SK-000519,ALIAS,build effective cross-group cooperation,FALSE
AL-004045,SK-000519,ALIAS,ensure cooperation cross-department,FALSE
AL-004046,SK-000519,ALIAS,ensure cross-departmental cooperation,FALSE
AL-004047,SK-000519,ALIAS,communicate effectively across teams,FALSE
AL-004048,SK-000520,ALIAS,determine necessary human resources,FALSE
AL-004049,SK-000520,ALIAS,verify necessary human resources,FALSE
AL-004050,SK-000520,ALIAS,ascertain necessary human resources,FALSE
AL-004051,SK-000520,ALIAS,identify human resources,FALSE
AL-004052,SK-000520,ALIAS,identifying necessary human resources,FALSE
AL-004053,SK-000521,ALIAS,combine face-to-face and online learning,FALSE
AL-004054,SK-000521,ALIAS,integrate blended learning,FALSE
AL-004055,SK-000521,ALIAS,implement mixed learning approaches,FALSE
AL-004056,SK-000521,ALIAS,employ blended learning,FALSE
AL-004057,SK-000521,ALIAS,implement blended learning,FALSE
AL-004058,SK-000522,ALIAS,labour laws,FALSE
AL-004059,SK-000522,ALIAS,workers' law,FALSE
AL-004060,SK-000522,ALIAS,labour statutes,FALSE
AL-004061,SK-000522,ALIAS,"labour rules and regulations, workers' law",FALSE
AL-004062,SK-000522,ALIAS,labor law,FALSE
AL-004063,SK-000523,ALIAS,adapt instruction to labor market,FALSE
AL-004064,SK-000523,ALIAS,adjust instruction to labour market,FALSE
AL-004065,SK-000523,ALIAS,adapting instruction to labour market,FALSE
AL-004066,SK-000523,ALIAS,adapt instruction to labour markets,FALSE
AL-004067,SK-000523,ALIAS,update instruction to labour market,FALSE
AL-004068,SK-000523,ALIAS,modify instruction to labour market,FALSE
AL-004069,SK-000523,ALIAS,adapting instruction to labour markets,FALSE
AL-004070,SK-000524,ALIAS,AJAX technology,FALSE
AL-004071,SK-000524,ALIAS,AJAX software,FALSE
AL-004072,SK-000524,ALIAS,AJAX techniques,FALSE
AL-004073,SK-000525,ALIAS,drafting accounting procedure,FALSE
AL-004074,SK-000525,ALIAS,write up accounting procedures,FALSE
AL-004075,SK-000525,ALIAS,draft accounting procedure,FALSE
AL-004076,SK-000525,ALIAS,draft procedures for accounting,FALSE
AL-004077,SK-000525,ALIAS,establish accounting procedures,FALSE
AL-004078,SK-000526,ALIAS,C++ software,FALSE
AL-004079,SK-000526,ALIAS,C++ framework,FALSE
AL-004080,SK-000527,ALIAS,work together in the development of marketing strategies,FALSE
AL-004081,SK-000527,ALIAS,team up with in the development of marketing strategies,FALSE
AL-004082,SK-000527,ALIAS,collaborating in the development of marketing strategy,FALSE
AL-004083,SK-000527,ALIAS,collaborate in the development of marketing strategy,FALSE
AL-004084,SK-000527,ALIAS,cooperate in the development of marketing strategies,FALSE
AL-004085,SK-000527,ALIAS,collaborate in marketing strategies development,FALSE
AL-004086,SK-000528,ALIAS,working with virtual learning environments,FALSE
AL-004087,SK-000528,ALIAS,use virtual learning environments,FALSE
AL-004088,SK-000528,ALIAS,works with virtual learning environments,FALSE
AL-004089,SK-000528,ALIAS,engage with virtual learning environments,FALSE
AL-004090,SK-000528,ALIAS,employ virtual learning environments,FALSE
AL-004091,SK-000528,ALIAS,work with virtual learning environment,FALSE
AL-004092,SK-000529,ALIAS,be friendly with customers,FALSE
AL-004093,SK-000529,ALIAS,enable customer focus,FALSE
AL-004094,SK-000529,ALIAS,demonstrate customer orientation,FALSE
AL-004095,SK-000529,ALIAS,ensure customer orientation,FALSE
AL-004096,SK-000529,ALIAS,demonstrate service-oriented attitude,FALSE
AL-004097,SK-000529,ALIAS,enjoy dealing with customers,FALSE
AL-004098,SK-000529,ALIAS,assure client orientation,FALSE
AL-004099,SK-000529,ALIAS,ensuring client orientation,FALSE
AL-004100,SK-000529,ALIAS,ensure customer focus,FALSE
AL-004101,SK-000529,ALIAS,secure client orientation,FALSE
AL-004102,SK-000529,ALIAS,provide customer services,FALSE
AL-004103,SK-000529,ALIAS,provide client orientation,FALSE
AL-004104,SK-000529,ALIAS,ensure clients orientation,FALSE
AL-004105,SK-000529,ALIAS,enable client orientation,FALSE
AL-004106,SK-000529,ALIAS,provide client support services,FALSE
AL-004107,SK-000530,ALIAS,guarantee adherence to organisational ICT standards,FALSE
AL-004108,SK-000530,ALIAS,enforce adherence to corporate ICT regulations,FALSE
AL-004109,SK-000530,ALIAS,guarantee compliance with company IT standards,FALSE
AL-004110,SK-000531,ALIAS,inform on tax legislation,FALSE
AL-004111,SK-000531,ALIAS,disseminating information on tax legislation,FALSE
AL-004112,SK-000531,ALIAS,make recommendations on tax legislation,FALSE
AL-004113,SK-000531,ALIAS,disseminate tax legislation information,FALSE
AL-004114,SK-000531,ALIAS,advise on tax legislation,FALSE
AL-004115,SK-000532,ALIAS,create sales strategies,FALSE
AL-004116,SK-000532,ALIAS,develop sales strategies,FALSE
AL-004117,SK-000532,ALIAS,build sales strategy,FALSE
AL-004118,SK-000532,ALIAS,design sales strategy,FALSE
AL-004119,SK-000533,ALIAS,propose constructive feedback,FALSE
AL-004120,SK-000533,ALIAS,offer constructive feedback,FALSE
AL-004121,SK-000533,ALIAS,giving constructive feedback,FALSE
AL-004122,SK-000533,ALIAS,provide constructive feedback,FALSE
AL-004123,SK-000533,ALIAS,gives constructive feedback,FALSE
AL-001327,SK-000534,ALIAS,identify legal and normative requirements and standards,FALSE
AL-004124,SK-000535,ALIAS,think critically about problems,FALSE
AL-004125,SK-000535,ALIAS,thinking critically about problems,FALSE
AL-004126,SK-000535,ALIAS,thinking about problems critically,FALSE
AL-004127,SK-000535,ALIAS,think about problems critically,FALSE
AL-004128,SK-000535,ALIAS,critically addressing problems,FALSE
AL-004129,SK-000535,ALIAS,addressing problems critically,FALSE
AL-004130,SK-000535,ALIAS,critically address problems,FALSE
AL-004131,SK-000536,ALIAS,trading application,FALSE
AL-004132,SK-000536,ALIAS,trading software solution,FALSE
AL-004133,SK-000537,ALIAS,welfare legislation,FALSE
AL-004134,SK-000537,ALIAS,social security rules,FALSE
AL-004135,SK-000537,ALIAS,welfare statutes,FALSE
AL-004136,SK-000537,ALIAS,social security statutes,FALSE
AL-004137,SK-000537,ALIAS,welfare regulations,FALSE
AL-004138,SK-000537,ALIAS,social security legislation,FALSE
AL-004139,SK-000537,ALIAS,welfare rules,FALSE
AL-004140,SK-000537,ALIAS,social security regulations,FALSE
AL-004141,SK-000538,ALIAS,load malware protection,FALSE
AL-004142,SK-000538,ALIAS,loading malware protection,FALSE
AL-004143,SK-000538,ALIAS,installing anti-malware software,FALSE
AL-004144,SK-000538,ALIAS,install anti-virus software,FALSE
AL-004145,SK-000538,ALIAS,anti-virus software installing,FALSE
AL-004146,SK-000538,ALIAS,install anti-malware software,FALSE
AL-004147,SK-000538,ALIAS,anti-malware software installing,FALSE
AL-004148,SK-000538,ALIAS,implementing anti-virus software,FALSE
AL-004149,SK-000538,ALIAS,anti-virus software implementing,FALSE
AL-004150,SK-000538,ALIAS,installing anti-virus software,FALSE
AL-004151,SK-000539,ALIAS,fix health and hygiene standards,FALSE
AL-004152,SK-000539,ALIAS,programme health and safety procedures,FALSE
AL-004153,SK-000539,ALIAS,fix health and safety standards,FALSE
AL-004154,SK-000539,ALIAS,set hygiene and safety standards,FALSE
AL-004155,SK-000539,ALIAS,set health and security standards,FALSE
AL-004156,SK-000539,ALIAS,set hygiene and security standards,FALSE
AL-004157,SK-000539,ALIAS,organise health and safety processes,FALSE
AL-004158,SK-000539,ALIAS,plan procedures of health and safety,FALSE
AL-004159,SK-000539,ALIAS,establish environment and safety standards,FALSE
AL-004160,SK-000539,ALIAS,set health and safety standards,FALSE
AL-004161,SK-000539,ALIAS,establish environment and health standards,FALSE
AL-004162,SK-000539,ALIAS,fix health and security standards,FALSE
AL-004163,SK-000540,ALIAS,SAP R/3,FALSE
AL-004164,SK-000540,ALIAS,SAP R/3 Enterprise Edition,FALSE
AL-004165,SK-000540,ALIAS,SAP S/4 HANA,FALSE
AL-004166,SK-000540,ALIAS,SAP R/1,FALSE
AL-004167,SK-000540,ALIAS,SAP ERP,FALSE
AL-004168,SK-000540,ALIAS,SAP R/2,FALSE
AL-004169,SK-000540,ALIAS,SAP R/3 Enterprise Central Component,FALSE
AL-004170,SK-000540,ALIAS,SAP ERP 6.0: Enhancement Packages,FALSE
AL-004171,SK-000541,ALIAS,cloud computing,FALSE
AL-004172,SK-000541,ALIAS,edge computing,FALSE
AL-004173,SK-000542,ALIAS,engaging artistic staff,FALSE
AL-004174,SK-000542,ALIAS,recruit artistic staff,FALSE
AL-004175,SK-000542,ALIAS,hire artistic staff,FALSE
AL-004176,SK-000542,ALIAS,employ artistic staff,FALSE
AL-004177,SK-000543,ALIAS,strategic business operations,FALSE
AL-004178,SK-000543,ALIAS,strategic and operational business mindset,FALSE
AL-004179,SK-000543,ALIAS,business strategy level,FALSE
AL-004180,SK-000543,ALIAS,business strategy tiers,FALSE
AL-001337,SK-000544,ALIAS,organisational learning process,FALSE
AL-004181,SK-000545,ALIAS,usability evaluation,FALSE
AL-004182,SK-000545,ALIAS,perform software usability testing,FALSE
AL-001339,SK-000546,ALIAS,take decisions based on data,FALSE
AL-004183,SK-000547,ALIAS,business allowance,FALSE
AL-004184,SK-000547,ALIAS,business mortgage,FALSE
AL-004185,SK-000547,ALIAS,firm loans,FALSE
AL-004186,SK-000547,ALIAS,enterprise loans,FALSE
AL-004187,SK-000547,ALIAS,business investment,FALSE
AL-004188,SK-000547,ALIAS,company loans,FALSE
AL-004189,SK-000548,ALIAS,Swift programming paradigms,FALSE
AL-004190,SK-000548,ALIAS,Swift software development techniques,FALSE
AL-004191,SK-000548,ALIAS,Swift software development principles,FALSE
AL-004192,SK-000548,ALIAS,Swift,FALSE
AL-004193,SK-000548,ALIAS,Swift algorithms,FALSE
AL-004194,SK-000549,ALIAS,Code and fix development,FALSE
AL-004195,SK-000549,ALIAS,Benefits realization management,FALSE
AL-004196,SK-000549,ALIAS,Agile,FALSE
AL-004197,SK-000549,ALIAS,Scrum,FALSE
AL-004198,SK-000549,ALIAS,structured methodology,FALSE
AL-004199,SK-000549,ALIAS,prince2,FALSE
AL-004200,SK-000549,ALIAS,Extreme project management,FALSE
AL-004201,SK-000549,ALIAS,Critical chain project management,FALSE
AL-004202,SK-000549,ALIAS,software development methodologies,FALSE
AL-004203,SK-000549,ALIAS,project management framework,FALSE
AL-004204,SK-000549,ALIAS,project management software,FALSE
AL-004205,SK-000550,ALIAS,pre-investment analysis,FALSE
AL-004206,SK-000550,ALIAS,post-investment analysis,FALSE
AL-004207,SK-000550,ALIAS,post-investment review,FALSE
AL-004208,SK-000551,ALIAS,identify a market niche,FALSE
AL-004209,SK-000551,ALIAS,analyse market niches,FALSE
AL-004210,SK-000551,ALIAS,classify market niches,FALSE
AL-004211,SK-000551,ALIAS,diagnose market niches,FALSE
AL-004212,SK-000551,ALIAS,establish market niches,FALSE
AL-004213,SK-000552,ALIAS,build professional network,FALSE
AL-004214,SK-000552,ALIAS,develop professional networks,FALSE
AL-004215,SK-000552,ALIAS,create professional network,FALSE
AL-004216,SK-000552,ALIAS,develop pro network,FALSE
AL-004217,SK-000552,ALIAS,developing professional network,FALSE
AL-004218,SK-000553,ALIAS,oversee the handling of promotional materials,FALSE
AL-004219,SK-000553,ALIAS,managing the handling of promotional materials,FALSE
AL-004220,SK-000553,ALIAS,manage the handling of promotional material,FALSE
AL-004221,SK-000553,ALIAS,supervise the handling of promotional materials,FALSE
AL-004222,SK-000553,ALIAS,manage promotional materials handling,FALSE
AL-004223,SK-000554,ALIAS,sales processes,FALSE
AL-004224,SK-000554,ALIAS,sales department procedures,FALSE
AL-004225,SK-000554,ALIAS,sales department methods,FALSE
AL-004226,SK-000554,ALIAS,sales department process,FALSE
AL-004227,SK-000554,ALIAS,processes of sales department,FALSE
AL-001348,SK-000555,ALIAS,cloud security and compliance,FALSE
AL-001349,SK-000556,ALIAS,business management consulting,FALSE
AL-004228,SK-000557,ALIAS,Formatted Output Specification Instance,FALSE
AL-004229,SK-000557,ALIAS,Extensible Stylesheet Language,FALSE
AL-004230,SK-000557,ALIAS,cascading style sheets,FALSE
AL-004231,SK-000557,ALIAS,CSS,FALSE
AL-004232,SK-000557,ALIAS,SMIL Timesheets,FALSE
AL-004233,SK-000557,ALIAS,Document Style Semantics and Specification Language,FALSE
AL-004234,SK-000558,ALIAS,implementing email spam filter,FALSE
AL-004235,SK-000558,ALIAS,install spam filter,FALSE
AL-004236,SK-000558,ALIAS,implement email spam filter,FALSE
AL-004237,SK-000558,ALIAS,installing spam filter,FALSE
AL-004238,SK-000558,ALIAS,implementing spam protection,FALSE
AL-004239,SK-000558,ALIAS,spam protection implementing,FALSE
AL-004240,SK-000558,ALIAS,load spam filter,FALSE
AL-004241,SK-000559,ALIAS,application of technical communication skills,FALSE
AL-004242,SK-000559,ALIAS,implement technical communication skills,FALSE
AL-004243,SK-000559,ALIAS,utilise technical communication skills,FALSE
AL-004244,SK-000559,ALIAS,employ technical communication skills,FALSE
AL-004245,SK-000559,ALIAS,applying technical communication skills,FALSE
AL-004246,SK-000559,ALIAS,administer technical communication skills,FALSE
AL-004247,SK-000560,ALIAS,plan project meetings,FALSE
AL-004248,SK-000560,ALIAS,handle project meetings logistic,FALSE
AL-004249,SK-000560,ALIAS,schedule project sessions,FALSE
AL-004250,SK-000560,ALIAS,manage project meetings,FALSE
AL-004251,SK-000560,ALIAS,arrange project sessions,FALSE
AL-004252,SK-000561,ALIAS,MATLAB software development principles,FALSE
AL-004253,SK-000561,ALIAS,MATLAB coding techniques,FALSE
AL-004254,SK-000561,ALIAS,MATLAB algorithms,FALSE
AL-004255,SK-000561,ALIAS,MATLAB software development techniques,FALSE
AL-004256,SK-000561,ALIAS,MATLAB programming paradigms,FALSE
AL-004257,SK-000562,ALIAS,scientific paper writing,FALSE
AL-004258,SK-000562,ALIAS,draw up scientific papers,FALSE
AL-004259,SK-000562,ALIAS,draft scientific papers,FALSE
AL-004260,SK-000563,ALIAS,create data visualisation,FALSE
AL-004261,SK-000563,ALIAS,visualise data,FALSE
AL-004262,SK-000564,ALIAS,organisational role allocation,FALSE
AL-004263,SK-000564,ALIAS,organisational blueprint,FALSE
AL-004264,SK-000564,ALIAS,organisational structures,FALSE
AL-004265,SK-000564,ALIAS,organisational plan,FALSE
AL-004266,SK-000564,ALIAS,organizational structure,FALSE
AL-004267,SK-000564,ALIAS,organisation structures,FALSE
AL-004268,SK-000564,ALIAS,organisational framework,FALSE
AL-004269,SK-000564,ALIAS,an organisational structure,FALSE
AL-004270,SK-000565,ALIAS,provide front-end website design,FALSE
AL-004271,SK-000565,ALIAS,design and develop front-end website,FALSE
AL-001359,SK-000566,ALIAS,software usability,FALSE
AL-001360,SK-000567,ALIAS,use data reporting,FALSE
AL-004272,SK-000568,ALIAS,giving live presentations,FALSE
AL-004273,SK-000568,ALIAS,give a live presentation,FALSE
AL-004274,SK-000568,ALIAS,give live presentations,FALSE
AL-004275,SK-000568,ALIAS,arrange live presentation,FALSE
AL-004276,SK-000568,ALIAS,convey live presentation,FALSE
AL-004277,SK-000568,ALIAS,deliver live presentation,FALSE
AL-004278,SK-000569,ALIAS,handle project metrics,FALSE
AL-004279,SK-000569,ALIAS,manage metrics of project,FALSE
AL-004280,SK-000569,ALIAS,oversee project metrics,FALSE
AL-004281,SK-000569,ALIAS,managing project metrics,FALSE
AL-004282,SK-000570,ALIAS,do cost accounting activities,FALSE
AL-004283,SK-000570,ALIAS,performing cost accounting activities,FALSE
AL-004284,SK-000570,ALIAS,perform activities for cost accounting,FALSE
AL-004285,SK-000570,ALIAS,conduct cost accounting activities,FALSE
AL-004286,SK-000570,ALIAS,perform cost accounting activity,FALSE
AL-004287,SK-000571,ALIAS,evaluate customer surveys,FALSE
AL-004288,SK-000571,ALIAS,evaluate customer service questionnaires,FALSE
AL-004289,SK-000571,ALIAS,analyse client surveys,FALSE
AL-004290,SK-000571,ALIAS,analyze customer service surveys,FALSE
AL-004291,SK-000571,ALIAS,analyse customer service questionnaires,FALSE
AL-004292,SK-000571,ALIAS,conduct analysis on customer surveys,FALSE
AL-004293,SK-000571,ALIAS,assess results of customers surveys,FALSE
AL-004294,SK-000571,ALIAS,develop conclusions from results of customer surveys,FALSE
AL-004295,SK-000571,ALIAS,analyse customer surveys,FALSE
AL-004296,SK-000571,ALIAS,carry out analysis of the results of customer surveys,FALSE
AL-004297,SK-000571,ALIAS,evaluate customer service surveys,FALSE
AL-004298,SK-000571,ALIAS,make assessments of the results of customer surveys,FALSE
AL-004299,SK-000571,ALIAS,identify trends in results of customer surveys,FALSE
AL-001365,SK-000572,ALIAS,types of unstructured data,FALSE
AL-004300,SK-000573,ALIAS,HR department processes,FALSE
AL-004301,SK-000573,ALIAS,human resources processes,FALSE
AL-004302,SK-000573,ALIAS,human resources department procedures,FALSE
AL-004303,SK-000573,ALIAS,human resources department's processes,FALSE
AL-004304,SK-000573,ALIAS,human resources department process,FALSE
AL-004305,SK-000573,ALIAS,human resources department methods,FALSE
AL-004306,SK-000574,ALIAS,write schedule,FALSE
AL-004307,SK-000574,ALIAS,rig work scheduling,FALSE
AL-004308,SK-000574,ALIAS,schedule rig work,FALSE
AL-004309,SK-000574,ALIAS,rig work schedules planning,FALSE
AL-004310,SK-000574,ALIAS,create rig work schedule,FALSE
AL-004311,SK-000574,ALIAS,programme rig work,FALSE
AL-004312,SK-000574,ALIAS,plan rig work schedules,FALSE
AL-004313,SK-000574,ALIAS,prepare rig work plan,FALSE
AL-004314,SK-000574,ALIAS,plan the schedule,FALSE
AL-004315,SK-000574,ALIAS,set up a schedule,FALSE
AL-004316,SK-000574,ALIAS,develop a schedule,FALSE
AL-004317,SK-000574,ALIAS,plan a schedule,FALSE
AL-004318,SK-000574,ALIAS,develop schedule,FALSE
AL-001368,SK-000575,ALIAS,Salt,FALSE
AL-004319,SK-000576,ALIAS,quality assurance plans,FALSE
AL-004320,SK-000576,ALIAS,quality assurance methodology,FALSE
AL-004321,SK-000576,ALIAS,quality assurance approaches,FALSE
AL-004322,SK-000576,ALIAS,quality assurance arrangements,FALSE
AL-004323,SK-000576,ALIAS,quality assurance processes,FALSE
AL-001370,SK-000577,ALIAS,Language Integrated Query,FALSE
AL-004324,SK-000578,ALIAS,maintain several projects,FALSE
AL-004325,SK-000578,ALIAS,managing several projects,FALSE
AL-004326,SK-000578,ALIAS,handle several projects,FALSE
AL-004327,SK-000578,ALIAS,oversee several projects,FALSE
AL-004328,SK-000579,ALIAS,ensuring equipment maintenance,FALSE
AL-004329,SK-000579,ALIAS,perform equipment maintenance,FALSE
AL-004330,SK-000579,ALIAS,performing equipment maintenance,FALSE
AL-004331,SK-000579,ALIAS,perform maintenance of equipment,FALSE
AL-004332,SK-000579,ALIAS,ensure maintenance of equipment,FALSE
AL-004333,SK-000579,ALIAS,equipment maintenance ensuring,FALSE
AL-004334,SK-000579,ALIAS,performing maintenance of equipment,FALSE
AL-004335,SK-000579,ALIAS,equipment maintenance performing,FALSE
AL-004336,SK-000579,ALIAS,ensuring maintenance of equipment,FALSE
AL-004337,SK-000580,ALIAS,ICT recovery techniques for corrupted software components,FALSE
AL-004338,SK-000580,ALIAS,ICT recovery techniques for hardware,FALSE
AL-004339,SK-000580,ALIAS,ICT recovery techniques for corrupted data,FALSE
AL-004340,SK-000580,ALIAS,ICT recovery methods,FALSE
AL-004341,SK-000580,ALIAS,ICT recovery techniques for damaged and corrupted software components,FALSE
AL-004342,SK-000581,ALIAS,bookkeeping science,FALSE
AL-004343,SK-000581,ALIAS,scientific financial analysis,FALSE
AL-004344,SK-000581,ALIAS,actuarial sciences,FALSE
AL-004345,SK-000582,ALIAS,analysis of user requirement in ICT systems,FALSE
AL-004346,SK-000582,ALIAS,analysis of user requirements in ICT systems,FALSE
AL-004347,SK-000583,ALIAS,give an explanation of accounting records,FALSE
AL-004348,SK-000583,ALIAS,describe accounting records,FALSE
AL-004349,SK-000583,ALIAS,explaining accounting records,FALSE
AL-004350,SK-000583,ALIAS,explain accounting record,FALSE
AL-004351,SK-000583,ALIAS,explain account records,FALSE
AL-004352,SK-000583,ALIAS,clarify accounting records,FALSE
AL-004353,SK-000584,ALIAS,setting sales gols,FALSE
AL-004354,SK-000584,ALIAS,fix sales goals,FALSE
AL-004355,SK-000584,ALIAS,settle sales goals,FALSE
AL-004356,SK-000584,ALIAS,establish sales goals,FALSE
AL-004357,SK-000584,ALIAS,apply sales goals,FALSE
AL-004358,SK-000584,ALIAS,setting a sales gol,FALSE
AL-004359,SK-000584,ALIAS,set a sales gol,FALSE
AL-004360,SK-000585,ALIAS,follow the theoretical principles for ICT systems,FALSE
AL-004361,SK-000585,ALIAS,implement theoretical notions for ICT systems,FALSE
AL-004362,SK-000585,ALIAS,follow the principles of ICT systems theory,FALSE
AL-004363,SK-000585,ALIAS,implement principles for ICT systems,FALSE
AL-004364,SK-000585,ALIAS,implement theoretical principless for ICT systems,FALSE
AL-004365,SK-000586,ALIAS,plan medium and long term objectives,FALSE
AL-004366,SK-000586,ALIAS,plan objectives of medium to long term,FALSE
AL-004367,SK-000586,ALIAS,schedule medium to long term business goals,FALSE
AL-004368,SK-000586,ALIAS,determine medium to long term objectives,FALSE
AL-004369,SK-000587,ALIAS,cultivate a professional circle in academia,FALSE
AL-004370,SK-000587,ALIAS,foster relationships with researchers and scientists,FALSE
AL-004371,SK-000587,ALIAS,establish connections with researchers and scientists,FALSE
AL-004372,SK-000588,ALIAS,data quality analysis,FALSE
AL-004373,SK-000588,ALIAS,analyse data quality,FALSE
AL-004374,SK-000589,ALIAS,project deliverables management,FALSE
AL-004375,SK-000589,ALIAS,project setup control,FALSE
AL-004376,SK-000589,ALIAS,effective management process,FALSE
AL-004377,SK-000589,ALIAS,project setup management,FALSE
AL-004378,SK-000590,ALIAS,supporting quality management systems implementation,FALSE
AL-004379,SK-000590,ALIAS,assist implementation of quality management systems,FALSE
AL-004380,SK-000590,ALIAS,aid implementation of quality management systems,FALSE
AL-004381,SK-000590,ALIAS,implementation support for quality management systems,FALSE
AL-004382,SK-000590,ALIAS,quality management systems implementation support,FALSE
AL-004383,SK-000590,ALIAS,help implementation of quality management systems,FALSE
AL-004384,SK-000590,ALIAS,facilitate implementation of quality management systems,FALSE
AL-004385,SK-000591,ALIAS,Python 3K,FALSE
AL-004386,SK-000591,ALIAS,Python,FALSE
AL-001385,SK-000592,ALIAS,business IT systems,FALSE
AL-004387,SK-000593,ALIAS,account for gender characteristics in scientific research,FALSE
AL-004388,SK-000593,ALIAS,promote inclusion in research,FALSE
AL-004389,SK-000594,ALIAS,perform management of projects,FALSE
AL-004390,SK-000594,ALIAS,performing project management,FALSE
AL-004391,SK-000594,ALIAS,manage projects,FALSE
AL-004392,SK-000594,ALIAS,do project management,FALSE
AL-004393,SK-000594,ALIAS,conduct project management,FALSE
AL-004394,SK-000594,ALIAS,perform projects management,FALSE
AL-004395,SK-000595,ALIAS,prepare inspection reports,FALSE
AL-004396,SK-000595,ALIAS,write monitoring reports,FALSE
AL-004397,SK-000595,ALIAS,write down inspection reports,FALSE
AL-004398,SK-000595,ALIAS,maintain monitoring records,FALSE
AL-004399,SK-000595,ALIAS,keep inspection records,FALSE
AL-004400,SK-000595,ALIAS,prepare monitoring reports,FALSE
AL-004401,SK-000595,ALIAS,write an evaluation reports,FALSE
AL-004402,SK-000595,ALIAS,maintain inspection records,FALSE
AL-004403,SK-000595,ALIAS,produce inspection reports,FALSE
AL-004404,SK-000595,ALIAS,write an inspection report,FALSE
AL-001389,SK-000596,ALIAS,systems fundamentals,FALSE
AL-004405,SK-000597,ALIAS,scrutinize,FALSE
AL-004406,SK-000597,ALIAS,analyze external factors of companies,FALSE
AL-004407,SK-000597,ALIAS,review external factors of companies,FALSE
AL-004408,SK-000597,ALIAS,evaluate external factors of companies,FALSE
AL-004409,SK-000597,ALIAS,analysing external factors of companies,FALSE
AL-004410,SK-000597,ALIAS,examine external factors of companies,FALSE
AL-004411,SK-000597,ALIAS,study external factors of companies,FALSE
AL-004412,SK-000597,ALIAS,analyse external factors of company,FALSE
AL-004413,SK-000598,ALIAS,evaluate cloud automation alternatives,FALSE
AL-004414,SK-000598,ALIAS,automation of cloud tasks,FALSE
AL-004415,SK-000598,ALIAS,optimise cloud workflows,FALSE
AL-004416,SK-000599,ALIAS,the study of moral principles,FALSE
AL-004417,SK-000599,ALIAS,moral studies,FALSE
AL-004418,SK-000600,ALIAS,watch over sales activities,FALSE
AL-004419,SK-000600,ALIAS,monitor sales activities,FALSE
AL-004420,SK-000600,ALIAS,supervision of sales activities,FALSE
AL-004421,SK-000600,ALIAS,manage sales activities,FALSE
AL-004422,SK-000600,ALIAS,supervising sales activities,FALSE
AL-004423,SK-000600,ALIAS,supervise sales activity,FALSE
AL-004424,SK-000600,ALIAS,oversee sales activities,FALSE
AL-004425,SK-000601,ALIAS,BYOD,FALSE
AL-004426,SK-000601,ALIAS,cell phone device management,FALSE
AL-004427,SK-000601,ALIAS,mobile terminals,FALSE
AL-004428,SK-000601,ALIAS,bring your own device,FALSE
AL-004429,SK-000602,ALIAS,national accounting principles which are generally accepted,FALSE
AL-004430,SK-000602,ALIAS,national accepted accounting principles,FALSE
AL-004431,SK-000602,ALIAS,national generally accepted accounting theories,FALSE
AL-004432,SK-000602,ALIAS,national generally accepted accounting principle,FALSE
AL-004433,SK-000602,ALIAS,national generally accepted accountancy principles,FALSE
AL-004434,SK-000603,ALIAS,employee health programme assistance,FALSE
AL-004435,SK-000603,ALIAS,supporting medical staff,FALSE
AL-004436,SK-000603,ALIAS,support medical staff,FALSE
AL-004437,SK-000603,ALIAS,assistance to employee health programmes,FALSE
AL-004438,SK-000603,ALIAS,giving support to health programmes,FALSE
AL-004439,SK-000603,ALIAS,assisting employee health programmes,FALSE
AL-004440,SK-000603,ALIAS,support implementation of health programmes,FALSE
AL-004441,SK-000603,ALIAS,give support to health programmes,FALSE
AL-004442,SK-000603,ALIAS,assist employee health programs,FALSE
AL-004443,SK-000603,ALIAS,assist in employee health programmes,FALSE
AL-004444,SK-000604,ALIAS,perform a product plan,FALSE
AL-004445,SK-000604,ALIAS,product planning performance,FALSE
AL-004446,SK-000604,ALIAS,implement product planning,FALSE
AL-004447,SK-000604,ALIAS,undertake product planning,FALSE
AL-004448,SK-000604,ALIAS,complete product planning,FALSE
AL-004449,SK-000604,ALIAS,performing product planning,FALSE
AL-004450,SK-000605,ALIAS,identifying new business opportunities,FALSE
AL-004451,SK-000605,ALIAS,diagnose new business opportunities,FALSE
AL-004452,SK-000605,ALIAS,identify a new business opportunity,FALSE
AL-004453,SK-000605,ALIAS,analyse new business opportunities,FALSE
AL-004454,SK-000605,ALIAS,identifying a new business opportunity,FALSE
AL-004455,SK-000605,ALIAS,determine new business opportunities,FALSE
AL-004456,SK-000605,ALIAS,classify new business opportunities,FALSE
AL-004457,SK-000606,ALIAS,educate on corporate skills,FALSE
AL-004458,SK-000606,ALIAS,teaching corporate skills,FALSE
AL-004459,SK-000606,ALIAS,explain corporate skills,FALSE
AL-004460,SK-000606,ALIAS,provide instruction on corporate skills,FALSE
AL-004461,SK-000606,ALIAS,teaches corporate skills,FALSE
AL-001400,SK-000607,ALIAS,Joomla software,FALSE
AL-004462,SK-000608,ALIAS,comment on organisational climate,FALSE
AL-004463,SK-000608,ALIAS,recommend organisational culture policy,FALSE
AL-004464,SK-000608,ALIAS,help with organisational culture,FALSE
AL-004465,SK-000608,ALIAS,advise on organization climate,FALSE
AL-004466,SK-000608,ALIAS,help with organisational climate,FALSE
AL-004467,SK-000608,ALIAS,comment on organisational culture,FALSE
AL-004468,SK-000608,ALIAS,recommend organisational climate policy,FALSE
AL-001402,SK-000609,ALIAS,apply functional programming principles,FALSE
AL-004469,SK-000610,ALIAS,manage cloud data encryption,FALSE
AL-004470,SK-000610,ALIAS,manage cloud data retention,FALSE
AL-004471,SK-000610,ALIAS,cloud storage and data management,FALSE
AL-004472,SK-000610,ALIAS,implement cloud data protection,FALSE
AL-004473,SK-000610,ALIAS,create cloud data retention,FALSE
AL-004474,SK-000611,ALIAS,TLS,FALSE
AL-004475,SK-000611,ALIAS,symmetric-key algorithm,FALSE
AL-004476,SK-000611,ALIAS,asymmetric cryptography,FALSE
AL-004477,SK-000611,ALIAS,public-key cryptography,FALSE
AL-004478,SK-000611,ALIAS,transport layer security,FALSE
AL-004479,SK-000611,ALIAS,SSL,FALSE
AL-004480,SK-000611,ALIAS,secure sockets layer,FALSE
AL-004481,SK-000612,ALIAS,state inference,FALSE
AL-004482,SK-000612,ALIAS,energy state estimation,FALSE
AL-004483,SK-000612,ALIAS,state estimation and prediction,FALSE
AL-001406,SK-000613,ALIAS,marketing mixes,FALSE
AL-004484,SK-000614,ALIAS,arrange settlements,FALSE
AL-004485,SK-000614,ALIAS,negotiate payment,FALSE
AL-004486,SK-000614,ALIAS,mediate settlements,FALSE
AL-004487,SK-000614,ALIAS,negotiate agreements,FALSE
AL-004488,SK-000614,ALIAS,negotiate deals,FALSE
AL-004489,SK-000615,ALIAS,market values,FALSE
AL-004490,SK-000615,ALIAS,market costs,FALSE
AL-004491,SK-000615,ALIAS,market estimates,FALSE
AL-004492,SK-000615,ALIAS,pricing a market,FALSE
AL-004493,SK-000615,ALIAS,pricing marketing,FALSE
AL-004494,SK-000615,ALIAS,market appraisals,FALSE
AL-004495,SK-000615,ALIAS,marketing pricing,FALSE
AL-004496,SK-000616,ALIAS,scope of management principles,FALSE
AL-004497,SK-000616,ALIAS,principles of management,FALSE
AL-004498,SK-000616,ALIAS,scope of leadership principles,FALSE
AL-004499,SK-000616,ALIAS,range of leadership principles,FALSE
AL-004500,SK-000616,ALIAS,principles of leadership,FALSE
AL-004501,SK-000616,ALIAS,range of management principles,FALSE
AL-004502,SK-000616,ALIAS,literature on leadership principles,FALSE
AL-004503,SK-000616,ALIAS,literature on management principles,FALSE
AL-004504,SK-000617,ALIAS,define organisational standard,FALSE
AL-004505,SK-000617,ALIAS,write up organisational standards,FALSE
AL-004506,SK-000617,ALIAS,defining organisational standards,FALSE
AL-004507,SK-000617,ALIAS,define standards for the organisation,FALSE
AL-004508,SK-000617,ALIAS,define organizational standards,FALSE
AL-004509,SK-000617,ALIAS,set organisational standards,FALSE
AL-001411,SK-000618,ALIAS,Scratch,FALSE
AL-001412,SK-000619,ALIAS,process-based project management methodology,FALSE
AL-004510,SK-000620,ALIAS,analyse clients interests,FALSE
AL-004511,SK-000620,ALIAS,analyse customer interests,FALSE
AL-004512,SK-000620,ALIAS,analyse guests interests,FALSE
AL-004513,SK-000620,ALIAS,analyse data about visitors,FALSE
AL-004514,SK-000620,ALIAS,analyze data about clients,FALSE
AL-004515,SK-000620,ALIAS,analyse data on clients,FALSE
AL-004516,SK-000620,ALIAS,analyse data about customers,FALSE
AL-004517,SK-000620,ALIAS,undertake customer analysis,FALSE
AL-004518,SK-000620,ALIAS,analyse data about guests,FALSE
AL-004519,SK-000620,ALIAS,analyse client data,FALSE
AL-004520,SK-000621,ALIAS,tax laws,FALSE
AL-004521,SK-000621,ALIAS,tax regulations,FALSE
AL-004522,SK-000621,ALIAS,fiscal laws,FALSE
AL-004523,SK-000621,ALIAS,fiscal statutes,FALSE
AL-004524,SK-000621,ALIAS,fiscal regulations,FALSE
AL-004525,SK-000621,ALIAS,tax rules,FALSE
AL-004526,SK-000621,ALIAS,fiscal rules,FALSE
AL-004527,SK-000621,ALIAS,tax statutes,FALSE
AL-004528,SK-000622,ALIAS,ensure compliance with accounting convention,FALSE
AL-004529,SK-000622,ALIAS,ensuring compliance with accounting conventions,FALSE
AL-004530,SK-000622,ALIAS,guarantee compliance with accounting conventions,FALSE
AL-004531,SK-000622,ALIAS,ensure accounting conventions compliance,FALSE
AL-004532,SK-000622,ALIAS,certify compliance with accounting conventions,FALSE
AL-004533,SK-000623,ALIAS,corporation statutes,FALSE
AL-004534,SK-000623,ALIAS,corporation law,FALSE
AL-004535,SK-000623,ALIAS,corporation regulation,FALSE
AL-004536,SK-000623,ALIAS,corporate regulation,FALSE
AL-004537,SK-000623,ALIAS,corporate statutes,FALSE
AL-004538,SK-000623,ALIAS,corporate rules,FALSE
AL-004539,SK-000623,ALIAS,corporation rules,FALSE
AL-001417,SK-000624,ALIAS,video conferencing software,FALSE
AL-004540,SK-000625,ALIAS,handle negotiations with employment agencies,FALSE
AL-004541,SK-000625,ALIAS,negotiate with employment companies,FALSE
AL-004542,SK-000625,ALIAS,negotiate with job placement agencies,FALSE
AL-004543,SK-000625,ALIAS,negotiating with employment agencies,FALSE
AL-004544,SK-000625,ALIAS,handle negotiations with job placement agencies,FALSE
AL-004545,SK-000625,ALIAS,negotiate with employment agency,FALSE
AL-004546,SK-000625,ALIAS,negotiate with job placement companies,FALSE
AL-004547,SK-000625,ALIAS,handle negotiations with employment companies,FALSE
AL-004548,SK-000625,ALIAS,handle negotiations with job placement companies,FALSE
AL-004549,SK-000625,ALIAS,negotiate with agencies of employment,FALSE
AL-004550,SK-000626,ALIAS,labour markets,FALSE
AL-004551,SK-000626,ALIAS,labor market,FALSE
AL-004552,SK-000626,ALIAS,job market,FALSE
AL-004553,SK-000626,ALIAS,employment market,FALSE
AL-004554,SK-000627,ALIAS,write up a list of technical specifications,FALSE
AL-004555,SK-000627,ALIAS,gather technical requirements,FALSE
AL-004556,SK-000627,ALIAS,jot down technical specifications in a list,FALSE
AL-004557,SK-000627,ALIAS,write up a technical specifications' list,FALSE
AL-004558,SK-000627,ALIAS,write technical specifications,FALSE
AL-004559,SK-000627,ALIAS,write up technical specifications in a list,FALSE
AL-004560,SK-000627,ALIAS,make a list of technical aspects,FALSE
AL-004561,SK-000628,ALIAS,Teradata,FALSE
AL-004562,SK-000628,ALIAS,Teradata Integrated Data Warehouse,FALSE
AL-004563,SK-000629,ALIAS,ensuring compliance with disclosure criteria of accounting information,FALSE
AL-004564,SK-000629,ALIAS,ensure compliance with disclosure criteria of account information,FALSE
AL-004565,SK-000629,ALIAS,ensure compliance with accounting information disclosure criteria,FALSE
AL-004566,SK-000629,ALIAS,make sure disclosure criteria of accounting information is compliant,FALSE
AL-004567,SK-000629,ALIAS,certify compliance with disclosure criteria of accounting information,FALSE
AL-004568,SK-000629,ALIAS,guarantee compliance with disclosure criteria of accounting information,FALSE
AL-004569,SK-000630,ALIAS,lean project management approach,FALSE
AL-004570,SK-000630,ALIAS,Lean Six Sigma,FALSE
AL-004571,SK-000630,ALIAS,lean project methodology,FALSE
AL-004572,SK-000631,ALIAS,manage open-source content,FALSE
AL-004573,SK-000631,ALIAS,manage open-source publications,FALSE
AL-004574,SK-000631,ALIAS,handle open-source content,FALSE
AL-004575,SK-000631,ALIAS,handle open publications,FALSE
AL-004576,SK-000631,ALIAS,handle open-source publications,FALSE
AL-004577,SK-000632,ALIAS,manage general ledgers,FALSE
AL-004578,SK-000632,ALIAS,managing the general ledger,FALSE
AL-004579,SK-000632,ALIAS,maintain the general ledger,FALSE
AL-004580,SK-000632,ALIAS,oversee the general ledger,FALSE
AL-004581,SK-000633,ALIAS,assemble business relationships,FALSE
AL-004582,SK-000633,ALIAS,build a business relationship,FALSE
AL-004583,SK-000633,ALIAS,set up business relationships,FALSE
AL-004584,SK-000633,ALIAS,produce business relationships,FALSE
AL-004585,SK-000633,ALIAS,devise business relationships,FALSE
AL-004586,SK-000633,ALIAS,construct business relationships,FALSE
AL-004587,SK-000633,ALIAS,building business relationships,FALSE
AL-004588,SK-000634,ALIAS,VBScript for web-based scripting,FALSE
AL-004589,SK-000634,ALIAS,VBScript programming paradigms,FALSE
AL-004590,SK-000634,ALIAS,VBScript coding techniques,FALSE
AL-004591,SK-000634,ALIAS,VBScript scripting techniques,FALSE
AL-004592,SK-000634,ALIAS,VBScript algorithms,FALSE
AL-004593,SK-000635,ALIAS,create financial reports,FALSE
AL-004594,SK-000635,ALIAS,create a finance report,FALSE
AL-004595,SK-000635,ALIAS,write a financial report,FALSE
AL-004596,SK-000635,ALIAS,prepare financial reports,FALSE
AL-004597,SK-000636,ALIAS,supervise disaster recovery trainings,FALSE
AL-004598,SK-000636,ALIAS,supervise disaster recovery exercises,FALSE
AL-004599,SK-000636,ALIAS,conduct disaster recovery trainings,FALSE
AL-004600,SK-000637,ALIAS,customer relationship management,FALSE
AL-004601,SK-000637,ALIAS,principles of marketing,FALSE
AL-004602,SK-000637,ALIAS,methods in customer relationship management,FALSE
AL-004603,SK-000637,ALIAS,management of customer relationships,FALSE
AL-004604,SK-000637,ALIAS,types of marketing principles,FALSE
AL-004605,SK-000637,ALIAS,range of marketing principles,FALSE
AL-004606,SK-000637,ALIAS,techniques in customer relationship management,FALSE
AL-004607,SK-000637,ALIAS,typology of marketing principles,FALSE
AL-004608,SK-000638,ALIAS,communicate through telephone,FALSE
AL-004609,SK-000638,ALIAS,communicate by phone,FALSE
AL-004610,SK-000638,ALIAS,interact using the telephone,FALSE
AL-004611,SK-000638,ALIAS,use the telephone,FALSE
AL-004612,SK-000639,ALIAS,COBOL programming language,FALSE
AL-004613,SK-000639,ALIAS,Cobol,FALSE
AL-004614,SK-000639,ALIAS,COBOL applications,FALSE
AL-004615,SK-000639,ALIAS,COBOL software,FALSE
AL-004616,SK-000640,ALIAS,design cross-account authentication for complex organisations,FALSE
AL-004617,SK-000640,ALIAS,implement cloud environment for complex organisations,FALSE
AL-004618,SK-000640,ALIAS,design an access strategy for complex organisations,FALSE
AL-004619,SK-000640,ALIAS,design cloud environment for complex organisations,FALSE
AL-004620,SK-000640,ALIAS,design access strategies for complex organisations,FALSE
AL-004621,SK-000641,ALIAS,write down interviews,FALSE
AL-004622,SK-000641,ALIAS,register interviews,FALSE
AL-004623,SK-000641,ALIAS,documenting interviews,FALSE
AL-004624,SK-000641,ALIAS,document interview,FALSE
AL-004625,SK-000641,ALIAS,record interviews,FALSE
AL-004626,SK-000642,ALIAS,controlling expenses,FALSE
AL-004627,SK-000642,ALIAS,supervise expenses,FALSE
AL-004628,SK-000642,ALIAS,expenses controls,FALSE
AL-004629,SK-000642,ALIAS,administer expenses,FALSE
AL-004630,SK-000642,ALIAS,control expenses,FALSE
AL-004631,SK-000642,ALIAS,oversee expenses,FALSE
AL-001436,SK-000643,ALIAS,time estimation of work,FALSE
AL-004632,SK-000644,ALIAS,identify company's going concerns,FALSE
AL-004633,SK-000644,ALIAS,identify the going concerns of a company,FALSE
AL-004634,SK-000644,ALIAS,find the going concern of a company,FALSE
AL-004635,SK-000644,ALIAS,identifying the going concern of a company,FALSE
AL-004636,SK-000644,ALIAS,identify the going concern of companies,FALSE
AL-004637,SK-000644,ALIAS,pinpoint the going concern of a company,FALSE
AL-004638,SK-000644,ALIAS,idenfify if a company is a going concern,FALSE
AL-004639,SK-000644,ALIAS,determine the going concern of a company,FALSE
AL-004640,SK-000645,ALIAS,administer accounts,FALSE
AL-004641,SK-000645,ALIAS,maintain financial records,FALSE
AL-004642,SK-000645,ALIAS,oversee financial records,FALSE
AL-004643,SK-000645,ALIAS,oversee accounts,FALSE
AL-004644,SK-000645,ALIAS,maintain accounts,FALSE
AL-004645,SK-000645,ALIAS,administer financial records,FALSE
AL-004646,SK-000646,ALIAS,human resource administration,FALSE
AL-004647,SK-000646,ALIAS,HR management,FALSE
AL-004648,SK-000646,ALIAS,human resources management,FALSE
AL-004649,SK-000646,ALIAS,HR,FALSE
AL-004650,SK-000646,ALIAS,human resource control,FALSE
AL-004651,SK-000646,ALIAS,HRM,FALSE
AL-004652,SK-000646,ALIAS,human resource supervision,FALSE
AL-001440,SK-000647,ALIAS,Apache Hadoop,FALSE
AL-001441,SK-000648,ALIAS,biological computing,FALSE
AL-004653,SK-000649,ALIAS,profiling people,FALSE
AL-004654,SK-000649,ALIAS,categorize people based on traits or tendencies,FALSE
AL-004655,SK-000649,ALIAS,characterize people based on traits or tendencies,FALSE
AL-004656,SK-000650,ALIAS,audit organisational culture,FALSE
AL-004657,SK-000650,ALIAS,audit organisational climate,FALSE
AL-004658,SK-000650,ALIAS,monitor organization climate,FALSE
AL-004659,SK-000650,ALIAS,regulate organisational climate,FALSE
AL-004660,SK-000650,ALIAS,supervise organisational climate,FALSE
AL-004661,SK-000650,ALIAS,supervise organisational culture,FALSE
AL-004662,SK-000650,ALIAS,regulate organisational culture,FALSE
AL-004663,SK-000651,ALIAS,instruct employees,FALSE
AL-004664,SK-000651,ALIAS,upskill employees,FALSE
AL-004665,SK-000651,ALIAS,train an employee,FALSE
AL-004666,SK-000651,ALIAS,training employees,FALSE
AL-004667,SK-000651,ALIAS,teach employees,FALSE
AL-001445,SK-000652,ALIAS,ICT market trends,FALSE
AL-004668,SK-000653,ALIAS,notice potential markets for companies,FALSE
AL-004669,SK-000653,ALIAS,find potential markets for companies,FALSE
AL-004670,SK-000653,ALIAS,identify potential markets,FALSE
AL-004671,SK-000653,ALIAS,identify potential market for companies,FALSE
AL-004672,SK-000653,ALIAS,identifying potential market for companies,FALSE
AL-004673,SK-000653,ALIAS,locate potential markets for companies,FALSE
AL-001447,SK-000654,ALIAS,SAS Data Management software,FALSE
AL-004674,SK-000655,ALIAS,installing a network security firewall,FALSE
AL-004675,SK-000655,ALIAS,install a network security firewall,FALSE
AL-004676,SK-000655,ALIAS,implementing network firewall,FALSE
AL-004677,SK-000655,ALIAS,install a firewall,FALSE
AL-004678,SK-000655,ALIAS,implementing a firewall,FALSE
AL-004679,SK-000655,ALIAS,firewall implementing,FALSE
AL-004680,SK-000655,ALIAS,implement network firewall,FALSE
AL-004681,SK-000655,ALIAS,network firewall implementing,FALSE
AL-004682,SK-000655,ALIAS,installing a firewall,FALSE
AL-001449,SK-000656,ALIAS,manage data protection keys,FALSE
AL-001450,SK-000657,ALIAS,Cascading Style Sheets,FALSE
AL-004683,SK-000658,ALIAS,perform accounts allocation,FALSE
AL-004684,SK-000658,ALIAS,conduct account allocation,FALSE
AL-004685,SK-000658,ALIAS,performing account allocation,FALSE
AL-004686,SK-000658,ALIAS,handle account allocation,FALSE
AL-004687,SK-000658,ALIAS,perform allocation of accounts,FALSE
AL-004688,SK-000659,ALIAS,offer suggestions on security risk management,FALSE
AL-004689,SK-000659,ALIAS,advising on security risk management,FALSE
AL-004690,SK-000659,ALIAS,advise on security risks,FALSE
AL-004691,SK-000659,ALIAS,make recommendations about security risk management,FALSE
AL-004692,SK-000659,ALIAS,advise on management of security risks,FALSE
AL-004693,SK-000660,ALIAS,strategies for sales,FALSE
AL-004694,SK-000660,ALIAS,sales scenarios,FALSE
AL-004695,SK-000660,ALIAS,sales plans,FALSE
AL-004696,SK-000660,ALIAS,sales policies,FALSE
AL-004697,SK-000660,ALIAS,sales blueprints,FALSE
AL-004698,SK-000660,ALIAS,a sales strategy,FALSE
AL-004699,SK-000660,ALIAS,sales strategy,FALSE
AL-004700,SK-000661,ALIAS,content production techniques,FALSE
AL-004701,SK-000661,ALIAS,content production processes,FALSE
AL-001455,SK-000662,ALIAS,Pascal,FALSE
AL-004702,SK-000663,ALIAS,create content for web elements,FALSE
AL-004703,SK-000663,ALIAS,write description for web elements,FALSE
AL-004704,SK-000664,ALIAS,attaching accounting certificates to accounting transactions,FALSE
AL-004705,SK-000664,ALIAS,attach certificates to accounting transactions,FALSE
AL-004706,SK-000664,ALIAS,affix accounting certificates to accounting transactions,FALSE
AL-004707,SK-000664,ALIAS,attach accounting certificate to accounting transactions,FALSE
AL-001458,SK-000665,ALIAS,principles of data ethics,FALSE
AL-001459,SK-000666,ALIAS,test interface between software components,FALSE
AL-004708,SK-000667,ALIAS,create business plans,FALSE
AL-004709,SK-000667,ALIAS,develop plans for business,FALSE
AL-004710,SK-000667,ALIAS,produce business plans,FALSE
AL-004711,SK-000667,ALIAS,developing business plans,FALSE
AL-004712,SK-000667,ALIAS,develop business plan,FALSE
AL-004713,SK-000667,ALIAS,generate business plans,FALSE
AL-004714,SK-000668,ALIAS,build a trusting relationship,FALSE
AL-004715,SK-000668,ALIAS,build a culture of trust,FALSE
AL-004716,SK-000668,ALIAS,nurture trusted relationships,FALSE
AL-004717,SK-000668,ALIAS,create trust,FALSE
AL-004718,SK-000668,ALIAS,foster trust and confidence,FALSE
AL-004719,SK-000668,ALIAS,build credibility,FALSE
AL-004720,SK-000668,ALIAS,inspire trust and confidence,FALSE
AL-004721,SK-000669,ALIAS,ABAP Programming Techniques,FALSE
AL-004722,SK-000669,ALIAS,ABAP software development,FALSE
AL-004723,SK-000669,ALIAS,ABAP software techniques,FALSE
AL-004724,SK-000670,ALIAS,simulate customer software problems,FALSE
AL-004725,SK-000670,ALIAS,analyse customer software problems,FALSE
AL-004726,SK-000670,ALIAS,replicate customer software problems,FALSE
AL-004727,SK-000670,ALIAS,simulate customer software issues,FALSE
AL-004728,SK-000670,ALIAS,analyse customer software issues,FALSE
AL-004729,SK-000671,ALIAS,develops corporate training programmes,FALSE
AL-004730,SK-000671,ALIAS,develop corporate training program,FALSE
AL-004731,SK-000671,ALIAS,developing corporate training programmes,FALSE
AL-004732,SK-000671,ALIAS,write corporate training programmes,FALSE
AL-004733,SK-000671,ALIAS,generate corporate training programmes,FALSE
AL-004734,SK-000671,ALIAS,develop corporate training programs,FALSE
AL-004735,SK-000671,ALIAS,create corporate training programmes,FALSE
AL-004736,SK-000672,ALIAS,organise mobile marketing,FALSE
AL-004737,SK-000672,ALIAS,conduct cell phone marketing,FALSE
AL-004738,SK-000672,ALIAS,mobile marketing conducting,FALSE
AL-004739,SK-000672,ALIAS,manage mobile marketing,FALSE
AL-004740,SK-000672,ALIAS,undertake mobile marketing,FALSE
AL-004741,SK-000672,ALIAS,carry out mobile marketing,FALSE
AL-004742,SK-000672,ALIAS,conducting mobile marketing,FALSE
AL-004743,SK-000672,ALIAS,conduct mobile marketing campaign,FALSE
AL-001466,SK-000673,ALIAS,performance analysis techniques,FALSE
AL-004744,SK-000674,ALIAS,research methodology,FALSE
AL-004745,SK-000674,ALIAS,methods of research,FALSE
AL-004746,SK-000674,ALIAS,scientific methods,FALSE
AL-004747,SK-000674,ALIAS,process of scientific research,FALSE
AL-004748,SK-000674,ALIAS,theoretical methodology in scientific research,FALSE
AL-004749,SK-000675,ALIAS,setup system,FALSE
AL-004750,SK-000675,ALIAS,assemble system,FALSE
AL-004751,SK-000676,ALIAS,search engine marketing,FALSE
AL-004752,SK-000676,ALIAS,SEM,FALSE
AL-004753,SK-000676,ALIAS,Search marketing,FALSE
AL-004754,SK-000676,ALIAS,search engine optimization,FALSE
AL-004755,SK-000677,ALIAS,data science process,FALSE
AL-004756,SK-000677,ALIAS,science of data,FALSE
AL-004757,SK-000678,ALIAS,align efforts towards business growth,FALSE
AL-004758,SK-000678,ALIAS,align effort towards business development,FALSE
AL-004759,SK-000678,ALIAS,aligning efforts towards business development,FALSE
AL-004760,SK-000678,ALIAS,align business development efforts,FALSE
AL-004761,SK-000678,ALIAS,coordinate efforts towards business development,FALSE
AL-001472,SK-000679,ALIAS,insourcing planning strategy,FALSE
AL-004762,SK-000680,ALIAS,oversee standard enterprise resource planning system,FALSE
AL-004763,SK-000680,ALIAS,managing standard enterprise resource planning system,FALSE
AL-004764,SK-000680,ALIAS,maintain standard enterprise resource planning system,FALSE
AL-004765,SK-000680,ALIAS,manage standard enterprise resource planning systems,FALSE
AL-004766,SK-000680,ALIAS,supervise standard enterprise resource planning system,FALSE
AL-004767,SK-000680,ALIAS,standard enterprise resource planning system management,FALSE
AL-004768,SK-000680,ALIAS,regulate standard enterprise resource planning system,FALSE
AL-004769,SK-000681,ALIAS,Information appliances,FALSE
AL-004770,SK-000681,ALIAS,IoT,FALSE
AL-004771,SK-000681,ALIAS,smart devices,FALSE
AL-004772,SK-000681,ALIAS,Pervasive systems,FALSE
AL-004773,SK-000681,ALIAS,Ubiquitous computing,FALSE
AL-004774,SK-000682,ALIAS,deliver gender equality strategies,FALSE
AL-004775,SK-000682,ALIAS,monitor gender equality indicators,FALSE
AL-004776,SK-000682,ALIAS,monitor gender equality practices,FALSE
AL-004777,SK-000683,ALIAS,shape organisational team based on competencies,FALSE
AL-004778,SK-000683,ALIAS,shape competency-based organisational teams,FALSE
AL-004779,SK-000683,ALIAS,put organisational teams together based on competencies,FALSE
AL-004780,SK-000683,ALIAS,shaping organisational teams based on competencies,FALSE
AL-004781,SK-000683,ALIAS,shape organisational teams based on competency,FALSE
AL-004782,SK-000683,ALIAS,form organisational teams based on competencies,FALSE
AL-004783,SK-000683,ALIAS,shape organizational teams based on competencies,FALSE
AL-004784,SK-000684,ALIAS,work with managers,FALSE
AL-004785,SK-000684,ALIAS,liaising with managers,FALSE
AL-004786,SK-000684,ALIAS,liaise with a manager,FALSE
AL-004787,SK-000684,ALIAS,cooperate with managers,FALSE
AL-004788,SK-000684,ALIAS,collaborate with managers,FALSE
AL-004789,SK-000684,ALIAS,work together with managers,FALSE
AL-004790,SK-000685,ALIAS,prepare project documentation,FALSE
AL-004791,SK-000685,ALIAS,formulate project documents,FALSE
AL-004792,SK-000685,ALIAS,write project documentation,FALSE
AL-001479,SK-000686,ALIAS,talent management,FALSE
AL-004793,SK-000687,ALIAS,assess software specifications,FALSE
AL-004794,SK-000687,ALIAS,examine software requirements,FALSE
AL-004795,SK-000687,ALIAS,assess software systems,FALSE
AL-004796,SK-000687,ALIAS,evaluate software design specification,FALSE
AL-004797,SK-000687,ALIAS,analyse software or system specifications,FALSE
AL-004798,SK-000688,ALIAS,instruct on welfare benefits,FALSE
AL-004799,SK-000688,ALIAS,help with on welfare benefits,FALSE
AL-004800,SK-000688,ALIAS,welfare benefits recommendation,FALSE
AL-004801,SK-000688,ALIAS,instruct on social security benefits,FALSE
AL-004802,SK-000688,ALIAS,social security benefits recommendation,FALSE
AL-004803,SK-000688,ALIAS,help with on social security benefits,FALSE
AL-004804,SK-000689,ALIAS,data processing,FALSE
AL-004805,SK-000689,ALIAS,analyse data,FALSE
AL-004806,SK-000689,ALIAS,processing of data,FALSE
AL-004807,SK-000689,ALIAS,handle data,FALSE
AL-004808,SK-000689,ALIAS,measure data,FALSE
AL-004809,SK-000689,ALIAS,convert data,FALSE
AL-004810,SK-000689,ALIAS,processing data,FALSE
AL-004811,SK-000689,ALIAS,refine data,FALSE
AL-004812,SK-000690,ALIAS,assist people with disabilities in the work environment,FALSE
AL-004813,SK-000690,ALIAS,integrate people with disabilities in the workplace,FALSE
AL-004814,SK-000690,ALIAS,promote employment of people with disabilities,FALSE
AL-004815,SK-000691,ALIAS,Jenkins Continuous Integration server,FALSE
AL-004816,SK-000691,ALIAS,Jenkins,FALSE
AL-004817,SK-000691,ALIAS,Jenkins CI,FALSE
AL-004818,SK-000692,ALIAS,adapt development activities of technological projects,FALSE
AL-004819,SK-000692,ALIAS,adapt the design of technological projects,FALSE
AL-004820,SK-000692,ALIAS,meet organisational needs for technological projects,FALSE
AL-004821,SK-000692,ALIAS,adapt to changes in strategies for technological projects,FALSE
AL-004822,SK-000693,ALIAS,supervising accounting operations,FALSE
AL-004823,SK-000693,ALIAS,oversee accounting operations,FALSE
AL-004824,SK-000693,ALIAS,supervise account operations,FALSE
AL-004825,SK-000693,ALIAS,manage accounting operations accounting operations,FALSE
AL-004826,SK-000693,ALIAS,supervise accounting operation,FALSE
AL-004827,SK-000694,ALIAS,Couchbase Query Language,FALSE
AL-004828,SK-000694,ALIAS,Non-first Normal Form Query Language,FALSE
AL-004829,SK-000695,ALIAS,create resource plans,FALSE
AL-004830,SK-000695,ALIAS,lead the resource planning process,FALSE
AL-004831,SK-000695,ALIAS,improve resource planning,FALSE
AL-004832,SK-000695,ALIAS,conduct resource planning,FALSE
AL-004833,SK-000695,ALIAS,manage resource schedules,FALSE
AL-004834,SK-000695,ALIAS,build resource plan,FALSE
AL-004835,SK-000695,ALIAS,develop resource plans,FALSE
AL-004836,SK-000695,ALIAS,design resource planning,FALSE
AL-004837,SK-000695,ALIAS,lead on resource planning,FALSE
AL-004838,SK-000696,ALIAS,follow the company standards,FALSE
AL-004839,SK-000696,ALIAS,follow a company standard,FALSE
AL-004840,SK-000696,ALIAS,follow company codes,FALSE
AL-004841,SK-000696,ALIAS,follow company rules,FALSE
AL-004842,SK-000696,ALIAS,follow company measures,FALSE
AL-004843,SK-000696,ALIAS,follow company requirements,FALSE
AL-004844,SK-000696,ALIAS,following company standards,FALSE
AL-004845,SK-000697,ALIAS,PPC,FALSE
AL-004846,SK-000697,ALIAS,make strategic business choices,FALSE
AL-004847,SK-000697,ALIAS,make tactical business decisions,FALSE
AL-004848,SK-000697,ALIAS,pay per click,FALSE
AL-001491,SK-000698,ALIAS,empirical data analysis,FALSE
AL-004849,SK-000699,ALIAS,synthesise complex information,FALSE
AL-004850,SK-000699,ALIAS,summarise information,FALSE
AL-004851,SK-000699,ALIAS,interpret complex information,FALSE
AL-004852,SK-000699,ALIAS,critically summarise information,FALSE
AL-004853,SK-000699,ALIAS,write synthesis essays,FALSE
AL-004854,SK-000700,ALIAS,company policy,FALSE
AL-004855,SK-000700,ALIAS,employer's policies,FALSE
AL-004856,SK-000700,ALIAS,policies of a company,FALSE
AL-004857,SK-000700,ALIAS,corporation's policies,FALSE
AL-004858,SK-000701,ALIAS,develop retention programs for employees,FALSE
AL-004859,SK-000701,ALIAS,create employee retention programs,FALSE
AL-004860,SK-000701,ALIAS,developing employee retention programs,FALSE
AL-004861,SK-000701,ALIAS,come up with employee retention programs,FALSE
AL-004862,SK-000701,ALIAS,generate employee retention programs,FALSE
AL-004863,SK-000701,ALIAS,develop employee retention program,FALSE
AL-004864,SK-000702,ALIAS,supervise government policy execution,FALSE
AL-004865,SK-000702,ALIAS,oversee government policy implementation,FALSE
AL-004866,SK-000702,ALIAS,regulate government policy implementation,FALSE
AL-004867,SK-000702,ALIAS,monitor government policy implementation,FALSE
AL-004868,SK-000702,ALIAS,regulate government policy execution,FALSE
AL-004869,SK-000702,ALIAS,administer government policy implementation,FALSE
AL-004870,SK-000702,ALIAS,administer government policy execution,FALSE
AL-004871,SK-000702,ALIAS,oversee government policy execution,FALSE
AL-004872,SK-000702,ALIAS,supervise government policy implementation,FALSE
AL-004873,SK-000703,ALIAS,work across disciplines,FALSE
AL-004874,SK-000703,ALIAS,work across functional boundaries,FALSE
AL-004875,SK-000703,ALIAS,conduct interdisciplinary research,FALSE
AL-004876,SK-000703,ALIAS,use research findings across disciplines,FALSE
AL-004877,SK-000703,ALIAS,use research findings across functional boundaries,FALSE
AL-004878,SK-000704,ALIAS,implementing a strategic plan,FALSE
AL-004879,SK-000704,ALIAS,utilise strategic planning,FALSE
AL-004880,SK-000704,ALIAS,introduce strategic planning,FALSE
AL-004881,SK-000704,ALIAS,implementing strategic planning,FALSE
AL-004882,SK-000704,ALIAS,strategic planning implementation,FALSE
AL-004883,SK-000704,ALIAS,execute strategic planning,FALSE
AL-004884,SK-000704,ALIAS,administer strategic planning,FALSE
AL-001498,SK-000705,ALIAS,web services systems,FALSE
AL-004885,SK-000706,ALIAS,build data processing applications,FALSE
AL-004886,SK-000706,ALIAS,design data processing applications,FALSE
AL-004887,SK-000706,ALIAS,design data processing software,FALSE
AL-004888,SK-000706,ALIAS,develop data processing software,FALSE
AL-004889,SK-000706,ALIAS,create data processing applications,FALSE
AL-004890,SK-000707,ALIAS,innovate,FALSE
AL-004891,SK-000707,ALIAS,seek an innovative current practice,FALSE
AL-004892,SK-000707,ALIAS,identify innovation,FALSE
AL-004893,SK-000707,ALIAS,seek innovative current practices,FALSE
AL-004894,SK-000708,ALIAS,OS architecture,FALSE
AL-004895,SK-000708,ALIAS,AS400,FALSE
AL-004896,SK-000708,ALIAS,WIN/NT,FALSE
AL-004897,SK-000708,ALIAS,Novell,FALSE
AL-004898,SK-000708,ALIAS,VMS,FALSE
AL-001502,SK-000709,ALIAS,apply qualitative research methods,FALSE
AL-004899,SK-000710,ALIAS,encourage civic engagement in research,FALSE
AL-004900,SK-000710,ALIAS,engage public in research,FALSE
AL-004901,SK-000710,ALIAS,engage citizens in scientific and research activities,FALSE
AL-004902,SK-000710,ALIAS,foster public involvement in scientific research,FALSE
AL-004903,SK-000710,ALIAS,promote citizens participation in research,FALSE
AL-004904,SK-000711,ALIAS,Quality maturity models,FALSE
AL-004905,SK-000711,ALIAS,CMMI (Capability Maturity Model Integrated),FALSE
AL-004906,SK-000711,ALIAS,software process quality,FALSE
AL-004907,SK-000711,ALIAS,CMM,FALSE
AL-001505,SK-000712,ALIAS,software measurement metrics,FALSE
AL-004908,SK-000713,ALIAS,individual employee supporting,FALSE
AL-004909,SK-000713,ALIAS,support individual employees,FALSE
AL-004910,SK-000713,ALIAS,mentoring employees individually,FALSE
AL-004911,SK-000713,ALIAS,supporting employees individually,FALSE
AL-004912,SK-000713,ALIAS,support employees individually,FALSE
AL-004913,SK-000713,ALIAS,mentor employees individually,FALSE
AL-004914,SK-000713,ALIAS,mentoring individual employees,FALSE
AL-004915,SK-000713,ALIAS,individual employee mentoring,FALSE
AL-004916,SK-000713,ALIAS,supporting individual employees,FALSE
AL-001507,SK-000714,ALIAS,manage data models,FALSE
AL-004917,SK-000715,ALIAS,manage stress in organization,FALSE
AL-004918,SK-000715,ALIAS,deal with stress in an organization,FALSE
AL-004919,SK-000715,ALIAS,handle stress in organizations,FALSE
AL-004920,SK-000715,ALIAS,cope with stress in organisation,FALSE
AL-004921,SK-000715,ALIAS,cope with pressure in the work place,FALSE
AL-004922,SK-000715,ALIAS,manage stress in an organisation,FALSE
AL-004923,SK-000715,ALIAS,handle stressful situations in an organisation,FALSE
AL-004924,SK-000715,ALIAS,manage stress in organisations,FALSE
AL-004925,SK-000716,ALIAS,identify with the company's mission,FALSE
AL-004926,SK-000716,ALIAS,identify with the company's vision and goals,FALSE
AL-004927,SK-000716,ALIAS,make the company's goals one's own,FALSE
AL-004928,SK-000716,ALIAS,understand and pursue the company's goals,FALSE
AL-004929,SK-000717,ALIAS,insurance typology,FALSE
AL-004930,SK-000717,ALIAS,categories of insurance types,FALSE
AL-004931,SK-000717,ALIAS,types of insurance products,FALSE
AL-004932,SK-000717,ALIAS,insurance types,FALSE
AL-004933,SK-000717,ALIAS,insurance categories,FALSE
AL-004934,SK-000718,ALIAS,design user interface specifications,FALSE
AL-004935,SK-000718,ALIAS,design user interfaces,FALSE
AL-001512,SK-000719,ALIAS,implement data warehousing solutions,FALSE
AL-004936,SK-000720,ALIAS,liaising with distribution channel managers,FALSE
AL-004937,SK-000720,ALIAS,collaborate with distribution channel managers,FALSE
AL-004938,SK-000720,ALIAS,liaise managers for distribution channel,FALSE
AL-004939,SK-000720,ALIAS,cooperate with distribution channel managers,FALSE
AL-004940,SK-000720,ALIAS,liaise with distribution channel manager,FALSE
AL-004941,SK-000720,ALIAS,work together with distribution channel managers,FALSE
AL-004942,SK-000721,ALIAS,identify ICT security risks and threats,FALSE
AL-004943,SK-000721,ALIAS,model ICT threats,FALSE
AL-004944,SK-000722,ALIAS,communication principle,FALSE
AL-004945,SK-000722,ALIAS,communication theories,FALSE
AL-004946,SK-000722,ALIAS,principles of communication,FALSE
AL-004947,SK-000722,ALIAS,communication ideals,FALSE
AL-004948,SK-000723,ALIAS,complete market research,FALSE
AL-004949,SK-000723,ALIAS,performing market research,FALSE
AL-004950,SK-000723,ALIAS,implement market research,FALSE
AL-004951,SK-000723,ALIAS,market research performance,FALSE
AL-004952,SK-000723,ALIAS,undertake market research,FALSE
AL-001517,SK-000724,ALIAS,data modelling,FALSE
AL-001518,SK-000725,ALIAS,perform software crash and recovery testing,FALSE
AL-001519,SK-000726,ALIAS,management systems principles,FALSE
AL-004953,SK-000727,ALIAS,engage in public awareness of research,FALSE
AL-004954,SK-000727,ALIAS,communicate scientific results to the public,FALSE
AL-004955,SK-000727,ALIAS,support public understanding of science findings,FALSE
AL-004956,SK-000727,ALIAS,communicate publicly about scientific findings,FALSE
AL-004957,SK-000728,ALIAS,analyse job-related written reports,FALSE
AL-004958,SK-000728,ALIAS,evaluate work-related written reports,FALSE
AL-004959,SK-000728,ALIAS,conduct analysis of written reports,FALSE
AL-004960,SK-000728,ALIAS,conduct analysis of the content of job-related written reports,FALSE
AL-004961,SK-000728,ALIAS,assess work-related written reports,FALSE
AL-004962,SK-000728,ALIAS,conduct analysis of content of work-related written reports,FALSE
AL-004963,SK-000728,ALIAS,assess job-related written reports,FALSE
AL-004964,SK-000728,ALIAS,conduct analysis of written reports and apply findings to work operations,FALSE
AL-004965,SK-000728,ALIAS,evaluate job-related written reports,FALSE
AL-004966,SK-000728,ALIAS,analyze work-related written reports,FALSE
AL-004967,SK-000728,ALIAS,conduct analysis of the content of written reports,FALSE
AL-001522,SK-000729,ALIAS,Scala Programming Language,FALSE
