id,entity_type,name,description,skill_type,concept_kind,review_status
RL-000001,ROLE,accounting manager,"Accounting managers assume responsibility for all accounting activities relating to financial reporting. They develop and maintain accounting principles and procedures to ensure timely and accurate financial statements, supervise accounting staff and manage the accounting activities within the appropriate time frame and budget.",,ROLE,PENDING_REVIEW
RL-000002,ROLE,recruitment consultant,"Recruitment consultants provide the suitable candidates to employers according to the specific job profile requested. They perform testing and interviewing with job seekers, shortlist few candidates to present to the employers and match candidates to appropriate jobs. Recruitment consultants maintain relationships with employers to offer their services on a more long-term basis.",,ROLE,PENDING_REVIEW
RL-000003,ROLE,software tester,Software testers perform software tests. They may also plan and design them. They may also debug and repair software although this mainly corresponds to designers and developers. They ensure that applications function properly before delivering them to internal and external clients.,,ROLE,PENDING_REVIEW
RL-000004,ROLE,compensation analyst,Compensation analysts recognise and reward contributions and behaviors that support company’s business objectives and corporate values.,,ROLE,PENDING_REVIEW
RL-000005,ROLE,data engineer,"Data engineers develop the architecture needed to process, manage, and store large amounts of data which will be used by data scientists for analysis. They design the infrastructure and maintain data pipelines and warehouses to leverage data for strategic advantage.",,ROLE,PENDING_REVIEW
RL-000006,ROLE,data scientist,"Data scientists find and interpret rich data sources, manage large amounts of data, merge data sources, ensure consistency of data-sets, and create visualisations to aid in understanding data. They build mathematical models using data, present and communicate data insights and findings to specialists and scientists in their team and if required, to a non-expert audience, and recommend ways to apply the data.",,ROLE,PENDING_REVIEW
RL-000007,ROLE,cloud engineer,"Cloud engineers are responsible for the design, planning, management and maintenance of cloud-based systems. They develop and implement cloud-applications, handle the migration of existing on-premise applications to the cloud, and debug cloud stacks.",,ROLE,PENDING_REVIEW
RL-000008,ROLE,embedded systems software developer,"Embedded systems software developers program, implement, document and maintain software to be run on an embedded system.",,ROLE,PENDING_REVIEW
RL-000009,ROLE,ICT business development manager,"ICT business development managers increase business opportunities for the organisation and develop strategies that will enhance the smooth running of the organisation, product development and product distribution. They negotiate prices and establish contract terms.",,ROLE,PENDING_REVIEW
RL-000010,ROLE,business analyst,"Business analysts research and understand the strategic position of businesses and companies in relation to their markets and their stakeholders. They analyse and present their views on how the company, from many perspectives, can improve its strategic position and internal corporate structure. They assess needs for change, communication methods, technology, IT tools, new standards and certifications.",,ROLE,PENDING_REVIEW
RL-000011,ROLE,marketing manager,"Marketing managers carry out the implementation of efforts related to the marketing operations in a company. They develop marketing strategies and plans by detailing cost and resources needed. They analyse the profitability of these plans, develop pricing strategies, and strive to raise awareness on products and companies among targeted customers.",,ROLE,PENDING_REVIEW
RL-000012,ROLE,cybersecurity risk manager,"Cybersecurity risk managers identify, analyse, assess, estimate and mitigate cybersecurity-related risks of ICT infrastructures such as systems or services. They manage these aspects by planning risk analysis, applying, reporting, assessing, communicating, and treating them. They establish a risk management strategy for the organisation and ensure that risks remain at an acceptable level for the organisation by selecting mitigation actions and controls.",,ROLE,PENDING_REVIEW
RL-000013,ROLE,talent acquisition manager,"Talent acquisition managers plan, develop, manage and oversee talent acquisition and recruitment processes. Interview candidates, check applicants' references and manage posts on online job boards.",,ROLE,PENDING_REVIEW
RL-000014,ROLE,project manager,"Project managers oversee the project on a daily basis and are responsible for delivering high-quality results within the identified objectives and constraints, ensuring the effective use of the allocated resources. They are responsible for risk and issue management, project communication and stakeholder management. Project managers perform the activities of planning, organising, securing, monitoring and managing the resources and work necessary to deliver specific project goals and objectives in an effective and efficient way.",,ROLE,PENDING_REVIEW
RL-000015,ROLE,web developer,"Web developers develop, implement and document web-accessible software based on the designs provided. They align the client's web presence with its business strategy, troubleshoot software problems and issues and look for ways to improve the application.",,ROLE,PENDING_REVIEW
RL-000016,ROLE,human resources officer,"Human resources officers develop and implement strategies that help their employers select and retain appropriately qualified staff within that business sector. They recruit staff, prepare job advertisements, interview and short-list people, negotiate with employment agencies, and set up working conditions. Human resources officers also administer the payroll, review salaries and advise on remuneration benefits and employment law. They arrange for training opportunities to enhance employees' performance.",,ROLE,PENDING_REVIEW
RL-000017,ROLE,data analyst,"Data analysts import, inspect, clean, transform, validate, model, or interpret collections of data with regard to the business goals of the company. They ensure that the data sources and repositories provide consistent and reliable data. Data analysts use different algorithms and IT tools as demanded by the situation and the current data. They might prepare reports in the form of visualisations such as graphs, charts, and dashboards.",,ROLE,PENDING_REVIEW
RL-000018,ROLE,human resources manager,"Human resources managers plan, design and implement processes related to the human capital of companies. They develop programs for recruiting, interviewing, and selecting employees based on a previous assessment of the profile and skills required in the company. Moreover, they manage compensation and development programs for the company's employees comprising trainings, skill assessment and yearly evaluations, promotion, expat programs, and general assurance of the well-being of the employees in the workplace.",,ROLE,PENDING_REVIEW
RL-000019,ROLE,ICT business analyst,"ICT business analysts are in charge of analysing and designing an organisation's processes and systems, assessing the business model and its integration with technology. They also identify change needs, assess the impact of the change, capture and document requirements and then ensure that these requirements are delivered whilst supporting the business through the implementation process.",,ROLE,PENDING_REVIEW
RL-000020,ROLE,Marketing Managers,"Plan, direct, or coordinate marketing policies and programs, such as determining the demand for products and services offered by a firm and its competitors, and identify potential customers. Develop pricing strategies with the goal of maximizing the firm's profits or share of the market while ensuring the firm's customers are satisfied. Oversee product development or monitor trends that indicate the need for new products and services.",,ROLE,PENDING_REVIEW
RL-000021,ROLE,Public Relations Managers,"Plan, direct, or coordinate activities designed to create or maintain a favorable public image or raise issue awareness for their organization or client.",,ROLE,PENDING_REVIEW
RL-000022,ROLE,Financial Managers,"Plan, direct, or coordinate accounting, investing, banking, insurance, securities, and other financial activities of a branch, office, or department of an establishment.",,ROLE,PENDING_REVIEW
RL-000023,ROLE,Compensation and Benefits Managers,"Plan, direct, or coordinate compensation and benefits activities of an organization.",,ROLE,PENDING_REVIEW
RL-000024,ROLE,Human Resources Managers,"Plan, direct, or coordinate human resources activities and staff of an organization.",,ROLE,PENDING_REVIEW
RL-000025,ROLE,Human Resources Specialists,"Recruit, screen, interview, or place individuals within an organization. May perform other activities in multiple human resources areas.",,ROLE,PENDING_REVIEW
RL-000026,ROLE,Management Analysts,"Conduct organizational studies and evaluations, design systems and procedures, conduct work simplification and measurement studies, and prepare operations and procedures manuals to assist management in operating more efficiently and effectively. Includes program analysts and management consultants.",,ROLE,PENDING_REVIEW
RL-000027,ROLE,"Compensation, Benefits, and Job Analysis Specialists","Conduct programs of compensation and benefits and job analysis for employer. May specialize in specific areas, such as position classification and pension programs.",,ROLE,PENDING_REVIEW
RL-000028,ROLE,Information Security Analysts,"Plan, implement, upgrade, or monitor security measures for the protection of computer networks and information. Assess system vulnerabilities for security risks and propose and implement risk mitigation strategies. May ensure appropriate security controls are in place that will safeguard digital files and vital electronic infrastructure. May respond to computer security breaches and viruses.",,ROLE,PENDING_REVIEW
RL-000029,ROLE,Computer and Information Research Scientists,"Conduct research into fundamental computer and information science as theorists, designers, or inventors. Develop solutions to problems in the field of computer hardware and software.",,ROLE,PENDING_REVIEW
RL-000030,ROLE,Software Developers,"Research, design, and develop computer and network software or specialized utility programs. Analyze user needs and develop software solutions, applying principles and techniques of computer science, engineering, and mathematical analysis. Update software or enhance existing software capabilities. May work with computer hardware engineers to integrate hardware and software systems, and develop specifications and performance requirements. May maintain databases within an application area, working individually or coordinating database development as part of a team.",,ROLE,PENDING_REVIEW
RL-000031,ROLE,Software Quality Assurance Analysts and Testers,"Develop and execute software tests to identify software problems and their causes. Test system modifications to prepare for implementation. Document software and application defects using a bug tracking system and report defects to software or web developers. Create and maintain databases of known defects. May participate in software design reviews to provide input on functional requirements, operational characteristics, product designs, and schedules.",,ROLE,PENDING_REVIEW
RL-000032,ROLE,Web Developers,"Develop and implement websites, web applications, application databases, and interactive web interfaces. Evaluate code to ensure that it is properly structured, meets industry standards, and is compatible with browsers and devices. Optimize website performance, scalability, and server-side code and processes. May develop website infrastructure and integrate websites with other computer applications.",,ROLE,PENDING_REVIEW
RL-000033,ROLE,Information Technology Project Managers,"Plan, initiate, and manage information technology (IT) projects. Lead and guide the work of technical staff. Serve as liaison between business and technical aspects of projects. Plan project stages and assess business implications for each stage. Monitor progress to assure deadlines, standards, and cost targets are met.",,ROLE,PENDING_REVIEW
RL-000034,ROLE,Data Scientists,"Develop and implement a set of techniques or analytics applications to transform raw data into meaningful information using data-oriented programming languages and visualization software. Apply data mining, data modeling, natural language processing, and machine learning to extract and analyze information from large structured and unstructured datasets. Visualize, interpret, and report data findings. May create dynamic data reports.",,ROLE,PENDING_REVIEW
RL-000035,ROLE,"Human Resources Assistants, Except Payroll and Timekeeping","Compile and keep personnel records. Record data for each employee, such as address, weekly earnings, absences, amount of sales or production, supervisory reports, and date of and reason for termination. May prepare reports for employment records, file employment records, or search employee files and furnish information to authorized persons.",,ROLE,PENDING_REVIEW
SK-000001,SKILL,Haskell,"The techniques and principles of software development, such as analysis, algorithms, coding, testing and compiling of programming paradigms in Haskell.",knowledge,PROGRAMMING_LANGUAGE,PENDING_REVIEW
SK-000002,SKILL,draft scientific or academic papers and technical documentation,"Draft and edit scientific, academic or technical texts on different subjects.",skill/competence,OTHER_SKILL,PENDING_REVIEW
SK-000003,SKILL,KDevelop,"The computer program KDevelop is a suite of software development tools for writing programs, such as compiler, debugger, code editor, code highlights, packaged in a unified user interface. It is developed by the software community KDE.",knowledge,KNOWLEDGE,PENDING_REVIEW
SK-000004,SKILL,migrate existing data,"Apply migration and conversion methods for existing data, in order to transfer or convert data between formats, storage or computer systems.",skill/competence,OTHER_SKILL,PENDING_REVIEW
SK-000005,SKILL,manage supplies,"Monitor and control the flow of supplies that includes the purchase, storage and movement of the required quality of raw materials, and also work-in-progress inventory. Manage supply chain activities and synchronise supply with demand of production and customer.",skill/competence,OTHER_SKILL,PENDING_REVIEW
SK-000006,SKILL,Erlang,"The techniques and principles of software development, such as analysis, algorithms, coding, testing and compiling of programming paradigms in Erlang.",knowledge,PROGRAMMING_LANGUAGE,PENDING_REVIEW
SK-000007,SKILL,manage ICT data classification,Oversee the classification system an organisation uses to organise its data. Assign an owner to each data concept or bulk of concepts and determine the value of each item of data.,skill/competence,OTHER_SKILL,PENDING_REVIEW
SK-000008,SKILL,information structure,"The type of infrastructure which defines the format of data: semi-structured, unstructured and structured.",knowledge,KNOWLEDGE,PENDING_REVIEW
SK-000009,SKILL,advise on bankruptcy proceedings,"Guide and advise clients on the formalities, procedures and the actions that can ameliorate the losses in case of bankruptcy.",skill/competence,OTHER_SKILL,PENDING_REVIEW
SK-000010,SKILL,SAS language,"The techniques and principles of software development, such as analysis, algorithms, coding, testing and compiling of programming paradigms in SAS language.",knowledge,PROGRAMMING_LANGUAGE,PENDING_REVIEW
SK-000011,SKILL,use an application-specific interface,Understand and use interfaces particular to an application or use case.,skill/competence,OTHER_SKILL,PENDING_REVIEW
SK-000012,SKILL,customer insight,"The marketing concept referring to the deep understanding of the customer's motivations, behaviours, beliefs, preferences, and values that help understand the reasons why the way they do. This information is then useful for commercial purposes.",knowledge,KNOWLEDGE,PENDING_REVIEW
SK-000013,SKILL,program management,The management of programs that are mapped to business objectives for improving organizational performance. It involves overseeing a group of projects linked together by a common area of impact.,knowledge,KNOWLEDGE,PENDING_REVIEW
SK-000014,SKILL,keywords in digital content,The digital tools to conduct keyword research. The information retrieval systems identify the content of a document guided by keywords and metadata.,knowledge,KNOWLEDGE,PENDING_REVIEW
SK-000015,SKILL,legal studies,"The study of law; the situations and causes that elicit responses from institutions in the form of laws and regulations. Some areas of law are civil, business, criminal, and property law.",knowledge,KNOWLEDGE,PENDING_REVIEW
SK-000016,SKILL,domain name service,Naming database which maps internet domain names to Internet Protocol (IP) addresses. The Domain Name System allows internet users to utilise names such as website titles instead of remembering numeric IP addresses used by computers to locate a concrete website.,knowledge,KNOWLEDGE,PENDING_REVIEW
SK-000017,SKILL,mathematical modelling,"The process of establishing a mathematical representation problem, such as equations, of a real-word to provide insights, discover new features about the problematic scenario, better understand the original problem or to make predictions about it.",knowledge,KNOWLEDGE,PENDING_REVIEW
SK-000018,SKILL,normalise data,"Reduce data to their accurate core form (normal forms) in order to achieve such results as minimisation of dependency, elimination of redundancy, increase of consistency.",skill/competence,OTHER_SKILL,PENDING_REVIEW
SK-000019,SKILL,propose ICT solutions to business problems,"Suggest how to solve business issues, using ICT means, so that business processes are improved.",skill/competence,OTHER_SKILL,PENDING_REVIEW
SK-000020,SKILL,computer simulation,"A programme run on a computer that represents dynamic responses of a system to explore a mathematical model behaviour, using a model of a real system, composed of mathematical equations.",knowledge,KNOWLEDGE,PENDING_REVIEW
SK-000021,SKILL,accounting department processes,"The different processes, duties, jargon, role in an organisation, and other specificities of the accounting department within an organisation such as bookkeeping, invoices, recording, and taxing.",knowledge,KNOWLEDGE,PENDING_REVIEW
SK-000022,SKILL,integrate strategic foundation in daily performance,"Reflect on the strategic foundation of companies, meaning their mission, vision, and values in order to integrate this foundation in the performance of the job position.",skill/competence,OTHER_SKILL,PENDING_REVIEW
SK-000023,SKILL,manage research data,Produce and analyse scientific data originating from qualitative and quantitative research methods. Store and maintain the data in research databases. Support the re-use of scientific data and be familiar with open data management principles.,skill/competence,OTHER_SKILL,PENDING_REVIEW
SK-000024,SKILL,plan marketing strategy,"Determine the objective of the marketing strategy whether it is for establishing image, implementing a pricing strategy, or raising awareness of the product. Establish approaches of marketing actions to ensure that goals are achieved efficiently and over a long term.",skill/competence,OTHER_SKILL,PENDING_REVIEW
SK-000025,SKILL,labour legislation,"Legislation, on a national or international level, that governs labour conditions in various fields between labour parties such as the government, employees, employers, and trade unions.",knowledge,KNOWLEDGE,PENDING_REVIEW
SK-000026,SKILL,systems development life-cycle,"The sequence of steps, such as planning, creating, testing and deploying and the models for the development and life-cycle management of a system.",knowledge,KNOWLEDGE,PENDING_REVIEW
SK-000027,SKILL,apply company policies,Apply the principles and rules that govern the activities and processes of an organisation.,skill/competence,OTHER_SKILL,PENDING_REVIEW
SK-000028,SKILL,plan migration to cloud,"Select existing workloads and processes for potential migration to the cloud and choose migration tools. Determine a new cloud architecture for an existing solution, plan a strategy for migrating existing workloads to the cloud.",skill/competence,OTHER_SKILL,PENDING_REVIEW
SK-000029,SKILL,Agile project management,"The agile project management approach is a methodology for planning, managing and overseeing of ICT resources in order to meet specific goals and using project management ICT tools.",knowledge,KNOWLEDGE,PENDING_REVIEW
SK-000030,SKILL,use markup languages,"Utilise computer languages that are syntactically distinguishable from the text, to add annotations to a document, specify layout and process types of documents such as HTML.",skill/competence,OTHER_SKILL,PENDING_REVIEW
SK-000031,SKILL,develop automated migration methods,"Create automated transfer of ICT information between storage types, formats and systems to save human resources from performing the task manually.",skill/competence,OTHER_SKILL,PENDING_REVIEW
SK-000032,SKILL,perform multiple tasks at the same time,"Execute multiple tasks at the same time, being aware of key priorities.",skill/competence,OTHER_SKILL,PENDING_REVIEW
SK-000033,SKILL,sales argumentation,Techniques and sales methods used in order to present a product or service to customers in a persuasive manner and to meet their expectations and needs.,knowledge,KNOWLEDGE,PENDING_REVIEW
SK-000034,SKILL,gather data for forensic purposes,"Collect protected, fragmented or corrupted data and other online communication. Document and present findings from this process.",skill/competence,OTHER_SKILL,PENDING_REVIEW
SK-000035,SKILL,coach employees,"Maintain and improve employees' performance by coaching individuals or groups how to optimise specific methods, skills or abilities, using adapted coaching styles and methods. Tutor newly recruited employees and assist them in the learning of new business systems.",skill/competence,OTHER_SKILL,PENDING_REVIEW
SK-000036,SKILL,Ruby (computer programming),"The techniques and principles of software development, such as analysis, algorithms, coding, testing and compiling of programming paradigms in Ruby.",knowledge,PROGRAMMING_LANGUAGE,PENDING_REVIEW
SK-000037,SKILL,Common Lisp,"The techniques and principles of software development, such as analysis, algorithms, coding, testing and compiling of programming paradigms in Common Lisp.",knowledge,PROGRAMMING_LANGUAGE,PENDING_REVIEW
SK-000038,SKILL,Apache Maven,"The tool Apache Maven is a software program to perform configuration identification, control, status accounting and audit of software during its development and maintenance.",knowledge,KNOWLEDGE,PENDING_REVIEW
SK-000039,SKILL,communicate with customers,"Respond to and communicate with customers in the most efficient and appropriate manner to enable them to access the desired products or services, or any other help they may require.",skill/competence,OTHER_SKILL,PENDING_REVIEW
SK-000040,SKILL,internal risk management policy,"The internal risk management policies that identify, assess and prioritise risks in an IT environment. The methods used to minimise, monitor and control the possibility and the impact of disastrous events that affect the reaching of business goals.",knowledge,KNOWLEDGE,PENDING_REVIEW
SK-000041,SKILL,Lisp,"The techniques and principles of software development, such as analysis, algorithms, coding, testing and compiling of programming paradigms in Lisp.",knowledge,PROGRAMMING_LANGUAGE,PENDING_REVIEW
SK-000042,SKILL,identify customer requirements,"Apply techniques and tools, such as surveys, questionnaires, ICT applications, for eliciting, defining, analysing, documenting and maintaining user requirements from system, service or product.",skill/competence,OTHER_SKILL,PENDING_REVIEW
SK-000043,SKILL,manage schedule of tasks,"Maintain an overview of all the incoming tasks in order to prioritise the tasks, plan their execution, and integrate new tasks as they present themselves.",skill/competence,OTHER_SKILL,PENDING_REVIEW
SK-000044,SKILL,relationship marketing,"The process within Customer Relationship Management (CRM) and focuses on customer retention, satisfaction and lifetime customer value.",knowledge,KNOWLEDGE,PENDING_REVIEW
SK-000045,SKILL,apply conflict management,"Take ownership of the handling of all complaints and disputes showing empathy and understanding to achieve resolution. Be fully aware of all Social Responsibility protocols and procedures, and be able to deal with a problematic gambling situation in a professional manner with maturity and empathy.",skill/competence,OTHER_SKILL,PENDING_REVIEW
SK-000046,SKILL,business requirements techniques,The procedures required to identify and analyse business and organisational needs.,knowledge,KNOWLEDGE,PENDING_REVIEW
SK-000047,SKILL,advise on risk management,"Provide advice on risk management policies and prevention strategies and their implementation, being aware of different kinds of risks to a specific organisation.",skill/competence,OTHER_SKILL,PENDING_REVIEW
SK-000048,SKILL,analyse unemployment rates,Analyse data and perform research concerning unemployment in a region or nation in order to identify causes for unemployment and possible solutions.,skill/competence,OTHER_SKILL,PENDING_REVIEW
SK-000049,SKILL,carry out job analysis,"Research and perform studies on occupations, analyse and integrate data to identify the content of jobs, meaning the requirements to perform the activities, and deliver the information to business, industry or government officials.",skill/competence,OTHER_SKILL,PENDING_REVIEW
SK-000050,SKILL,ethical hacking principles,The set of actions that are carried out to detect vulnerabilities within a computerised system in order to improve security within an organisation. They aim to identify and address data breaches and threats in a network.,knowledge,KNOWLEDGE,PENDING_REVIEW
SK-000051,SKILL,Sass,"The computer language Sass is a style sheet language that conveys the presentation of structured documents. These documents have to adhere to style sheets, a set of stylistic rules such as font, color and layout.",knowledge,KNOWLEDGE,PENDING_REVIEW
SK-000052,SKILL,design cloud architecture,"Design a multi-tier cloud architecture solution, which tolerates faults and is fit for the workload and other business needs. Identify elastic and scalable computing solutions, select high-performing and scalable storage solutions, and choose high-performing database solutions. Identify cost-effective storage, computing, and database services in the cloud.",skill/competence,OTHER_SKILL,PENDING_REVIEW
SK-000053,SKILL,establish an ICT security prevention plan,"Define a comprehensive and proactive strategy for managing information and communication technology (ICT) security risks by establishing a set of measures and responsibilities to ensure the confidentiality, integrity and availability of information. Implement policies to prevent data breaches, detect and respond to unauthorised access to systems and resources, including up-to-date security applications and employee education.",skill/competence,OTHER_SKILL,PENDING_REVIEW
SK-000054,SKILL,computer forensics,The process of examining and recovering digital data from sources for legal evidence and crime investigation.,knowledge,KNOWLEDGE,PENDING_REVIEW
SK-000055,SKILL,explain interview purposes,Explain the main purpose and objective of the interview in a manner that the recipient understands and responds to the questions accordingly.,skill/competence,OTHER_SKILL,PENDING_REVIEW
SK-000056,SKILL,marketing analytics,The set of processes for employing data to improve the effectiveness of marketing activities. It involves analysing metrics such as the Return on Investment (ROI) for identify opportunities of improvement.,knowledge,KNOWLEDGE,PENDING_REVIEW
SK-000057,SKILL,international trade,"The economic practise and study field that address the exchange of goods and services across geographic borders. The general theories and schools of thought around the implications of international trade in terms of exports, imports, competitivity, GDP, and role of multinational companies.",knowledge,KNOWLEDGE,PENDING_REVIEW
SK-000058,SKILL,information security strategy,"The plan defined by a company which sets the information security objectives and measures to mitigate risks, define control objectives, establish metrics and benchmarks while complying with legal, internal and contractual requirements.",knowledge,KNOWLEDGE,PENDING_REVIEW
SK-000059,SKILL,advise on personnel management,"Advise senior staff in an organisation on methods to improve relations with employees, on improved methods for hiring and training employees and increasing employee satisifaction.",skill/competence,OTHER_SKILL,PENDING_REVIEW
SK-000060,SKILL,design interaction model,"Design and develop an interaction model. Design a multi-turn conversation, use built-in intents and slots, handle unexpected conversational requests or responses, design multi-modal skills using one or more service interfaces (for example, audio, video, and gadgets).",skill/competence,OTHER_SKILL,PENDING_REVIEW
SK-000061,SKILL,customer segmentation,The process whereby a target market is divided into specific sets of consumers for further market analysis.,knowledge,KNOWLEDGE,PENDING_REVIEW
SK-000062,SKILL,Visual Basic,"The techniques and principles of software development, such as analysis, algorithms, coding, testing and compiling of programming paradigms in Visual Basic.",knowledge,PROGRAMMING_LANGUAGE,PENDING_REVIEW
SK-000063,SKILL,implement marketing strategies,"Implement strategies which aim to promote a specific product or service, using the developed marketing strategies.",skill/competence,OTHER_SKILL,PENDING_REVIEW
SK-000064,SKILL,business intelligence,The tools used to transform large amounts of raw data into relevant and helpful business information.,knowledge,KNOWLEDGE,PENDING_REVIEW
SK-000065,SKILL,inform on fiscal duties,"Inform organisations and individuals on their specific fiscal duties and the legislation and regulations involving fiscal processes, such as tax duties.",skill/competence,OTHER_SKILL,PENDING_REVIEW
SK-000066,SKILL,forecast sales over periods of time,Calculate and estimate the expected sales of products and services over different periods of time in order to determine their profitability.,skill/competence,OTHER_SKILL,PENDING_REVIEW
SK-000067,SKILL,support development of annual budget,Support the development of the annual budget by producing base data as defined by the operations budget process.,skill/competence,OTHER_SKILL,PENDING_REVIEW
SK-000068,SKILL,implement ICT security policies,"Implement statements, assertions or rules that specify the appropriate use and protection of the ICT assets and systems from an organisation. These ICT security policies cover topics such as data classification, password management, access control and incident response.",skill/competence,OTHER_SKILL,PENDING_REVIEW
SK-000069,SKILL,web analytics,"The characteristics, tools and techniques for measurement, collection, analysis and reporting of web data to get information on the users' behaviour and to improve the performance of a website.",knowledge,KNOWLEDGE,PENDING_REVIEW
SK-000070,SKILL,telemarketing,Principles and techniques of soliciting potential customers over the phone to perform direct marketing of products or services.,knowledge,KNOWLEDGE,PENDING_REVIEW
SK-000071,SKILL,advise on tax planning,"Advise on appropriate strategies to include taxes in the overall financial plan in order to reduce the tax load. Advise on questions related to tax legislation and provide advise on the possible implications that decisions in financial matters can cause in a tax declaration. Advise on questions concerning things such as the creation of a company, investments, recruitments, or company successions.",skill/competence,OTHER_SKILL,PENDING_REVIEW
SK-000072,SKILL,use e-services,Participate in society through the use of public and private digital services. Seek opportunities for self-empowerment and for participatory citizenship through appropriate digital technologies.,skill/competence,OTHER_SKILL,PENDING_REVIEW
SK-000073,SKILL,study sales levels of products,"Collect and analyse sales levels of products and services in order to use this information for determining the quantities to be produced in the following batches, customer feedback, price trends, and the efficiency of sales methods.",skill/competence,OTHER_SKILL,PENDING_REVIEW
SK-000074,SKILL,utilise computer-aided software engineering tools,"Use software tools (CASE) to support the development lifecycle, design and implementation of software and applications of high-quality that can be easily maintained.",skill/competence,OTHER_SKILL,PENDING_REVIEW
SK-000075,SKILL,use spreadsheets software,"Use software tools to create and edit tabular data to carry out mathematical calculations, organise data and information, create diagrams based on data and to retrieve them.",skill/competence,OTHER_SKILL,PENDING_REVIEW
SK-000076,SKILL,Java,"The techniques and principles of software development, such as analysis, algorithms, coding, testing and compiling of programming paradigms in Java.",knowledge,PROGRAMMING_LANGUAGE,PENDING_REVIEW
SK-000077,SKILL,promote gender equality in business contexts,Raise awareness and campaign for the equalisation between the sexes by the assessment of their participation in the position and the activities carried out by companies and businesses at large.,skill/competence,OTHER_SKILL,PENDING_REVIEW
SK-000078,SKILL,use data processing techniques,"Gather, process and analyse relevant data and information, properly store and update data and represent figures and data using charts and statistical diagrams.",skill/competence,OTHER_SKILL,PENDING_REVIEW
SK-000079,SKILL,MDX,The computer language MDX is a query language for retrieval of information from a database and of documents containing the needed information. It is developed by the software company Microsoft.,knowledge,KNOWLEDGE,PENDING_REVIEW
SK-000080,SKILL,information architecture,"The methods through which information is generated, structured, stored, maintained, linked, exchanged and used.",knowledge,KNOWLEDGE,PENDING_REVIEW
SK-000081,SKILL,forecast organisational risks,"Analyse the operations and actions of a company in order to assess their repercussions, possible risks for the company, and to develop suitable strategies to address these.",skill/competence,OTHER_SKILL,PENDING_REVIEW
SK-000082,SKILL,cloud security and compliance,"Cloud security and compliance concepts, including shared responsibility model, cloud access management capabilities, and resources for security support.",knowledge,KNOWLEDGE,PENDING_REVIEW
SK-000083,SKILL,pricing strategies,"The techniques, theories, and commonly accepted strategies regarding pricing of goods. The relation between pricing strategies and outcomes in the market such as profitability maximisation, deterrence of newcomers, or increase of market share.",knowledge,KNOWLEDGE,PENDING_REVIEW
SK-000084,SKILL,ensure compliance with legal requirements,"Guarantee compliance with established and applicable standards and legal requirements such as specifications, policies, standards or law for the goal that organisations aspire to achieve in their efforts.",skill/competence,OTHER_SKILL,PENDING_REVIEW
SK-000085,SKILL,perform risk analysis,Identify and assess factors that may jeopardise the success of a project or threaten the organisation's functioning. Implement procedures to avoid or minimise their impact.,skill/competence,OTHER_SKILL,PENDING_REVIEW
SK-000086,SKILL,interpret current data,"Analyse data gathered from sources such as market data, scientific papers, customer requirements and questionnaires which are current and up-to-date in order to assess development and innovation in areas of expertise.",skill/competence,OTHER_SKILL,PENDING_REVIEW
SK-000087,SKILL,interact professionally in research and professional environments,"Show consideration to others as well as collegiality. Listen, give and receive feedback and respond perceptively to others, also involving staff supervision and leadership in a professional setting.",skill/competence,OTHER_SKILL,PENDING_REVIEW
SK-000088,SKILL,coordinate events,"Lead events by managing budget, logistics, event support, security, emergency plans and follow up.",skill/competence,OTHER_SKILL,PENDING_REVIEW
SK-000089,SKILL,promote equal pay,"Promote actions which aim to close the pay gap between the different genders by researching the current circumstances which facilitate the continuance of the pay gap and the fields in which pay gaps persist, as well as promote the inclusion of different genders in professions or fields which are dominated by one gender.",skill/competence,OTHER_SKILL,PENDING_REVIEW
SK-000090,SKILL,embedded systems,"The computer systems and components with a specialised and autonomous function within a larger system or machine such as embedded systems software architectures, embedded peripherals, design principles and development tools.",knowledge,KNOWLEDGE,PENDING_REVIEW
SK-000091,SKILL,manage budgets,"Plan, monitor, report on the budget and prepare set production budgets.",skill/competence,OTHER_SKILL,PENDING_REVIEW
SK-000092,SKILL,computer programming,"The techniques and principles of software development, such as analysis, algorithms, coding, testing and compiling of programming paradigms (e.g. object oriented programming, functional programming) and of programming languages.",knowledge,PROGRAMMING_SKILL,PENDING_REVIEW
SK-000093,SKILL,create project specifications,"Define the workplan, duration, deliverables, resources and procedures a project has to follow to achieve its goals. Describe project goals, outcomes, results and implementation scenarios.",skill/competence,OTHER_SKILL,PENDING_REVIEW
SK-000094,SKILL,maintain relationship with customers,"Build a lasting and meaningful relationship with customers in order to ensure satisfaction and fidelity by providing accurate and friendly advice and support, by delivering quality products and services and by supplying after-sales information and service.",skill/competence,OTHER_SKILL,PENDING_REVIEW
SK-000095,SKILL,give advice on personal matters,"Advise people on love and marriage issues, business and job opportunities, health or other personal aspects.",skill/competence,OTHER_SKILL,PENDING_REVIEW
SK-000096,SKILL,manage project information,Provide accurate and relevant information to all the parties involved in a project on time.,skill/competence,OTHER_SKILL,PENDING_REVIEW
SK-000097,SKILL,prepare tax returns forms,Totalise all the deductible tax collected during the quarter or fiscal year in order to fill tax return forms and claim it back to the governmental authorities for declaring taxation liability. Keep the documents and records supporting the transaction.,skill/competence,OTHER_SKILL,PENDING_REVIEW
SK-000098,SKILL,assist in developing marketing campaigns,"Provide assistance and support in all the efforts and actions required to implement a marketing campaign such as contacting advertisers, preparing briefings, setting up meetings, and shopping around for suppliers.",skill/competence,OTHER_SKILL,PENDING_REVIEW
SK-000099,SKILL,enforce financial policies,"Read, understand, and enforce the abidance of the financial policies of the company in regards with all the fiscal and accounting proceedings of the organisation.",skill/competence,OTHER_SKILL,PENDING_REVIEW
SK-000100,SKILL,use presentation software,"Use software tools to create digital presentations which combine various elements, such as graphs, images, text and other multimedia.",skill/competence,OTHER_SKILL,PENDING_REVIEW
SK-000101,SKILL,project management principles,Different elements and phases of project management.,knowledge,KNOWLEDGE,PENDING_REVIEW
SK-000102,SKILL,software architecture models,"The set of structures and models needed to understand or describe the software system, including the software elements, the relations between them and the properties of both elements and relations.",knowledge,KNOWLEDGE,PENDING_REVIEW
SK-000103,SKILL,define technology strategy,"Create an overall plan of objectives, practices, principles and tactics related to the use of technologies within an organisation and describe the means to reach the objectives, taking into account analyses and relevant regulations.",skill/competence,OTHER_SKILL,PENDING_REVIEW
SK-000104,SKILL,liaise with auditors,Participate in discussions with the auditors conducting inspections of the organisation's accounts and inform the managers about the results and conclusions.,skill/competence,OTHER_SKILL,PENDING_REVIEW
SK-000105,SKILL,debug software,"Repair computer code by analysing testing results, locating the defects causing the software to output an incorrect or unexpected result and remove these faults.",skill/competence,OTHER_SKILL,PENDING_REVIEW
SK-000106,SKILL,use concurrent programming,"Utilise specialised ICT tools to create programs that can execute concurrent operations by splitting programs into parallel processes and, once computed, combining the outcomes together.",skill/competence,PROGRAMMING_PARADIGM,PENDING_REVIEW
SK-000107,SKILL,data mining,"The methods of artificial intelligence, machine learning, statistics and databases used to extract content from a dataset.",knowledge,KNOWLEDGE,PENDING_REVIEW
SK-000108,SKILL,LESS,"The computer language LESS is a style sheet language that conveys the presentation of structured documents. These documents have to adhere to style sheets, a set of stylistic rules such as font, color and layout.",knowledge,KNOWLEDGE,PENDING_REVIEW
SK-000109,SKILL,manage human resources,"Conduct employee recruitment, helping employees to develop their personal and organisational skills, knowledge, and competencies as well as providing feedback and performance appraisals. It includes motivating employees, by implementing rewarding systems (managing pay and benefit systems) in order to maximise employee performance with regard to employer's strategic objectives.",skill/competence,OTHER_SKILL,PENDING_REVIEW
SK-000110,SKILL,perform business analysis,"Evaluate the condition of a business on its own and in relation to the competitive business domain, performing research, placing data in context of the business' needs and determining areas of opportunity.",skill/competence,OTHER_SKILL,PENDING_REVIEW
SK-000111,SKILL,align software with system architectures,Put system design and technical specifications in line with software architecture in order to ensure the integration and interoperability between components of the system.,skill/competence,OTHER_SKILL,PENDING_REVIEW
SK-000112,SKILL,sustainable manufacturing,The generation of manufactured products using efficient and sustainable production process that enhances the conservation of natural and energy resources while minimizing negative environmental impacts.,knowledge,KNOWLEDGE,PENDING_REVIEW
SK-000113,SKILL,promote event,"Generate interest in an event by carrying out promotion actions, such as placing ads or distributing flyers.",skill/competence,OTHER_SKILL,PENDING_REVIEW
SK-000114,SKILL,conduct content quality assurance,"Carry out validation of content by reviewing it according to formal and functional quality, usability and applicable standards.",skill/competence,OTHER_SKILL,PENDING_REVIEW
SK-000115,SKILL,analyse market financial trends,Monitor and forecast the tendencies of a financial market to move in a particular direction over time.,skill/competence,OTHER_SKILL,PENDING_REVIEW
SK-000116,SKILL,prepare exhibition marketing plan,"Develop marketing plan for upcoming exhibition; design and distribute posters, flyers and catalogues; communicate ideas with photographers, graphic designers and printers; prepare articles for online and printed media; keep website and social media up-to-date.",skill/competence,OTHER_SKILL,PENDING_REVIEW
SK-000117,SKILL,strive for company growth,"Develop strategies and plans aiming at achieving a sustained company growth, be the company self-owned or somebody else's. Strive with actions to increase revenues and positive cash flows.",skill/competence,OTHER_SKILL,PENDING_REVIEW
SK-000118,SKILL,manage system security,Analyse the critical assets of a company and identify weaknesses and vulnerabilities that lead to intrusion or attack. Apply security detection techniques. Understand cyber attack techniques and implement effective countermeasures.,skill/competence,OTHER_SKILL,PENDING_REVIEW
SK-000119,SKILL,monitor financial accounts,"Handle financial administration of your department, keep the costs down to only necessary expenses and maximise the revenues of your organisation.",skill/competence,OTHER_SKILL,PENDING_REVIEW
SK-000120,SKILL,organise staff assessment,Organising the overall assessment process of the staff.,skill/competence,OTHER_SKILL,PENDING_REVIEW
SK-000121,SKILL,disseminate results to the scientific community,"Publicly disclose scientific results by any appropriate means, including conferences, workshops, colloquia and scientific publications.",skill/competence,OTHER_SKILL,PENDING_REVIEW
SK-000122,SKILL,operate open source software,"Operate Open Source software, knowing the main Open Source models, licensing schemes, and the coding practices commonly adopted in the production of Open Source software.",skill/competence,OTHER_SKILL,PENDING_REVIEW
SK-000123,SKILL,use software design patterns,"Utilise reusable solutions, formalised best practices, to solve common ICT development tasks in software development and design.",skill/competence,OTHER_SKILL,PENDING_REVIEW
SK-000124,SKILL,perform data analysis,"Collect data and statistics to test and evaluate in order to generate assertions and pattern predictions, with the aim of discovering useful information in a decision-making process.",skill/competence,OTHER_SKILL,PENDING_REVIEW
SK-000125,SKILL,Prolog (computer programming),"The techniques and principles of software development, such as analysis, algorithms, coding, testing and compiling of programming paradigms in Prolog.",knowledge,PROGRAMMING_LANGUAGE,PENDING_REVIEW
SK-000126,SKILL,government policy implementation,The procedures related to the application of government policies at all levels of public administration.,knowledge,KNOWLEDGE,PENDING_REVIEW
SK-000127,SKILL,design process,"Identify the workflow and resource requirements for a particular process, using a variety of tools such as process simulation software, flowcharting and scale models.",skill/competence,OTHER_SKILL,PENDING_REVIEW
SK-000128,SKILL,use logic programming,"Utilise specialised ICT tools to create computer code composed of series of sentences in logical form, expressing rules and facts about some problem domain. Use programming languages which support this method such as Prolog, Answer Set Programming and Datalog.",skill/competence,PROGRAMMING_PARADIGM,PENDING_REVIEW
SK-000129,SKILL,control financial resources,Monitor and control budgets and financial resources providing capable stewardship in company management.,skill/competence,OTHER_SKILL,PENDING_REVIEW
SK-000130,SKILL,translate requirements into visual design,"Develop visual design from given specifications and requirements, based on the analysis of the scope and target audience. Create a visual representation of ideas such as logos, website graphics, digital games and layouts.",skill/competence,OTHER_SKILL,PENDING_REVIEW
SK-000131,SKILL,establish data processes,"Use ICT tools to apply mathematical, algorithmic or other data manipulation processes in order to create information.",skill/competence,OTHER_SKILL,PENDING_REVIEW
SK-000132,SKILL,carry out sales analysis,Examine sales reports to see what goods and services have and have not sold well.,skill/competence,OTHER_SKILL,PENDING_REVIEW
SK-000133,SKILL,ICT network security risks,"The security risk factors, such as hardware and software components, devices, interfaces and policies in ICT networks, risk assessment techniques that can be applied to assess the severity and the consequences of security threats and contingency plans for each security risk factor.",knowledge,KNOWLEDGE,PENDING_REVIEW
SK-000134,SKILL,speak different languages,Master foreign languages to be able to communicate in one or more foreign languages.,skill/competence,OTHER_SKILL,PENDING_REVIEW
SK-000135,SKILL,calculate tax,"Calculate the taxes which have to be paid by an individual or organisation, or paid back by a governmental institution, compliant with specific legislation.",skill/competence,OTHER_SKILL,PENDING_REVIEW
SK-000136,SKILL,innovation processes,"The techniques, models, methods and strategies which contribute to the promotion of steps towards innovation.",knowledge,KNOWLEDGE,PENDING_REVIEW
SK-000137,SKILL,bookkeeping regulations,The methods and regulations involved in the process of accurate bookkeeping.,knowledge,KNOWLEDGE,PENDING_REVIEW
SK-000138,SKILL,OpenEdge Advanced Business Language,"The techniques and principles of software development, such as analysis, algorithms, coding, testing and compiling of programming paradigms in OpenEdge Advanced Business Language.",knowledge,PROGRAMMING_LANGUAGE,PENDING_REVIEW
SK-000139,SKILL,identify talent,Identify talents and involve them in a particular sport.,skill/competence,OTHER_SKILL,PENDING_REVIEW
SK-000140,SKILL,execute analytical mathematical calculations,Apply mathematical methods and make use of calculation technologies in order to perform analyses and devise solutions to specific problems.,skill/competence,OTHER_SKILL,PENDING_REVIEW
SK-000141,SKILL,interview techniques,The techniques for getting information out of people by asking the right questions in the right way and to make them feel comfortable.,knowledge,KNOWLEDGE,PENDING_REVIEW
SK-000142,SKILL,documentation types,The characteristics of internal and external documentation types aligned with the product life cycle and their specific content types.,knowledge,KNOWLEDGE,PENDING_REVIEW
SK-000143,SKILL,customise project methodologies,"Adapt a predefined project management methodology to the specific needs, size and type of a project and tailor the methodology to organisational needs, culture, processes and policies. Adjust specific parts of the methodology to reflect management needs such as process steps, the content of artefacts, the distribution of responsibilities amongst the various roles, the definition of decision thresholds for escalation and the risk tolerance.",skill/competence,OTHER_SKILL,PENDING_REVIEW
SK-000144,SKILL,manage staff,"Manage employees and subordinates, working in a team or individually, to maximise their performance and contribution. Schedule their work and activities, give instructions, motivate and direct the workers to meet the company objectives. Monitor and measure how an employee undertakes their responsibilities and how well these activities are executed. Identify areas for improvement and make suggestions to achieve this. Lead a group of people to help them achieve goals and maintain an effective working relationship among staff.",skill/competence,OTHER_SKILL,PENDING_REVIEW
SK-000145,SKILL,social network analysis,The research method that is mainly explored in sociology and communication science and focuses on the analysis of the relations between individuals and among organisations and states.,knowledge,KNOWLEDGE,PENDING_REVIEW
SK-000146,SKILL,business law,"The field of law concerned with the trade and commerce activities of businesses and private persons and their legal interactions. This relates to numerous legal disciplines, including tax and employment law.",knowledge,KNOWLEDGE,PENDING_REVIEW
SK-000147,SKILL,visual presentation techniques,"The visual representation and interaction techniques, such as histograms, scatter plots, surface plots, tree maps and parallel coordinate plots, that can be used to present abstract numerical and non-numerical data, in order to reinforce the human understanding of this information.",knowledge,KNOWLEDGE,PENDING_REVIEW
SK-000148,SKILL,develop information security strategy,"Create company strategy related to the safety and security of information in order to maximise information integrity, availability and data privacy.",skill/competence,OTHER_SKILL,PENDING_REVIEW
SK-000149,SKILL,manage pension funds,Manage the sums of money which individuals or organisations pay across a timespan of many years which will ensure they acquire many benefits in retirement. Ensure the amounts paid are correct and that detailed records are kept.,skill/competence,OTHER_SKILL,PENDING_REVIEW
SK-000150,SKILL,define security policies,"Design and execute a written set of rules and policies that have the aim of securing an organisation concerning constraints on behaviour between stakeholders, protective mechanical constraints and data-access constraints.",skill/competence,OTHER_SKILL,PENDING_REVIEW
SK-000151,SKILL,apply statistical analysis techniques,"Use models (descriptive or inferential statistics) and techniques (data mining or machine learning) for statistical analysis and ICT tools to analyse data, uncover correlations and forecast trends.",skill/competence,OTHER_SKILL,PENDING_REVIEW
SK-000152,SKILL,provide user documentation,"Develop and organise the distribution of structured documents to assist people using a particular product or system, such as written or visual information about an application system and how to use it.",skill/competence,OTHER_SKILL,PENDING_REVIEW
SK-000153,SKILL,do cloud refactoring,"Optimise application to best use cloud services and features, migrate existing application code to run on cloud infrastructure.",skill/competence,OTHER_SKILL,PENDING_REVIEW
SK-000154,SKILL,public finance,"The economic influence of the government, and the workings of government revenue and expenditures.",knowledge,KNOWLEDGE,PENDING_REVIEW
SK-000155,SKILL,job market offers,"Job opportunities available on the labour market, depending on the economic field concerned.",knowledge,KNOWLEDGE,PENDING_REVIEW
SK-000156,SKILL,digital systems,"Systems to store, process and spread information in digital form. They are hardware, software and networks, as well as the ways in which these can be employed.",knowledge,KNOWLEDGE,PENDING_REVIEW
SK-000157,SKILL,financial department processes,"The different processes, duties, jargon, role in an organisation, and other specificities of the financial department within an organisation. Understanding of financial statements, investments, disclosing policies, etc.",knowledge,KNOWLEDGE,PENDING_REVIEW
SK-000158,SKILL,evaluate research activities,"Review proposals, progress, impact and outcomes of peer researchers, including through open peer review.",skill/competence,OTHER_SKILL,PENDING_REVIEW
SK-000159,SKILL,organisational policies,The policies to achieve set of goals and targets regarding the development and maintenance of an organisation.,knowledge,KNOWLEDGE,PENDING_REVIEW
SK-000160,SKILL,ensure information transparency,"Ensure that required or requested information is provided clearly and completely, in a manner which does not explicitly withhold information, to the public or requesting parties.",skill/competence,OTHER_SKILL,PENDING_REVIEW
SK-000161,SKILL,ICT quality policy,"The quality policy of the organisation and its objectives, the acceptable level of quality and the techniques to measure it, its legal aspects and the duties of specific departments to ensure quality.",knowledge,KNOWLEDGE,PENDING_REVIEW
SK-000162,SKILL,apply change management,Manage development within an organisation by anticipating changes and making managerial decisions to ensure that the members involved are as less disturbed as possible.,skill/competence,OTHER_SKILL,PENDING_REVIEW
SK-000163,SKILL,manage ICT project,"Plan, organize, control and document procedures and resources, such as human capital, equipment and mastery, in order to achieve specific goals and objectives related to ICT systems, services or products, within specific constraints, such as scope, time, quality and budget.",skill/competence,OTHER_SKILL,PENDING_REVIEW
SK-000164,SKILL,maintain relationship with suppliers,"Build a lasting and meaningful relationship with suppliers and service providers in order to establish a positive, profitable and enduring collaboration, co-operation and contract negotiation.",skill/competence,OTHER_SKILL,PENDING_REVIEW
SK-000165,SKILL,JavaScript,"The techniques and principles of software development, such as analysis, algorithms, coding, testing and compiling of programming paradigms in JavaScript.",knowledge,PROGRAMMING_LANGUAGE,PENDING_REVIEW
SK-000166,SKILL,decision support systems,The ICT systems that can be used to support business or organisational decision making.,knowledge,KNOWLEDGE,PENDING_REVIEW
SK-000167,SKILL,comply with legal regulations,"Ensure you are properly informed of the legal regulations that govern a specific activity and adhere to its rules, policies and laws.",skill/competence,OTHER_SKILL,PENDING_REVIEW
SK-000168,SKILL,evaluate marketing content,"Revise, assess, align, and approves marketing material and content defined in the marketing plan. Evaluate written word, images, print or video advertisements, public speeches, and statements in accordance with the marketing objectives.",skill/competence,OTHER_SKILL,PENDING_REVIEW
SK-000169,SKILL,perform dimensionality reduction,"Reduce the number of variables or features for a dataset in machine learning algorithms through methods such as principal component analysis, matrix factorization, autoencoder methods, and others.",skill/competence,OTHER_SKILL,PENDING_REVIEW
SK-000170,SKILL,prepare financial auditing reports,"Compile information on audit findings of financial statements and financial management in order to prepare reports, point out improvement possibilities, and confirm governability.",skill/competence,OTHER_SKILL,PENDING_REVIEW
SK-000171,SKILL,data warehouse,The data storage system that analyses and reports on data such as a data mart.,knowledge,KNOWLEDGE,PENDING_REVIEW
SK-000172,SKILL,manage payroll reports,"Maintain personnel records as well as payroll reports. Record evaluations, promotions or disciplinary actions.",skill/competence,OTHER_SKILL,PENDING_REVIEW
SK-000173,SKILL,XQuery,The computer language XQuery is a query language for retrieval of information from a database and of documents containing the needed information. It is developed by the international standards organisation World Wide Web Consortium.,knowledge,KNOWLEDGE,PENDING_REVIEW
SK-000174,SKILL,ICT security standards,"Best practices and guidelines established for securing information and communication technology (ICT) systems and data. Standards as is the case of ISO 27000 series, provide a framework for implementing effective security controls, including access control, risk assessment and incident management, as well as to provide compliance of anorganisation.",knowledge,KNOWLEDGE,PENDING_REVIEW
SK-000175,SKILL,liaise with financiers,Liaise with people willing to finance the project. Negotiate deals and contracts.,skill/competence,OTHER_SKILL,PENDING_REVIEW
SK-000176,SKILL,Perl,"The techniques and principles of software development, such as analysis, algorithms, coding, testing and compiling of programming paradigms in Perl.",knowledge,PROGRAMMING_LANGUAGE,PENDING_REVIEW
SK-000177,SKILL,demonstrate disciplinary expertise,"Demonstrate deep knowledge and complex understanding of a specific research area, including responsible research, research ethics and scientific integrity principles, privacy and GDPR requirements, related to research activities within a specific discipline.",skill/competence,OTHER_SKILL,PENDING_REVIEW
SK-000178,SKILL,use different communication channels,"Make use of various types of communication channels such as verbal, handwritten, digital and telephonic communication with the purpose of constructing and sharing ideas or information.",skill/competence,OTHER_SKILL,PENDING_REVIEW
SK-000179,SKILL,perform data mining,"Explore large datasets to reveal patterns using statistics, database systems or artificial intelligence and present the information in a comprehensible way.",skill/competence,OTHER_SKILL,PENDING_REVIEW
SK-000180,SKILL,ICT safety,"Personal protection, data protection, digital identity protection, security measures, safe and sustainable use.",,OTHER_SKILL,PENDING_REVIEW
SK-000181,SKILL,Smalltalk (computer programming),"The techniques and principles of software development, such as analysis, algorithms, coding, testing and compiling of programming paradigms in Smalltalk.",knowledge,PROGRAMMING_LANGUAGE,PENDING_REVIEW
SK-000182,SKILL,global standards for sustainability reporting,"The global, standardised reporting framework that enable organisations to quantify and communicate about their environmental, social and governance impact.",knowledge,KNOWLEDGE,PENDING_REVIEW
SK-000183,SKILL,mathematics,"Mathematics is the study of topics such as quantity, structure, space, and change. It involves the identification of patterns and formulating new conjectures based on them. Mathematicians strive to prove the truth or falsity of these conjectures. There are many fields of mathematics, some of which are widely used for practical applications.",knowledge,KNOWLEDGE,PENDING_REVIEW
SK-000184,SKILL,PHP,"The techniques and principles of software development, such as analysis, algorithms, coding, testing and compiling of programming paradigms in PHP.",knowledge,PROGRAMMING_LANGUAGE,PENDING_REVIEW
SK-000185,SKILL,software anomalies,"The deviations of what is standard and exceptional events during software system performance, identification of incidents that can alter the flow and the process of system execution.",knowledge,KNOWLEDGE,PENDING_REVIEW
SK-000186,SKILL,database,"The classification of databases, that includes their purpose, characteristics, terminology, models and use such as XML databases, document-oriented databases and full text databases.",knowledge,KNOWLEDGE,PENDING_REVIEW
SK-000187,SKILL,identify undetected organisational needs,"Use the collected input and information from interviewing stakeholders and analysing organisational documents in order to detect unseen needs and improvements that would support the development of the organisation. Identify the needs of the organisation in terms of staff, equipment, and improvement of operations.",skill/competence,OTHER_SKILL,PENDING_REVIEW
SK-000188,SKILL,respond to incidents in cloud,Troubleshoot issues with the cloud and determine how to restore operations. Design and automate disaster recovery strategies and evaluate a deployment for points of failure.,skill/competence,OTHER_SKILL,PENDING_REVIEW
SK-000189,SKILL,use databases,"Use software tools for managing and organising data in a structured environment which consists of attributes, tables and relationships in order to query and modify the stored data.",skill/competence,OTHER_SKILL,PENDING_REVIEW
SK-000190,SKILL,design wayside signalling interlockings,Design procedures to implement wayside signalling interlockings. Analyse routes and aspect charts and take into account highway crossing warning systems.,skill/competence,OTHER_SKILL,PENDING_REVIEW
SK-000191,SKILL,Xcode,"The computer program Xcode is a suite of software development tools for writing programs, such as compiler, debugger, code editor, code highlights, packaged in a unified user interface. It is developed by the software company Apple.",knowledge,KNOWLEDGE,PENDING_REVIEW
SK-000192,SKILL,image recognition,"A process designed to detect and identify a feature or object in an image or video. This process is used in medical imaging, security surveillance or defect detection, among other fields. Key technique for a wide range of applications such as automated driving, image classification, or visual inspection.",knowledge,KNOWLEDGE,PENDING_REVIEW
SK-000193,SKILL,integrate ICT data,Combine data from sources to provide unified view of the set of these data.,skill/competence,OTHER_SKILL,PENDING_REVIEW
SK-000194,SKILL,communicate with stakeholders,"Facilitate communication between organisations and interested third parties such as suppliers, distributors, shareholders and other stakeholders in order to inform them of the organisation and its objectives.",skill/competence,OTHER_SKILL,PENDING_REVIEW
SK-000195,SKILL,analyse big data,"Collect and evaluate numerical data in large quantities, especially for the purpose of identifying patterns between the data.",skill/competence,OTHER_SKILL,PENDING_REVIEW
SK-000196,SKILL,Assembly (computer programming),"The techniques and principles of software development, such as analysis, algorithms, coding, testing and compiling of programming paradigms in Assembly.",knowledge,PROGRAMMING_LANGUAGE,PENDING_REVIEW
SK-000197,SKILL,analyse pipeline database information,"Retrieve and analyse different types of information extracted from the databases of pipelines companies. Analyse information such as risks, project management KPIs (key performance indicators), goods transportation times, and document back-up processes.",skill/competence,OTHER_SKILL,PENDING_REVIEW
SK-000198,SKILL,software components libraries,"The software packages, modules, web services and resources that cover a set of related functions and the databases where these reusable components can be found.",knowledge,KNOWLEDGE,PENDING_REVIEW
SK-000199,SKILL,provide cost benefit analysis reports,"Prepare, compile and communicate reports with broken down cost analysis on the proposal and budget plans of the company. Analyse the financial or social costs and benefits of a project or investment in advance over a given period of time.",skill/competence,OTHER_SKILL,PENDING_REVIEW
SK-000200,SKILL,data engineering,The process of developing and constructing systems for implementing data collection and analysis at large scale.,knowledge,KNOWLEDGE,PENDING_REVIEW
SK-000201,SKILL,investment banking,The branch of banking that provides services of capital raising and mergers and acquisitions (M&A).,knowledge,KNOWLEDGE,PENDING_REVIEW
SK-000202,SKILL,product usage risks analysis,"The methods to analyse product associated risks, in possible customer environment, their magnitude, consequences and likely outcomes in order to mitigate them by warning messages, safety instructions and maintenance support.",knowledge,KNOWLEDGE,PENDING_REVIEW
SK-000203,SKILL,establish an Information Security Management System,"Design, apply, monitor and review an Information Security Management System (ISMS) that preserves the confidentiality, integrity and availability of information by applying a risk management process, and gives confidence to interested parties regarding the adequate management of such cybersecurity-related risks.",skill/competence,OTHER_SKILL,PENDING_REVIEW
SK-000204,SKILL,recruit employees,"Hire new employees by scoping the job role, advertising, performing interviews and selecting staff in line with company policy and legislation.",skill/competence,OTHER_SKILL,PENDING_REVIEW
SK-000205,SKILL,services marketing,The set of marketing activities for businesses that provide services to improve brand awareness and raise sales. It focuses on intangible commodities.,knowledge,KNOWLEDGE,PENDING_REVIEW
SK-000206,SKILL,handle data samples,Collect and select a set of data from a population by a statistical or other defined procedure.,skill/competence,OTHER_SKILL,PENDING_REVIEW
SK-000207,SKILL,financial statements,"The set of financial records disclosing the financial position of a company at the end of a set period or of the accounting year. The financial statements consisting of five parts which are the statement of financial position, the statement of comprehensive income, the statement of changes in equity (SOCE), the statement of cash flows and notes.",knowledge,KNOWLEDGE,PENDING_REVIEW
SK-000208,SKILL,international financial reporting standards,The set of accounting standards and rules aimed at companies listed in the stock exchange which are required to publish and disclose their financial statements.,knowledge,KNOWLEDGE,PENDING_REVIEW
SK-000209,SKILL,government social security programmes,"The different areas of social security provided by the government, the different rights which citizens have, which benefits are available, the rules which regulate social security and the different situations in which they apply.",knowledge,KNOWLEDGE,PENDING_REVIEW
SK-000210,SKILL,financial forecasting,The tool used in performing fiscal financial management to identify revenue trends and estimated financial conditions.,knowledge,KNOWLEDGE,PENDING_REVIEW
SK-000211,SKILL,use business simulation tools,"Employ software to perform simulations to improve business skills such as business acumen, financial and market analysis and decision making.",skill/competence,OTHER_SKILL,PENDING_REVIEW
SK-000212,SKILL,consultation,"The theories, methods and concepts related to consultation and communication with clients.",knowledge,KNOWLEDGE,PENDING_REVIEW
SK-000213,SKILL,hardware components,"The essential components that make up a hardware system, such as liquid-crystal displays (LCD), camera sensors, microprocessors, memories, modems, batteries and their interconnections.",knowledge,KNOWLEDGE,PENDING_REVIEW
SK-000214,SKILL,C#,"The techniques and principles of software development, such as analysis, algorithms, coding, testing and compiling of programming paradigms in C#.",knowledge,PROGRAMMING_LANGUAGE,PENDING_REVIEW
SK-000215,SKILL,teach in academic or vocational contexts,"Instruct students in the theory and practice of academic or vocational subjects, transferring the content of own and others' research activities.",skill/competence,OTHER_SKILL,PENDING_REVIEW
SK-000216,SKILL,manage profitability,Regularly review sales and profit performance.,skill/competence,OTHER_SKILL,PENDING_REVIEW
SK-000217,SKILL,increase the impact of science on policy and society,Influence evidence-informed policy and decision making by providing scientific input to and maintaining professional relationships with policymakers and other stakeholders.,skill/competence,OTHER_SKILL,PENDING_REVIEW
SK-000218,SKILL,manage ICT data architecture,"Oversee regulations and use ICT techniques to define the information systems architecture and to control data gathering, storing, consolidation, arrangement and usage in an organisation.",skill/competence,OTHER_SKILL,PENDING_REVIEW
SK-000219,SKILL,design cloud networks,"Apply cloud networking concepts and implement connectivity services of cloud. Given customer requirements, define network architectures on cloud, propose optimized designs based on the evaluation of an existing implementation. Evaluate and optimize cost allocations given a network design, its cloud resources, and application data flow.",skill/competence,OTHER_SKILL,PENDING_REVIEW
SK-000220,SKILL,manage project changes,"Manage requested or identified changes to the original project planning, assess the need to implement the changes and communicate them to the different project stakeholders. Update the relevant project documentation.",skill/competence,OTHER_SKILL,PENDING_REVIEW
SK-000221,SKILL,business valuation techniques,"The processes to valuate the worth of the assets of the company and the value of the business following techniques such as asset-based approach, business comparison, and past earnings.",knowledge,KNOWLEDGE,PENDING_REVIEW
SK-000222,SKILL,manage findable accessible interoperable and reusable data,"Produce, describe, store, preserve and (re) use scientific data based on FAIR (Findable, Accessible, Interoperable, and Reusable) principles, making data as open as possible, and as closed as necessary.",skill/competence,OTHER_SKILL,PENDING_REVIEW
SK-000223,SKILL,training subject expertise,"The topic, content and methods of the training, acquired by doing research and following training courses.",knowledge,KNOWLEDGE,PENDING_REVIEW
SK-000224,SKILL,perform scientific research,"Gain, correct or improve knowledge about phenomena by using scientific methods and techniques, based on empirical or measurable observations.",skill/competence,OTHER_SKILL,PENDING_REVIEW
SK-000225,SKILL,attack vectors,"Paths or methods that threat actors use to exploit vulnerabilities in information networks or systems from a concrete organisation and impact its availability, integrity and confidentiality. Attack vectors may include social engineering tactics such as phishing mails or pretexting, technical exploits as SQL injection as well as buffer overflow attacks.",knowledge,KNOWLEDGE,PENDING_REVIEW
SK-000226,SKILL,implement customer follow-up,Implement strategies that ensures post-sale follow up of customer satisfaction or loyalty regarding one's product or service.,skill/competence,OTHER_SKILL,PENDING_REVIEW
SK-000227,SKILL,build recommender systems,Construct recommendation systems based on large data sets using programming languages or computer tools to create a subclass of information filtering system that seeks to predict the rating or preference a user gives to an item.,skill/competence,OTHER_SKILL,PENDING_REVIEW
SK-000228,SKILL,internet governance,"The principles, regulations, norms and programs that shape the evolution and use of internet, such as internet domain names management, registries and registrars, according to ICANN/IANA regulations and recommendations, IP addresses and names, name servers, DNS, TLDs and aspects of IDNs and DNSSEC.",knowledge,KNOWLEDGE,PENDING_REVIEW
SK-000229,SKILL,social media marketing techniques,The marketing methods and strategies used to increase attention and website traffic through social media channels.,knowledge,KNOWLEDGE,PENDING_REVIEW
SK-000230,SKILL,perform data cleansing,"Detect and correct corrupt records from data sets, ensure that the data become and remain structured according to guidelines.",skill/competence,OTHER_SKILL,PENDING_REVIEW
SK-000231,SKILL,R,"The techniques and principles of software development, such as analysis, algorithms, coding, testing and compiling of programming paradigms in R.",knowledge,PROGRAMMING_LANGUAGE,PENDING_REVIEW
SK-000232,SKILL,develop training programmes,Design programmes where employees or future employees are taught the necessary skills for the job or to improve and expand skills for new activities or tasks. Select or design activities aimed at introducing the work and systems or improving the performance of individuals and groups in organisational settings.,skill/competence,OTHER_SKILL,PENDING_REVIEW
SK-000233,SKILL,manage intellectual property rights,Deal with the private legal rights that protect the products of the intellect from unlawful infringement.,skill/competence,OTHER_SKILL,PENDING_REVIEW
SK-000234,SKILL,Groovy,"The techniques and principles of software development, such as analysis, algorithms, coding, testing and compiling of programming paradigms in Groovy.",knowledge,PROGRAMMING_LANGUAGE,PENDING_REVIEW
SK-000235,SKILL,financial management,"The field of finance that concerns the practical process analysis and tools for designating financial resources. It encompasses the structure of businesses, the investment sources, and the value increase of corporations due to managerial decision-making.",knowledge,KNOWLEDGE,PENDING_REVIEW
SK-000236,SKILL,social media management,"The planning, development, and implementation of strategies aimed at managing social media platforms, the publications, the social media management tools, and the image of organisations in them.",knowledge,KNOWLEDGE,PENDING_REVIEW
SK-000237,SKILL,public relations,The practice of managing all aspects of the image and perception of a company or individual among stakeholders and the society at large.,knowledge,KNOWLEDGE,PENDING_REVIEW
SK-000238,SKILL,fraud detection,The techniques used to identify fraudulous activities.,knowledge,KNOWLEDGE,PENDING_REVIEW
SK-000239,SKILL,define data quality criteria,"Specify the criteria by which data quality is measured for business purposes, such as inconsistencies, incompleteness, usability for purpose and accuracy.",skill/competence,OTHER_SKILL,PENDING_REVIEW
SK-000240,SKILL,develop employment policies,"Develop and supervise the implementation of policies which aim to improve employment standards such as working conditions, hours, and pay, as well as reduce unemployment rates.",skill/competence,OTHER_SKILL,PENDING_REVIEW
SK-000241,SKILL,organise participation in local or international events,Apply for and secure a place to participate in local or international exhibitions and competitions.,skill/competence,OTHER_SKILL,PENDING_REVIEW
SK-000242,SKILL,assess candidates,"Evaluate the candidates’ vocational competences, skills and knowledge through tests, interviews, simulations, and evidence of prior learning according to a pre-defined standard or procedure. Formulate summative statements of the displayed competences in comparison to set expectations.",skill/competence,OTHER_SKILL,PENDING_REVIEW
SK-000243,SKILL,analyse business processes,Study the contribution of the work processes to the business goals and monitor their efficiency and productivity.,skill/competence,OTHER_SKILL,PENDING_REVIEW
SK-000244,SKILL,report test findings,"Report test results with a focus on findings and recommendations, differentiating results by levels of severity. Include relevant information from the test plan and outline the test methodologies, using metrics, tables, and visual methods to clarify where needed.",skill/competence,OTHER_SKILL,PENDING_REVIEW
SK-000245,SKILL,use content management system software,"Use software that allows publishing, editing and modifying content as well as maintenance from a central interface.",skill/competence,OTHER_SKILL,PENDING_REVIEW
SK-000246,SKILL,ASP.NET,"The techniques and principles of software development, such as analysis, algorithms, coding, testing and compiling of programming paradigms in ASP.NET.",knowledge,PROGRAMMING_LANGUAGE,PENDING_REVIEW
SK-000247,SKILL,estimate profitability,Take various factors into account to calculate the cost and potential revenues or savings gained from a product in order to evaluate the profit that could be generated by the new acquisition or by a new project.,skill/competence,OTHER_SKILL,PENDING_REVIEW
SK-000248,SKILL,create a financial plan,"Develop a financial plan according to financial and client regulations, including an investor profile, financial advice, and negotiation and transaction plans.",skill/competence,OTHER_SKILL,PENDING_REVIEW
SK-000249,SKILL,manage quantitative data,"Gather, process and present quantitative data. Use the appropriate programs and methods for validating, organising and interpreting data.",skill/competence,OTHER_SKILL,PENDING_REVIEW
SK-000250,SKILL,outplacement,The services provided to employees by organisations and institutions to help them find new employment.,knowledge,KNOWLEDGE,PENDING_REVIEW
SK-000251,SKILL,cyber attack counter-measures,"Methods, technologies and techniques used to defend (detect, monitor and recover) against cyber attacks. These cyber attacks include several attack vectors such as malware, denial of service (DoS) attacks and phishing. Intrusion prevention systems (IPS), firewall, antivirus, intrusion detection systems (IDS), cybersecurity training, backup, Information Security Management System (ISM), multi-factor authentication and employ awareness, are some examples of the methods used.",knowledge,KNOWLEDGE,PENDING_REVIEW
SK-000252,SKILL,APL,"The techniques and principles of software development, such as analysis, algorithms, coding, testing and compiling of programming paradigms in APL.",knowledge,PROGRAMMING_LANGUAGE,PENDING_REVIEW
SK-000253,SKILL,manage distribution channels,Oversee distribution channels with regards to the requirements of customers.,skill/competence,OTHER_SKILL,PENDING_REVIEW
SK-000254,SKILL,hire human resources,"Manage the process of hiring human resources, from identifying potential candidates to assessing the adequacy of their profiles to the vacancy.",skill/competence,OTHER_SKILL,PENDING_REVIEW
SK-000255,SKILL,security threats,"Types of cyber or physical security threats to public and private security such as unauthorised entry, aggressive behaviour, molestation, robbery, theft, hacking, malware, phishing, identity theft, assault, kidnapping, murder and public demonstration.",knowledge,KNOWLEDGE,PENDING_REVIEW
SK-000256,SKILL,scientific computing,"The interdisciplinary field between computer science, mathematics and engineering. It concerns the employment of technical approaches and theoretical frameworks, and the use of computers, to address issues in science and engineering.",knowledge,KNOWLEDGE,PENDING_REVIEW
SK-000257,SKILL,use object-oriented programming,"Utilise specialised ICT tools for programming paradigm based on the concept of objects, which can contain data in the form of fields and code in the form of procedures. Use programming languages which support this method such as JAVA and C++.",skill/competence,PROGRAMMING_PARADIGM,PENDING_REVIEW
SK-000258,SKILL,marketing management,"The academic discipline and function in an organisation which focuses on the market research, market development, and the creation of marketing campaigns to raise awareness on the company's services and products.",knowledge,KNOWLEDGE,PENDING_REVIEW
SK-000259,SKILL,object-oriented modelling,"The object-oriented paradigm, which is based on classes, objects, methods and interfaces and their application in software design and analysis, programming organisation and techniques.",knowledge,KNOWLEDGE,PENDING_REVIEW
SK-000260,SKILL,contract law,"The field of legal principles that govern written agreements between parties concerning the exchange of goods or services, including contractual obligations and termination.",knowledge,KNOWLEDGE,PENDING_REVIEW
SK-000261,SKILL,WebCMS,"The web-based software systems used for creating, editing, publishing and archiving blogs, articles, web pages or press releases which are mostly managed by users with limited web programming knowledge.",knowledge,KNOWLEDGE,PENDING_REVIEW
SK-000262,SKILL,evaluate performance of organisational collaborators,Evaluate the performance and results of managers and employees considering their efficiency and effectivity at work. Consider personal and professional elements.,skill/competence,OTHER_SKILL,PENDING_REVIEW
SK-000263,SKILL,plan software testing,"Create and supervise tests plans. Decide on allocation of resources, tools and techniques. Set testing criteria for balancing incurred risks in case of remaining defects, adapt budgets and plan additional costs.",skill/competence,OTHER_SKILL,PENDING_REVIEW
SK-000264,SKILL,analyse business plans,"Analyse the formal statements from businesses which outline their business goals and the strategies they set in place to meet them, in order to assess the feasibility of the plan and verify the business' ability to meet external requirements such as the repayment of a loan or return of investments.",skill/competence,OTHER_SKILL,PENDING_REVIEW
SK-000265,SKILL,SPARQL,The computer language SPARQL is a query language for retrieval of information from a database and of documents containing the needed information. It is developed by the international standards organisation World Wide Web Consortium.,knowledge,KNOWLEDGE,PENDING_REVIEW
SK-000266,SKILL,use scripting programming,"Utilise specialised ICT tools to create computer code that is interpreted by the corresponding run-time environments in order to extend applications and automate common computer operations. Use programming languages which support this method such as Unix Shell scripts, JavaScript, Python and Ruby.",skill/competence,PROGRAMMING_PARADIGM,PENDING_REVIEW
SK-000267,SKILL,apply for research funding,Identify key relevant funding sources and prepare research grant application in order to obtain funds and grants. Write research proposals.,skill/competence,OTHER_SKILL,PENDING_REVIEW
SK-000268,SKILL,interpret financial statements,"Read, understand, and interpret the key lines and indicators in financial statements. Extract the most important information from financial statements depending on the needs and integrate this information in the development of the department's plans.",skill/competence,OTHER_SKILL,PENDING_REVIEW
SK-000269,SKILL,check accounting records,Revise the accounting records of the quarter and year and ensure that the accounting information reflects with accuracy the financial transactions of the company.,skill/competence,OTHER_SKILL,PENDING_REVIEW
SK-000270,SKILL,develop digital content,"Create and edit digital content in different formats, express oneself through digital means.",skill/competence,OTHER_SKILL,PENDING_REVIEW
SK-000271,SKILL,ICT debugging tools,"The ICT tools used to test and debug programs and software code, such as GNU Debugger (GDB), Intel Debugger (IDB), Microsoft Visual Studio Debugger, Valgrind and WinDbg.",knowledge,KNOWLEDGE,PENDING_REVIEW
SK-000272,SKILL,gather feedback from employees,"Communicate in an open and positive manner in order to assess levels of satisfaction with employees, their outlook on the work environment, and in order to identify problems and devise solutions.",skill/competence,OTHER_SKILL,PENDING_REVIEW
SK-000273,SKILL,ICT capacity planning strategies,"The methods, techniques and ICT tools used for planning the maximum amount of work that an organisation is capable of completing in a given period, based on the number of machines, workers and shifts and taking into account constraints such as quality problems, delays and material handling.",knowledge,KNOWLEDGE,PENDING_REVIEW
SK-000274,SKILL,neuromarketing techniques,A field of marketing which uses medical technologies such as functional Magnetic Resonance Imaging (fMRI) to study the brain’s responses to marketing stimuli.,knowledge,KNOWLEDGE,PENDING_REVIEW
SK-000275,SKILL,prepare financial statements,"Collect, entry, and prepare the set of financial records disclosing the financial position of a company at the end of a certain period or accounting year. The financial statements consisting of five parts which are the statement of financial position, the statement of comprehensive income, the statement of changes in equity (SOCE), the statement of cash flows and notes.",skill/competence,OTHER_SKILL,PENDING_REVIEW
SK-000276,SKILL,store digital data and systems,"Use software tools to archive data by copying and backing them up, in order to ensure their integrity and to prevent data loss.",skill/competence,OTHER_SKILL,PENDING_REVIEW
SK-000277,SKILL,deploy cloud resource,"Identify and execute steps required to provision cloud resources, such as networks, servers, storage, applications, GPUs, and services. Define the cloud global infrastructure and remediate deployment issues.",skill/competence,OTHER_SKILL,PENDING_REVIEW
SK-000278,SKILL,digital data processing,"Identify, locate, retrieve, store, organise and analyse digital information, judging its relevance and purpose.",,OTHER_SKILL,PENDING_REVIEW
SK-000279,SKILL,market entry strategies,"The ways to enter a new market and their implications, namely; exporting via representatives, franchising to third parties, collaborating joint ventures, and opening of fully-owned subsidiaries and flagships.",knowledge,KNOWLEDGE,PENDING_REVIEW
SK-000280,SKILL,business analysis,"The research field which addresses the identification of business needs and problems and the determination of the solutions that would mitigate or prevent the smooth functioning of a business. Business analysis comprises IT solutions, market challenges, policy development and strategic matters.",knowledge,KNOWLEDGE,PENDING_REVIEW
SK-000281,SKILL,online job platforms,Online platforms which display job offers.,knowledge,KNOWLEDGE,PENDING_REVIEW
SK-000282,SKILL,quantitative analysis,The technique of employing statistical and mathematical modelling and measurement to represent a specific reality through numbers.,knowledge,KNOWLEDGE,PENDING_REVIEW
SK-000283,SKILL,Outsourcing model,"The outsourcing model consists of principles and fundamentals of service-oriented modelling for business and software systems that allow the design and specification of service-oriented business systems within a variety of architectural styles, such as enterprise architecture.",knowledge,KNOWLEDGE,PENDING_REVIEW
SK-000284,SKILL,Puppet (tools for software configuration management),"The tool Puppet is a software program to perform configuration identification, control, status accounting and audit.",knowledge,KNOWLEDGE,PENDING_REVIEW
SK-000285,SKILL,use ICT ticketing system,"Utilise a specialised system to track registration, processing and resolution of issues in an organisation by assigning each of these issues a ticket, registering inputs from involved persons, tracking changes and displaying the status of the ticket, until it is completed.",skill/competence,OTHER_SKILL,PENDING_REVIEW
SK-000286,SKILL,evaluate advertising campaign,Assess the performance of the advertising campaign after implementation and conclusion. Check if objectives were met and if the campaign was successful.,skill/competence,OTHER_SKILL,PENDING_REVIEW
SK-000287,SKILL,promote human rights,"Promote and respect human rights and diversity in light of the physical, psychological, spiritual and social needs of autonomous individuals, taking into account their opinions, beliefs and values, and the international and national codes of ethics, as well as the ethical implications of healthcare provision, ensuring their right to privacy and honouring for the confidentiality of healthcare information.",skill/competence,OTHER_SKILL,PENDING_REVIEW
SK-000288,SKILL,manage disaster recovery plans,"Prepare, test and execute, when necessary, a plan of action to retrieve or compensate lost information system data.",skill/competence,OTHER_SKILL,PENDING_REVIEW
SK-000289,SKILL,depreciation,The accounting method of dividing the value of an asset over its useful life for the allocation of cost per fiscal year and in parallel to decrease the value of the asset from the accounts of the company.,knowledge,KNOWLEDGE,PENDING_REVIEW
SK-000290,SKILL,apply social media marketing,"Employ website traffic of social media such as Facebook and Twitter to generate attention and participation of existing and potential customers through discussion forums, web logs, microblogging and social communities for gaining a quick overview or insight into topics and opinions in the social web and handle inbound leads or inquiries.",skill/competence,OTHER_SKILL,PENDING_REVIEW
SK-000291,SKILL,evaluate budgets,"Read budget plans, analyse the expenditures and incomes planned during certain period, and provide judgement on their abidance to the general plans of the company or organism.",skill/competence,OTHER_SKILL,PENDING_REVIEW
SK-000292,SKILL,recruit personnel,Carry out assessment and recruitment of personnel for the production.,skill/competence,OTHER_SKILL,PENDING_REVIEW
SK-000293,SKILL,establish daily priorities,Establish daily priorities for staff personnel; effectively deal with multi-task workload.,skill/competence,OTHER_SKILL,PENDING_REVIEW
SK-000294,SKILL,data visualisation software,"A computer tool or application that creates a graphical and visual representation of data, allowing a better understanding and interpretation of complex data through visual elements such as maps, charts, infographics or graphs.",knowledge,KNOWLEDGE,PENDING_REVIEW
SK-000295,SKILL,create annual marketing budget,"Make the calculation of both the income and expenditures that are expected to be paid over the coming year concerning the marketing related activities such as advertising, selling and delivering products to people.",skill/competence,OTHER_SKILL,PENDING_REVIEW
SK-000296,SKILL,interview people,Interview people in a range of different circumstances.,skill/competence,OTHER_SKILL,PENDING_REVIEW
SK-000297,SKILL,corporate social responsibility,The handling or managing of business processes in a responsible and ethical manner considering the economic responsibility towards shareholders as equally important as the responsibility towards environmental and social stakeholders.,knowledge,KNOWLEDGE,PENDING_REVIEW
SK-000298,SKILL,determine salaries,Determine salaries for employees.,skill/competence,OTHER_SKILL,PENDING_REVIEW
SK-000299,SKILL,approve advertising campaign,"Check all advertising material such as leaflets, websites, television commercials and newspaper ads to make sure they comply with the advertising strategy and customer requirements. Approve the way of distribution.",skill/competence,OTHER_SKILL,PENDING_REVIEW
SK-000300,SKILL,hybrid model,"The hybrid model consists of principles and fundamentals of service-oriented modelling for business and software systems that allow the design and specification of service-oriented business systems within a variety of architectural styles, such as enterprise architecture.",knowledge,KNOWLEDGE,PENDING_REVIEW
SK-000301,SKILL,create media plan,"Determine how, where and when advertisments will be distributed in various media. Decide on consumer target group, area and marketing objectives in order to choose the media platform for advertising.",skill/competence,OTHER_SKILL,PENDING_REVIEW
SK-000302,SKILL,use analytics for commercial purposes,"Understand, extract and make use of patterns found in data. Use analytics to describe consistent happenings in observed samples in order to apply them to commercial plans, strategies, and corporate quests.",skill/competence,OTHER_SKILL,PENDING_REVIEW
SK-000303,SKILL,identify customer's needs,"Use appropriate questions and active listening in order to identify customer expectations, desires and requirements according to product and services.",skill/competence,OTHER_SKILL,PENDING_REVIEW
SK-000304,SKILL,statistical modeling techniques,The approaches for employing statistical analysis to dataset within the data science field. It seeks to elaborate reality predictions through statistical models and explicit assumptions.,knowledge,KNOWLEDGE,PENDING_REVIEW
SK-000305,SKILL,crowdsourcing strategy,"The high level planning for managing and optimising business processes, ideas or content by gathering contributions from a big community of people, including on-line groups.",knowledge,KNOWLEDGE,PENDING_REVIEW
SK-000306,SKILL,information extraction,The techniques and methods used for eliciting and extracting information from unstructured or semi-structured digital documents and sources.,knowledge,KNOWLEDGE,PENDING_REVIEW
SK-000307,SKILL,web programming,"The programming paradigm that is based on combining markup (which adds context and structure to text) and other web programming code, such as AJAX, javascript and PHP, in order to carry out appropriate actions and visualise the content.",knowledge,PROGRAMMING_PARADIGM,PENDING_REVIEW
SK-000308,SKILL,implement ICT risk management,"Develop and implement procedures for identifying, assessing, treating and mitigating ICT risks, such as hacks or data leaks, according to the company's risk strategy, procedures and policies. Analyse and manage security risks and incidents. Recommend measures to improve digital security strategy.",skill/competence,OTHER_SKILL,PENDING_REVIEW
SK-000309,SKILL,STAF,"The tool STAF is a software program to perform configuration identification, control, status accounting and audit.",knowledge,KNOWLEDGE,PENDING_REVIEW
SK-000310,SKILL,ensure equipment availability,"Ensure that the necessary equipment is provided, ready and available for use before start of procedures.",skill/competence,OTHER_SKILL,PENDING_REVIEW
SK-000311,SKILL,advise on communication strategies,"Provide companies and organisations with consulting services concerning their internal and external communication plans and their representation, including their presence online. Recommend improvements in communication and make sure that important information reaches all employees and that their questions are answered.",skill/competence,OTHER_SKILL,PENDING_REVIEW
SK-000312,SKILL,develop automated software tests,"Create software test sets in an automated manner, ​using specialised languages or tools, that can be performed by testing tools in order to save resources, gain efficiency and effectiveness in test execution.",skill/competence,OTHER_SKILL,PENDING_REVIEW
SK-000313,SKILL,audit techniques,"The techniques and methods that support a systematic and independent examination of data, policies, operations and performances using computer-assisted audit tools and techniques (CAATs) such as spreadsheets, databases, statistical analysis and business intelligence software.",knowledge,KNOWLEDGE,PENDING_REVIEW
SK-000314,SKILL,office administration,"The paperwork processes related to the administrative areas of an office environment. The activities or processes may include financial planning, record keeping and billing and managing the general logistics of an organisation.",knowledge,KNOWLEDGE,PENDING_REVIEW
SK-000315,SKILL,create business process models,"Develop formal and informal descriptions of the business processes and the organisational structure by using business process models, notations and tools.",skill/competence,OTHER_SKILL,PENDING_REVIEW
SK-000316,SKILL,develop with cloud services,"Write code that interacts with cloud services by using APIs, SDKs, and cloud CLI. Write code for serverless applications, translate functional requirements into application design, implement application design into application code.",skill/competence,OTHER_SKILL,PENDING_REVIEW
SK-000317,SKILL,Eclipse (integrated development environment software),"The computer program Eclipse is a suite of software development tools for writing programs, such as compiler, debugger, code editor, code highlights, packaged in a unified user interface. It is developed by the Eclipse Foundation.",knowledge,KNOWLEDGE,PENDING_REVIEW
SK-000318,SKILL,design database scheme,"Draft a database scheme by following the Relational Database Management System (RDBMS) rules in order to create a logically arranged group of objects such as tables, columns and processes.",skill/competence,OTHER_SKILL,PENDING_REVIEW
SK-000319,SKILL,apply strategic thinking,"Apply generation and effective application of business insights and possible opportunities, in order to achieve competitive business advantage on a long-term basis.",skill/competence,OTHER_SKILL,PENDING_REVIEW
SK-000320,SKILL,WordPress,"The open-source web-based software systems used for creating, editing, publishing and archiving blogs, articles, web pages or press releases which are mostly managed by users with limited web programming knowledge.",knowledge,KNOWLEDGE,PENDING_REVIEW
SK-000321,SKILL,manage corporate training programmes,Monitor and regulate the coaching courses offered to organisations for developing the skills of their employees.,skill/competence,OTHER_SKILL,PENDING_REVIEW
SK-000322,SKILL,risk management,"The process of identifying, assessing, and prioritising of all types of risks and where they could come from, such as natural causes, legal changes, or uncertainty in any given context, and the methods for dealing with risks effectively.",knowledge,KNOWLEDGE,PENDING_REVIEW
SK-000323,SKILL,security engineering,"Interdisciplinary field of study that focuses on the realisation of secure systems and the technology to protect individuals or information from malice, errors, or unauthorized access. It involves defining security protection requirements, processes, and methods to ensure the resilience of systems and data.",knowledge,KNOWLEDGE,PENDING_REVIEW
SK-000324,SKILL,Ansible,"The tool Ansible is a software program to perform configuration identification, control, status accounting and audit.",knowledge,KNOWLEDGE,PENDING_REVIEW
SK-000325,SKILL,outsourcing strategy,The high level planning for managing and optimising external services of providers to execute business processes.,knowledge,KNOWLEDGE,PENDING_REVIEW
SK-000326,SKILL,ICT system integration,"The principles of integrating ICT components and products from a number of sources to create an operational ICT system, techniques which ensure interoperability and interfaces between components and the system.",knowledge,KNOWLEDGE,PENDING_REVIEW
SK-000327,SKILL,monitor company policy,Monitor the company's policy and propose improvements to the company.,skill/competence,OTHER_SKILL,PENDING_REVIEW
SK-000328,SKILL,conduct online competitive analysis,Assess strengths and weaknesses of current and potential competitors. Analyse competitors' web strategies.,skill/competence,OTHER_SKILL,PENDING_REVIEW
SK-000329,SKILL,facilitate job market access,"Improve the chances of individuals to find a job, by teaching the required qualifications and interpersonal skills, through training and development programs, workshops or employment projects.",skill/competence,OTHER_SKILL,PENDING_REVIEW
SK-000330,SKILL,Prince2 project management,"The PRINCE2 management approach is a methodology for planning, managing and overseeing of ICT resources in order to meet specific goals and using project management ICT tools.",knowledge,KNOWLEDGE,PENDING_REVIEW
SK-000331,SKILL,project management,"The discipline of project management, the activities which comprise this area and the variables implied in it, such as time, resources, requirements, deadlines, and responding to unexpected events.",knowledge,KNOWLEDGE,PENDING_REVIEW
SK-000332,SKILL,negotiate sales contracts,"Come to an agreement between commercial partners with a focus on terms and conditions, specifications, delivery time, price etc.",skill/competence,OTHER_SKILL,PENDING_REVIEW
SK-000333,SKILL,implement data quality processes,"Apply quality analysis, validation and verification techniques on data to check data quality integrity.",skill/competence,OTHER_SKILL,PENDING_REVIEW
SK-000334,SKILL,develop staff,"Lead employees to meet the organisations expectations for productivity, quality and goal accomplishment. Provide effective performance feedback through employee recognition and reward in conjunction with the Human Resources Manager as required.",skill/competence,OTHER_SKILL,PENDING_REVIEW
SK-000335,SKILL,research design,"The set of methods and techniques of research that are used to conduct a study. It includes practical steps in research such as purpose statement, data collection, methodology, and data analysis.",knowledge,KNOWLEDGE,PENDING_REVIEW
SK-000336,SKILL,collect customer feedback on applications,Gather a response and analyse data from customers to identify requests or problems in order to improve applications and overall customer satisfaction.,skill/competence,OTHER_SKILL,PENDING_REVIEW
SK-000337,SKILL,develop ICT test suite,Create a series of test cases to check software behaviour versus specifications. These test cases are then to be used during subsequent testing.,skill/competence,OTHER_SKILL,PENDING_REVIEW
SK-000338,SKILL,evaluate training,"Assess the realisation of the training's learning outcomes and goals, the quality of teaching, and give transparent feedback to the trainers and trainees.",skill/competence,OTHER_SKILL,PENDING_REVIEW
SK-000339,SKILL,maintain privacy of service users,"Respect and maintain the dignity and privacy of the client, protecting his or her confidential information and clearly explaining policies about confidentiality to the client and other parties involved.",skill/competence,OTHER_SKILL,PENDING_REVIEW
SK-000340,SKILL,plan social media marketing campaigns,Plan and implement a marketing campaign on social media.,skill/competence,OTHER_SKILL,PENDING_REVIEW
SK-000341,SKILL,scientific literature,"The medium of informing the scientific community, including academic researchers, about the results of scientific research. It constitutes a permanent and cumulative collection of all the findings of scientific research in various fields and at any point in time.",knowledge,KNOWLEDGE,PENDING_REVIEW
SK-000342,SKILL,analyse consumer buying trends,Analyse buying habits or currently prevalent customer behaviour.,skill/competence,OTHER_SKILL,PENDING_REVIEW
SK-000343,SKILL,online ads campaign techniques,Techniques to plan and implement a marketing campaign on online ads platforms.,knowledge,KNOWLEDGE,PENDING_REVIEW
SK-000344,SKILL,identify policy breach,"Identify instances of non-compliance to set plans and policies in an organisation, and take the appropriate course of action by issuing penalties and outlining the changes which need to be made.",skill/competence,OTHER_SKILL,PENDING_REVIEW
SK-000345,SKILL,tools for ICT test automation,"The specialised software to execute or control tests and compare predicted testing outputs with actual testing results such as Selenium, QTP and LoadRunner.",knowledge,KNOWLEDGE,PENDING_REVIEW
SK-000346,SKILL,use query languages,Retrieve information from a database or information system using computer languages designed for the retrieval of data.,skill/competence,OTHER_SKILL,PENDING_REVIEW
SK-000347,SKILL,maintain a central project repository,Store project files and documents in a central repository accessible to the project manager and to all the project teams. Use available online tools and dedicated software.,skill/competence,OTHER_SKILL,PENDING_REVIEW
SK-000348,SKILL,ICT security legislation,"The set of legislative rules that safeguards information technology, ICT networks and computer systems and legal consequences which result from their misuse. Regulated measures include firewalls, intrusion detection, anti-virus software and encryption.",knowledge,KNOWLEDGE,PENDING_REVIEW
SK-000349,SKILL,liquidity management,The theory and practices around the management of liquidity in a company with the aim of facilitating meeting obligations with thirds parties without compromising the smooth functioning of the company nor incurring in substantial losses.,knowledge,KNOWLEDGE,PENDING_REVIEW
SK-000350,SKILL,use theoretical marketing models,"Interpret different academic theories and models of academic nature and make use of them to create the marketing strategy of the company. Employ strategies such as the 7Ps, the customer lifetime value, and the unique selling proposition (USP).",skill/competence,OTHER_SKILL,PENDING_REVIEW
SK-000351,SKILL,assess character,"Assess how a certain person will react, verbally or physically, in a specific situation or to a specific happening.",skill/competence,OTHER_SKILL,PENDING_REVIEW
SK-000352,SKILL,liaise with advertising agencies,Communicate and cooperate with advertising agencies in transmitting the goals and specifications of the marketing plan. Liaise to develop an advertising and promotional campaign that represent the aim of the marketing plan.,skill/competence,OTHER_SKILL,PENDING_REVIEW
SK-000353,SKILL,provide software testing documentation,Describe software testing procedures to technical team and analysis of test outcomes to users and clients in order to inform them about state and efficiency of software.,skill/competence,OTHER_SKILL,PENDING_REVIEW
SK-000354,SKILL,perform software unit testing,Test single units of source code to determine whether or not they are suitable for use by creating short code fragments.,skill/competence,OTHER_SKILL,PENDING_REVIEW
SK-000355,SKILL,develop software prototype,Create a first incomplete or preliminary version of a piece of software application to simulate some specific aspects of the final product.,skill/competence,OTHER_SKILL,PENDING_REVIEW
SK-000356,SKILL,advise on financial matters,"Consult, advise, and propose solutions with regards to financial management such as acquiring new assets, incurring in investments, and tax efficiency methods.",skill/competence,OTHER_SKILL,PENDING_REVIEW
SK-000357,SKILL,collect ICT data,Gather data by designing and applying search and sampling methods.,skill/competence,OTHER_SKILL,PENDING_REVIEW
SK-000358,SKILL,organisational resilience,"The strategies, methods and techniques that increase the organisation's capacity to protect and sustain the services and operations that fulfil the organisational mission and create lasting values by effectively addressing the combined issues of security, preparedness, risk and disaster recovery.",knowledge,KNOWLEDGE,PENDING_REVIEW
SK-000359,SKILL,monitor technology trends,"Survey and investigate recent trends and developments in technology. Observe and anticipate their evolution, according to current or future market and business conditions.",skill/competence,OTHER_SKILL,PENDING_REVIEW
SK-000360,SKILL,define measurable marketing objectives,"Outline the measurable performance indicators of the marketing plan such as market share, customer value, brand awareness, and sales revenues. Follow up on the progress of these indicators during the development of the marketing plan.",skill/competence,OTHER_SKILL,PENDING_REVIEW
SK-000361,SKILL,set inclusion policies,"Develop and implement plans which aim to create an environment in an organisation which is positive and inclusive of minorities, such as ethnicities, gender identities, and religious minorities.",skill/competence,OTHER_SKILL,PENDING_REVIEW
SK-000362,SKILL,advise client on technical possibilities,"Recommend technical solutions, including systems, to the client within the framework of a project.",skill/competence,OTHER_SKILL,PENDING_REVIEW
SK-000363,SKILL,computer science,"The scientific and practical study that deals with the foundations of information and computation, namely algorithms, data structures, programming, and data architecture. It deals with the practicability, structure and mechanisation of the methodical procedures that manage the acquisition, processing, and access to information.",knowledge,KNOWLEDGE,PENDING_REVIEW
SK-000364,SKILL,organise auditions,"Organise try-outs for actors. Determine when and where the auditions will take place. Send out job ads to talent agencies, newspapers, magazines, and other information sources.",skill/competence,OTHER_SKILL,PENDING_REVIEW
SK-000365,SKILL,use automatic programming,"Utilise specialised software tools to generate computer code from specifications, such as diagrams, structured informations or other means of describing functionality.",skill/competence,PROGRAMMING_PARADIGM,PENDING_REVIEW
SK-000366,SKILL,cost management,"The process of planning, monitoring and adjusting the expenses and revenues of a business in order to achieve cost efficiency and capability.",knowledge,KNOWLEDGE,PENDING_REVIEW
SK-000367,SKILL,execute ICT audits,"Organise and execute audits in order to evaluate ICT systems, compliance of components of systems, information processing systems and information security. Identify and collect potential critical issues and recommend solutions based on required standards and solutions.",skill/competence,OTHER_SKILL,PENDING_REVIEW
SK-000368,SKILL,perform dunning activities,"Send letters or make phone calls to methodically remind individuals about actions they are requested to take by a set deadline. Use a firmer tone as the due date approaches or passes. If there is an automated dunning process, make sure it runs properly.",skill/competence,OTHER_SKILL,PENDING_REVIEW
SK-000369,SKILL,design database in the cloud,"Apply design principles for an adaptive, elastic, automated, loosely coupled databases making use of cloud infrastructure. Aim to remove any single point of failure through distributed database design.",skill/competence,OTHER_SKILL,PENDING_REVIEW
SK-000370,SKILL,statistics,"The study of statistical theory, methods and practices such as collection, organisation, analysis, interpretation and presentation of data. It deals with all aspects of data including the planning of data collection in terms of the design of surveys and experiments in order to forecast and plan work-related activities.",knowledge,KNOWLEDGE,PENDING_REVIEW
SK-000371,SKILL,assessment of risks and threats,The security documentation and any security-related communications and information.,knowledge,KNOWLEDGE,PENDING_REVIEW
SK-000372,SKILL,use communication techniques,Apply techniques of communication which allow interlocutors to better understand each other and communicate accurately in the transmission of messages.,skill/competence,OTHER_SKILL,PENDING_REVIEW
SK-000373,SKILL,project management methodology (PM²),"An open project management methodology developed and endorsed by the European Commission and used by the majority of the European Institutions as well as by public and private organizations and institutions in the EU Member States, which aims to enable project managers to deliver solutions and benefits to their organizations through the effective management of project work. PM² incorporates elements from a wide range of globally accepted project management best practices, described in standards and methodologies, as well as operational experience, primarily from the European Institutions.",knowledge,KNOWLEDGE,PENDING_REVIEW
SK-000374,SKILL,cyber security,"The methods and best practices that protect ICT systems, networks, computers, devices, services, processes and people against unauthorised access, modification and/or denial of service of assets.",knowledge,KNOWLEDGE,PENDING_REVIEW
SK-000375,SKILL,negotiate employment agreements,"Find agreements between employers and potential employees on salary, working conditions and non-statutory benefits.",skill/competence,OTHER_SKILL,PENDING_REVIEW
SK-000376,SKILL,financial capability,"Financial operations such as calculations, cost estimations, budget management taking relevant commercial and statistical data into account such as data for materials, supplies and manpower.",knowledge,KNOWLEDGE,PENDING_REVIEW
SK-000377,SKILL,keep updated on the political landscape,"Read, search, and analyse the political situation of a region as a source of information applicable for different purposes such as information, decision-making, and management, and investments.",skill/competence,OTHER_SKILL,PENDING_REVIEW
SK-000378,SKILL,use word processing software,"Use computer software applications for composition, editing, formatting, and printing of any sort of written material.",skill/competence,OTHER_SKILL,PENDING_REVIEW
SK-000379,SKILL,use back-up and recovery tools,"Use tools which allow users to copy and archive computer software, configurations and data and recover them in case of loss.",skill/competence,OTHER_SKILL,PENDING_REVIEW
SK-000380,SKILL,conduct quantitative research,"Execute a systematic empirical investigation of observable phenomena via statistical, mathematical or computational techniques.",skill/competence,OTHER_SKILL,PENDING_REVIEW
SK-000381,SKILL,service-oriented modelling,"The principles and fundamentals of service-oriented modelling for business and software systems that allow the design and specification of service-oriented business systems within a variety of architectural styles, such as enterprise architecture and application architecture.",knowledge,KNOWLEDGE,PENDING_REVIEW
SK-000382,SKILL,innovate in ICT,"Create and describe new original research and innovation ideas within the field of information and communication technologies, compare to the emerging technologies and trends and plan the development of new ideas.",skill/competence,OTHER_SKILL,PENDING_REVIEW
SK-000383,SKILL,apply research ethics and scientific integrity principles in research activities,"Apply fundamental ethical principles and legislation to scientific research, including issues of research integrity. Perform, review, or report research avoiding misconducts such as fabrication, falsification, and plagiarism.",skill/competence,OTHER_SKILL,PENDING_REVIEW
SK-000384,SKILL,remove computer virus or malware from a computer,Carry out actions to remove computer viruses or other types of malware from a computer.,skill/competence,OTHER_SKILL,PENDING_REVIEW
SK-000385,SKILL,Microsoft Visual C++,"The computer program Visual C++ is a suite of software development tools for writing programs, such as compiler, debugger, code editor, code highlights, packaged in a unified user interface. It is developed by the software company Microsoft.",knowledge,KNOWLEDGE,PENDING_REVIEW
SK-000386,SKILL,follow the statutory obligations,"Understand, abide by, and apply the statutory obligations of the company in the daily performance of the job.",skill/competence,OTHER_SKILL,PENDING_REVIEW
SK-000387,SKILL,develop ICT device driver,Create a software program that controls the working of an ICT device and its interaction with other applications.,skill/competence,OTHER_SKILL,PENDING_REVIEW
SK-000388,SKILL,interpret technical texts,"Read and understand technical texts that provide information on how to perform a task, usually explained in steps.",skill/competence,OTHER_SKILL,PENDING_REVIEW
SK-000389,SKILL,levels of software testing,"The levels of testing in the software development process, such as unit testing, integration testing, system testing and acceptance testing.",knowledge,KNOWLEDGE,PENDING_REVIEW
SK-000390,SKILL,TypeScript,"The techniques and principles of software development, such as analysis, algorithms, coding, testing and compiling of programming paradigms in TypeScript.",knowledge,PROGRAMMING_LANGUAGE,PENDING_REVIEW
SK-000391,SKILL,World Wide Web Consortium standards,"The standards, technical specifications and guidelines developed by the international organisation World Wide Web Consortium (W3C) which allow the design and development of web applications.",knowledge,KNOWLEDGE,PENDING_REVIEW
SK-000392,SKILL,promote open innovation in research,"Apply techniques, models, methods and strategies which contribute to the promotion of steps towards innovation through collaboration with people and organizations outside the organisation.",skill/competence,OTHER_SKILL,PENDING_REVIEW
SK-000393,SKILL,risk identification,"The different types of risk and the related classification criteria such as their nature and scope, the activity to which they relate, their causes and consequences and their financing.",knowledge,KNOWLEDGE,PENDING_REVIEW
SK-000394,SKILL,market research,"The processes, techniques, and purposes comprised in the first step for developing marketing strategies such as the collection of information about customers and the definition of segments and targets.",knowledge,KNOWLEDGE,PENDING_REVIEW
SK-000395,SKILL,JSSS,"The computer language JSSS is a style sheet language that conveys the presentation of structured documents. These documents have to adhere to style sheets, a set of stylistic rules such as font, color and layout.",knowledge,KNOWLEDGE,PENDING_REVIEW
SK-000396,SKILL,negotiate with stakeholders,"Negotiate compromises with stakeholders and strive to reach the most beneficial agreements for the company. May involve building relationships with suppliers and customers, as well as ensuring products are profitable.",skill/competence,OTHER_SKILL,PENDING_REVIEW
SK-000397,SKILL,personnel management,"The methodologies and procedures involved in the hiring and development of employees in order to ensure value for the organisation, as well as personnel needs, benefits, conflict resolution and ensuring a positive corporate climate.",knowledge,KNOWLEDGE,PENDING_REVIEW
SK-000398,SKILL,discharge employees,Dismiss employees from their job.,skill/competence,OTHER_SKILL,PENDING_REVIEW
SK-000399,SKILL,measure customer feedback,Evaluate customer's comments in order to find out whether customers feel satisfied or dissatisfied with the product or service.,skill/competence,OTHER_SKILL,PENDING_REVIEW
SK-000400,SKILL,analyse financial performance of a company,"Analyse the performance of the company in financial matters in order to identify improvement actions that could increase profit, based on accounts, records, financial statements and external information of the market.",skill/competence,OTHER_SKILL,PENDING_REVIEW
SK-000401,SKILL,total quality control,"The quality control philosophy that expects each part to be of top quality, without any tolerance for subpar materials or methods. The mindset of striving to deliver top quality work without compromises.",knowledge,KNOWLEDGE,PENDING_REVIEW
SK-000402,SKILL,game theory,"The study of mathematical models of strategic decisions among stakeholders. It has applications in all fields of social science, as well as in systems science, computer science and logic. Essential concepts are the Nash Equilibrium and the Prisoner's Dilemma.",knowledge,KNOWLEDGE,PENDING_REVIEW
SK-000403,SKILL,promote employment policy,"Promote the development and implementation of policies which aim to improve employment standards, and reduce unemployment rates, in order to acquire governmental and public support.",skill/competence,OTHER_SKILL,PENDING_REVIEW
SK-000404,SKILL,evaluate employees,Analyse employees' individual performances over a certain time span and communicate your conclusions to the employee in question or higher management. Evaluate achievements of staff members.,skill/competence,OTHER_SKILL,PENDING_REVIEW
SK-000405,SKILL,use software libraries,Utilise collections of codes and software packages which capture frequently used routines to help programmers simplify their work.,skill/competence,OTHER_SKILL,PENDING_REVIEW
SK-000406,SKILL,set organisational policies,"Participate in setting organisational policies that cover issues such as participant eligibility, program requirements, and program benefits for the service users.",skill/competence,OTHER_SKILL,PENDING_REVIEW
SK-000407,SKILL,advise on efficiency improvements,Analyse information and details of processes and products in order to advise on possible efficiency improvements that could be implemented and would signify a better use of resources.,skill/competence,OTHER_SKILL,PENDING_REVIEW
SK-000408,SKILL,monitor legislation developments,"Monitor changes in rules, policies and legislation, and identify how they may influence the organisation, existing operations, or a specific case or situation.",skill/competence,OTHER_SKILL,PENDING_REVIEW
SK-000409,SKILL,types of pensions,"The types of monthly sums paid to someone in retirement, such as employment-based pensions, social and state pensions, disability pensions and private pensions.",knowledge,KNOWLEDGE,PENDING_REVIEW
SK-000410,SKILL,develop creative ideas,Developing new artistic concepts and creative ideas.,skill/competence,OTHER_SKILL,PENDING_REVIEW
SK-000411,SKILL,observe confidentiality,Observe the set of rules establishing the nondisclosure of information except to another authorised person.,skill/competence,OTHER_SKILL,PENDING_REVIEW
SK-000412,SKILL,quality standards,"The national and international requirements, specifications and guidelines to ensure that products, services and processes are of good quality and fit for purpose.",knowledge,KNOWLEDGE,PENDING_REVIEW
SK-000413,SKILL,track key performance indicators,"Identify the quantifiable measures that a company or industry uses to gauge or compare performance in terms of meeting their operational and strategic goals, using preset performance indicators.",skill/competence,OTHER_SKILL,PENDING_REVIEW
SK-000414,SKILL,manage tests,"Develop, administer and evaluate a specific set of tests relevant to the organisation's activities and customers.",skill/competence,OTHER_SKILL,PENDING_REVIEW
SK-000415,SKILL,maintain professional administration,"File and organise professional administration documents comprehensively, keep customer records, fill in forms or log books and prepare documents about company-related matter.",skill/competence,OTHER_SKILL,PENDING_REVIEW
SK-000416,SKILL,cloud monitoring and reporting,"The metrics and alarms utilizing cloud monitoring services, in particular performance and availability metrics.",knowledge,KNOWLEDGE,PENDING_REVIEW
SK-000417,SKILL,digital curation,"The field that deals with maintaining, preserving and adding value to digital research.",knowledge,KNOWLEDGE,PENDING_REVIEW
SK-000418,SKILL,create flowchart diagram,Compose a diagram that illustrates systematic progress through a procedure or system using connecting lines and a set of symbols.,skill/competence,OTHER_SKILL,PENDING_REVIEW
SK-000419,SKILL,supervise daily information operations,Direct daily operations of different units. Coordinate program/project activities to assure the respect of costs and time.,skill/competence,OTHER_SKILL,PENDING_REVIEW
SK-000420,SKILL,web application security threats,"The attacks, vectors, emergent threats on websites, web applications and web services, the rankings of their severity identified by dedicated communities such as OWASP.",knowledge,KNOWLEDGE,PENDING_REVIEW
SK-000421,SKILL,coordinate marketing plan actions,"Manage the overview of the marketing actions such as the marketing planning, internal financial resource granting, advertising materials, implementation, control, and communication efforts.",skill/competence,OTHER_SKILL,PENDING_REVIEW
SK-000422,SKILL,create data sets,Generate a collection of new or existing related data sets that are made up out of separate elements but can be manipulated as one unit.,skill/competence,OTHER_SKILL,PENDING_REVIEW
SK-000423,SKILL,fix meetings,Fix and schedule professional appointments or meetings for clients or superiors.,skill/competence,OTHER_SKILL,PENDING_REVIEW
SK-000424,SKILL,advise on conflict management,"Advise private or public organisations on monitoring possible conflict risk and development, and on conflict resolution methods specific to the identified conflicts.",skill/competence,OTHER_SKILL,PENDING_REVIEW
SK-000425,SKILL,execute software tests,"Perform tests to ensure that a software product will perform flawlessly under the specified customer requirements and identify software defects (bugs) and malfunctions, using specialised software tools and testing techniques.",skill/competence,OTHER_SKILL,PENDING_REVIEW
SK-000426,SKILL,analyse internal factors of companies,"Research and understand various internal factors that influence the operation of companies such as its culture, strategic foundation, products, prices, and available resources.",skill/competence,OTHER_SKILL,PENDING_REVIEW
SK-000427,SKILL,write work-related reports,Compose work-related reports that support effective relationship management and a high standard of documentation and record keeping. Write and present results and conclusions in a clear and intelligible way so they are comprehensible to a non-expert audience.,skill/competence,OTHER_SKILL,PENDING_REVIEW
SK-000428,SKILL,brand marketing techniques,The methods and systems used in researching and establishing a brand identity for marketing purposes.,knowledge,KNOWLEDGE,PENDING_REVIEW
SK-000429,SKILL,integrated development environment software,"The suite of software development tools for writing programs, such as compiler, debugger, code editor, code highlights, packaged in a unified user interface, such as Visual Studio or Eclipse.",knowledge,KNOWLEDGE,PENDING_REVIEW
SK-000430,SKILL,manage contracts,"Negotiate the terms, conditions, costs and other specifications of a contract while making sure they comply with legal requirements and are legally enforceable. Oversee the execution of the contract, agree on and document any changes in line with any legal limitations.",skill/competence,OTHER_SKILL,PENDING_REVIEW
SK-000431,SKILL,prepare for job interview,"Make someone ready to deal with job interviews, by advising on communication, body language and appearance, going through frequently asked questions, and identifying personal and professional strengths and weaknesses.",skill/competence,OTHER_SKILL,PENDING_REVIEW
SK-000432,SKILL,administer appointments,"Accept, schedule and cancel appointments.",skill/competence,OTHER_SKILL,PENDING_REVIEW
SK-000433,SKILL,information categorisation,The process of classifying the information into categories and showing relationships between the data for some clearly defined purposes.,knowledge,KNOWLEDGE,PENDING_REVIEW
SK-000434,SKILL,web based collaborative platforms,Online tools which facilitate communication and collaboration among Internet users in real time. Platforms with a range of functionalities created to facilitate organisational team work or promote productive workflow among other features.,knowledge,KNOWLEDGE,PENDING_REVIEW
SK-000435,SKILL,ICT project management,"The methodologies for the planning, implementation, review and follow-up of ICT projects, such as the development, integration, modification and sales of ICT products and services, as well as projects relating technological innovation in the field of ICT.",knowledge,KNOWLEDGE,PENDING_REVIEW
SK-000436,SKILL,coordinate educational programmes,"Plan and coordinate educational and public outreach programs such as workshops, tours, lectures and classes.",skill/competence,OTHER_SKILL,PENDING_REVIEW
SK-000437,SKILL,manage logistics,"Create logistic framework for transporting goods to customers and for receiving returns, execute and follow up the logistics processes and guidelines. Adapt the production processes to the contingencies and constraints of the medium.",skill/competence,OTHER_SKILL,PENDING_REVIEW
SK-000438,SKILL,supervise staff,"Oversee the selection, training, performance and motivation of staff.",skill/competence,OTHER_SKILL,PENDING_REVIEW
SK-000439,SKILL,apply risk management processes,"Identify risks and apply a risk management process, e.g. hazard analysis and critical control points (HACCP).",skill/competence,OTHER_SKILL,PENDING_REVIEW
SK-000440,SKILL,calculate dividends,"Calculate the payments made by corporations as distribution of their profit to the shareholders, ensuring that the shareholders receive the correct amount in the correct format, meaning in monetary payouts via deposits or via the issuing of further shares or share repurchase.",skill/competence,OTHER_SKILL,PENDING_REVIEW
SK-000441,SKILL,analyse the context of an organisation,Study the external and internal environment of an organisation by identifying its strengths and weaknesses in order to provide a base for company strategies and further planning.,skill/competence,OTHER_SKILL,PENDING_REVIEW
SK-000442,SKILL,publish academic research,"Conduct academic research, in universities and research institutions, or on a personal account, publish it in books or academic journals with the aim of contributing to a field of expertise and achieving personal academic accreditation.",skill/competence,OTHER_SKILL,PENDING_REVIEW
SK-000443,SKILL,employment law,The law which mediates the relationship between employees and employers. It concerns employees' rights at work which are binding by the work contract.,knowledge,KNOWLEDGE,PENDING_REVIEW
SK-000444,SKILL,data analytics,The science of analysing and making decisions based on raw data collected from various sources. Includes knowledge of techniques using algorithms that derive insights or trends from that data to support decision-making processes.,knowledge,KNOWLEDGE,PENDING_REVIEW
SK-000445,SKILL,business process modelling,"The tools, methods and notations such as Business Process Model and Notation (BPMN) and Business Process Execution Language (BPEL), used to describe and analyse the characteristics of a business process and model its further development.",knowledge,KNOWLEDGE,PENDING_REVIEW
SK-000446,SKILL,promote the transfer of knowledge,"Deploy broad awareness of processes of knowledge valorisation aimed to maximise the two–way flow of technology, intellectual property, expertise and capability between the research base and industry or the public sector.",skill/competence,OTHER_SKILL,PENDING_REVIEW
SK-000447,SKILL,business analytics,The disciplines and technologies for solving business problems through employing quantitative methods such as data analysis and statistical models.,knowledge,KNOWLEDGE,PENDING_REVIEW
SK-000448,SKILL,resource description framework query language,The query languages such as SPARQL which are used to retrieve and manipulate data stored in Resource Description Framework format (RDF).,knowledge,SOFTWARE_OR_TOOL,PENDING_REVIEW
SK-000449,SKILL,CoffeeScript,"The techniques and principles of software development, such as analysis, algorithms, coding, testing and compiling of programming paradigms in CoffeeScript.",knowledge,PROGRAMMING_LANGUAGE,PENDING_REVIEW
SK-000450,SKILL,calculate compensation payments,"Calculate the amount due by the insurance company in case of a legitimate claim, authorise the financial transfer and address reclamations to other insurance companies if needed.",skill/competence,OTHER_SKILL,PENDING_REVIEW
SK-000451,SKILL,financial analysis,"The process of assessing the financial possibilities, means, and status of an organisation or individual by analysing financial statements and reports in order to make well informed business or financial decisions.",knowledge,KNOWLEDGE,PENDING_REVIEW
SK-000452,SKILL,Objective-C,"The techniques and principles of software development, such as analysis, algorithms, coding, testing and compiling of programming paradigms in Objective-C.",knowledge,PROGRAMMING_LANGUAGE,PENDING_REVIEW
SK-000453,SKILL,perform PESTEL analysis,"Analyse political, economic, social, technological, environmental and legal factors to identify the external aspects that influence an organisation, and therefore, could have an impact on the objectives, planning or execution of projects.",skill/competence,OTHER_SKILL,PENDING_REVIEW
SK-000454,SKILL,accounting entries,"The financial transactions recorded in accounting systems or books of a company together with the metadata linked to the entry such as the date, the amount, the accounts affected, and a description of the transaction.",knowledge,KNOWLEDGE,PENDING_REVIEW
SK-000455,SKILL,engage with stakeholders,"Use a variety of processes that result in mutually negotiated agreements, shared understandings and consensus building. Build partnerships within the work context.",skill/competence,OTHER_SKILL,PENDING_REVIEW
SK-000456,SKILL,think abstractly,"Demonstrate the ability to use concepts in order to make and understand generalisations, and relate or connect them to other items, events, or experiences.",skill/competence,OTHER_SKILL,PENDING_REVIEW
SK-000457,SKILL,channel marketing,"The strategies and practices, including channel sales, that involve distributing products directly and indirectly through partners in order to bring the products to the end consumer.",knowledge,KNOWLEDGE,PENDING_REVIEW
SK-000458,SKILL,JavaScript Framework,"The JavaScript software development environments which provide specific features and components ( such as HTML generation tools, Canvas support or Visual design) that support and guide JavaScript web applications development.",knowledge,SOFTWARE_OR_TOOL,PENDING_REVIEW
SK-000459,SKILL,quantity surveying,"The process of estimating, planning and monitoring the costs of construction for buildings within large construction projects. It means the efficient and effective utilisation of resources and includes aspects of risk analysis as well as tender evaluation and public procurement.",knowledge,KNOWLEDGE,PENDING_REVIEW
SK-000460,SKILL,plan marketing campaigns,"Develop a method to promote a product through different channels, such as television, radio, print and online platforms, social media with the aim to communicate and deliver value to customers.",skill/competence,OTHER_SKILL,PENDING_REVIEW
SK-000461,SKILL,query languages,The field of standardised computer languages for retrieval of information from a database and of documents containing the needed information.,knowledge,KNOWLEDGE,PENDING_REVIEW
SK-000462,SKILL,conduct ICT code review,Examine and review systematically computer source code to identify errors in any stage of development and to improve the overall software quality.,skill/competence,OTHER_SKILL,PENDING_REVIEW
SK-000463,SKILL,tools for software configuration management,"The software programs to perform configuration identification, control, status accounting and audit, such as CVS, ClearCase, Subversion, GIT and TortoiseSVN perform this management.",knowledge,KNOWLEDGE,PENDING_REVIEW
SK-000464,SKILL,liaise with colleagues,Liaise with fellow colleagues to ensure common understanding on work related affairs and agree on the necessary compromises the parties might need to face. Negotiate compromises between parties as to ensure that work in general run efficiently towards the achievement of the objectives.,skill/competence,OTHER_SKILL,PENDING_REVIEW
SK-000465,SKILL,create a work atmosphere of continuous improvement,"Work with management practices such as continuous improvement, preventive maintenance. Pay attention to problem solving and teamwork principles. Empower teams to identify opportunities and then drive the process to improve the results.",skill/competence,OTHER_SKILL,PENDING_REVIEW
SK-000466,SKILL,manage payroll,"Manage and be responsible for employees receiving their wages, review salaries and benefit plans and advise management on payroll and other employment conditions.",skill/competence,OTHER_SKILL,PENDING_REVIEW
SK-000467,SKILL,find a replacement for stage manager,Take over tasks from the stage manager as required. Indicate key standby moments. Indicate when the house is open. Confirm that the performers are in position. Indicate the start of the performance. Indicate the entrances and exits of scenery elements when necessary.,skill/competence,OTHER_SKILL,PENDING_REVIEW
SK-000468,SKILL,solve ICT system problems,"Identify potential component malfunctions. Monitor, document and communicate about incidents. Deploy appropriate resources with minimal outage and deploy appropriate diagnostic tools.",skill/competence,OTHER_SKILL,PENDING_REVIEW
SK-000469,SKILL,business processes,"Processes which an organisation applies to improve efficiency, set new objectives and reach goals in a profitable and timely manner.",knowledge,KNOWLEDGE,PENDING_REVIEW
SK-000470,SKILL,database development tools,"The methodologies and tools used for creating logical and physical structure of databases, such as logical data structures, diagrams, modelling methodologies and entity-relationships.",knowledge,KNOWLEDGE,PENDING_REVIEW
SK-000471,SKILL,provide advice on breaches of regulation,Advise on preventive and corrective actions; correct any breaches of or non-compliance with legal regulations.,skill/competence,OTHER_SKILL,PENDING_REVIEW
SK-000472,SKILL,multidisciplinary research,The research technique where a common issue is investigated using approaches from different disciplines with the aim of finding a comprehensive solution to it.,knowledge,KNOWLEDGE,PENDING_REVIEW
SK-000473,SKILL,manage data,"Administer all types of data resources through their lifecycle by performing data profiling, parsing, standardisation, identity resolution, cleansing, enhancement and auditing. Ensure the data is fit for purpose, using specialised ICT tools to fulfil the data quality criteria.",skill/competence,OTHER_SKILL,PENDING_REVIEW
SK-000474,SKILL,conduct search engine optimisation,"Execute optimal marketing research and strategies on search engine processes, also known as search engine marketing (SEM), in order to increase online traffic and website exposure.",skill/competence,OTHER_SKILL,PENDING_REVIEW
SK-000475,SKILL,apply knowledge of human behaviour,"Practice principles related to group behaviour, trends in society, and influence of societal dynamics.",skill/competence,OTHER_SKILL,PENDING_REVIEW
SK-000476,SKILL,listen actively,"Give attention to what other people say, patiently understand points being made, asking questions as appropriate, and not interrupting at inappropriate times; able to listen carefully the needs of customers, clients, passengers, service users or others, and provide solutions accordingly.",skill/competence,OTHER_SKILL,PENDING_REVIEW
SK-000477,SKILL,healthcare analytics,"The use of qualitative and quantitative methods to analyse patterns in healthcare data to the aim of improving healthcare administration, quality in patient care and diseases diagnosis.",knowledge,KNOWLEDGE,PENDING_REVIEW
SK-000478,SKILL,ICT problem management techniques,The techniques related to identifying the solutions of the root cause of ICT incidents.,knowledge,KNOWLEDGE,PENDING_REVIEW
SK-000479,SKILL,web strategy assessment,Techniques for conducting a deep analysis of a company's web presence.,knowledge,KNOWLEDGE,PENDING_REVIEW
SK-000480,SKILL,plan events,"Plan programmes, agendas, budgets, and services of an event according to customers' requirements.",skill/competence,OTHER_SKILL,PENDING_REVIEW
SK-000481,SKILL,ML (computer programming),"The techniques and principles of software development, such as analysis, algorithms, coding, testing and compiling of programming paradigms in ML.",knowledge,PROGRAMMING_LANGUAGE,PENDING_REVIEW
SK-000482,SKILL,IBM WebSphere,The application server IBM WebSphere provides flexible and secure Java EE runtime environments to support application infrastructure and deployments.,knowledge,KNOWLEDGE,PENDING_REVIEW
SK-000483,SKILL,calculate employee benefits,"Calculate the benefits which the people connected to the organisation are entitled to, such as employees or retired people, using the information of the person and the interplay between governmental benefits and benefits obtained through for example employment.",skill/competence,OTHER_SKILL,PENDING_REVIEW
SK-000484,SKILL,information confidentiality,"The mechanisms and regulations which allow for selective access control and guarantee that only authorised parties (people, processes, systems and devices) have access to data, the way to comply with confidential information and the risks of non-compliance.",knowledge,KNOWLEDGE,PENDING_REVIEW
SK-000485,SKILL,manage sub-contract labour,Oversee work and the labourers hired to carry out part or all of the responsibilities of someone else's contract.,skill/competence,OTHER_SKILL,PENDING_REVIEW
SK-000486,SKILL,LDAP,The computer language LDAP is a query language for retrieval of information from a database and of documents containing the needed information.,knowledge,KNOWLEDGE,PENDING_REVIEW
SK-000487,SKILL,mentor individuals,"Mentor individuals by providing emotional support, sharing experiences and giving advice to the individual to help them in their personal development, as well as adapting the support to the specific needs of the individual and heeding their requests and expectations.",skill/competence,OTHER_SKILL,PENDING_REVIEW
SK-000488,SKILL,teamwork principles,"The cooperation between people characterised by a unified commitment to achieving a given goal, participating equally, maintaining open communication, facilitating effective usage of ideas etc.",knowledge,KNOWLEDGE,PENDING_REVIEW
SK-000489,SKILL,data storage,"The physical and technical concepts of how digital data storage is organised in specific schemes both locally, such as hard-drives and random-access memories (RAM) and remotely, via network, internet or cloud.",knowledge,KNOWLEDGE,PENDING_REVIEW
SK-000490,SKILL,develop online community plan,"Create the community's plan to grow the online community, build usage, retain recent users and increase the user's participation.",skill/competence,OTHER_SKILL,PENDING_REVIEW
SK-000491,SKILL,manage data collection systems,"Develop and manage methods and strategies used to maximise data quality and statistical efficiency in the collection of data, in order to ensure the gathered data are optimised for further processing.",skill/competence,OTHER_SKILL,PENDING_REVIEW
SK-000492,SKILL,legal requirements of ICT products,The international regulations related to the development and use of ICT products.,knowledge,KNOWLEDGE,PENDING_REVIEW
SK-000493,SKILL,interact with users to gather requirements,Communicate with users to identify their requirements and collect them. Define all relevant user requirements and document them in an understandable and logical way for further analysis and specification.,skill/competence,OTHER_SKILL,PENDING_REVIEW
SK-000494,SKILL,manage personal professional development,Take responsibility for lifelong learning and continuous professional development. Engage in learning to support and update professional competence. Identify priority areas for professional development based on reflection about own practice and through contact with peers and stakeholders. Pursue a cycle of self-improvement and develop credible career plans.,skill/competence,OTHER_SKILL,PENDING_REVIEW
SK-000495,SKILL,shape corporate culture,"Observe and define the elements in the corporate culture of a company in order to reinforce, integrate and shape further the codes, values, beliefs and behaviours aligned with the company's aims.",skill/competence,OTHER_SKILL,PENDING_REVIEW
SK-000496,SKILL,advise on public finance,"Advise public organisations such as governmental organisations on their financial operations and procedures, to ensure optimal efficiency.",skill/competence,OTHER_SKILL,PENDING_REVIEW
SK-000497,SKILL,impart business plans to collaborators,"Diffuse, present, and communicate business plans and strategies to managers, employees making sure that objectives, actions, and important messages are properly conveyed.",skill/competence,OTHER_SKILL,PENDING_REVIEW
SK-000498,SKILL,integrate marketing strategies with the global strategy,"Integrate the marketing strategy and its elements such as the market definition, competitors, price strategy, and communication with the general guidelines of the global strategy of the company.",skill/competence,OTHER_SKILL,PENDING_REVIEW
SK-000499,SKILL,database management systems,"The tools for creating, updating and managing databases, such as Oracle, MySQL and Microsoft SQL Server.",knowledge,KNOWLEDGE,PENDING_REVIEW
SK-000500,SKILL,principles of insurance,"The understanding of the principles of insurance, including third party liability, stock and facilities.",knowledge,KNOWLEDGE,PENDING_REVIEW
SK-000501,SKILL,advertising techniques,"The communication strategies intended to persuade or encourage an audience, and the different media which are used to achieve this goal.",knowledge,KNOWLEDGE,PENDING_REVIEW
SK-000502,SKILL,augmented reality,"The process of adding diverse digital content (such as images, 3D objects, etc) on surfaces that exist in the real world. The user can interact in real-time with the technology by using devices such as mobile phones.",knowledge,KNOWLEDGE,PENDING_REVIEW
SK-000503,SKILL,manage content development projects,"Plan and implement the creation, delivery and management of digital or printed content, develop a system that describes the entire editorial content development and publishing process and use ICT tools to support the process.",skill/competence,OTHER_SKILL,PENDING_REVIEW
SK-000504,SKILL,implement a virtual private network,"Create an encrypted connection between private networks, such as different local networks of a company, over the internet to ensure that only authorized users can access it and that the data cannot be intercepted.",skill/competence,OTHER_SKILL,PENDING_REVIEW
SK-000505,SKILL,coordinate technological activities,Give instructions to colleagues and other cooperating parties in order to reach the desired outcome of a technological project or achieve set goals within an organisation dealing with technology.,skill/competence,OTHER_SKILL,PENDING_REVIEW
SK-000506,SKILL,evaluate interview reports,Assess the quality and plausibility of the interview results on the basis of the documentation while taking various factors into account such as the weighting scale.,skill/competence,OTHER_SKILL,PENDING_REVIEW
SK-000507,SKILL,SPARK,The Java micro framework software development environment which provide specific features and components that support and guide web applications development.,knowledge,KNOWLEDGE,PENDING_REVIEW
SK-000508,SKILL,coordinate operational activities,Synchronise activities and responsibilities of the operational staff to ensure that the resources of an organisation are used most efficiently in pursuit of the specified objectives.,skill/competence,OTHER_SKILL,PENDING_REVIEW
SK-000509,SKILL,market analysis,The field of market analysis and research and its particular research methods.,knowledge,KNOWLEDGE,PENDING_REVIEW
SK-000510,SKILL,personal reflection techniques based on feedback,"Self-evaluation and reflection processes based on 360-degree feedback from subordinates, colleagues, and supervisors that support personal and professional growth.",knowledge,KNOWLEDGE,PENDING_REVIEW
SK-000511,SKILL,analyse business requirements,Study clients' needs and expectations for a product or service in order to identify and resolve inconsistencies and possible disagreements of involved stakeholders.,skill/competence,OTHER_SKILL,PENDING_REVIEW
SK-000512,SKILL,content marketing strategy,The process of creation and share of media and publishing content in order to acquire customers.,knowledge,KNOWLEDGE,PENDING_REVIEW
SK-000513,SKILL,online analytical processing,"The online tools which analyse, aggregate and present multi-dimensional data enabling users to interactively and selectively extract and view data from specific points of view.",knowledge,KNOWLEDGE,PENDING_REVIEW
SK-000514,SKILL,ICT system programming,"The methods and tools required to develop system software, specifications of system architectures and interfacing techniques between network and system modules and components.",knowledge,KNOWLEDGE,PENDING_REVIEW
SK-000515,SKILL,e-commerce systems,"Basic digital architecture and commercial transactions for trading products or services conducted via Internet, e-mail, mobile devices, social media, etc.",knowledge,KNOWLEDGE,PENDING_REVIEW
SK-000516,SKILL,Open source model,"The open source model consists of principles and fundamentals of service-oriented modelling for business and software systems that allow the design and specification of service-oriented business systems within a variety of architectural styles, such as enterprise architecture.",knowledge,KNOWLEDGE,PENDING_REVIEW
SK-000517,SKILL,WildFly,The open-source application server JBoss is a Linux based platform which supports Java applications and large websites.,knowledge,KNOWLEDGE,PENDING_REVIEW
SK-000518,SKILL,business communication,The process of effectively communicating within the workplace and to external bodies to achieve organisational goals.,knowledge,KNOWLEDGE,PENDING_REVIEW
SK-000519,SKILL,ensure cross-department cooperation,"Guarantee communication and cooperation with all the entities and teams in a given organisation, according to the company strategy.",skill/competence,OTHER_SKILL,PENDING_REVIEW
SK-000520,SKILL,identify necessary human resources,"Determine the number of employees needed for the realisation of a project and their allocation in the creation, production, communication or administration team.",skill/competence,OTHER_SKILL,PENDING_REVIEW
SK-000521,SKILL,apply blended learning,"Be familiar with blended learning tools by combining traditional face-to-face and online learning, using digital tools, online technologies, and e-learning methods.",skill/competence,OTHER_SKILL,PENDING_REVIEW
SK-000522,SKILL,labour law,"The field of law that is concerned with the regulation of the relationship between employers, employees, trade unions, and the government.",knowledge,KNOWLEDGE,PENDING_REVIEW
SK-000523,SKILL,adapt training to labour market,Identify developments in the labour market and recognise their relevance to the training of students.,skill/competence,OTHER_SKILL,PENDING_REVIEW
SK-000524,SKILL,AJAX,"The techniques and principles of software development, such as analysis, algorithms, coding, testing and compiling of programming paradigms in AJAX.",knowledge,PROGRAMMING_LANGUAGE,PENDING_REVIEW
SK-000525,SKILL,draft accounting procedures,"Lay down standard methods and guidelines to regulate bookkeeping and accounting operations, including determining the bookkeeping system used to record financial transactions.",skill/competence,OTHER_SKILL,PENDING_REVIEW
SK-000526,SKILL,C++,"The techniques and principles of software development, such as analysis, algorithms, coding, testing and compiling of programming paradigms in C++.",knowledge,PROGRAMMING_LANGUAGE,PENDING_REVIEW
SK-000527,SKILL,collaborate in the development of marketing strategies,Work together with a group of professionals to develop marketing strategies performing market analysis and financial viability while staying aligned with the company's goals.,skill/competence,OTHER_SKILL,PENDING_REVIEW
SK-000528,SKILL,work with virtual learning environments,Incorporate the use of online learning environments and platforms into the process of instruction.,skill/competence,OTHER_SKILL,PENDING_REVIEW
SK-000529,SKILL,ensure client orientation,"Take actions which support business activities by considering client needs and satisfaction. This involves understanding what customers want, providing advices, selling products and services or processing complaints, while adopting a positive attitude.",skill/competence,OTHER_SKILL,PENDING_REVIEW
SK-000530,SKILL,ensure adherence to organisational ICT standards,"Guarantee that the state of events is in accordance with the ICT rules and procedures described by an organisation for their products, services and solutions.",skill/competence,OTHER_SKILL,PENDING_REVIEW
SK-000531,SKILL,disseminate information on tax legislation,Provide advise on the possible implications for companies or individuals on decisions regarding tax declaration based on tax legislation. Advise on the favourable tax strategies that could be followed depending on the needs of the client.,skill/competence,OTHER_SKILL,PENDING_REVIEW
SK-000532,SKILL,implement sales strategies,Carry out the plan to gain competitive advantage on the market by positioning the company's brand or product and by targeting the right audience to sell this brand or product to.,skill/competence,OTHER_SKILL,PENDING_REVIEW
SK-000533,SKILL,give constructive feedback,"Provide founded feedback through both criticism and praise in a respectful, clear, and consistent manner. Highlight achievements as well as mistakes and set up methods of formative assessment to evaluate work.",skill/competence,OTHER_SKILL,PENDING_REVIEW
SK-000534,SKILL,identify legal requirements,"Conduct research for applicable legal and normative procedures and standards, analyse and derive legal requirements that apply to the organisation, its policies and products.",skill/competence,OTHER_SKILL,PENDING_REVIEW
SK-000535,SKILL,address problems critically,"Identify the strengths and weaknesses of various abstract, rational concepts, such as issues, opinions, and approaches related to a specific problematic situation in order to formulate solutions and alternative methods of tackling the situation.",skill/competence,OTHER_SKILL,PENDING_REVIEW
SK-000536,SKILL,trading software,The finance and trading integrated software solutions.,knowledge,KNOWLEDGE,PENDING_REVIEW
SK-000537,SKILL,social security law,"Legislation concerning the protection of individuals and the provision of aid and benefits, such as health insurance benefits, unemployment benefits, welfare programs and other government-provided social security.",knowledge,KNOWLEDGE,PENDING_REVIEW
SK-000538,SKILL,implement anti-virus software,"Download, install and update software to prevent, detect and remove malicious software, such as computer viruses.",skill/competence,OTHER_SKILL,PENDING_REVIEW
SK-000539,SKILL,plan health and safety procedures,Set up procedures for maintaining and improving health and safety in the establishment or workplace.,skill/competence,OTHER_SKILL,PENDING_REVIEW
SK-000540,SKILL,SAP R3,"The techniques and principles of software development, such as analysis, algorithms, coding, testing and compiling of programming paradigms in SAP R3.",knowledge,PROGRAMMING_LANGUAGE,PENDING_REVIEW
SK-000541,SKILL,cloud technologies,"The technologies which enable access to hardware, software, data and services through remote servers and software networks irrespective of their location and architecture.",knowledge,KNOWLEDGE,PENDING_REVIEW
SK-000542,SKILL,engage artistic staff,Search for and engage appropriate staff for upcoming artistic events and productions by recruiting talented and competent employees in order to carry out high-quality artistic projects.,skill/competence,OTHER_SKILL,PENDING_REVIEW
SK-000543,SKILL,business strategy concepts,"The terminology related to the design and implementation of major trends and aims which are taken by an organisation's executives, while keeping in mind its resources, competition and environments.",knowledge,KNOWLEDGE,PENDING_REVIEW
SK-000544,SKILL,organisational learning,The process for continuous improvement of an organisation through obtaining experience to be used to generate knowledge with the aim of sharing it within the organisation itself.,knowledge,KNOWLEDGE,PENDING_REVIEW
SK-000545,SKILL,measure software usability,Check the convenience of the software product for the end user. Identify user problems and make adjustments to improve usability practice. Collect input data on how users evaluate software products.,skill/competence,OTHER_SKILL,PENDING_REVIEW
SK-000546,SKILL,make data-driven decisions,Collect data such as Key Performance Indicators (KPIs) for an organisation and use the information to formulate actions and strategies.,skill/competence,OTHER_SKILL,PENDING_REVIEW
SK-000547,SKILL,business loans,"Loans which are intended for business purposes and which can either be secured or unsecured depending on whether a collateral is involved. The different types of business loans such as bank loans, mezzanine finance, asset-based finance, and invoice finance.",knowledge,KNOWLEDGE,PENDING_REVIEW
SK-000548,SKILL,Swift (computer programming),"The techniques and principles of software development, such as analysis, algorithms, coding, testing and compiling of programming paradigms in Swift.",knowledge,PROGRAMMING_LANGUAGE,PENDING_REVIEW
SK-000549,SKILL,ICT project management methodologies,"The methodologies or models for planning, managing and overseeing of ICT resources in order to meet specific goals, such methodologies are Waterfall, Incremental, V-Model, Scrum or Agile and using project management ICT tools.",knowledge,KNOWLEDGE,PENDING_REVIEW
SK-000550,SKILL,investment analysis,The methods and tools for analysis of an investment compared to its potential return. Identification and calculation of profitability ratio and financial indicators in relation to associated risks to guide decision on investment.,knowledge,KNOWLEDGE,PENDING_REVIEW
SK-000551,SKILL,identify market niches,"Analyse the composition of the markets, segment these into groups, and highlight the opportunities that each one of these niches represent in terms of new products.",skill/competence,OTHER_SKILL,PENDING_REVIEW
SK-000552,SKILL,develop professional network,Reach out to and meet up with people in a professional context. Find common ground and use your contacts for mutual benefit. Keep track of the people in your personal professional network and stay up to date on their activities.,skill/competence,OTHER_SKILL,PENDING_REVIEW
SK-000553,SKILL,manage the handling of promotional materials,"Plan and prepare the production of promotional materials with third parties by contacting printing companies, agreeing on logistics and delivery, and making sure that deadlines are met.",skill/competence,OTHER_SKILL,PENDING_REVIEW
SK-000554,SKILL,sales department processes,"The different processes, duties, jargon, role in an organisation, and other specificities of the sales department within an organisation.",knowledge,KNOWLEDGE,PENDING_REVIEW
SK-000555,SKILL,implement cloud security and compliance,Implement and manage security policies and access controls on cloud. Differentiate between the roles and responsibilities within the shared responsibility model.,skill/competence,OTHER_SKILL,PENDING_REVIEW
SK-000556,SKILL,management consulting,The process of giving paid advice with the aim of improving businesses performance and promote their growth.,knowledge,KNOWLEDGE,PENDING_REVIEW
SK-000557,SKILL,style sheet languages,"The field of computer language that conveys the presentation of structured documents such as Cascading Style Sheets (CSS). These documents have to adhere to style sheets, a set of stylistic rules such as font, color and layout.",knowledge,KNOWLEDGE,PENDING_REVIEW
SK-000558,SKILL,implement spam protection,Install and configure software that supports email-users to filter messages that contain malware or that are unsolicited.,skill/competence,OTHER_SKILL,PENDING_REVIEW
SK-000559,SKILL,apply technical communication skills,"Explain technical details to non-technical customers, stakeholders, or any other interested parties in a clear and concise manner.",skill/competence,OTHER_SKILL,PENDING_REVIEW
SK-000560,SKILL,organise project meetings,"Organise project meetings such as the project kick-off meeting and the project review meeting. Plan the meeting agenda, set up conference calls, address any logistical needs and prepare documentation or hand-outs needed for the meeting. Ensure the participation of the project team, the project client and other relevant stakeholders. Draft and circulate the meeting minutes.",skill/competence,OTHER_SKILL,PENDING_REVIEW
SK-000561,SKILL,MATLAB,"The techniques and principles of software development, such as analysis, algorithms, coding, testing and compiling of programming paradigms in MATLAB.",knowledge,PROGRAMMING_LANGUAGE,PENDING_REVIEW
SK-000562,SKILL,write scientific publications,"Present the hypothesis, findings, and conclusions of your scientific research in your field of expertise in a professional publication.",skill/competence,OTHER_SKILL,PENDING_REVIEW
SK-000563,SKILL,deliver visual presentation of data,Create visual representations of data such as charts or diagrams for easier understanding.,skill/competence,OTHER_SKILL,PENDING_REVIEW
SK-000564,SKILL,organisational structure,"Framework of the different departments within the organisation, as well its people, their roles and responsibilities.",knowledge,KNOWLEDGE,PENDING_REVIEW
SK-000565,SKILL,implement front-end website design,Develop website layout and enhance user experience based on provided design concepts.,skill/competence,OTHER_SKILL,PENDING_REVIEW
SK-000566,SKILL,application usability,"The process through which the learnability, efficiency, usefulness and ease of use of a software application can be defined and measured.",knowledge,KNOWLEDGE,PENDING_REVIEW
SK-000567,SKILL,report analysis results,"Produce research documents or give presentations to report the results of a conducted research and analysis project, indicating the analysis procedures and methods which led to the results, as well as potential interpretations of the results.",skill/competence,OTHER_SKILL,PENDING_REVIEW
SK-000568,SKILL,give live presentation,"Deliver a speech or talk in which a new product, service, idea, or piece of work is demonstrated and explained to an audience.",skill/competence,OTHER_SKILL,PENDING_REVIEW
SK-000569,SKILL,manage project metrics,"Gather, report, analyse and create key metrics for a project to help measure its success.",skill/competence,OTHER_SKILL,PENDING_REVIEW
SK-000570,SKILL,perform cost accounting activities,"Execute the cost related activities and operations within the accounting activities such as standard cost development, average pricing analysis, margin and cost ratio analysis, inventory control, and variance analysis. Report the results to management and advise on possible courses of action to control and reduce the costs.",skill/competence,OTHER_SKILL,PENDING_REVIEW
SK-000571,SKILL,analyse customer service surveys,Analyse results from surveys completed by passengers/customer. Analyse results to identify trends and draw conclusions.,skill/competence,OTHER_SKILL,PENDING_REVIEW
SK-000572,SKILL,unstructured data,The information that is not arranged in a pre-defined manner or does not have a pre-defined data model and is difficult to understand and find patterns in without using techniques such as data mining.,knowledge,KNOWLEDGE,PENDING_REVIEW
SK-000573,SKILL,human resources department processes,"The different processes, duties, jargon, role in an organisation, and other specificities of the human resources department within an organisation such as recruitment, pension systems, and personnel development programs.",knowledge,KNOWLEDGE,PENDING_REVIEW
SK-000574,SKILL,plan schedule,"Develop the schedule including procedures, appointments and working hours.",skill/competence,OTHER_SKILL,PENDING_REVIEW
SK-000575,SKILL,Salt (tools for software configuration management),"The tool Salt is a software program to perform configuration identification, control, status accounting and audit.",knowledge,KNOWLEDGE,PENDING_REVIEW
SK-000576,SKILL,quality assurance methodologies,"Quality assurance principles, standard requirements, and the set of processes and activities used for measuring, controlling and ensuring the quality of products and processes.",knowledge,KNOWLEDGE,PENDING_REVIEW
SK-000577,SKILL,LINQ,The computer language LINQ is a query language for retrieval of information from a database and of documents containing the needed information. It is developed by the software company Microsoft.,knowledge,KNOWLEDGE,PENDING_REVIEW
SK-000578,SKILL,manage several projects,Oversee and direct the development of several projects running independently. Ensure coherence and leveraging forces among projects in order to secure an overall success and profitability.,skill/competence,OTHER_SKILL,PENDING_REVIEW
SK-000579,SKILL,ensure equipment maintenance,"Ensure that the equipment required for operations is regularly checked for faults, that routine maintenance tasks are performed, and that repairs are scheduled and performed in the case of damage or flaws.",skill/competence,OTHER_SKILL,PENDING_REVIEW
SK-000580,SKILL,ICT recovery techniques,"The techniques for recovering hardware or software components and data, after failure, corruption or damage.",knowledge,KNOWLEDGE,PENDING_REVIEW
SK-000581,SKILL,actuarial science,"The rules of applying mathematical and statistical techniques to determine potential or existing risks in various industries, such as finance or insurance.",knowledge,KNOWLEDGE,PENDING_REVIEW
SK-000582,SKILL,ICT system user requirements,"The process intended to match user and organisation's needs with system components and services, by taking into consideration the available technologies and the techniques required to elicit and specify requirements, interrogating users to establish symptoms of problem and analysing symptoms.",knowledge,KNOWLEDGE,PENDING_REVIEW
SK-000583,SKILL,explain accounting records,"Provide additional explanation and disclosure to staff, vendors, auditors, and to any other instance about the way accounts were recorded and treated in the financial records.",skill/competence,OTHER_SKILL,PENDING_REVIEW
SK-000584,SKILL,set sales goals,Set sales goals and objectives to be reached by a sales team within a period of time such as the target amount of sales made and new customers found.,skill/competence,OTHER_SKILL,PENDING_REVIEW
SK-000585,SKILL,apply ICT systems theory,Implement principles of ICT systems theory in order to explain and document system characteristics that can be applied universally to other systems.,skill/competence,OTHER_SKILL,PENDING_REVIEW
SK-000586,SKILL,plan medium to long term objectives,Schedule long term objectives and immediate to short term objectives through effective medium-term planning and reconciliation processes.,skill/competence,OTHER_SKILL,PENDING_REVIEW
SK-000587,SKILL,develop professional network with researchers and scientists,"Develop alliances, contacts or partnerships, and exchange information with others. Foster integrated and open collaborations where different stakeholders co-create shared value research and innovations. Develop your personal profile or brand and make yourself visible and available in face-to-face and online networking environments.",skill/competence,OTHER_SKILL,PENDING_REVIEW
SK-000588,SKILL,data quality assessment,"The process of revealing data issues using ​quality indicators, measures and metrics in order to plan data cleansing and data enrichment strategies according to data quality criteria.",knowledge,KNOWLEDGE,PENDING_REVIEW
SK-000589,SKILL,project configuration management,"The process for the effective management of the key project artefacts and deliverables, ensuring that the correct versions are delivered to the project requestor and allowing project managers to identify the latest state of project artefacts and be able to gather all sources, documents, and other information for the project, prevent unauthorised changes, guarantee artefacts traceability and return to previous versions. It comprises the identification of project configuration items (CIs), their attributes and status codes, the establishment of baselines, the definition of roles and responsibilities for authorised changes to CIs, and the maintenance and control of a project repository.",knowledge,KNOWLEDGE,PENDING_REVIEW
SK-000590,SKILL,support implementation of quality management systems,"Advocate the introduction of new business processes to help achieve quality standards, such as the improvement of the organisational structure or the development of new procedures in case of quality defects.",skill/competence,OTHER_SKILL,PENDING_REVIEW
SK-000591,SKILL,Python (computer programming),"The techniques and principles of software development, such as analysis, algorithms, coding, testing and compiling of programming paradigms in Python.",knowledge,PROGRAMMING_LANGUAGE,PENDING_REVIEW
SK-000592,SKILL,business ICT systems,"The software packages, hardware devices and new technologies used in supporting business processes such as enterprise resource planning (ERP), customer relationship management (CRM), mobile devices and network solutions.",knowledge,KNOWLEDGE,PENDING_REVIEW
SK-000593,SKILL,integrate gender dimension in research,Take into account in the whole research process the biological characteristics and the evolving social and cultural features of women and men (gender).,skill/competence,OTHER_SKILL,PENDING_REVIEW
SK-000594,SKILL,perform project management,"Manage and plan various resources, such as human resources, budget, deadline, results, and quality necessary for a specific project, and monitor the project's progress in order to achieve a specific goal within a set time and budget.",skill/competence,OTHER_SKILL,PENDING_REVIEW
SK-000595,SKILL,write inspection reports,"Write the results and conclusions of the inspection in a clear and intelligible way. Log the inspection's processes such as contact, outcome, and steps taken.",skill/competence,OTHER_SKILL,PENDING_REVIEW
SK-000596,SKILL,systems theory,"The principles that can be applied to all types of systems at all hierarchical levels, which describe the system's internal organisation, its mechanisms of maintaining identity and stability and achieving adaptation and self-regulation and its dependencies and interaction with the environment.",knowledge,KNOWLEDGE,PENDING_REVIEW
SK-000597,SKILL,analyse external factors of companies,"Perform research and analysis of the external factor pertaining to companies such as consumers, position in the market, competitors, and political situation.",skill/competence,OTHER_SKILL,PENDING_REVIEW
SK-000598,SKILL,automate cloud tasks,Automate manual or repeatable processes to minimize management overhead. Evaluate cloud automation alternatives for network deployments and tool-based alternatives for network operations and management.,skill/competence,OTHER_SKILL,PENDING_REVIEW
SK-000599,SKILL,ethics,"The philosophical study that deals with solving questions of human morality; it defines and systemises concepts such as right, wrong, and crime.",knowledge,KNOWLEDGE,PENDING_REVIEW
SK-000600,SKILL,supervise sales activities,"Monitor and oversee the activities related to the ongoing sales in the shop to ensure that sales goals are met, assess areas for improvement, and identify or solve problems that customers could encounter.",skill/competence,OTHER_SKILL,PENDING_REVIEW
SK-000601,SKILL,mobile device management,"The methods for managing the use of mobile devices within an organisation, while ensuring security.",knowledge,KNOWLEDGE,PENDING_REVIEW
SK-000602,SKILL,national generally accepted accounting principles,The accounting standard accepted in a region or country specifying the rules and procedures to disclose financial data.,knowledge,KNOWLEDGE,PENDING_REVIEW
SK-000603,SKILL,assist employee health programmes,Support and provide assistance to health and safety staff in implementing programmes targeted at the health and well-being of employees.,skill/competence,OTHER_SKILL,PENDING_REVIEW
SK-000604,SKILL,perform product planning,"Identify and articulate market requirements that define a product’s feature set. Product planning serves as the basis for decisions about price, distribution and promotion.",skill/competence,OTHER_SKILL,PENDING_REVIEW
SK-000605,SKILL,identify new business opportunities,Pursue potential customers or products in order to generate additional sales and ensure growth.,skill/competence,OTHER_SKILL,PENDING_REVIEW
SK-000606,SKILL,teach corporate skills,"Teach the skills necessary for operating in an organisation to the employees of an institution. Educate them on general or technical skills, ranging from computer skills to interpersonal skills.",skill/competence,OTHER_SKILL,PENDING_REVIEW
SK-000607,SKILL,Joomla,"The open-source web-based software system written in PHP, used for creating, editing, publishing and archiving blogs, articles, corporate or small business websites, social networking websites or press releases.",knowledge,KNOWLEDGE,PENDING_REVIEW
SK-000608,SKILL,advise on organisational culture,"Advise organisations on their internal culture and work environment as experienced by employees, and the factors which may influence the behaviour of employees.",skill/competence,OTHER_SKILL,PENDING_REVIEW
SK-000609,SKILL,use functional programming,"Utilise specialised ICT tools to create computer code which treats computation as the evaluation of mathematical functions and seeks to avoid state and mutable data. Use programming languages which support this method such as LISP, PROLOG and Haskell.",skill/competence,PROGRAMMING_SKILL,PENDING_REVIEW
SK-000610,SKILL,manage cloud data and storage,"Create and manage cloud data retention. Identify and implement data protection, encryption, and capacity planning needs.",skill/competence,OTHER_SKILL,PENDING_REVIEW
SK-000611,SKILL,ICT encryption,"The conversion of electronic data into a format which is readable only by authorized parties which use key encryption techniques, such as Public Key Infrastructure (PKI) and Secure Socket Layer (SSL).",knowledge,KNOWLEDGE,PENDING_REVIEW
SK-000612,SKILL,state estimation,The process of fusing input data measurements and a mathematical model to determine the internal state of an energy system.,knowledge,KNOWLEDGE,PENDING_REVIEW
SK-000613,SKILL,marketing mix,"Principle of marketing that describes the four fundamental elements in marketing strategies which are the product, the place, the price and the promotion.",knowledge,KNOWLEDGE,PENDING_REVIEW
SK-000614,SKILL,negotiate settlements,"Negotiate with insurance companies and insurance claimants in order to facilitate agreement on a settlement which the insurance company has to provide for the claimant, such as covering repair costs for damages, taking into account the appraisal reports and the coverage assessment.",skill/competence,OTHER_SKILL,PENDING_REVIEW
SK-000615,SKILL,market pricing,"Price volatility according to market and price elasticity, and the factors which influence pricing trends and changes in the market in the long and short term.",knowledge,KNOWLEDGE,PENDING_REVIEW
SK-000616,SKILL,leadership principles,"Set of traits and values which guide the actions of a leader with her/his employees and the company and provide direction throughout her/his career. These principles are also an important tool for self-evaluation to identify strengths and weaknesses, and seek self-improvement.",knowledge,KNOWLEDGE,PENDING_REVIEW
SK-000617,SKILL,define organisational standards,"Write, implement and foster the internal standards of the company as part of the business plans for the operations and levels of performance that the company intends to achieve.",skill/competence,OTHER_SKILL,PENDING_REVIEW
SK-000618,SKILL,Scratch (computer programming),"The techniques and principles of software development, such as analysis, algorithms, coding, testing and compiling of programming paradigms in Scratch.",knowledge,PROGRAMMING_LANGUAGE,PENDING_REVIEW
SK-000619,SKILL,Process-based management,"The process-based management approach is a methodology for planning, managing and overseeing of ICT resources in order to meet specific goals and using project management ICT tools.",knowledge,KNOWLEDGE,PENDING_REVIEW
SK-000620,SKILL,analyse data about clients,"Study data about clients, visitors, customers or guests. Gather, process and analyse data about their characteristics, needs and buying behaviours.",skill/competence,OTHER_SKILL,PENDING_REVIEW
SK-000621,SKILL,tax legislation,"Tax legislation applicable to a specific area of specialisation, such as import tax, government tax, etc.",knowledge,KNOWLEDGE,PENDING_REVIEW
SK-000622,SKILL,ensure compliance with accounting conventions,"Exercise accounting management and abidance by generally accepted accounting conventions such as recording transactions at the current price, quantifying goods, separating personal accounts of managers from those of the company, making effective the transfer of legal ownership of assets in its realisation time, and ensuring the principle of materiality.",skill/competence,OTHER_SKILL,PENDING_REVIEW
SK-000623,SKILL,corporate law,"The legal rules that govern how corporate stakeholders (such as shareholders, employees, directors, consumers, etc) interact with one another, and the responsibilities corporations have to their stakeholders.",knowledge,KNOWLEDGE,PENDING_REVIEW
SK-000624,SKILL,video conferencing tool,The software that are used to enable virtual meetings between people through internet with real-time multidirectional video and audio streaming.,knowledge,KNOWLEDGE,PENDING_REVIEW
SK-000625,SKILL,negotiate with employment agencies,Establish arrangements with employment agencies to organise recruiting activities. Maintain communication with these agencies in order to ensure efficient and productive recruitment with high potential candidates as an outcome.,skill/competence,OTHER_SKILL,PENDING_REVIEW
SK-000626,SKILL,labour market,"The trends, functioning, and fluctuations of the labour market, career options, wages, unions, working population and the supply and demand of certain professions in a sector.",knowledge,KNOWLEDGE,PENDING_REVIEW
SK-000627,SKILL,define technical requirements,"Specify technical properties of goods, materials, methods, processes, services, systems, software and functionalities by identifying and responding to the particular needs that are to be satisfied according to customer requirements.",skill/competence,OTHER_SKILL,PENDING_REVIEW
SK-000628,SKILL,Teradata Database,"The computer program Teradata Database is a tool for creating, updating and managing databases, developed by the software company Teradata Corporation.",knowledge,KNOWLEDGE,PENDING_REVIEW
SK-000629,SKILL,ensure compliance with disclosure criteria of accounting information,"Revise the accounting information of the company to make sure it meets the commonly agreed criteria for its disclosure such as understandability, relevance, consistency, comparability, reliability, and objectivity.",skill/competence,OTHER_SKILL,PENDING_REVIEW
SK-000630,SKILL,lean project management,"The lean project management approach is a methodology for planning, managing and overseeing of ICT resources in order to meet specific goals and using project management ICT tools.",knowledge,KNOWLEDGE,PENDING_REVIEW
SK-000631,SKILL,manage open publications,"Be familiar with Open Publication strategies, with the use of information technology to support research, and with the development and management of CRIS (current research information systems) and institutional repositories. Provide licensing and copyright advice, use bibliometric indicators, and measure and report research impact.",skill/competence,OTHER_SKILL,PENDING_REVIEW
SK-000632,SKILL,manage the general ledger,"Enter data and revise the adequate maintenance of general ledgers in order to follow up on the financial transactions of the company, and other non routine transactions such as depreciation.",skill/competence,OTHER_SKILL,PENDING_REVIEW
SK-000633,SKILL,build business relationships,"Establish a positive, long-term relationship between organisations and interested third parties such as suppliers, distributors, shareholders and other stakeholders in order to inform them of the organisation and its objectives.",skill/competence,OTHER_SKILL,PENDING_REVIEW
SK-000634,SKILL,VBScript,"The techniques and principles of software development, such as analysis, algorithms, coding, testing and compiling of programming paradigms in VBScript.",knowledge,PROGRAMMING_LANGUAGE,PENDING_REVIEW
SK-000635,SKILL,create a financial report,"Finalise project accounting. Prepare an actual budget, compare the discrepancy between the planned and actual budget, and draw final conclusions.",skill/competence,OTHER_SKILL,PENDING_REVIEW
SK-000636,SKILL,lead disaster recovery exercises,"Head exercises which educate people on what to do in case of an unforeseen disastrous event in the functioning or security of ICT systems, such as on recovery of data, protection of identity and information and which steps to take in order to prevent further problems.",skill/competence,OTHER_SKILL,PENDING_REVIEW
SK-000637,SKILL,marketing principles,The principles of managing the relationship between consumers and products or services for the purpose of increasing sales and improving advertising techniques.,knowledge,KNOWLEDGE,PENDING_REVIEW
SK-000638,SKILL,communicate by telephone,"Liaise via telephone by making and answering calls in a timely, professional and polite manner.",skill/competence,OTHER_SKILL,PENDING_REVIEW
SK-000639,SKILL,COBOL,"The techniques and principles of software development, such as analysis, algorithms, coding, testing and compiling of programming paradigms in COBOL.",knowledge,PROGRAMMING_LANGUAGE,PENDING_REVIEW
SK-000640,SKILL,design for organisational complexity,"Determine cross-account authentication and access strategy for complex organizations (for example, an organization with varying compliance requirements, multiple business units, and varying scalability requirements). Design networks and multi-account cloud environments for complex organizations.",skill/competence,OTHER_SKILL,PENDING_REVIEW
SK-000641,SKILL,document interviews,"Record, write, and capture answers and information collected during interviews for processing and analysis using shorthand or technical equipment.",skill/competence,OTHER_SKILL,PENDING_REVIEW
SK-000642,SKILL,control of expenses,"Monitor and maintain effective cost controls, in regards to efficiencies, waste, overtime and staffing. Assessing excesses and strives for efficiency and productivity.",skill/competence,OTHER_SKILL,PENDING_REVIEW
SK-000643,SKILL,estimate duration of work,Produce accurate calculations on time necessary to fulfil future technical tasks based on past and present information and observations or plan the estimated duration of individual tasks in a given project.,skill/competence,OTHER_SKILL,PENDING_REVIEW
SK-000644,SKILL,identify if a company is a going concern,"Analyse financial statements, financial information and the outlook of the company in order to determine the going concern of the company.",skill/competence,OTHER_SKILL,PENDING_REVIEW
SK-000645,SKILL,manage accounts,"Manage the accounts and financial activities of an organisation, supervising that all the documents are correctly maintained, that all the information and calculations are correct, and that proper decisions are being made.",skill/competence,OTHER_SKILL,PENDING_REVIEW
SK-000646,SKILL,human resource management,The function in an organisation concerned with the recruitment of employees and the optimisation of employee performance.,knowledge,KNOWLEDGE,PENDING_REVIEW
SK-000647,SKILL,Hadoop,"The open-source data storing, analysis and processing framework which consists mainly in the MapReduce and Hadoop distributed file system (HDFS) components and it is used to provide support for managing and analysing large datasets.",knowledge,KNOWLEDGE,PENDING_REVIEW
SK-000648,SKILL,computational biology,The interdisciplinary scientific field that focus on employing data analytics and theories to investigate biological systems obtained through experiments.,knowledge,KNOWLEDGE,PENDING_REVIEW
SK-000649,SKILL,profile people,"Create a profile of someone, by outlining this person's characteristics, personality, skills and motives, often by the use of information obtained from an interview or questionnaire.",skill/competence,OTHER_SKILL,PENDING_REVIEW
SK-000650,SKILL,monitor organisation climate,Monitor the work environment and the behaviour of employees in an organisation to assess how the organisation culture is perceived by the employees and identify the factors which influence behaviour and which may facilitate a positive work environment.,skill/competence,OTHER_SKILL,PENDING_REVIEW
SK-000651,SKILL,train employees,Lead and guide employees through a process in which they are taught the necessary skills for the perspective job. Organise activities aimed at introducing the work and systems or improving the performance of individuals and groups in organisational settings.,skill/competence,OTHER_SKILL,PENDING_REVIEW
SK-000652,SKILL,ICT market,"The processes, stakeholders and the dynamics of the chain of goods and services in the ICT market sector.",knowledge,KNOWLEDGE,PENDING_REVIEW
SK-000653,SKILL,identify potential markets for companies,Observe and analyse market research findings in order to determine promising and profitable markets. Consider the firm's specific advantage and match it with markets where such value proposition is missing.,skill/competence,OTHER_SKILL,PENDING_REVIEW
SK-000654,SKILL,SAS Data Management,"The computer program SAS Data Management is a tool for integration of information from multiple applications, created and maintained by organisations, into one consistent and transparent data structure, developed by the software company SAS.",knowledge,KNOWLEDGE,PENDING_REVIEW
SK-000655,SKILL,implement a firewall,"Download, install and update a network security system designed to prevent unauthorized access to a private network.",skill/competence,OTHER_SKILL,PENDING_REVIEW
SK-000656,SKILL,manage keys for data protection,"Select appropriate authentication and authorization mechanisms. Design, implement and troubleshoot key management and use. Design and implement a data encryption solution for data at rest and data in transit.",skill/competence,OTHER_SKILL,PENDING_REVIEW
SK-000657,SKILL,CSS,"The computer language CSS is a style sheet language that conveys the presentation of structured documents. These documents have to adhere to style sheets, a set of stylistic rules such as font, color and layout.",knowledge,KNOWLEDGE,PENDING_REVIEW
SK-000658,SKILL,perform account allocation,"Allocate transactions on an account by matching the total value, only a part of it or a group of transactions to the original invoice, and by posting financial information such as discounts, taxes or currency exchange differences.",skill/competence,OTHER_SKILL,PENDING_REVIEW
SK-000659,SKILL,advice on security risk management,"Provide advice on security risk management policies and prevention strategies and their implementation, being aware of the different kinds of security risks a specific organisation faces.",skill/competence,OTHER_SKILL,PENDING_REVIEW
SK-000660,SKILL,sales strategies,The principles concerning customer behaviour and target markets with the aim of promotion and sales of a product or a service.,knowledge,KNOWLEDGE,PENDING_REVIEW
SK-000661,SKILL,content development processes,"The specialised techniques used to design, write, compile, edit and organise digital content, such as text, graphics and videos for publishing purposes.",knowledge,KNOWLEDGE,PENDING_REVIEW
SK-000662,SKILL,Pascal (computer programming),"The techniques and principles of software development, such as analysis, algorithms, coding, testing and compiling of programming paradigms in Pascal.",knowledge,PROGRAMMING_LANGUAGE,PENDING_REVIEW
SK-000663,SKILL,compose description for web elements,"Create texts to convey the message of a web element, such as images or frames, even in cases when it cannot be displayed to the user.",skill/competence,OTHER_SKILL,PENDING_REVIEW
SK-000664,SKILL,attach accounting certificates to accounting transactions,"Collate and link documents such as invoices, contracts, and payment certificates in order to back up the transactions made in the accounting of the company.",skill/competence,OTHER_SKILL,PENDING_REVIEW
SK-000665,SKILL,data ethics,"The subfield of ethics that assess whether data practices are considerable ethical. It assesses processes such as collecting, analysing and disseminating structured and unstructured data that might negatively impact the society.",knowledge,KNOWLEDGE,PENDING_REVIEW
SK-000666,SKILL,execute integration testing,"Perform testing of system or software components grouped in multiple ways to evaluate their ability to interconnect, their interface and their ability to provide global functionality.",skill/competence,OTHER_SKILL,PENDING_REVIEW
SK-000667,SKILL,develop business plans,"Plan, write and collaborate in the implement business plans. Include and foresee in the business plan the market strategy, the competitive analysis of the company, the design and the development of the plan, the operations and the management aspects and the financial forecast of the business plan.",skill/competence,OTHER_SKILL,PENDING_REVIEW
SK-000668,SKILL,build trust,"Express intentions and behaviour in a coherent and transparent manner, inviting reciprocity and establishing the grounds for a trusting and reliable connection between people and teams.",skill/competence,OTHER_SKILL,PENDING_REVIEW
SK-000669,SKILL,ABAP,"The techniques and principles of software development, such as analysis, algorithms, coding, testing and compiling of programming paradigms in ABAP.",knowledge,PROGRAMMING_LANGUAGE,PENDING_REVIEW
SK-000670,SKILL,replicate customer software issues,Use specialised tools to replicate and analyse the conditions that caused the set of software states or outputs reported by the customer in order to provide adequate solutions.,skill/competence,OTHER_SKILL,PENDING_REVIEW
SK-000671,SKILL,develop corporate training programmes,"Design, create and review new corporate training programmes to meet the developmental demands of a certain organisation. Analyse the efficiency of these educational modules and apply changes to it if necessary.",skill/competence,OTHER_SKILL,PENDING_REVIEW
SK-000672,SKILL,conduct mobile marketing,Conduct mobile marketing using a mobile device e.g. tablet or smartphone. Gather personalised information and transfer it to customers in order to promote services or goods.,skill/competence,OTHER_SKILL,PENDING_REVIEW
SK-000673,SKILL,ICT performance analysis methods,"The methods used to analyse software, ICT system and network performance which provide guidance to root causes of issues within information systems. The methods can analyse resource bottlenecks, application times, wait latencies and benchmarking results.",knowledge,KNOWLEDGE,PENDING_REVIEW
SK-000674,SKILL,scientific research methodology,"The theoretical methodology used in scientific research involving doing background research, constructing an hypothesis, testing it, analysing data and concluding the results.",knowledge,KNOWLEDGE,PENDING_REVIEW
SK-000675,SKILL,integrate system components,Select and use integration techniques and tools to plan and implement integration of hardware and software modules and components in a system.,skill/competence,OTHER_SKILL,PENDING_REVIEW
SK-000676,SKILL,search engine optimisation,The marketing approach which promotes webpage presentation by affecting the specific structures of the website which impact its visibility in unpaid search results.,knowledge,KNOWLEDGE,PENDING_REVIEW
SK-000677,SKILL,data science,The field of study that deals with big amount of data using AI techniques such as machine learning algorithms to predict patterns and obtain useful information to make business decisions.,knowledge,KNOWLEDGE,PENDING_REVIEW
SK-000678,SKILL,align efforts towards business development,"Synchronise the efforts, plans, strategies, and actions carried out in departments of companies towards the growth of business and its turnover. Keep business development as the ultimate outcome of any effort of the company.",skill/competence,OTHER_SKILL,PENDING_REVIEW
SK-000679,SKILL,insourcing strategy,"The high level planning for managing and optimising business processes internally, usually in order to maintain control of critical aspects of work.",knowledge,KNOWLEDGE,PENDING_REVIEW
SK-000680,SKILL,manage standard enterprise resource planning system,"Collect, manage and interpret data relevant for companies related to shipping, payment, inventory, resources and manufacturing using specific business management software. Such software as Microsoft Dynamics​, SAP ERP, Oracle ERP.",skill/competence,OTHER_SKILL,PENDING_REVIEW
SK-000681,SKILL,Internet of Things,"The general principles, categories, requirements, limitations and vulnerabilities of smart connected devices (most of them with intended internet connectivity).",knowledge,KNOWLEDGE,PENDING_REVIEW
SK-000682,SKILL,ensure gender equality in the workplace,"Deliver a fair and transparent strategy focussed on maintaining equality with regard to matters of promotion, pay, training opportunities, flexible working and family support. Adopt gender equality objectives and monitor and evaluate the implementation of gender equality practices in the workplace.",skill/competence,OTHER_SKILL,PENDING_REVIEW
SK-000683,SKILL,shape organisational teams based on competencies,Study the profiles of collaborators and decide the best place for directors and collaborators following an strategic mindset and serving to the goals of the company.,skill/competence,OTHER_SKILL,PENDING_REVIEW
SK-000684,SKILL,liaise with managers,"Liaise with managers of other departments ensuring effective service and communication, i.e. sales, planning, purchasing, trading, distribution and technical.",skill/competence,OTHER_SKILL,PENDING_REVIEW
SK-000685,SKILL,draft project documentation,"Prepare project documentation such as project charters, work plans, project handbooks, progress reports, deliverables and stakeholder matrices.",skill/competence,OTHER_SKILL,PENDING_REVIEW
SK-000686,SKILL,talent management strategies,"The ways right talents are selected for a company and their growth paths are optimized in line with company objectives. They aim towards best recruiting and retaining talented employees, improving their skills, and incentivising them to achieve high performance.",knowledge,KNOWLEDGE,PENDING_REVIEW
SK-000687,SKILL,analyse software specifications,"Assess the specifications of a software product or system to be developed by identifying functional and non-functional requirements, constraints and possible sets of use cases which illustrate interactions between the software and its users.",skill/competence,OTHER_SKILL,PENDING_REVIEW
SK-000688,SKILL,advise on social security benefits,"Advise citizens on government-regulated benefits they are eligible for, such as unemployment benefits, family benefits, and other social security benefits.",skill/competence,OTHER_SKILL,PENDING_REVIEW
SK-000689,SKILL,process data,"Enter information into a data storage and data retrieval system via processes such as scanning, manual keying or electronic data transfer in order to process large amounts of data.",skill/competence,OTHER_SKILL,PENDING_REVIEW
SK-000690,SKILL,support employability of people with disabilities,Ensure employment opportunities for people with disabilities by making appropriate adjustments to accommodate within reason in line with national legislation and policies on accessibility. Ensure their full integration into the work environment by promoting a culture of acceptance within the organisation and fighting potential stereotypes and prejudices.,skill/competence,OTHER_SKILL,PENDING_REVIEW
SK-000691,SKILL,Jenkins (tools for software configuration management),"The tool Jenkins is a software program to perform configuration identification, control, status accounting and audit of software during its development and maintenance.",knowledge,KNOWLEDGE,PENDING_REVIEW
SK-000692,SKILL,adapt to changes in technological development plans,Modify the current design and development activities of technological projects to meet changes in requests or strategies. Ensure that the organisation's or client's needs are met and that any sudden requests which were not previously planned are implemented.,skill/competence,OTHER_SKILL,PENDING_REVIEW
SK-000693,SKILL,supervise accounting operations,"Coordinate, commission, and monitor operations in accounting departments in order to ensure the accurate record and eventual reporting of the financial operations of the company.",skill/competence,OTHER_SKILL,PENDING_REVIEW
SK-000694,SKILL,N1QL,The computer language N1QL is a query language for retrieval of information from a database and of documents containing the needed information. It is developed by the software company Couchbase.,knowledge,KNOWLEDGE,PENDING_REVIEW
SK-000695,SKILL,perform resource planning,"Estimate the expected input in terms of time, human and financial resources necessary to achieve the project objectives.",skill/competence,OTHER_SKILL,PENDING_REVIEW
SK-000696,SKILL,follow company standards,Lead and manage according to the organisation's code of conduct.,skill/competence,OTHER_SKILL,PENDING_REVIEW
SK-000697,SKILL,make strategic business decisions,"Analyse business information and consult directors for decision making purposes in a varied array of aspects affecting the prospect, productivity and sustainable operation of a company. Consider the options and alternatives to a challenge and make sound rational decisions based on analysis and experience.",skill/competence,OTHER_SKILL,PENDING_REVIEW
SK-000698,SKILL,empirical analysis,The evidence-based method that is used to analyse and interpret information with the aim of drawing conclusions about a specific issue.,knowledge,KNOWLEDGE,PENDING_REVIEW
SK-000699,SKILL,synthesise information,"Critically read, interpret, and summarise new and complex information from diverse sources.",skill/competence,OTHER_SKILL,PENDING_REVIEW
SK-000700,SKILL,company policies,The set of rules that govern the activity of a company.,knowledge,KNOWLEDGE,PENDING_REVIEW
SK-000701,SKILL,develop employee retention programs,"Plan, develop, and implement programs aimed at keeping the satisfaction of the employees in the best levels. Consequently, assuring the loyalty of employees.",skill/competence,OTHER_SKILL,PENDING_REVIEW
SK-000702,SKILL,manage government policy implementation,Manage the operations of the implementation of new government policies or changes in existing policies on a national or regional level as well as the staff involved in the implementation procedure.,skill/competence,OTHER_SKILL,PENDING_REVIEW
SK-000703,SKILL,conduct research across disciplines,Work and use research findings and data across disciplinary and/or functional boundaries.,skill/competence,OTHER_SKILL,PENDING_REVIEW
SK-000704,SKILL,implement strategic planning,Take action on the goals and procedures defined at a strategic level in order to mobilise resources and pursue the established strategies.,skill/competence,OTHER_SKILL,PENDING_REVIEW
SK-000705,SKILL,web services,XML-based information systems that allows for direct interactions between applications through Internet. It is a set of protocols for transferring data between applications and systems.,knowledge,KNOWLEDGE,PENDING_REVIEW
SK-000706,SKILL,develop data processing applications,Create a customised software for processing data by selecting and using the appropriate computer programming language in order for an ICT system to produce demanded output based on expected input.,skill/competence,OTHER_SKILL,PENDING_REVIEW
SK-000707,SKILL,seek innovation in current practices,"Search for improvements and present innovative solutions, creativity and alternative thinking to develop new technologies, methods or ideas for and answers to work-related problems.",skill/competence,OTHER_SKILL,PENDING_REVIEW
SK-000708,SKILL,operating systems,"The features, restrictions, architectures and other characteristics of operating systems such Linux, Windows, MacOS, etc.",knowledge,KNOWLEDGE,PENDING_REVIEW
SK-000709,SKILL,conduct qualitative research,"Gather relevant information by applying systematic methods, such as interviews, focus groups, text analysis, observations and case studies.",skill/competence,OTHER_SKILL,PENDING_REVIEW
SK-000710,SKILL,promote the participation of citizens in scientific and research activities,"Engage citizens in scientific and research activities and promote their contribution in terms of knowledge, time or resources invested.",skill/competence,OTHER_SKILL,PENDING_REVIEW
SK-000711,SKILL,ICT process quality models,"The quality models for ICT services which address the maturity of the processes, the adoption of recommended practices and their definition and institutionalisation that allow the organisation to reliably and sustainably produce required outcomes. It includes models in a lot of ICT areas.",knowledge,KNOWLEDGE,PENDING_REVIEW
SK-000712,SKILL,software metrics,The metrics that measure a characteristic of the software system in order to determine the development of the software and evaluate it.,knowledge,KNOWLEDGE,PENDING_REVIEW
SK-000713,SKILL,mentor individual employees,Mentor and support individual employees with regard to identified training needs.,skill/competence,OTHER_SKILL,PENDING_REVIEW
SK-000714,SKILL,create data models,"Use specific techniques and methodologies to analyse the data requirements of an organisation's business processes in order to create models for these data, such as conceptual, logical and physical models. These models have a specific structure and format.",skill/competence,OTHER_SKILL,PENDING_REVIEW
SK-000715,SKILL,manage stress in the work place,"Cope with sources of stress and cross-pressure in one's own professional life, such as occupational, managerial, institutional and personal stress, and help others do the same so as to promote the well-being of your colleagues and avoid burn-out.",skill/competence,OTHER_SKILL,PENDING_REVIEW
SK-000716,SKILL,identify with the company's goals,Act for the benefit of the company and for the achievement of its targets.,skill/competence,OTHER_SKILL,PENDING_REVIEW
SK-000717,SKILL,types of insurance,"The various types of risk or loss transfer policies that exist and their characteristics, such as health insurance, car insurance or life insurance.",knowledge,KNOWLEDGE,PENDING_REVIEW
SK-000718,SKILL,design user interface,"Create software or device components which enable interaction between humans and systems or machines, using appropriate techniques, languages and tools so as to streamline interaction while using the system or machine.",skill/competence,OTHER_SKILL,PENDING_REVIEW
SK-000719,SKILL,implement data warehousing techniques,"Apply models and tools such as online analytical processing (OLAP) and Online transaction processing (OLTP), to integrate structured or unstructured data from sources, in order to create a central depository of historical and current data.",skill/competence,OTHER_SKILL,PENDING_REVIEW
SK-000720,SKILL,liaise with distribution channel managers,Liaise with managers in distribution points in order to plan and agree with them promotional events aimed at promoting the brands and products that those distribution channels sell.,skill/competence,OTHER_SKILL,PENDING_REVIEW
SK-000721,SKILL,identify ICT security risks,"Apply methods and techniques to identify potential security threats, security breaches and risk factors using ICT tools for surveying ICT systems, analysing risks, vulnerabilities and threats and evaluating contingency plans.",skill/competence,OTHER_SKILL,PENDING_REVIEW
SK-000722,SKILL,communication principles,"The set of commonly shared principles in regards with communication such as active listening, establish rapport, adjusting the register, and respecting the intervention of others.",knowledge,KNOWLEDGE,PENDING_REVIEW
SK-000723,SKILL,perform market research,"Gather, assess and represent data about target market and customers in order to facilitate strategic development and feasibility studies. Identify market trends.",skill/competence,OTHER_SKILL,PENDING_REVIEW
SK-000724,SKILL,data models,"The techniques and existing systems used for structuring data elements and showing relationships between them, as well as methods for interpreting the data structures and relationships.",knowledge,KNOWLEDGE,PENDING_REVIEW
SK-000725,SKILL,perform software recovery testing,Execute testing using specialised software tools to force failure of software in a variety of ways and checking how fast and better the software can recover against any type of crash or failure.,skill/competence,OTHER_SKILL,PENDING_REVIEW
SK-000726,SKILL,management systems standards,The standards that improve the performance of an organisation by outlining activities that helps to achieve goals and objectives. They also help to create an organisational culture that provides ground for continuous self-evaluation and improvement of the business operations.,knowledge,KNOWLEDGE,PENDING_REVIEW
SK-000727,SKILL,communicate with a non-scientific audience,"Communicate about scientific findings to a non-scientific audience, including the general public. Tailor the communication of scientific concepts, debates, findings to the audience, using a variety of methods for different target groups, including visual presentations.",skill/competence,OTHER_SKILL,PENDING_REVIEW
SK-000728,SKILL,analyse work-related written reports,"Read and comprehend job-related reports, analyse the content of reports and apply findings to daily work operations.",skill/competence,OTHER_SKILL,PENDING_REVIEW
SK-000729,SKILL,Scala,"The techniques and principles of software development, such as analysis, algorithms, coding, testing and compiling of programming paradigms in Scala.",knowledge,PROGRAMMING_LANGUAGE,PENDING_REVIEW
SK-000730,SKILL,Reading Comprehension,Understanding written sentences and paragraphs in work-related documents.,Skill (Essential),OTHER_SKILL,PENDING_REVIEW
SK-000731,SKILL,Active Listening,"Giving full attention to what other people are saying, taking time to understand the points being made, asking questions as appropriate, and not interrupting at inappropriate times.",Skill (Essential),OTHER_SKILL,PENDING_REVIEW
SK-000732,SKILL,Writing,Communicating effectively in writing as appropriate for the needs of the audience.,Skill (Essential),OTHER_SKILL,PENDING_REVIEW
SK-000733,SKILL,Speaking,Talking to others to convey information effectively.,Skill (Essential),OTHER_SKILL,PENDING_REVIEW
SK-000734,SKILL,Mathematics,Using mathematics to solve problems.,Skill (Essential),OTHER_SKILL,PENDING_REVIEW
SK-000735,SKILL,Science,Using scientific rules and methods to solve problems.,Skill (Essential),OTHER_SKILL,PENDING_REVIEW
SK-000736,SKILL,Critical Thinking,"Using logic and reasoning to identify the strengths and weaknesses of alternative solutions, conclusions, or approaches to problems.",Skill (Essential),OTHER_SKILL,PENDING_REVIEW
SK-000737,SKILL,Active Learning,Understanding the implications of new information for both current and future problem-solving and decision-making.,Skill (Essential),OTHER_SKILL,PENDING_REVIEW
SK-000738,SKILL,Learning Strategies,Selecting and using training/instructional methods and procedures appropriate for the situation when learning or teaching new things.,Skill (Essential),OTHER_SKILL,PENDING_REVIEW
SK-000739,SKILL,Monitoring,"Monitoring/Assessing performance of yourself, other individuals, or organizations to make improvements or take corrective action.",Skill (Essential),OTHER_SKILL,PENDING_REVIEW
SK-000740,SKILL,Social Perceptiveness,Being aware of others' reactions and understanding why they react as they do.,Skill (Transferable),OTHER_SKILL,PENDING_REVIEW
SK-000741,SKILL,Coordination,Adjusting actions in relation to others' actions.,Skill (Transferable),OTHER_SKILL,PENDING_REVIEW
SK-000742,SKILL,Persuasion,Persuading others to change their minds or behavior.,Skill (Transferable),OTHER_SKILL,PENDING_REVIEW
SK-000743,SKILL,Negotiation,Bringing others together and trying to reconcile differences.,Skill (Transferable),OTHER_SKILL,PENDING_REVIEW
SK-000744,SKILL,Instructing,Teaching others how to do something.,Skill (Transferable),OTHER_SKILL,PENDING_REVIEW
SK-000745,SKILL,Service Orientation,Actively looking for ways to help people.,Skill (Transferable),OTHER_SKILL,PENDING_REVIEW
SK-000746,SKILL,Complex Problem Solving,Identifying complex problems and reviewing related information to develop and evaluate options and implement solutions.,Skill (Transferable),OTHER_SKILL,PENDING_REVIEW
SK-000747,SKILL,Operations Analysis,Analyzing needs and product requirements to create a design.,Skill (Transferable),OTHER_SKILL,PENDING_REVIEW
SK-000748,SKILL,Technology Design,Generating or adapting equipment and technology to serve user needs.,Skill (Transferable),OTHER_SKILL,PENDING_REVIEW
SK-000749,SKILL,Programming,Writing computer programs for various purposes.,Skill (Transferable),PROGRAMMING_SKILL,PENDING_REVIEW
SK-000750,SKILL,Operations Monitoring,"Watching gauges, dials, or other indicators to make sure a machine is working properly.",Skill (Transferable),OTHER_SKILL,PENDING_REVIEW
SK-000751,SKILL,Quality Control Analysis,"Conducting tests and inspections of products, services, or processes to evaluate quality or performance.",Skill (Transferable),OTHER_SKILL,PENDING_REVIEW
SK-000752,SKILL,Judgment and Decision Making,Considering the relative costs and benefits of potential actions to choose the most appropriate one.,Skill (Transferable),OTHER_SKILL,PENDING_REVIEW
SK-000753,SKILL,Systems Analysis,"Determining how a system should work and how changes in conditions, operations, and the environment will affect outcomes.",Skill (Transferable),OTHER_SKILL,PENDING_REVIEW
SK-000754,SKILL,Systems Evaluation,"Identifying measures or indicators of system performance and the actions needed to improve or correct performance, relative to the goals of the system.",Skill (Transferable),OTHER_SKILL,PENDING_REVIEW
SK-000755,SKILL,Time Management,Managing one's own time and the time of others.,Skill (Transferable),OTHER_SKILL,PENDING_REVIEW
SK-000756,SKILL,Management of Financial Resources,"Determining how money will be spent to get the work done, and accounting for these expenditures.",Skill (Transferable),OTHER_SKILL,PENDING_REVIEW
SK-000757,SKILL,Management of Material Resources,"Obtaining and seeing to the appropriate use of equipment, facilities, and materials needed to do certain work.",Skill (Transferable),OTHER_SKILL,PENDING_REVIEW
SK-000758,SKILL,Management of Personnel Resources,"Motivating, developing, and directing people as they work, identifying the best people for the job.",Skill (Transferable),OTHER_SKILL,PENDING_REVIEW
SK-000759,SKILL,Administration and Management,"Knowledge of business and management principles involved in strategic planning, resource allocation, human resources modeling, leadership technique, production methods, and coordination of people and resources.",Knowledge,OTHER_SKILL,PENDING_REVIEW
SK-000760,SKILL,Administrative,"Knowledge of administrative and office procedures and systems such as word processing, managing files and records, stenography and transcription, designing forms, and workplace terminology.",Knowledge,OTHER_SKILL,PENDING_REVIEW
SK-000761,SKILL,Economics and Accounting,"Knowledge of economic and accounting principles and practices, the financial markets, banking, and the analysis and reporting of financial data.",Knowledge,OTHER_SKILL,PENDING_REVIEW
SK-000762,SKILL,Sales and Marketing,"Knowledge of principles and methods for showing, promoting, and selling products or services. This includes marketing strategy and tactics, product demonstration, sales techniques, and sales control systems.",Knowledge,OTHER_SKILL,PENDING_REVIEW
SK-000763,SKILL,Customer and Personal Service,"Knowledge of principles and processes for providing customer and personal services. This includes customer needs assessment, meeting quality standards for services, and evaluation of customer satisfaction.",Knowledge,OTHER_SKILL,PENDING_REVIEW
SK-000764,SKILL,Personnel and Human Resources,"Knowledge of principles and procedures for personnel recruitment, selection, training, compensation and benefits, labor relations and negotiation, and personnel information systems.",Knowledge,OTHER_SKILL,PENDING_REVIEW
SK-000765,SKILL,Computers and Electronics,"Knowledge of circuit boards, processors, chips, electronic equipment, and computer hardware and software, including applications and programming.",Knowledge,OTHER_SKILL,PENDING_REVIEW
SK-000766,SKILL,Engineering and Technology,"Knowledge of the practical application of engineering science and technology. This includes applying principles, techniques, procedures, and equipment to the design and production of various goods and services.",Knowledge,OTHER_SKILL,PENDING_REVIEW
SK-000767,SKILL,Design,"Knowledge of design techniques, tools, and principles involved in production of precision technical plans, blueprints, drawings, and models.",Knowledge,OTHER_SKILL,PENDING_REVIEW
SK-000768,SKILL,Mathematics,"Knowledge of arithmetic, algebra, geometry, calculus, statistics, and their applications.",Knowledge,OTHER_SKILL,PENDING_REVIEW
SK-000769,SKILL,Psychology,"Knowledge of human behavior and performance; individual differences in ability, personality, and interests; learning and motivation; psychological research methods; and the assessment and treatment of behavioral and affective disorders.",Knowledge,OTHER_SKILL,PENDING_REVIEW
SK-000770,SKILL,Sociology and Anthropology,"Knowledge of group behavior and dynamics, societal trends and influences, human migrations, ethnicity, cultures, and their history and origins.",Knowledge,OTHER_SKILL,PENDING_REVIEW
SK-000771,SKILL,Education and Training,"Knowledge of principles and methods for curriculum and training design, teaching and instruction for individuals and groups, and the measurement of training effects.",Knowledge,OTHER_SKILL,PENDING_REVIEW
SK-000772,SKILL,English Language,"Knowledge of the structure and content of the English language including the meaning and spelling of words, and rules of composition and grammar.",Knowledge,OTHER_SKILL,PENDING_REVIEW
SK-000773,SKILL,Public Safety and Security,"Knowledge of relevant equipment, policies, procedures, and strategies to promote effective local, state, or national security operations for the protection of people, data, property, and institutions.",Knowledge,OTHER_SKILL,PENDING_REVIEW
SK-000774,SKILL,Law and Government,"Knowledge of laws, legal codes, court procedures, precedents, government regulations, executive orders, agency rules, and the democratic political process.",Knowledge,OTHER_SKILL,PENDING_REVIEW
SK-000775,SKILL,Telecommunications,"Knowledge of transmission, broadcasting, switching, control, and operation of telecommunications systems.",Knowledge,OTHER_SKILL,PENDING_REVIEW
SK-000776,SKILL,Communications and Media,"Knowledge of media production, communication, and dissemination techniques and methods. This includes alternative ways to inform and entertain via written, oral, and visual media.",Knowledge,OTHER_SKILL,PENDING_REVIEW
SK-000777,SKILL,Adobe Acrobat,Software product/technology in category: Document management software,Software,SOFTWARE_OR_TOOL,PENDING_REVIEW
SK-000778,SKILL,Adobe Acrobat Reader,Software product/technology in category: Document management software,Software,SOFTWARE_OR_TOOL,PENDING_REVIEW
SK-000779,SKILL,Adobe ActionScript,Software product/technology in category: Development environment software,Software,SOFTWARE_OR_TOOL,PENDING_REVIEW
SK-000780,SKILL,Adobe After Effects,Software product/technology in category: Video creation and editing software,Software,SOFTWARE_OR_TOOL,PENDING_REVIEW
SK-000781,SKILL,Adobe Creative Cloud software,Software product/technology in category: Graphics or photo imaging software,Software,SOFTWARE_OR_TOOL,PENDING_REVIEW
SK-000782,SKILL,Adobe Dreamweaver,Software product/technology in category: Web page creation and editing software,Software,SOFTWARE_OR_TOOL,PENDING_REVIEW
SK-000783,SKILL,Adobe Illustrator,Software product/technology in category: Graphics or photo imaging software,Software,SOFTWARE_OR_TOOL,PENDING_REVIEW
SK-000784,SKILL,Adobe InDesign,Software product/technology in category: Desktop publishing software,Software,SOFTWARE_OR_TOOL,PENDING_REVIEW
SK-000785,SKILL,Adobe Photoshop,Software product/technology in category: Graphics or photo imaging software,Software,SOFTWARE_OR_TOOL,PENDING_REVIEW
SK-000786,SKILL,AdSense Tracker,Software product/technology in category: Data base user interface and query software,Software,SOFTWARE_OR_TOOL,PENDING_REVIEW
SK-000787,SKILL,AEC Software FastTrack Schedule,Software product/technology in category: Data base user interface and query software,Software,SOFTWARE_OR_TOOL,PENDING_REVIEW
SK-000788,SKILL,Airtable,Software product/technology in category: Data base user interface and query software,Software,SOFTWARE_OR_TOOL,PENDING_REVIEW
SK-000789,SKILL,Amazon Redshift,Software product/technology in category: Data base user interface and query software,Software,SOFTWARE_OR_TOOL,PENDING_REVIEW
SK-000790,SKILL,Amazon Web Services AWS software,Software product/technology in category: Data base user interface and query software,Software,SOFTWARE_OR_TOOL,PENDING_REVIEW
SK-000791,SKILL,Apache Cassandra,Software product/technology in category: Data base management system software,Software,SOFTWARE_OR_TOOL,PENDING_REVIEW
SK-000792,SKILL,Apache Hadoop,Software product/technology in category: Data base management system software,Software,SOFTWARE_OR_TOOL,PENDING_REVIEW
SK-000793,SKILL,Apache Hive,Software product/technology in category: Data base management system software,Software,SOFTWARE_OR_TOOL,PENDING_REVIEW
SK-000794,SKILL,Apache Pig,Software product/technology in category: Data base management system software,Software,SOFTWARE_OR_TOOL,PENDING_REVIEW
SK-000795,SKILL,Apache Solr,Software product/technology in category: Data base management system software,Software,SOFTWARE_OR_TOOL,PENDING_REVIEW
SK-000796,SKILL,Apple Final Cut Pro,Software product/technology in category: Video creation and editing software,Software,SOFTWARE_OR_TOOL,PENDING_REVIEW
SK-000797,SKILL,Apple Keynote,Software product/technology in category: Presentation software,Software,SOFTWARE_OR_TOOL,PENDING_REVIEW
SK-000798,SKILL,Apple macOS,Software product/technology in category: Operating system software,Software,SOFTWARE_OR_TOOL,PENDING_REVIEW
SK-000799,SKILL,Armand Morin MultiTrack Generator,Software product/technology in category: Transaction server software,Software,SOFTWARE_OR_TOOL,PENDING_REVIEW
SK-000800,SKILL,Asana,Software product/technology in category: Cloud-based data access and sharing software,Software,SOFTWARE_OR_TOOL,PENDING_REVIEW
SK-000801,SKILL,Atlassian Confluence,Software product/technology in category: Project management software,Software,SOFTWARE_OR_TOOL,PENDING_REVIEW
SK-000802,SKILL,Atlassian JIRA,Software product/technology in category: Content workflow software,Software,SOFTWARE_OR_TOOL,PENDING_REVIEW
SK-000803,SKILL,Blackbaud The Raiser's Edge,Software product/technology in category: Customer relationship management CRM software,Software,SOFTWARE_OR_TOOL,PENDING_REVIEW
SK-000804,SKILL,C,Software product/technology in category: Development environment software,Software,SOFTWARE_OR_TOOL,PENDING_REVIEW
SK-000805,SKILL,Canva,Software product/technology in category: Graphics or photo imaging software,Software,SOFTWARE_OR_TOOL,PENDING_REVIEW
SK-000806,SKILL,Cascading style sheets CSS,Software product/technology in category: Web platform development software,Software,SOFTWARE_OR_TOOL,PENDING_REVIEW
SK-000807,SKILL,Citrix cloud computing software,Software product/technology in category: Access software,Software,SOFTWARE_OR_TOOL,PENDING_REVIEW
SK-000808,SKILL,ClearEDGE,Software product/technology in category: Data base user interface and query software,Software,SOFTWARE_OR_TOOL,PENDING_REVIEW
SK-000809,SKILL,Constant Contact,Software product/technology in category: Customer relationship management CRM software,Software,SOFTWARE_OR_TOOL,PENDING_REVIEW
SK-000810,SKILL,Database reporting software,Software product/technology in category: Data base reporting software,Software,SOFTWARE_OR_TOOL,PENDING_REVIEW
SK-000811,SKILL,Database software,Software product/technology in category: Data base user interface and query software,Software,SOFTWARE_OR_TOOL,PENDING_REVIEW
SK-000812,SKILL,Databox,Software product/technology in category: Data base user interface and query software,Software,SOFTWARE_OR_TOOL,PENDING_REVIEW
SK-000813,SKILL,Delphi Technology,Software product/technology in category: Financial analysis software,Software,SOFTWARE_OR_TOOL,PENDING_REVIEW
SK-000814,SKILL,Dropbox,Software product/technology in category: Cloud-based data access and sharing software,Software,SOFTWARE_OR_TOOL,PENDING_REVIEW
SK-000815,SKILL,Drupal,Software product/technology in category: Web platform development software,Software,SOFTWARE_OR_TOOL,PENDING_REVIEW
SK-000816,SKILL,Dynamic hypertext markup language DHTML,Software product/technology in category: Web platform development software,Software,SOFTWARE_OR_TOOL,PENDING_REVIEW
SK-000817,SKILL,Eko,Software product/technology in category: Desktop communications software,Software,SOFTWARE_OR_TOOL,PENDING_REVIEW
SK-000818,SKILL,Elasticsearch,Software product/technology in category: Data base management system software,Software,SOFTWARE_OR_TOOL,PENDING_REVIEW
SK-000819,SKILL,Evernote,Software product/technology in category: Word processing software,Software,SOFTWARE_OR_TOOL,PENDING_REVIEW
SK-000820,SKILL,Extensible hypertext markup language XHTML,Software product/technology in category: Web platform development software,Software,SOFTWARE_OR_TOOL,PENDING_REVIEW
SK-000821,SKILL,Extensible markup language XML,Software product/technology in category: Enterprise application integration software,Software,SOFTWARE_OR_TOOL,PENDING_REVIEW
SK-000822,SKILL,Facebook,Software product/technology in category: Web page creation and editing software,Software,SOFTWARE_OR_TOOL,PENDING_REVIEW
SK-000823,SKILL,Figma,Software product/technology in category: Graphical user interface development software,Software,SOFTWARE_OR_TOOL,PENDING_REVIEW
SK-000824,SKILL,FileMaker Pro,Software product/technology in category: Data base user interface and query software,Software,SOFTWARE_OR_TOOL,PENDING_REVIEW
SK-000825,SKILL,Flipgrid,Software product/technology in category: Video creation and editing software,Software,SOFTWARE_OR_TOOL,PENDING_REVIEW
SK-000826,SKILL,Fund accounting software,Software product/technology in category: Accounting software,Software,SOFTWARE_OR_TOOL,PENDING_REVIEW
SK-000827,SKILL,GitHub,Software product/technology in category: Application server software,Software,SOFTWARE_OR_TOOL,PENDING_REVIEW
SK-000828,SKILL,Google Ads,Software product/technology in category: Sales and marketing software,Software,SOFTWARE_OR_TOOL,PENDING_REVIEW
SK-000829,SKILL,Google Analytics,Software product/technology in category: Data mining software,Software,SOFTWARE_OR_TOOL,PENDING_REVIEW
SK-000830,SKILL,Google Docs,Software product/technology in category: Word processing software,Software,SOFTWARE_OR_TOOL,PENDING_REVIEW
SK-000831,SKILL,Google Drive,Software product/technology in category: Cloud-based data access and sharing software,Software,SOFTWARE_OR_TOOL,PENDING_REVIEW
SK-000832,SKILL,Google Looker Analytics,Software product/technology in category: Business intelligence and data analysis software,Software,SOFTWARE_OR_TOOL,PENDING_REVIEW
SK-000833,SKILL,Google Meet,Software product/technology in category: Video conferencing software,Software,SOFTWARE_OR_TOOL,PENDING_REVIEW
SK-000834,SKILL,Google Slides,Software product/technology in category: Presentation software,Software,SOFTWARE_OR_TOOL,PENDING_REVIEW
SK-000835,SKILL,HubSpot software,Software product/technology in category: Sales and marketing software,Software,SOFTWARE_OR_TOOL,PENDING_REVIEW
SK-000836,SKILL,Hypertext markup language HTML,Software product/technology in category: Web platform development software,Software,SOFTWARE_OR_TOOL,PENDING_REVIEW
SK-000837,SKILL,IBM Cognos Impromptu,Software product/technology in category: Business intelligence and data analysis software,Software,SOFTWARE_OR_TOOL,PENDING_REVIEW
SK-000838,SKILL,IBM Domino,Software product/technology in category: Communications server software,Software,SOFTWARE_OR_TOOL,PENDING_REVIEW
SK-000839,SKILL,IBM InfoSphere DataStage,Software product/technology in category: Enterprise application integration software,Software,SOFTWARE_OR_TOOL,PENDING_REVIEW
SK-000840,SKILL,IBM Notes,Software product/technology in category: Electronic mail software,Software,SOFTWARE_OR_TOOL,PENDING_REVIEW
SK-000841,SKILL,IBM Power Systems software,Software product/technology in category: Enterprise system management software,Software,SOFTWARE_OR_TOOL,PENDING_REVIEW
SK-000842,SKILL,IBM SPSS Statistics,Software product/technology in category: Analytical or scientific software,Software,SOFTWARE_OR_TOOL,PENDING_REVIEW
SK-000843,SKILL,Instagram,Software product/technology in category: Web page creation and editing software,Software,SOFTWARE_OR_TOOL,PENDING_REVIEW
SK-000844,SKILL,Intuit QuickBooks,Software product/technology in category: Accounting software,Software,SOFTWARE_OR_TOOL,PENDING_REVIEW
SK-000845,SKILL,JamBoard,Software product/technology in category: Graphics or photo imaging software,Software,SOFTWARE_OR_TOOL,PENDING_REVIEW
SK-000846,SKILL,JavaScript,Software product/technology in category: Web platform development software,Software,SOFTWARE_OR_TOOL,PENDING_REVIEW
SK-000847,SKILL,Jupyter Notebook,Software product/technology in category: Object or component oriented development software,Software,SOFTWARE_OR_TOOL,PENDING_REVIEW
SK-000848,SKILL,Kapwing,Software product/technology in category: Video creation and editing software,Software,SOFTWARE_OR_TOOL,PENDING_REVIEW
SK-000849,SKILL,LAMP Stack,Software product/technology in category: Web platform development software,Software,SOFTWARE_OR_TOOL,PENDING_REVIEW
SK-000850,SKILL,LexisNexis,Software product/technology in category: Information retrieval or search software,Software,SOFTWARE_OR_TOOL,PENDING_REVIEW
SK-000851,SKILL,LinkedIn,Software product/technology in category: Web page creation and editing software,Software,SOFTWARE_OR_TOOL,PENDING_REVIEW
SK-000852,SKILL,LogMeIn GoToMeeting,Software product/technology in category: Video conferencing software,Software,SOFTWARE_OR_TOOL,PENDING_REVIEW
SK-000853,SKILL,LogMeIn GoToWebinar,Software product/technology in category: Network conferencing software,Software,SOFTWARE_OR_TOOL,PENDING_REVIEW
SK-000854,SKILL,Lyris HQ Web-Analytics Solution,Software product/technology in category: Analytical or scientific software,Software,SOFTWARE_OR_TOOL,PENDING_REVIEW
SK-000855,SKILL,Marketo Marketing Automation,Software product/technology in category: Sales and marketing software,Software,SOFTWARE_OR_TOOL,PENDING_REVIEW
SK-000856,SKILL,MarketSharp,Software product/technology in category: Customer relationship management CRM software,Software,SOFTWARE_OR_TOOL,PENDING_REVIEW
SK-000857,SKILL,McAfee,Software product/technology in category: Transaction security and virus protection software,Software,SOFTWARE_OR_TOOL,PENDING_REVIEW
SK-000858,SKILL,Mentimeter,Software product/technology in category: Presentation software,Software,SOFTWARE_OR_TOOL,PENDING_REVIEW
SK-000859,SKILL,Microsoft Access,Software product/technology in category: Data base user interface and query software,Software,SOFTWARE_OR_TOOL,PENDING_REVIEW
SK-000860,SKILL,Microsoft Azure software,Software product/technology in category: Development environment software,Software,SOFTWARE_OR_TOOL,PENDING_REVIEW
SK-000861,SKILL,Microsoft Dynamics,Software product/technology in category: Enterprise resource planning ERP software,Software,SOFTWARE_OR_TOOL,PENDING_REVIEW
SK-000862,SKILL,Microsoft Excel,Software product/technology in category: Spreadsheet software,Software,SOFTWARE_OR_TOOL,PENDING_REVIEW
SK-000863,SKILL,Microsoft Office software,Software product/technology in category: Office suite software,Software,SOFTWARE_OR_TOOL,PENDING_REVIEW
SK-000864,SKILL,Microsoft Outlook,Software product/technology in category: Electronic mail software,Software,SOFTWARE_OR_TOOL,PENDING_REVIEW
SK-000865,SKILL,Microsoft PowerPoint,Software product/technology in category: Presentation software,Software,SOFTWARE_OR_TOOL,PENDING_REVIEW
SK-000866,SKILL,Microsoft Project,Software product/technology in category: Project management software,Software,SOFTWARE_OR_TOOL,PENDING_REVIEW
SK-000867,SKILL,Microsoft Publisher,Software product/technology in category: Desktop publishing software,Software,SOFTWARE_OR_TOOL,PENDING_REVIEW
SK-000868,SKILL,Microsoft SharePoint,Software product/technology in category: Document management software,Software,SOFTWARE_OR_TOOL,PENDING_REVIEW
SK-000869,SKILL,Microsoft SQL Server,Software product/technology in category: Data base user interface and query software,Software,SOFTWARE_OR_TOOL,PENDING_REVIEW
SK-000870,SKILL,Microsoft Teams,Software product/technology in category: Project management software,Software,SOFTWARE_OR_TOOL,PENDING_REVIEW
SK-000871,SKILL,Microsoft Visio,Software product/technology in category: Process mapping and design software,Software,SOFTWARE_OR_TOOL,PENDING_REVIEW
SK-000872,SKILL,Microsoft Visual Basic,Software product/technology in category: Development environment software,Software,SOFTWARE_OR_TOOL,PENDING_REVIEW
SK-000873,SKILL,Microsoft Visual Basic for Applications VBA,Software product/technology in category: Development environment software,Software,SOFTWARE_OR_TOOL,PENDING_REVIEW
SK-000874,SKILL,Microsoft Visual Basic Scripting Edition VBScript,Software product/technology in category: Development environment software,Software,SOFTWARE_OR_TOOL,PENDING_REVIEW
SK-000875,SKILL,Microsoft Word,Software product/technology in category: Word processing software,Software,SOFTWARE_OR_TOOL,PENDING_REVIEW
SK-000876,SKILL,MicroStrategy,Software product/technology in category: Business intelligence and data analysis software,Software,SOFTWARE_OR_TOOL,PENDING_REVIEW
SK-000877,SKILL,Minitab,Software product/technology in category: Analytical or scientific software,Software,SOFTWARE_OR_TOOL,PENDING_REVIEW
SK-000878,SKILL,MySQL,Software product/technology in category: Data base user interface and query software,Software,SOFTWARE_OR_TOOL,PENDING_REVIEW
SK-000879,SKILL,Nearpod,Software product/technology in category: Multi-media educational software,Software,SOFTWARE_OR_TOOL,PENDING_REVIEW
SK-000880,SKILL,Nedstat Sitestat,Software product/technology in category: Analytical or scientific software,Software,SOFTWARE_OR_TOOL,PENDING_REVIEW
SK-000881,SKILL,NetSuite ERP,Software product/technology in category: Enterprise resource planning ERP software,Software,SOFTWARE_OR_TOOL,PENDING_REVIEW
SK-000882,SKILL,NortonLifeLock cybersecurity software,Software product/technology in category: Transaction security and virus protection software,Software,SOFTWARE_OR_TOOL,PENDING_REVIEW
SK-000883,SKILL,NoSQL,Software product/technology in category: Data base management system software,Software,SOFTWARE_OR_TOOL,PENDING_REVIEW
SK-000884,SKILL,Online advertising reporting software,Software product/technology in category: Analytical or scientific software,Software,SOFTWARE_OR_TOOL,PENDING_REVIEW
SK-000885,SKILL,Oracle Beehive,Software product/technology in category: Expert system software,Software,SOFTWARE_OR_TOOL,PENDING_REVIEW
SK-000886,SKILL,Oracle Business Intelligence Enterprise Edition,Software product/technology in category: Business intelligence and data analysis software,Software,SOFTWARE_OR_TOOL,PENDING_REVIEW
SK-000887,SKILL,Oracle Database,Software product/technology in category: Data base user interface and query software,Software,SOFTWARE_OR_TOOL,PENDING_REVIEW
SK-000888,SKILL,Oracle E-Business Suite Financials,Software product/technology in category: Financial analysis software,Software,SOFTWARE_OR_TOOL,PENDING_REVIEW
SK-000889,SKILL,Oracle Eloqua,Software product/technology in category: Customer relationship management CRM software,Software,SOFTWARE_OR_TOOL,PENDING_REVIEW
SK-000890,SKILL,Oracle Fusion Applications,Software product/technology in category: Enterprise resource planning ERP software,Software,SOFTWARE_OR_TOOL,PENDING_REVIEW
SK-000891,SKILL,Oracle Hyperion,Software product/technology in category: Enterprise resource planning ERP software,Software,SOFTWARE_OR_TOOL,PENDING_REVIEW
SK-000892,SKILL,Oracle JavaServer Pages JSP,Software product/technology in category: Web platform development software,Software,SOFTWARE_OR_TOOL,PENDING_REVIEW
SK-000893,SKILL,Oracle PeopleSoft,Software product/technology in category: Enterprise resource planning ERP software,Software,SOFTWARE_OR_TOOL,PENDING_REVIEW
SK-000894,SKILL,Oracle PeopleSoft Financials,Software product/technology in category: Enterprise resource planning ERP software,Software,SOFTWARE_OR_TOOL,PENDING_REVIEW
SK-000895,SKILL,Oracle PL/SQL,Software product/technology in category: Data base management system software,Software,SOFTWARE_OR_TOOL,PENDING_REVIEW
SK-000896,SKILL,Oracle Siebel Server Sync,Software product/technology in category: Customer relationship management CRM software,Software,SOFTWARE_OR_TOOL,PENDING_REVIEW
SK-000897,SKILL,Padlet,Software product/technology in category: Computer based training software,Software,SOFTWARE_OR_TOOL,PENDING_REVIEW
SK-000898,SKILL,PHP,Software product/technology in category: Web platform development software,Software,SOFTWARE_OR_TOOL,PENDING_REVIEW
SK-000899,SKILL,Python,Software product/technology in category: Object or component oriented development software,Software,SOFTWARE_OR_TOOL,PENDING_REVIEW
SK-000900,SKILL,QAD Marketing Automation,Software product/technology in category: Customer relationship management CRM software,Software,SOFTWARE_OR_TOOL,PENDING_REVIEW
SK-000901,SKILL,Qlik Tech QlikView,Software product/technology in category: Business intelligence and data analysis software,Software,SOFTWARE_OR_TOOL,PENDING_REVIEW
SK-000902,SKILL,R,Software product/technology in category: Object or component oriented development software,Software,SOFTWARE_OR_TOOL,PENDING_REVIEW
SK-000903,SKILL,Ruby,Software product/technology in category: Development environment software,Software,SOFTWARE_OR_TOOL,PENDING_REVIEW
SK-000904,SKILL,Ruby on Rails,Software product/technology in category: Web platform development software,Software,SOFTWARE_OR_TOOL,PENDING_REVIEW
SK-000905,SKILL,Sage SalesLogix,Software product/technology in category: Customer relationship management CRM software,Software,SOFTWARE_OR_TOOL,PENDING_REVIEW
SK-000906,SKILL,Salesforce software,Software product/technology in category: Customer relationship management CRM software,Software,SOFTWARE_OR_TOOL,PENDING_REVIEW
SK-000907,SKILL,Salesforce.com Salesforce CRM,Software product/technology in category: Customer relationship management CRM software,Software,SOFTWARE_OR_TOOL,PENDING_REVIEW
SK-000908,SKILL,SAP Business Objects,Software product/technology in category: Enterprise resource planning ERP software,Software,SOFTWARE_OR_TOOL,PENDING_REVIEW
SK-000909,SKILL,SAP software,Software product/technology in category: Enterprise resource planning ERP software,Software,SOFTWARE_OR_TOOL,PENDING_REVIEW
SK-000910,SKILL,SAS,Software product/technology in category: Analytical or scientific software,Software,SOFTWARE_OR_TOOL,PENDING_REVIEW
SK-000911,SKILL,Screencast-O-Matic,Software product/technology in category: Video creation and editing software,Software,SOFTWARE_OR_TOOL,PENDING_REVIEW
SK-000912,SKILL,Screencastify,Software product/technology in category: Video creation and editing software,Software,SOFTWARE_OR_TOOL,PENDING_REVIEW
SK-000913,SKILL,Slack,Software product/technology in category: Cloud-based data access and sharing software,Software,SOFTWARE_OR_TOOL,PENDING_REVIEW
SK-000914,SKILL,SmugMug Flickr,Software product/technology in category: Graphics or photo imaging software,Software,SOFTWARE_OR_TOOL,PENDING_REVIEW
SK-000915,SKILL,Social media sites,Software product/technology in category: Web page creation and editing software,Software,SOFTWARE_OR_TOOL,PENDING_REVIEW
SK-000916,SKILL,Software as a service SaaS,Software product/technology in category: Cloud-based data access and sharing software,Software,SOFTWARE_OR_TOOL,PENDING_REVIEW
SK-000917,SKILL,Splunk Enterprise,Software product/technology in category: Cloud-based management software,Software,SOFTWARE_OR_TOOL,PENDING_REVIEW
SK-000918,SKILL,StataCorp Stata,Software product/technology in category: Analytical or scientific software,Software,SOFTWARE_OR_TOOL,PENDING_REVIEW
SK-000919,SKILL,Structured query language SQL,Software product/technology in category: Data base user interface and query software,Software,SOFTWARE_OR_TOOL,PENDING_REVIEW
SK-000920,SKILL,Swift,Software product/technology in category: Object or component oriented development software,Software,SOFTWARE_OR_TOOL,PENDING_REVIEW
SK-000921,SKILL,Tableau,Software product/technology in category: Business intelligence and data analysis software,Software,SOFTWARE_OR_TOOL,PENDING_REVIEW
SK-000922,SKILL,Tax software,Software product/technology in category: Accounting software,Software,SOFTWARE_OR_TOOL,PENDING_REVIEW
SK-000923,SKILL,Teradata Database,Software product/technology in category: Data base management system software,Software,SOFTWARE_OR_TOOL,PENDING_REVIEW
SK-000924,SKILL,The MathWorks MATLAB,Software product/technology in category: Analytical or scientific software,Software,SOFTWARE_OR_TOOL,PENDING_REVIEW
SK-000925,SKILL,TikTok,Software product/technology in category: Video creation and editing software,Software,SOFTWARE_OR_TOOL,PENDING_REVIEW
SK-000926,SKILL,Web browser software,Software product/technology in category: Internet browser software,Software,SOFTWARE_OR_TOOL,PENDING_REVIEW
SK-000927,SKILL,WeVideo,Software product/technology in category: Video creation and editing software,Software,SOFTWARE_OR_TOOL,PENDING_REVIEW
SK-000928,SKILL,WordPress,Software product/technology in category: Web page creation and editing software,Software,SOFTWARE_OR_TOOL,PENDING_REVIEW
SK-000929,SKILL,Yardi software,Software product/technology in category: Data base user interface and query software,Software,SOFTWARE_OR_TOOL,PENDING_REVIEW
SK-000930,SKILL,YouTube,Software product/technology in category: Video creation and editing software,Software,SOFTWARE_OR_TOOL,PENDING_REVIEW
SK-000931,SKILL,Adobe Distiller,Software product/technology in category: Desktop publishing software,Software,SOFTWARE_OR_TOOL,PENDING_REVIEW
SK-000932,SKILL,Adobe PageMaker,Software product/technology in category: Desktop publishing software,Software,SOFTWARE_OR_TOOL,PENDING_REVIEW
SK-000933,SKILL,Apple iDVD,Software product/technology in category: Video creation and editing software,Software,SOFTWARE_OR_TOOL,PENDING_REVIEW
SK-000934,SKILL,Apple iMovie,Software product/technology in category: Video creation and editing software,Software,SOFTWARE_OR_TOOL,PENDING_REVIEW
SK-000935,SKILL,Blackbaud eTapestry,Software product/technology in category: Customer relationship management CRM software,Software,SOFTWARE_OR_TOOL,PENDING_REVIEW
SK-000936,SKILL,Corel WordPerfect Office Suite,Software product/technology in category: Office suite software,Software,SOFTWARE_OR_TOOL,PENDING_REVIEW
SK-000937,SKILL,Google Gmail,Software product/technology in category: Electronic mail software,Software,SOFTWARE_OR_TOOL,PENDING_REVIEW
SK-000938,SKILL,Google Workspace software,Software product/technology in category: Office suite software,Software,SOFTWARE_OR_TOOL,PENDING_REVIEW
SK-000939,SKILL,Human resource management software HRMS,Software product/technology in category: Human resources software,Software,SOFTWARE_OR_TOOL,PENDING_REVIEW
SK-000940,SKILL,MicroFocus GroupWise,Software product/technology in category: Electronic mail software,Software,SOFTWARE_OR_TOOL,PENDING_REVIEW
SK-000941,SKILL,MightyScout,Software product/technology in category: Sales and marketing software,Software,SOFTWARE_OR_TOOL,PENDING_REVIEW
SK-000942,SKILL,QuarkXPress,Software product/technology in category: Desktop publishing software,Software,SOFTWARE_OR_TOOL,PENDING_REVIEW
SK-000943,SKILL,zkipster,Software product/technology in category: Project management software,Software,SOFTWARE_OR_TOOL,PENDING_REVIEW
SK-000944,SKILL,Zoom,Software product/technology in category: Video conferencing software,Software,SOFTWARE_OR_TOOL,PENDING_REVIEW
SK-000945,SKILL,Accounts receivable software,Software product/technology in category: Accounting software,Software,SOFTWARE_OR_TOOL,PENDING_REVIEW
SK-000946,SKILL,ADP Workforce Now,Software product/technology in category: Human resources software,Software,SOFTWARE_OR_TOOL,PENDING_REVIEW
SK-000947,SKILL,Alteryx software,Software product/technology in category: Business intelligence and data analysis software,Software,SOFTWARE_OR_TOOL,PENDING_REVIEW
SK-000948,SKILL,ARES Corporation PRISM Project Estimator,Software product/technology in category: Financial analysis software,Software,SOFTWARE_OR_TOOL,PENDING_REVIEW
SK-000949,SKILL,Credit management software,Software product/technology in category: Financial analysis software,Software,SOFTWARE_OR_TOOL,PENDING_REVIEW
SK-000950,SKILL,Healthcare common procedure coding system HCPCS,Software product/technology in category: Medical software,Software,SOFTWARE_OR_TOOL,PENDING_REVIEW
SK-000951,SKILL,Human resource information system (HRIS),Software product/technology in category: Human resources software,Software,SOFTWARE_OR_TOOL,PENDING_REVIEW
SK-000952,SKILL,Microsoft Dynamics GP,Software product/technology in category: Enterprise resource planning ERP software,Software,SOFTWARE_OR_TOOL,PENDING_REVIEW
SK-000953,SKILL,Microsoft Exchange,Software product/technology in category: Electronic mail software,Software,SOFTWARE_OR_TOOL,PENDING_REVIEW
SK-000954,SKILL,Microsoft Windows,Software product/technology in category: Operating system software,Software,SOFTWARE_OR_TOOL,PENDING_REVIEW
SK-000955,SKILL,Moody's KMV FAMAS,Software product/technology in category: Spreadsheet software,Software,SOFTWARE_OR_TOOL,PENDING_REVIEW
SK-000956,SKILL,Oracle JD Edwards EnterpriseOne,Software product/technology in category: Enterprise resource planning ERP software,Software,SOFTWARE_OR_TOOL,PENDING_REVIEW
SK-000957,SKILL,Oracle Primavera Enterprise Project Portfolio Management,Software product/technology in category: Project management software,Software,SOFTWARE_OR_TOOL,PENDING_REVIEW
SK-000958,SKILL,Sage 50 Accounting,Software product/technology in category: Accounting software,Software,SOFTWARE_OR_TOOL,PENDING_REVIEW
SK-000959,SKILL,SAP Crystal Reports,Software product/technology in category: Data base reporting software,Software,SOFTWARE_OR_TOOL,PENDING_REVIEW
SK-000960,SKILL,Tax compliance property tax management software,Software product/technology in category: Compliance software,Software,SOFTWARE_OR_TOOL,PENDING_REVIEW
SK-000961,SKILL,Workday software,Software product/technology in category: Enterprise resource planning ERP software,Software,SOFTWARE_OR_TOOL,PENDING_REVIEW
SK-000962,SKILL,!Trak-it Solutions !Trak-it HR,Software product/technology in category: Human resources software,Software,SOFTWARE_OR_TOOL,PENDING_REVIEW
SK-000963,SKILL,ADP Employease,Software product/technology in category: Human resources software,Software,SOFTWARE_OR_TOOL,PENDING_REVIEW
SK-000964,SKILL,ADP HR/Benefits Solution,Software product/technology in category: Human resources software,Software,SOFTWARE_OR_TOOL,PENDING_REVIEW
SK-000965,SKILL,AdRelevance,Software product/technology in category: Data base reporting software,Software,SOFTWARE_OR_TOOL,PENDING_REVIEW
SK-000966,SKILL,Apex Business Software iHR,Software product/technology in category: Human resources software,Software,SOFTWARE_OR_TOOL,PENDING_REVIEW
SK-000967,SKILL,Ascentis HR,Software product/technology in category: Human resources software,Software,SOFTWARE_OR_TOOL,PENDING_REVIEW
SK-000968,SKILL,ASL HR Director,Software product/technology in category: Human resources software,Software,SOFTWARE_OR_TOOL,PENDING_REVIEW
SK-000969,SKILL,Asure Software HCM,Software product/technology in category: Human resources software,Software,SOFTWARE_OR_TOOL,PENDING_REVIEW
SK-000970,SKILL,Atlas Business Solutions Staff Files,Software product/technology in category: Document management software,Software,SOFTWARE_OR_TOOL,PENDING_REVIEW
SK-000971,SKILL,Auxillium West HRnetSource,Software product/technology in category: Human resources software,Software,SOFTWARE_OR_TOOL,PENDING_REVIEW
SK-000972,SKILL,Blue Chip Computer Consultants HumaNET,Software product/technology in category: Human resources software,Software,SOFTWARE_OR_TOOL,PENDING_REVIEW
SK-000973,SKILL,Brainworks,Software product/technology in category: Enterprise resource planning ERP software,Software,SOFTWARE_OR_TOOL,PENDING_REVIEW
SK-000974,SKILL,Business analysis software,Software product/technology in category: Analytical or scientific software,Software,SOFTWARE_OR_TOOL,PENDING_REVIEW
SK-000975,SKILL,Ceridian Dayforce enterprise HCM,Software product/technology in category: Human resources software,Software,SOFTWARE_OR_TOOL,PENDING_REVIEW
SK-000976,SKILL,Consultants in Data Processing HRnet,Software product/technology in category: Human resources software,Software,SOFTWARE_OR_TOOL,PENDING_REVIEW
SK-000977,SKILL,Datamatics V-Core HR,Software product/technology in category: Human resources software,Software,SOFTWARE_OR_TOOL,PENDING_REVIEW
SK-000978,SKILL,Deltek Costpoint,Software product/technology in category: Accounting software,Software,SOFTWARE_OR_TOOL,PENDING_REVIEW
SK-000979,SKILL,DenoSys HRiStragegy,Software product/technology in category: Human resources software,Software,SOFTWARE_OR_TOOL,PENDING_REVIEW
SK-000980,SKILL,Document management system software,Software product/technology in category: Document management software,Software,SOFTWARE_OR_TOOL,PENDING_REVIEW
SK-000981,SKILL,e-MDs Bill,Software product/technology in category: Billing and invoicing software,Software,SOFTWARE_OR_TOOL,PENDING_REVIEW
SK-000982,SKILL,Experience in Software Webplanner,Software product/technology in category: Project management software,Software,SOFTWARE_OR_TOOL,PENDING_REVIEW
SK-000983,SKILL,FSC Business Solutions Department Managers' Toolkit,Software product/technology in category: Human resources software,Software,SOFTWARE_OR_TOOL,PENDING_REVIEW
SK-000984,SKILL,Genesys PeopleComeFirst,Software product/technology in category: Human resources software,Software,SOFTWARE_OR_TOOL,PENDING_REVIEW
SK-000985,SKILL,Global Groupware Solutions Limited Smiles ERM On-Demand,Software product/technology in category: Human resources software,Software,SOFTWARE_OR_TOOL,PENDING_REVIEW
SK-000986,SKILL,HarrisData Human Resources Information System HRIS,Software product/technology in category: Human resources software,Software,SOFTWARE_OR_TOOL,PENDING_REVIEW
SK-000987,SKILL,HR-ease,Software product/technology in category: Human resources software,Software,SOFTWARE_OR_TOOL,PENDING_REVIEW
SK-000988,SKILL,HRMS Solutions iVantage,Software product/technology in category: Human resources software,Software,SOFTWARE_OR_TOOL,PENDING_REVIEW
SK-000989,SKILL,hSenid Business Solutions HRM Enterprise,Software product/technology in category: Human resources software,Software,SOFTWARE_OR_TOOL,PENDING_REVIEW
SK-000990,SKILL,Humanic Design Human Resources Management System,Software product/technology in category: Human resources software,Software,SOFTWARE_OR_TOOL,PENDING_REVIEW
SK-000991,SKILL,iEmployee,Software product/technology in category: Human resources software,Software,SOFTWARE_OR_TOOL,PENDING_REVIEW
SK-000992,SKILL,Jenss & Associates CompKeeper,Software product/technology in category: Human resources software,Software,SOFTWARE_OR_TOOL,PENDING_REVIEW
SK-000993,SKILL,Lawson Human Resource Management,Software product/technology in category: Human resources software,Software,SOFTWARE_OR_TOOL,PENDING_REVIEW
SK-000994,SKILL,Microsoft Dynamics Marketing,Software product/technology in category: Data base user interface and query software,Software,SOFTWARE_OR_TOOL,PENDING_REVIEW
SK-000995,SKILL,NOW Solutions emPath,Software product/technology in category: Human resources software,Software,SOFTWARE_OR_TOOL,PENDING_REVIEW
SK-000996,SKILL,Nuview Systems Cort HCM,Software product/technology in category: Human resources software,Software,SOFTWARE_OR_TOOL,PENDING_REVIEW
SK-000997,SKILL,NuView Systems NuViewHR,Software product/technology in category: Human resources software,Software,SOFTWARE_OR_TOOL,PENDING_REVIEW
SK-000998,SKILL,Oracle E-Business Suite,Software product/technology in category: Enterprise resource planning ERP software,Software,SOFTWARE_OR_TOOL,PENDING_REVIEW
SK-000999,SKILL,Oracle HRIS,Software product/technology in category: Human resources software,Software,SOFTWARE_OR_TOOL,PENDING_REVIEW
SK-001000,SKILL,OrangeHRM,Software product/technology in category: Human resources software,Software,SOFTWARE_OR_TOOL,PENDING_REVIEW
SK-001001,SKILL,PaloAlto Advertising Plan Pro,Software product/technology in category: Data base user interface and query software,Software,SOFTWARE_OR_TOOL,PENDING_REVIEW
SK-001002,SKILL,PDS Vista,Software product/technology in category: Human resources software,Software,SOFTWARE_OR_TOOL,PENDING_REVIEW
SK-001003,SKILL,People-Trak HR Essentials,Software product/technology in category: Human resources software,Software,SOFTWARE_OR_TOOL,PENDING_REVIEW
SK-001004,SKILL,PerfectSoftware PerfectHR,Software product/technology in category: Human resources software,Software,SOFTWARE_OR_TOOL,PENDING_REVIEW
SK-001005,SKILL,Piney Creek Digital Protocol System,Software product/technology in category: Human resources software,Software,SOFTWARE_OR_TOOL,PENDING_REVIEW
SK-001006,SKILL,PSTek,Software product/technology in category: Human resources software,Software,SOFTWARE_OR_TOOL,PENDING_REVIEW
SK-001007,SKILL,Quadkey HR Server,Software product/technology in category: Human resources software,Software,SOFTWARE_OR_TOOL,PENDING_REVIEW
SK-001008,SKILL,Quark enterprise publishing software,Software product/technology in category: Desktop publishing software,Software,SOFTWARE_OR_TOOL,PENDING_REVIEW
SK-001009,SKILL,Relex Weibull,Software product/technology in category: Analytical or scientific software,Software,SOFTWARE_OR_TOOL,PENDING_REVIEW
SK-001010,SKILL,Sage HRMS,Software product/technology in category: Human resources software,Software,SOFTWARE_OR_TOOL,PENDING_REVIEW
SK-001011,SKILL,Saigun Technologies EmpXtrack,Software product/technology in category: Human resources software,Software,SOFTWARE_OR_TOOL,PENDING_REVIEW
SK-001012,SKILL,Sentient Online MarketPrice,Software product/technology in category: Human resources software,Software,SOFTWARE_OR_TOOL,PENDING_REVIEW
SK-001013,SKILL,Trigon Road Forte Leave Management,Software product/technology in category: Human resources software,Software,SOFTWARE_OR_TOOL,PENDING_REVIEW
SK-001014,SKILL,UCN inContact Workforce Management Software WFM,Software product/technology in category: Human resources software,Software,SOFTWARE_OR_TOOL,PENDING_REVIEW
SK-001015,SKILL,Ultimate Software UltiPro,Software product/technology in category: Human resources software,Software,SOFTWARE_OR_TOOL,PENDING_REVIEW
SK-001016,SKILL,Vantage Point Software HRA,Software product/technology in category: Human resources software,Software,SOFTWARE_OR_TOOL,PENDING_REVIEW
SK-001017,SKILL,AASoftTech Web Organization Chart,Software product/technology in category: Charting software,Software,SOFTWARE_OR_TOOL,PENDING_REVIEW
SK-001018,SKILL,AccountantsWorld Payroll Relief,Software product/technology in category: Accounting software,Software,SOFTWARE_OR_TOOL,PENDING_REVIEW
SK-001019,SKILL,ADP Enterprise HR,Software product/technology in category: Human resources software,Software,SOFTWARE_OR_TOOL,PENDING_REVIEW
SK-001020,SKILL,ADP ezLaborManager,Software product/technology in category: Time accounting software,Software,SOFTWARE_OR_TOOL,PENDING_REVIEW
SK-001021,SKILL,ADP HR/Profile,Software product/technology in category: Human resources software,Software,SOFTWARE_OR_TOOL,PENDING_REVIEW
SK-001022,SKILL,ADP Pay eXpert,Software product/technology in category: Time accounting software,Software,SOFTWARE_OR_TOOL,PENDING_REVIEW
SK-001023,SKILL,AllNetic Working Time Tracker,Software product/technology in category: Human resources software,Software,SOFTWARE_OR_TOOL,PENDING_REVIEW
SK-001024,SKILL,Applicant tracking software,Software product/technology in category: Human resources software,Software,SOFTWARE_OR_TOOL,PENDING_REVIEW
SK-001025,SKILL,Arrow Electronics N/Compass,Software product/technology in category: Human resources software,Software,SOFTWARE_OR_TOOL,PENDING_REVIEW
SK-001026,SKILL,Authoria Adviser,Software product/technology in category: Human resources software,Software,SOFTWARE_OR_TOOL,PENDING_REVIEW
SK-001027,SKILL,Automation Centre Personnel Tracker,Software product/technology in category: Data base user interface and query software,Software,SOFTWARE_OR_TOOL,PENDING_REVIEW
SK-001028,SKILL,Data Management TimeClock Plus,Software product/technology in category: Time accounting software,Software,SOFTWARE_OR_TOOL,PENDING_REVIEW
SK-001029,SKILL,Defense Travel System,Software product/technology in category: Human resources software,Software,SOFTWARE_OR_TOOL,PENDING_REVIEW
SK-001030,SKILL,Deltek Vision,Software product/technology in category: Enterprise resource planning ERP software,Software,SOFTWARE_OR_TOOL,PENDING_REVIEW
SK-001031,SKILL,Exact Software Macola ES Labor Performance,Software product/technology in category: Time accounting software,Software,SOFTWARE_OR_TOOL,PENDING_REVIEW
SK-001032,SKILL,Fidelity HR/Payroll,Software product/technology in category: Human resources software,Software,SOFTWARE_OR_TOOL,PENDING_REVIEW
SK-001033,SKILL,Halogen e360,Software product/technology in category: Human resources software,Software,SOFTWARE_OR_TOOL,PENDING_REVIEW
SK-001034,SKILL,Halogen ePraisal,Software product/technology in category: Human resources software,Software,SOFTWARE_OR_TOOL,PENDING_REVIEW
SK-001035,SKILL,Harpers Payroll Services HR la Carte,Software product/technology in category: Human resources software,Software,SOFTWARE_OR_TOOL,PENDING_REVIEW
SK-001036,SKILL,IBM Lotus 1-2-3,Software product/technology in category: Spreadsheet software,Software,SOFTWARE_OR_TOOL,PENDING_REVIEW
SK-001037,SKILL,Inception Technologies InfiniTime,Software product/technology in category: Human resources software,Software,SOFTWARE_OR_TOOL,PENDING_REVIEW
SK-001038,SKILL,Infor ERP SyteLine,Software product/technology in category: Enterprise resource planning ERP software,Software,SOFTWARE_OR_TOOL,PENDING_REVIEW
SK-001039,SKILL,Infor SSA Human Capital Management,Software product/technology in category: Human resources software,Software,SOFTWARE_OR_TOOL,PENDING_REVIEW
SK-001040,SKILL,Infotronics Attendance Enterprise,Software product/technology in category: Time accounting software,Software,SOFTWARE_OR_TOOL,PENDING_REVIEW
SK-001041,SKILL,interactive Personnel Electronic Records Management System iPERMS,Software product/technology in category: Human resources software,Software,SOFTWARE_OR_TOOL,PENDING_REVIEW
SK-001042,SKILL,iSystems Evolution Payroll and Tax Management,Software product/technology in category: Time accounting software,Software,SOFTWARE_OR_TOOL,PENDING_REVIEW
SK-001043,SKILL,Jantek Electronics Jupiter Time & Attendance,Software product/technology in category: Time accounting software,Software,SOFTWARE_OR_TOOL,PENDING_REVIEW
SK-001044,SKILL,Kronos Enterprise Workforce Management,Software product/technology in category: Enterprise resource planning ERP software,Software,SOFTWARE_OR_TOOL,PENDING_REVIEW
SK-001045,SKILL,Kronos Workforce Timekeeper,Software product/technology in category: Time accounting software,Software,SOFTWARE_OR_TOOL,PENDING_REVIEW
SK-001046,SKILL,Lawson Human Resources Suite,Software product/technology in category: Human resources software,Software,SOFTWARE_OR_TOOL,PENDING_REVIEW
SK-001047,SKILL,Microsoft SharePoint Server,Software product/technology in category: Document management software,Software,SOFTWARE_OR_TOOL,PENDING_REVIEW
SK-001048,SKILL,Midrange Software XpertHire,Software product/technology in category: Human resources software,Software,SOFTWARE_OR_TOOL,PENDING_REVIEW
SK-001049,SKILL,New World Systems Logos.NET,Software product/technology in category: Accounting software,Software,SOFTWARE_OR_TOOL,PENDING_REVIEW
SK-001050,SKILL,Norchard Solutions Succession Wizard,Software product/technology in category: Time accounting software,Software,SOFTWARE_OR_TOOL,PENDING_REVIEW
SK-001051,SKILL,Nuvosoft Rwiz,Software product/technology in category: Word processing software,Software,SOFTWARE_OR_TOOL,PENDING_REVIEW
SK-001052,SKILL,Oracle Taleo,Software product/technology in category: Human resources software,Software,SOFTWARE_OR_TOOL,PENDING_REVIEW
SK-001053,SKILL,Paychex payroll software,Software product/technology in category: Human resources software,Software,SOFTWARE_OR_TOOL,PENDING_REVIEW
SK-001054,SKILL,Paycor payroll management,Software product/technology in category: Human resources software,Software,SOFTWARE_OR_TOOL,PENDING_REVIEW
SK-001055,SKILL,Paylocity Web Pay,Software product/technology in category: Time accounting software,Software,SOFTWARE_OR_TOOL,PENDING_REVIEW
SK-001056,SKILL,PDF readers,Software product/technology in category: Document management software,Software,SOFTWARE_OR_TOOL,PENDING_REVIEW
SK-001057,SKILL,People-Trak software,Software product/technology in category: Human resources software,Software,SOFTWARE_OR_TOOL,PENDING_REVIEW
SK-001058,SKILL,peoplefluent Performance,Software product/technology in category: Human resources software,Software,SOFTWARE_OR_TOOL,PENDING_REVIEW
SK-001059,SKILL,peoplefluent Recruiting,Software product/technology in category: Human resources software,Software,SOFTWARE_OR_TOOL,PENDING_REVIEW
SK-001060,SKILL,Pereless Systems software,Software product/technology in category: Human resources software,Software,SOFTWARE_OR_TOOL,PENDING_REVIEW
SK-001061,SKILL,Qqest TimeForce,Software product/technology in category: Time accounting software,Software,SOFTWARE_OR_TOOL,PENDING_REVIEW
SK-001062,SKILL,QuestionMark,Software product/technology in category: Human resources software,Software,SOFTWARE_OR_TOOL,PENDING_REVIEW
SK-001063,SKILL,SAP BusinessObjects Crystal Reports,Software product/technology in category: Data base reporting software,Software,SOFTWARE_OR_TOOL,PENDING_REVIEW
SK-001064,SKILL,Savitr RecruitX,Software product/technology in category: Human resources software,Software,SOFTWARE_OR_TOOL,PENDING_REVIEW
SK-001065,SKILL,Soft Trac Microix Timesheet,Software product/technology in category: Time accounting software,Software,SOFTWARE_OR_TOOL,PENDING_REVIEW
SK-001066,SKILL,Standard Installation and Division Personnel Reporting System SIDPERS,Software product/technology in category: Human resources software,Software,SOFTWARE_OR_TOOL,PENDING_REVIEW
SK-001067,SKILL,Stratitec TimeIPS,Software product/technology in category: Compliance software,Software,SOFTWARE_OR_TOOL,PENDING_REVIEW
SK-001068,SKILL,Stromberg Enterprise,Software product/technology in category: Time accounting software,Software,SOFTWARE_OR_TOOL,PENDING_REVIEW
SK-001069,SKILL,Tesseract Benefits Manager,Software product/technology in category: Human resources software,Software,SOFTWARE_OR_TOOL,PENDING_REVIEW
SK-001070,SKILL,Tesseract Human Resources Manager,Software product/technology in category: Human resources software,Software,SOFTWARE_OR_TOOL,PENDING_REVIEW
SK-001071,SKILL,Total Officer Personnel Management Information System TOPMIS,Software product/technology in category: Human resources software,Software,SOFTWARE_OR_TOOL,PENDING_REVIEW
SK-001072,SKILL,Training software,Software product/technology in category: Computer based training software,Software,SOFTWARE_OR_TOOL,PENDING_REVIEW
SK-001073,SKILL,Tyler Technologies MUNIS,Software product/technology in category: Enterprise resource planning ERP software,Software,SOFTWARE_OR_TOOL,PENDING_REVIEW
SK-001074,SKILL,Ultimate Software UltiPro Workplace,Software product/technology in category: Human resources software,Software,SOFTWARE_OR_TOOL,PENDING_REVIEW
SK-001075,SKILL,Unicorn HRO Open4,Software product/technology in category: Human resources software,Software,SOFTWARE_OR_TOOL,PENDING_REVIEW
SK-001076,SKILL,UniFocus Watson Human Resources Manager,Software product/technology in category: Human resources software,Software,SOFTWARE_OR_TOOL,PENDING_REVIEW
SK-001077,SKILL,WhizLabs,Software product/technology in category: Human resources software,Software,SOFTWARE_OR_TOOL,PENDING_REVIEW
SK-001078,SKILL,WinOcular,Software product/technology in category: Document management software,Software,SOFTWARE_OR_TOOL,PENDING_REVIEW
SK-001079,SKILL,Adobe Human Capital Application Solution Accelerator,Software product/technology in category: Human resources software,Software,SOFTWARE_OR_TOOL,PENDING_REVIEW
SK-001080,SKILL,Adobe LifeCycle Enterprise Suite,Software product/technology in category: Document management software,Software,SOFTWARE_OR_TOOL,PENDING_REVIEW
SK-001081,SKILL,Advanced business application programming ABAP,Software product/technology in category: Object or component oriented development software,Software,SOFTWARE_OR_TOOL,PENDING_REVIEW
SK-001082,SKILL,ApplicantPro iApplicants,Software product/technology in category: Human resources software,Software,SOFTWARE_OR_TOOL,PENDING_REVIEW
SK-001083,SKILL,Arbita OnePost,Software product/technology in category: Human resources software,Software,SOFTWARE_OR_TOOL,PENDING_REVIEW
SK-001084,SKILL,Arbita OneWorld,Software product/technology in category: Human resources software,Software,SOFTWARE_OR_TOOL,PENDING_REVIEW
SK-001085,SKILL,Assessment software,Software product/technology in category: Analytical or scientific software,Software,SOFTWARE_OR_TOOL,PENDING_REVIEW
SK-001086,SKILL,AST Staff Matrix,Software product/technology in category: Human resources software,Software,SOFTWARE_OR_TOOL,PENDING_REVIEW
SK-001087,SKILL,Background checking software,Software product/technology in category: Human resources software,Software,SOFTWARE_OR_TOOL,PENDING_REVIEW
SK-001088,SKILL,Blackboard software,Software product/technology in category: Data base user interface and query software,Software,SOFTWARE_OR_TOOL,PENDING_REVIEW
SK-001089,SKILL,Blackdog,Software product/technology in category: Human resources software,Software,SOFTWARE_OR_TOOL,PENDING_REVIEW
SK-001090,SKILL,BlackDog Recruiting,Software product/technology in category: Human resources software,Software,SOFTWARE_OR_TOOL,PENDING_REVIEW
SK-001091,SKILL,Bond International Adapt Staffing,Software product/technology in category: Human resources software,Software,SOFTWARE_OR_TOOL,PENDING_REVIEW
SK-001092,SKILL,Bond International Software Bond StaffSuite,Software product/technology in category: Human resources software,Software,SOFTWARE_OR_TOOL,PENDING_REVIEW
SK-001093,SKILL,BrightMove Applicant Tracking System,Software product/technology in category: Human resources software,Software,SOFTWARE_OR_TOOL,PENDING_REVIEW
SK-001094,SKILL,Bullhorn Applicant Tracking System,Software product/technology in category: Human resources software,Software,SOFTWARE_OR_TOOL,PENDING_REVIEW
SK-001095,SKILL,Candidate screening software,Software product/technology in category: Human resources software,Software,SOFTWARE_OR_TOOL,PENDING_REVIEW
SK-001096,SKILL,Candidate tracking software,Software product/technology in category: Human resources software,Software,SOFTWARE_OR_TOOL,PENDING_REVIEW
SK-001097,SKILL,Careerbuilder.com,Software product/technology in category: Human resources software,Software,SOFTWARE_OR_TOOL,PENDING_REVIEW
SK-001098,SKILL,Cisco Webex,Software product/technology in category: Video conferencing software,Software,SOFTWARE_OR_TOOL,PENDING_REVIEW
SK-001099,SKILL,Cluen Encore,Software product/technology in category: Human resources software,Software,SOFTWARE_OR_TOOL,PENDING_REVIEW
SK-001100,SKILL,Cluen executive recruitment software,Software product/technology in category: Human resources software,Software,SOFTWARE_OR_TOOL,PENDING_REVIEW
SK-001101,SKILL,COATSsql,Software product/technology in category: Human resources software,Software,SOFTWARE_OR_TOOL,PENDING_REVIEW
SK-001102,SKILL,CVTracer,Software product/technology in category: Human resources software,Software,SOFTWARE_OR_TOOL,PENDING_REVIEW
SK-001103,SKILL,Data entry software,Software product/technology in category: Data base user interface and query software,Software,SOFTWARE_OR_TOOL,PENDING_REVIEW
SK-001104,SKILL,Data Frenzy,Software product/technology in category: Human resources software,Software,SOFTWARE_OR_TOOL,PENDING_REVIEW
SK-001105,SKILL,DGCC.com RecruitTrack,Software product/technology in category: Human resources software,Software,SOFTWARE_OR_TOOL,PENDING_REVIEW
SK-001106,SKILL,Ellucian Banner Human Resources,Software product/technology in category: Human resources software,Software,SOFTWARE_OR_TOOL,PENDING_REVIEW
SK-001107,SKILL,Enterprise JavaBeans,Software product/technology in category: Web platform development software,Software,SOFTWARE_OR_TOOL,PENDING_REVIEW
SK-001108,SKILL,eQuest,Software product/technology in category: Human resources software,Software,SOFTWARE_OR_TOOL,PENDING_REVIEW
SK-001109,SKILL,ESRI ArcGIS software,Software product/technology in category: Geographic information system,Software,SOFTWARE_OR_TOOL,PENDING_REVIEW
SK-001110,SKILL,FaceTime,Software product/technology in category: Video conferencing software,Software,SOFTWARE_OR_TOOL,PENDING_REVIEW
SK-001111,SKILL,GoBackgrounds,Software product/technology in category: Human resources software,Software,SOFTWARE_OR_TOOL,PENDING_REVIEW
SK-001112,SKILL,Google,Software product/technology in category: Data base user interface and query software,Software,SOFTWARE_OR_TOOL,PENDING_REVIEW
SK-001113,SKILL,HireAbility ResumeParser,Software product/technology in category: Human resources software,Software,SOFTWARE_OR_TOOL,PENDING_REVIEW
SK-001114,SKILL,HireLogic PowerPlace,Software product/technology in category: Human resources software,Software,SOFTWARE_OR_TOOL,PENDING_REVIEW
SK-001115,SKILL,HRM Direct,Software product/technology in category: Human resources software,Software,SOFTWARE_OR_TOOL,PENDING_REVIEW
SK-001116,SKILL,ICIMS,Software product/technology in category: Human resources software,Software,SOFTWARE_OR_TOOL,PENDING_REVIEW
SK-001117,SKILL,Industrial Code Recruitpoint.net,Software product/technology in category: Human resources software,Software,SOFTWARE_OR_TOOL,PENDING_REVIEW
SK-001118,SKILL,Intelius,Software product/technology in category: Human resources software,Software,SOFTWARE_OR_TOOL,PENDING_REVIEW
SK-001119,SKILL,Intelligent Algorithms InfoGIST Platinum Recruiter,Software product/technology in category: Human resources software,Software,SOFTWARE_OR_TOOL,PENDING_REVIEW
SK-001120,SKILL,Job posting software,Software product/technology in category: Human resources software,Software,SOFTWARE_OR_TOOL,PENDING_REVIEW
SK-001121,SKILL,Kronos Workforce HR,Software product/technology in category: Human resources software,Software,SOFTWARE_OR_TOOL,PENDING_REVIEW
SK-001122,SKILL,Kronos Workforce Payroll,Software product/technology in category: Time accounting software,Software,SOFTWARE_OR_TOOL,PENDING_REVIEW
SK-001123,SKILL,LinkedIn,Software product/technology in category: Data base user interface and query software,Software,SOFTWARE_OR_TOOL,PENDING_REVIEW
SK-001124,SKILL,Loom,Software product/technology in category: Video creation and editing software,Software,SOFTWARE_OR_TOOL,PENDING_REVIEW
SK-001125,SKILL,Main Sequence Technologies PCRecruiter,Software product/technology in category: Human resources software,Software,SOFTWARE_OR_TOOL,PENDING_REVIEW
SK-001126,SKILL,Main Sequence Technologies PCRecruiter Resume Inhaler,Software product/technology in category: Human resources software,Software,SOFTWARE_OR_TOOL,PENDING_REVIEW
SK-001127,SKILL,MEDITECH software,Software product/technology in category: Medical software,Software,SOFTWARE_OR_TOOL,PENDING_REVIEW
SK-001128,SKILL,Micro J Systems PcHunter,Software product/technology in category: Human resources software,Software,SOFTWARE_OR_TOOL,PENDING_REVIEW
SK-001129,SKILL,Microsoft Internet Explorer,Software product/technology in category: Internet browser software,Software,SOFTWARE_OR_TOOL,PENDING_REVIEW
SK-001130,SKILL,Microsoft SQL Server Reporting Services SSRS,Software product/technology in category: Data base reporting software,Software,SOFTWARE_OR_TOOL,PENDING_REVIEW
SK-001131,SKILL,MPAY Millennium,Software product/technology in category: Time accounting software,Software,SOFTWARE_OR_TOOL,PENDING_REVIEW
SK-001132,SKILL,Online databases,Software product/technology in category: Data base user interface and query software,Software,SOFTWARE_OR_TOOL,PENDING_REVIEW
SK-001133,SKILL,Oracle PeopleSoft Human Capital Management,Software product/technology in category: Enterprise resource planning ERP software,Software,SOFTWARE_OR_TOOL,PENDING_REVIEW
SK-001134,SKILL,Oracle Solaris,Software product/technology in category: Operating system software,Software,SOFTWARE_OR_TOOL,PENDING_REVIEW
SK-001135,SKILL,Oracle WebLogic Server,Software product/technology in category: Application server software,Software,SOFTWARE_OR_TOOL,PENDING_REVIEW
SK-001136,SKILL,Perforce Helix software,Software product/technology in category: Configuration management software,Software,SOFTWARE_OR_TOOL,PENDING_REVIEW
SK-001137,SKILL,Post Once,Software product/technology in category: Human resources software,Software,SOFTWARE_OR_TOOL,PENDING_REVIEW
SK-001138,SKILL,PostingPal,Software product/technology in category: Human resources software,Software,SOFTWARE_OR_TOOL,PENDING_REVIEW
SK-001139,SKILL,PowerPlace Professional,Software product/technology in category: Human resources software,Software,SOFTWARE_OR_TOOL,PENDING_REVIEW
SK-001140,SKILL,Recruit Wizard,Software product/technology in category: Human resources software,Software,SOFTWARE_OR_TOOL,PENDING_REVIEW
SK-001141,SKILL,Recruitment management software,Software product/technology in category: Human resources software,Software,SOFTWARE_OR_TOOL,PENDING_REVIEW
SK-001142,SKILL,Recruitpoint.net,Software product/technology in category: Human resources software,Software,SOFTWARE_OR_TOOL,PENDING_REVIEW
SK-001143,SKILL,RecruitTrack,Software product/technology in category: Human resources software,Software,SOFTWARE_OR_TOOL,PENDING_REVIEW
SK-001144,SKILL,Resource Edge TalentHook Sphere,Software product/technology in category: Human resources software,Software,SOFTWARE_OR_TOOL,PENDING_REVIEW
SK-001145,SKILL,Resume converter software,Software product/technology in category: Human resources software,Software,SOFTWARE_OR_TOOL,PENDING_REVIEW
SK-001146,SKILL,Resume extraction and search software,Software product/technology in category: Human resources software,Software,SOFTWARE_OR_TOOL,PENDING_REVIEW
SK-001147,SKILL,Resume processing software,Software product/technology in category: Human resources software,Software,SOFTWARE_OR_TOOL,PENDING_REVIEW
SK-001148,SKILL,ResumeRobot,Software product/technology in category: Human resources software,Software,SOFTWARE_OR_TOOL,PENDING_REVIEW
SK-001149,SKILL,Safari Software Products Safari,Software product/technology in category: Human resources software,Software,SOFTWARE_OR_TOOL,PENDING_REVIEW
SK-001150,SKILL,SAP ERP Human Capital Management,Software product/technology in category: Human resources software,Software,SOFTWARE_OR_TOOL,PENDING_REVIEW
SK-001151,SKILL,Sendouts Recruiting,Software product/technology in category: Human resources software,Software,SOFTWARE_OR_TOOL,PENDING_REVIEW
SK-001152,SKILL,Silk Road technology OpenHire,Software product/technology in category: Human resources software,Software,SOFTWARE_OR_TOOL,PENDING_REVIEW
SK-001153,SKILL,Skype,Software product/technology in category: Desktop communications software,Software,SOFTWARE_OR_TOOL,PENDING_REVIEW
SK-001154,SKILL,Staffing Solutions Enterprises Staff Matrix,Software product/technology in category: Human resources software,Software,SOFTWARE_OR_TOOL,PENDING_REVIEW
SK-001155,SKILL,StaffingSoft Staffing Edition,Software product/technology in category: Human resources software,Software,SOFTWARE_OR_TOOL,PENDING_REVIEW
SK-001156,SKILL,Talent Technology HireDesk,Software product/technology in category: Human resources software,Software,SOFTWARE_OR_TOOL,PENDING_REVIEW
SK-001157,SKILL,Talent Technology Resume Mirror,Software product/technology in category: Human resources software,Software,SOFTWARE_OR_TOOL,PENDING_REVIEW
SK-001158,SKILL,Talent Technology Talemetry,Software product/technology in category: Human resources software,Software,SOFTWARE_OR_TOOL,PENDING_REVIEW
SK-001159,SKILL,TalentHook,Software product/technology in category: Human resources software,Software,SOFTWARE_OR_TOOL,PENDING_REVIEW
SK-001160,SKILL,Technomedia Hodes iQ,Software product/technology in category: Human resources software,Software,SOFTWARE_OR_TOOL,PENDING_REVIEW
SK-001161,SKILL,TempWorks recruiting and staffing software,Software product/technology in category: Human resources software,Software,SOFTWARE_OR_TOOL,PENDING_REVIEW
SK-001162,SKILL,VCG Pointwing,Software product/technology in category: Human resources software,Software,SOFTWARE_OR_TOOL,PENDING_REVIEW
SK-001163,SKILL,Vendor management system software,Software product/technology in category: Customer relationship management CRM software,Software,SOFTWARE_OR_TOOL,PENDING_REVIEW
SK-001164,SKILL,3M Post-it App,Software product/technology in category: Word processing software,Software,SOFTWARE_OR_TOOL,PENDING_REVIEW
SK-001165,SKILL,AJAX,Software product/technology in category: Web platform development software,Software,SOFTWARE_OR_TOOL,PENDING_REVIEW
SK-001166,SKILL,Amazon Elastic Compute Cloud EC2,Software product/technology in category: Data base user interface and query software,Software,SOFTWARE_OR_TOOL,PENDING_REVIEW
SK-001167,SKILL,Ansible software,Software product/technology in category: Expert system software,Software,SOFTWARE_OR_TOOL,PENDING_REVIEW
SK-001168,SKILL,Apache Ant,Software product/technology in category: Development environment software,Software,SOFTWARE_OR_TOOL,PENDING_REVIEW
SK-001169,SKILL,Apache Groovy,Software product/technology in category: Object or component oriented development software,Software,SOFTWARE_OR_TOOL,PENDING_REVIEW
SK-001170,SKILL,Apache HTTP Server,Software product/technology in category: Portal server software,Software,SOFTWARE_OR_TOOL,PENDING_REVIEW
SK-001171,SKILL,Apache Kafka,Software product/technology in category: Development environment software,Software,SOFTWARE_OR_TOOL,PENDING_REVIEW
SK-001172,SKILL,Apache Maven,Software product/technology in category: Development environment software,Software,SOFTWARE_OR_TOOL,PENDING_REVIEW
SK-001173,SKILL,Apache Spark,Software product/technology in category: Business intelligence and data analysis software,Software,SOFTWARE_OR_TOOL,PENDING_REVIEW
SK-001174,SKILL,Apache Struts,Software product/technology in category: Web platform development software,Software,SOFTWARE_OR_TOOL,PENDING_REVIEW
SK-001175,SKILL,Apache Subversion SVN,Software product/technology in category: File versioning software,Software,SOFTWARE_OR_TOOL,PENDING_REVIEW
SK-001176,SKILL,Apache Tomcat,Software product/technology in category: Web platform development software,Software,SOFTWARE_OR_TOOL,PENDING_REVIEW
SK-001177,SKILL,Atlassian Bamboo,Software product/technology in category: Enterprise application integration software,Software,SOFTWARE_OR_TOOL,PENDING_REVIEW
SK-001178,SKILL,Backbone.js,Software product/technology in category: Web platform development software,Software,SOFTWARE_OR_TOOL,PENDING_REVIEW
SK-001179,SKILL,Bash,Software product/technology in category: Operating system software,Software,SOFTWARE_OR_TOOL,PENDING_REVIEW
SK-001180,SKILL,C#,Software product/technology in category: Object or component oriented development software,Software,SOFTWARE_OR_TOOL,PENDING_REVIEW
SK-001181,SKILL,C++,Software product/technology in category: Object or component oriented development software,Software,SOFTWARE_OR_TOOL,PENDING_REVIEW
SK-001182,SKILL,Chef,Software product/technology in category: Configuration management software,Software,SOFTWARE_OR_TOOL,PENDING_REVIEW
SK-001183,SKILL,Common business oriented language COBOL,Software product/technology in category: Development environment software,Software,SOFTWARE_OR_TOOL,PENDING_REVIEW
SK-001184,SKILL,Customer information control system CICS,Software product/technology in category: Transaction server software,Software,SOFTWARE_OR_TOOL,PENDING_REVIEW
SK-001185,SKILL,Eclipse IDE,Software product/technology in category: Development environment software,Software,SOFTWARE_OR_TOOL,PENDING_REVIEW
SK-001186,SKILL,Epic Systems,Software product/technology in category: Medical software,Software,SOFTWARE_OR_TOOL,PENDING_REVIEW
SK-001187,SKILL,Ext JS,Software product/technology in category: Web platform development software,Software,SOFTWARE_OR_TOOL,PENDING_REVIEW
SK-001188,SKILL,Geographic information system GIS software,Software product/technology in category: Geographic information system,Software,SOFTWARE_OR_TOOL,PENDING_REVIEW
SK-001189,SKILL,Git,Software product/technology in category: File versioning software,Software,SOFTWARE_OR_TOOL,PENDING_REVIEW
SK-001190,SKILL,Go,Software product/technology in category: Development environment software,Software,SOFTWARE_OR_TOOL,PENDING_REVIEW
SK-001191,SKILL,Google Angular,Software product/technology in category: Web platform development software,Software,SOFTWARE_OR_TOOL,PENDING_REVIEW
SK-001192,SKILL,Hewlett Packard HP-UX,Software product/technology in category: Operating system software,Software,SOFTWARE_OR_TOOL,PENDING_REVIEW
SK-001193,SKILL,Hewlett Packard LoadRunner,Software product/technology in category: Program testing software,Software,SOFTWARE_OR_TOOL,PENDING_REVIEW
SK-001194,SKILL,Hibernate ORM,Software product/technology in category: Object oriented data base management software,Software,SOFTWARE_OR_TOOL,PENDING_REVIEW
SK-001195,SKILL,IBM Cognos ReportNet,Software product/technology in category: Enterprise resource planning ERP software,Software,SOFTWARE_OR_TOOL,PENDING_REVIEW
SK-001196,SKILL,IBM Rational RequisitePro,Software product/technology in category: Requirements analysis and system architecture software,Software,SOFTWARE_OR_TOOL,PENDING_REVIEW
SK-001197,SKILL,IBM WebSphere,Software product/technology in category: Cloud-based management software,Software,SOFTWARE_OR_TOOL,PENDING_REVIEW
SK-001198,SKILL,Information Builders WebFOCUS,Software product/technology in category: Data base reporting software,Software,SOFTWARE_OR_TOOL,PENDING_REVIEW
SK-001199,SKILL,Integrated development environment IDE software,Software product/technology in category: Development environment software,Software,SOFTWARE_OR_TOOL,PENDING_REVIEW
SK-001200,SKILL,JavaScript Object Notation JSON,Software product/technology in category: Web platform development software,Software,SOFTWARE_OR_TOOL,PENDING_REVIEW
SK-001201,SKILL,Job control language JCL,Software product/technology in category: Operating system software,Software,SOFTWARE_OR_TOOL,PENDING_REVIEW
SK-001202,SKILL,jQuery,Software product/technology in category: Object or component oriented development software,Software,SOFTWARE_OR_TOOL,PENDING_REVIEW
SK-001203,SKILL,JUnit,Software product/technology in category: Program testing software,Software,SOFTWARE_OR_TOOL,PENDING_REVIEW
SK-001204,SKILL,KornShell,Software product/technology in category: Operating system software,Software,SOFTWARE_OR_TOOL,PENDING_REVIEW
SK-001205,SKILL,Linux,Software product/technology in category: Operating system software,Software,SOFTWARE_OR_TOOL,PENDING_REVIEW
SK-001206,SKILL,Medical condition coding software,Software product/technology in category: Medical software,Software,SOFTWARE_OR_TOOL,PENDING_REVIEW
SK-001207,SKILL,Medical procedure coding software,Software product/technology in category: Medical software,Software,SOFTWARE_OR_TOOL,PENDING_REVIEW
SK-001208,SKILL,Microsoft .NET Framework,Software product/technology in category: Development environment software,Software,SOFTWARE_OR_TOOL,PENDING_REVIEW
SK-001209,SKILL,Microsoft Active Server Pages ASP,Software product/technology in category: Web platform development software,Software,SOFTWARE_OR_TOOL,PENDING_REVIEW
SK-001210,SKILL,Microsoft ActiveX,Software product/technology in category: Object or component oriented development software,Software,SOFTWARE_OR_TOOL,PENDING_REVIEW
SK-001211,SKILL,Microsoft ASP.NET,Software product/technology in category: Web platform development software,Software,SOFTWARE_OR_TOOL,PENDING_REVIEW
SK-001212,SKILL,Microsoft ASP.NET Core MVC,Software product/technology in category: Web platform development software,Software,SOFTWARE_OR_TOOL,PENDING_REVIEW
SK-001213,SKILL,Microsoft Business Intelligence BI,Software product/technology in category: Enterprise resource planning ERP software,Software,SOFTWARE_OR_TOOL,PENDING_REVIEW
SK-001214,SKILL,Microsoft OneNote,Software product/technology in category: Word processing software,Software,SOFTWARE_OR_TOOL,PENDING_REVIEW
SK-001215,SKILL,Microsoft Power BI,Software product/technology in category: Business intelligence and data analysis software,Software,SOFTWARE_OR_TOOL,PENDING_REVIEW
SK-001216,SKILL,Microsoft PowerShell,Software product/technology in category: Development environment software,Software,SOFTWARE_OR_TOOL,PENDING_REVIEW
SK-001217,SKILL,Microsoft SQL Server Integration Services SSIS,Software product/technology in category: Enterprise application integration software,Software,SOFTWARE_OR_TOOL,PENDING_REVIEW
SK-001218,SKILL,Microsoft Team Foundation Server,Software product/technology in category: Project management software,Software,SOFTWARE_OR_TOOL,PENDING_REVIEW
SK-001219,SKILL,Microsoft Visual Studio,Software product/technology in category: Development environment software,Software,SOFTWARE_OR_TOOL,PENDING_REVIEW
SK-001220,SKILL,MongoDB,Software product/technology in category: Data base management system software,Software,SOFTWARE_OR_TOOL,PENDING_REVIEW
SK-001221,SKILL,Nagios,Software product/technology in category: Network monitoring software,Software,SOFTWARE_OR_TOOL,PENDING_REVIEW
SK-001222,SKILL,Node.js,Software product/technology in category: Web platform development software,Software,SOFTWARE_OR_TOOL,PENDING_REVIEW
SK-001223,SKILL,Oracle Agile Product Lifecycle Management PLM,Software product/technology in category: Enterprise resource planning ERP software,Software,SOFTWARE_OR_TOOL,PENDING_REVIEW
SK-001224,SKILL,Oracle Business Intelligence Publisher,Software product/technology in category: Enterprise resource planning ERP software,Software,SOFTWARE_OR_TOOL,PENDING_REVIEW
SK-001225,SKILL,Oracle Java,Software product/technology in category: Object or component oriented development software,Software,SOFTWARE_OR_TOOL,PENDING_REVIEW
SK-001226,SKILL,Oracle JDBC,Software product/technology in category: Data base user interface and query software,Software,SOFTWARE_OR_TOOL,PENDING_REVIEW
SK-001227,SKILL,Perl,Software product/technology in category: Object or component oriented development software,Software,SOFTWARE_OR_TOOL,PENDING_REVIEW
SK-001228,SKILL,PostgreSQL,Software product/technology in category: Object oriented data base management software,Software,SOFTWARE_OR_TOOL,PENDING_REVIEW
SK-001229,SKILL,Puppet,Software product/technology in category: Configuration management software,Software,SOFTWARE_OR_TOOL,PENDING_REVIEW
SK-001230,SKILL,Quest Erwin Data Modeler,Software product/technology in category: Metadata management software,Software,SOFTWARE_OR_TOOL,PENDING_REVIEW
SK-001231,SKILL,Red Hat Enterprise Linux,Software product/technology in category: Operating system software,Software,SOFTWARE_OR_TOOL,PENDING_REVIEW
SK-001232,SKILL,Red Hat WildFly,Software product/technology in category: Application server software,Software,SOFTWARE_OR_TOOL,PENDING_REVIEW
SK-001233,SKILL,Relational database management software,Software product/technology in category: Data base management system software,Software,SOFTWARE_OR_TOOL,PENDING_REVIEW
SK-001234,SKILL,Salesforce Visualforce,Software product/technology in category: Graphical user interface development software,Software,SOFTWARE_OR_TOOL,PENDING_REVIEW
SK-001235,SKILL,Scala,Software product/technology in category: Object or component oriented development software,Software,SOFTWARE_OR_TOOL,PENDING_REVIEW
SK-001236,SKILL,Selenium,Software product/technology in category: Program testing software,Software,SOFTWARE_OR_TOOL,PENDING_REVIEW
SK-001237,SKILL,Shell script,Software product/technology in category: Operating system software,Software,SOFTWARE_OR_TOOL,PENDING_REVIEW
SK-001238,SKILL,Slido interaction software,Software product/technology in category: Network conferencing software,Software,SOFTWARE_OR_TOOL,PENDING_REVIEW
SK-001239,SKILL,Spring Framework,Software product/technology in category: Web platform development software,Software,SOFTWARE_OR_TOOL,PENDING_REVIEW
SK-001240,SKILL,Supervisory control and data acquisition SCADA software,Software product/technology in category: Industrial control software,Software,SOFTWARE_OR_TOOL,PENDING_REVIEW
SK-001241,SKILL,Transact-SQL,Software product/technology in category: Data base user interface and query software,Software,SOFTWARE_OR_TOOL,PENDING_REVIEW
SK-001242,SKILL,Trimble SketchUp Pro,Software product/technology in category: Graphics or photo imaging software,Software,SOFTWARE_OR_TOOL,PENDING_REVIEW
SK-001243,SKILL,Ubuntu,Software product/technology in category: Operating system software,Software,SOFTWARE_OR_TOOL,PENDING_REVIEW
SK-001244,SKILL,Unified modeling language UML,Software product/technology in category: Requirements analysis and system architecture software,Software,SOFTWARE_OR_TOOL,PENDING_REVIEW
SK-001245,SKILL,UNIX,Software product/technology in category: Operating system software,Software,SOFTWARE_OR_TOOL,PENDING_REVIEW
SK-001246,SKILL,Veritas NetBackup,Software product/technology in category: Backup or archival software,Software,SOFTWARE_OR_TOOL,PENDING_REVIEW
SK-001247,SKILL,Virtual private networking VPN software,Software product/technology in category: Network security and virtual private network VPN equipment software,Software,SOFTWARE_OR_TOOL,PENDING_REVIEW
SK-001248,SKILL,VMware,Software product/technology in category: Clustering software,Software,SOFTWARE_OR_TOOL,PENDING_REVIEW
SK-001249,SKILL,Wireshark,Software product/technology in category: Network monitoring software,Software,SOFTWARE_OR_TOOL,PENDING_REVIEW
SK-001250,SKILL,Actuarial Systems Corporation AIM,Software product/technology in category: Human resources software,Software,SOFTWARE_OR_TOOL,PENDING_REVIEW
SK-001251,SKILL,Actuarial Systems Corporation Compliance Testing System,Software product/technology in category: Human resources software,Software,SOFTWARE_OR_TOOL,PENDING_REVIEW
SK-001252,SKILL,Actuarial Systems Corporation Defined Benefit System,Software product/technology in category: Human resources software,Software,SOFTWARE_OR_TOOL,PENDING_REVIEW
SK-001253,SKILL,Actuarial Systems Corporation Document Generation and Management System,Software product/technology in category: Document management software,Software,SOFTWARE_OR_TOOL,PENDING_REVIEW
SK-001254,SKILL,Actuarial Systems Corporation DV Direct,Software product/technology in category: Human resources software,Software,SOFTWARE_OR_TOOL,PENDING_REVIEW
SK-001255,SKILL,ADP Enterprise eTIME,Software product/technology in category: Time accounting software,Software,SOFTWARE_OR_TOOL,PENDING_REVIEW
SK-001256,SKILL,Apex Business Software iBenefits,Software product/technology in category: Human resources software,Software,SOFTWARE_OR_TOOL,PENDING_REVIEW
SK-001257,SKILL,Ascentis Employee Self-Service,Software product/technology in category: Human resources software,Software,SOFTWARE_OR_TOOL,PENDING_REVIEW
SK-001258,SKILL,Bargaining Power,Software product/technology in category: Human resources software,Software,SOFTWARE_OR_TOOL,PENDING_REVIEW
SK-001259,SKILL,BEMAS PayDirect,Software product/technology in category: Human resources software,Software,SOFTWARE_OR_TOOL,PENDING_REVIEW
SK-001260,SKILL,Benaissance COBRApoint,Software product/technology in category: Human resources software,Software,SOFTWARE_OR_TOOL,PENDING_REVIEW
SK-001261,SKILL,BenAssist,Software product/technology in category: Human resources software,Software,SOFTWARE_OR_TOOL,PENDING_REVIEW
SK-001262,SKILL,Benefit Plan Systems Corporation The Plan Administrator,Software product/technology in category: Human resources software,Software,SOFTWARE_OR_TOOL,PENDING_REVIEW
SK-001263,SKILL,Benefit Software Fringe Facts,Software product/technology in category: Human resources software,Software,SOFTWARE_OR_TOOL,PENDING_REVIEW
SK-001264,SKILL,BenefitFocus HR in Touch,Software product/technology in category: Human resources software,Software,SOFTWARE_OR_TOOL,PENDING_REVIEW
SK-001265,SKILL,BeneLink Connect,Software product/technology in category: Human resources software,Software,SOFTWARE_OR_TOOL,PENDING_REVIEW
SK-001266,SKILL,Benelogic,Software product/technology in category: Human resources software,Software,SOFTWARE_OR_TOOL,PENDING_REVIEW
SK-001267,SKILL,BeneXL Technologies Pension Administration System,Software product/technology in category: Human resources software,Software,SOFTWARE_OR_TOOL,PENDING_REVIEW
SK-001268,SKILL,Byrne Software Technologies Visual HCS,Software product/technology in category: Human resources software,Software,SOFTWARE_OR_TOOL,PENDING_REVIEW
SK-001269,SKILL,Callidus TrueComp,Software product/technology in category: Human resources software,Software,SOFTWARE_OR_TOOL,PENDING_REVIEW
SK-001270,SKILL,Clayton Wallis CompGeo Online Professional Forecast Library,Software product/technology in category: Data base user interface and query software,Software,SOFTWARE_OR_TOOL,PENDING_REVIEW
SK-001271,SKILL,DataPath dpiSuite,Software product/technology in category: Human resources software,Software,SOFTWARE_OR_TOOL,PENDING_REVIEW
SK-001272,SKILL,Ebenefits Solutions Benefits Management,Software product/technology in category: Human resources software,Software,SOFTWARE_OR_TOOL,PENDING_REVIEW
SK-001273,SKILL,Employee self-service software,Software product/technology in category: Human resources software,Software,SOFTWARE_OR_TOOL,PENDING_REVIEW
SK-001274,SKILL,Halogen eCompensation,Software product/technology in category: Human resources software,Software,SOFTWARE_OR_TOOL,PENDING_REVIEW
SK-001275,SKILL,Humanic Design Employmee Self-Service,Software product/technology in category: Human resources software,Software,SOFTWARE_OR_TOOL,PENDING_REVIEW
SK-001276,SKILL,IBM Cognos,Software product/technology in category: Human resources software,Software,SOFTWARE_OR_TOOL,PENDING_REVIEW
SK-001277,SKILL,Incentive management system software,Software product/technology in category: Human resources software,Software,SOFTWARE_OR_TOOL,PENDING_REVIEW
SK-001278,SKILL,InfinityHR,Software product/technology in category: Human resources software,Software,SOFTWARE_OR_TOOL,PENDING_REVIEW
SK-001279,SKILL,Lawson ERP,Software product/technology in category: Enterprise resource planning ERP software,Software,SOFTWARE_OR_TOOL,PENDING_REVIEW
SK-001280,SKILL,Lynchval Systems Lvadmin,Software product/technology in category: Human resources software,Software,SOFTWARE_OR_TOOL,PENDING_REVIEW
SK-001281,SKILL,Lynchval Systems Lvval,Software product/technology in category: Human resources software,Software,SOFTWARE_OR_TOOL,PENDING_REVIEW
SK-001282,SKILL,Lynchval Systems Lvxact,Software product/technology in category: Human resources software,Software,SOFTWARE_OR_TOOL,PENDING_REVIEW
SK-001283,SKILL,NPKTools Comp Analytics,Software product/technology in category: Human resources software,Software,SOFTWARE_OR_TOOL,PENDING_REVIEW
SK-001284,SKILL,NPKTools CompXpert,Software product/technology in category: Human resources software,Software,SOFTWARE_OR_TOOL,PENDING_REVIEW
SK-001285,SKILL,O*NET OnLine,Software product/technology in category: Data base user interface and query software,Software,SOFTWARE_OR_TOOL,PENDING_REVIEW
SK-001286,SKILL,OnQue Technologies COBRA OnOne,Software product/technology in category: Human resources software,Software,SOFTWARE_OR_TOOL,PENDING_REVIEW
SK-001287,SKILL,Oracle E-Business Suite Human Resources Management System,Software product/technology in category: Human resources software,Software,SOFTWARE_OR_TOOL,PENDING_REVIEW
SK-001288,SKILL,Project planning software,Software product/technology in category: Project management software,Software,SOFTWARE_OR_TOOL,PENDING_REVIEW
SK-001289,SKILL,Sage HRMS,Software product/technology in category: Time accounting software,Software,SOFTWARE_OR_TOOL,PENDING_REVIEW
SK-001290,SKILL,Salary.com,Software product/technology in category: Data base user interface and query software,Software,SOFTWARE_OR_TOOL,PENDING_REVIEW
SK-001291,SKILL,SAP ERP Human Capital Management,Software product/technology in category: Enterprise resource planning ERP software,Software,SOFTWARE_OR_TOOL,PENDING_REVIEW
SK-001292,SKILL,SBC Systems Benefits Workstation,Software product/technology in category: Human resources software,Software,SOFTWARE_OR_TOOL,PENDING_REVIEW
SK-001293,SKILL,Stroud & Associates Employee Benefits Administration System,Software product/technology in category: Human resources software,Software,SOFTWARE_OR_TOOL,PENDING_REVIEW
SK-001294,SKILL,Survey Sense,Software product/technology in category: Human resources software,Software,SOFTWARE_OR_TOOL,PENDING_REVIEW
SK-001295,SKILL,Transcend Technologies Group benefitsCONNECT,Software product/technology in category: Human resources software,Software,SOFTWARE_OR_TOOL,PENDING_REVIEW
SK-001296,SKILL,Travis Software TravisFlex,Software product/technology in category: Human resources software,Software,SOFTWARE_OR_TOOL,PENDING_REVIEW
SK-001297,SKILL,Vebnet FIX&FLEX,Software product/technology in category: Human resources software,Software,SOFTWARE_OR_TOOL,PENDING_REVIEW
SK-001298,SKILL,Virtual Benefits Administrator,Software product/technology in category: Human resources software,Software,SOFTWARE_OR_TOOL,PENDING_REVIEW
SK-001299,SKILL,Vitech Systems Group V3 Benefits Administration System,Software product/technology in category: Human resources software,Software,SOFTWARE_OR_TOOL,PENDING_REVIEW
SK-001300,SKILL,VUE Benefits Manager,Software product/technology in category: Human resources software,Software,SOFTWARE_OR_TOOL,PENDING_REVIEW
SK-001301,SKILL,VUE Compensation Management,Software product/technology in category: Human resources software,Software,SOFTWARE_OR_TOOL,PENDING_REVIEW
SK-001302,SKILL,Watson Wyatt CompQuest On-Line,Software product/technology in category: Human resources software,Software,SOFTWARE_OR_TOOL,PENDING_REVIEW
SK-001303,SKILL,Watson Wyatt Global Grading System,Software product/technology in category: Human resources software,Software,SOFTWARE_OR_TOOL,PENDING_REVIEW
SK-001304,SKILL,Watson Wyatt Reward,Software product/technology in category: Human resources software,Software,SOFTWARE_OR_TOOL,PENDING_REVIEW
SK-001305,SKILL,Workscape Outsourced Employee Benefits Administration,Software product/technology in category: Human resources software,Software,SOFTWARE_OR_TOOL,PENDING_REVIEW
SK-001306,SKILL,Xactly Compel,Software product/technology in category: Human resources software,Software,SOFTWARE_OR_TOOL,PENDING_REVIEW
SK-001307,SKILL,Access management software,Software product/technology in category: Access software,Software,SOFTWARE_OR_TOOL,PENDING_REVIEW
SK-001308,SKILL,AccessData FTK,Software product/technology in category: Network monitoring software,Software,SOFTWARE_OR_TOOL,PENDING_REVIEW
SK-001309,SKILL,Active directory software,Software product/technology in category: Internet directory services software,Software,SOFTWARE_OR_TOOL,PENDING_REVIEW
SK-001310,SKILL,Amazon DynamoDB,Software product/technology in category: Data base management system software,Software,SOFTWARE_OR_TOOL,PENDING_REVIEW
SK-001311,SKILL,Amazon Simple Storage Service S3,Software product/technology in category: Storage networking software,Software,SOFTWARE_OR_TOOL,PENDING_REVIEW
SK-001312,SKILL,Amazon Web Services AWS CloudFormation,Software product/technology in category: Cloud-based management software,Software,SOFTWARE_OR_TOOL,PENDING_REVIEW
SK-001313,SKILL,Anti-phishing software,Software product/technology in category: Transaction security and virus protection software,Software,SOFTWARE_OR_TOOL,PENDING_REVIEW
SK-001314,SKILL,Anti-spyware software,Software product/technology in category: Transaction security and virus protection software,Software,SOFTWARE_OR_TOOL,PENDING_REVIEW
SK-001315,SKILL,Anti-Trojan software,Software product/technology in category: Transaction security and virus protection software,Software,SOFTWARE_OR_TOOL,PENDING_REVIEW
SK-001316,SKILL,ArcSight Enterprise Threat and Risk Management,Software product/technology in category: Risk management data and analysis software,Software,SOFTWARE_OR_TOOL,PENDING_REVIEW
SK-001317,SKILL,Automated audit trail analysis software,Software product/technology in category: Network monitoring software,Software,SOFTWARE_OR_TOOL,PENDING_REVIEW
SK-001318,SKILL,Automated installation software,Software product/technology in category: Configuration management software,Software,SOFTWARE_OR_TOOL,PENDING_REVIEW
SK-001319,SKILL,Automated media tracking software,Software product/technology in category: Network monitoring software,Software,SOFTWARE_OR_TOOL,PENDING_REVIEW
SK-001320,SKILL,Backup and archival software,Software product/technology in category: Backup or archival software,Software,SOFTWARE_OR_TOOL,PENDING_REVIEW
SK-001321,SKILL,Berkeley Internet Domain Name BIND,Software product/technology in category: Internet directory services software,Software,SOFTWARE_OR_TOOL,PENDING_REVIEW
SK-001322,SKILL,Blink,Software product/technology in category: Instant messaging software,Software,SOFTWARE_OR_TOOL,PENDING_REVIEW
SK-001323,SKILL,Border Gateway Protocol BGP,Software product/technology in category: Switch or router software,Software,SOFTWARE_OR_TOOL,PENDING_REVIEW
SK-001324,SKILL,Check Point Next Generation Secure Web Gateway,Software product/technology in category: Transaction security and virus protection software,Software,SOFTWARE_OR_TOOL,PENDING_REVIEW
SK-001325,SKILL,Cisco Systems CiscoWorks,Software product/technology in category: Administration software,Software,SOFTWARE_OR_TOOL,PENDING_REVIEW
SK-001326,SKILL,Computer forensic software,Software product/technology in category: Filesystem software,Software,SOFTWARE_OR_TOOL,PENDING_REVIEW
SK-001327,SKILL,Conformance and validation testing software,Software product/technology in category: Program testing software,Software,SOFTWARE_OR_TOOL,PENDING_REVIEW
SK-001328,SKILL,Cryptographic key management software,Software product/technology in category: Network security and virtual private network VPN equipment software,Software,SOFTWARE_OR_TOOL,PENDING_REVIEW
SK-001329,SKILL,Diameter,Software product/technology in category: Authentication server software,Software,SOFTWARE_OR_TOOL,PENDING_REVIEW
SK-001330,SKILL,Django,Software product/technology in category: Web platform development software,Software,SOFTWARE_OR_TOOL,PENDING_REVIEW
SK-001331,SKILL,Docker,Software product/technology in category: Application server software,Software,SOFTWARE_OR_TOOL,PENDING_REVIEW
SK-001332,SKILL,Domain name system DNS,Software product/technology in category: Internet directory services software,Software,SOFTWARE_OR_TOOL,PENDING_REVIEW
SK-001333,SKILL,eMASS,Software product/technology in category: Risk management data and analysis software,Software,SOFTWARE_OR_TOOL,PENDING_REVIEW
SK-001334,SKILL,End-to-end encryption software,Software product/technology in category: Transaction security and virus protection software,Software,SOFTWARE_OR_TOOL,PENDING_REVIEW
SK-001335,SKILL,Ethereal,Software product/technology in category: Network monitoring software,Software,SOFTWARE_OR_TOOL,PENDING_REVIEW
SK-001336,SKILL,Firewall software,Software product/technology in category: Network security and virtual private network VPN equipment software,Software,SOFTWARE_OR_TOOL,PENDING_REVIEW
SK-001337,SKILL,Google Sites,Software product/technology in category: Web page creation and editing software,Software,SOFTWARE_OR_TOOL,PENDING_REVIEW
SK-001338,SKILL,Guidance Software EnCase Forensic,Software product/technology in category: Network monitoring software,Software,SOFTWARE_OR_TOOL,PENDING_REVIEW
SK-001339,SKILL,Honeypot,Software product/technology in category: Transaction security and virus protection software,Software,SOFTWARE_OR_TOOL,PENDING_REVIEW
SK-001340,SKILL,HP Fortify,Software product/technology in category: Network security or virtual private network VPN management software,Software,SOFTWARE_OR_TOOL,PENDING_REVIEW
SK-001341,SKILL,HP WebInspect,Software product/technology in category: Transaction security and virus protection software,Software,SOFTWARE_OR_TOOL,PENDING_REVIEW
SK-001342,SKILL,IBM QRadar SIEM,Software product/technology in category: Network monitoring software,Software,SOFTWARE_OR_TOOL,PENDING_REVIEW
SK-001343,SKILL,IBM Tivoli Access Management TAM,Software product/technology in category: Access software,Software,SOFTWARE_OR_TOOL,PENDING_REVIEW
SK-001344,SKILL,IBM Tivoli Identity Management TIM,Software product/technology in category: Authentication server software,Software,SOFTWARE_OR_TOOL,PENDING_REVIEW
SK-001345,SKILL,Imperva SecureSphere,Software product/technology in category: Network security and virtual private network VPN equipment software,Software,SOFTWARE_OR_TOOL,PENDING_REVIEW
SK-001346,SKILL,Integrity verification software,Software product/technology in category: Network monitoring software,Software,SOFTWARE_OR_TOOL,PENDING_REVIEW
SK-001347,SKILL,Intrusion detection system IDS,Software product/technology in category: Network security or virtual private network VPN management software,Software,SOFTWARE_OR_TOOL,PENDING_REVIEW
SK-001348,SKILL,Intrusion prevention system IPS,Software product/technology in category: Network security or virtual private network VPN management software,Software,SOFTWARE_OR_TOOL,PENDING_REVIEW
SK-001349,SKILL,IpFilter,Software product/technology in category: Network security and virtual private network VPN equipment software,Software,SOFTWARE_OR_TOOL,PENDING_REVIEW
SK-001350,SKILL,IpTables,Software product/technology in category: Network security and virtual private network VPN equipment software,Software,SOFTWARE_OR_TOOL,PENDING_REVIEW
SK-001351,SKILL,ISS RealSecure,Software product/technology in category: Network security or virtual private network VPN management software,Software,SOFTWARE_OR_TOOL,PENDING_REVIEW
SK-001352,SKILL,Juniper Networks NetScreen-Security Manager,Software product/technology in category: Network security and virtual private network VPN equipment software,Software,SOFTWARE_OR_TOOL,PENDING_REVIEW
SK-001353,SKILL,Kali Linux,Software product/technology in category: Program testing software,Software,SOFTWARE_OR_TOOL,PENDING_REVIEW
SK-001354,SKILL,Keystroke monitoring software,Software product/technology in category: Network monitoring software,Software,SOFTWARE_OR_TOOL,PENDING_REVIEW
SK-001355,SKILL,Link encryption software,Software product/technology in category: Transaction security and virus protection software,Software,SOFTWARE_OR_TOOL,PENDING_REVIEW
SK-001356,SKILL,McAfee VirusScan,Software product/technology in category: Transaction security and virus protection software,Software,SOFTWARE_OR_TOOL,PENDING_REVIEW
SK-001357,SKILL,Metasploit,Software product/technology in category: Transaction security and virus protection software,Software,SOFTWARE_OR_TOOL,PENDING_REVIEW
SK-001358,SKILL,Micro Focus OpenView,Software product/technology in category: Network monitoring software,Software,SOFTWARE_OR_TOOL,PENDING_REVIEW
SK-001359,SKILL,Microsoft Active Directory,Software product/technology in category: Internet directory services software,Software,SOFTWARE_OR_TOOL,PENDING_REVIEW
SK-001360,SKILL,Microsoft Hyper-V Server,Software product/technology in category: Operating system software,Software,SOFTWARE_OR_TOOL,PENDING_REVIEW
SK-001361,SKILL,Microsoft Windows Server,Software product/technology in category: Operating system software,Software,SOFTWARE_OR_TOOL,PENDING_REVIEW
SK-001362,SKILL,MITRE ATT&CK software,Software product/technology in category: Program testing software,Software,SOFTWARE_OR_TOOL,PENDING_REVIEW
SK-001363,SKILL,MySQL,Software product/technology in category: Data base management system software,Software,SOFTWARE_OR_TOOL,PENDING_REVIEW
SK-001364,SKILL,National Instruments LabVIEW,Software product/technology in category: Development environment software,Software,SOFTWARE_OR_TOOL,PENDING_REVIEW
SK-001365,SKILL,Network and system vulnerability assessment software,Software product/technology in category: Network security or virtual private network VPN management software,Software,SOFTWARE_OR_TOOL,PENDING_REVIEW
SK-001366,SKILL,Network directory services software,Software product/technology in category: Internet directory services software,Software,SOFTWARE_OR_TOOL,PENDING_REVIEW
SK-001367,SKILL,Network intrusion prevention systems NIPS,Software product/technology in category: Network monitoring software,Software,SOFTWARE_OR_TOOL,PENDING_REVIEW
SK-001368,SKILL,Network security auditing software,Software product/technology in category: Network security or virtual private network VPN management software,Software,SOFTWARE_OR_TOOL,PENDING_REVIEW
SK-001369,SKILL,"Network, hardware, and software auditing software",Software product/technology in category: Network monitoring software,Software,SOFTWARE_OR_TOOL,PENDING_REVIEW
SK-001370,SKILL,Norton AntiVirus,Software product/technology in category: Transaction security and virus protection software,Software,SOFTWARE_OR_TOOL,PENDING_REVIEW
SK-001371,SKILL,Objective C,Software product/technology in category: Object or component oriented development software,Software,SOFTWARE_OR_TOOL,PENDING_REVIEW
SK-001372,SKILL,Oracle Fusion Middleware,Software product/technology in category: Enterprise application integration software,Software,SOFTWARE_OR_TOOL,PENDING_REVIEW
SK-001373,SKILL,Oracle Net Manager,Software product/technology in category: Network monitoring software,Software,SOFTWARE_OR_TOOL,PENDING_REVIEW
SK-001374,SKILL,Palo Alto Networks Next-Generation Security Platform,Software product/technology in category: Network security and virtual private network VPN equipment software,Software,SOFTWARE_OR_TOOL,PENDING_REVIEW
SK-001375,SKILL,Password cracker software,Software product/technology in category: Transaction security and virus protection software,Software,SOFTWARE_OR_TOOL,PENDING_REVIEW
SK-001376,SKILL,Password management software,Software product/technology in category: Authentication server software,Software,SOFTWARE_OR_TOOL,PENDING_REVIEW
SK-001377,SKILL,Patch and update management software,Software product/technology in category: Configuration management software,Software,SOFTWARE_OR_TOOL,PENDING_REVIEW
SK-001378,SKILL,Penetration testing software,Software product/technology in category: Transaction security and virus protection software,Software,SOFTWARE_OR_TOOL,PENDING_REVIEW
SK-001379,SKILL,Ping Identity,Software product/technology in category: Transaction security and virus protection software,Software,SOFTWARE_OR_TOOL,PENDING_REVIEW
SK-001380,SKILL,Portswigger BurP Suite,Software product/technology in category: Transaction security and virus protection software,Software,SOFTWARE_OR_TOOL,PENDING_REVIEW
SK-001381,SKILL,Program checksumming software,Software product/technology in category: Transaction security and virus protection software,Software,SOFTWARE_OR_TOOL,PENDING_REVIEW
SK-001382,SKILL,Qualys Cloud Platform,Software product/technology in category: Cloud-based protection or security software,Software,SOFTWARE_OR_TOOL,PENDING_REVIEW
SK-001383,SKILL,Quest BigBrother,Software product/technology in category: Network monitoring software,Software,SOFTWARE_OR_TOOL,PENDING_REVIEW
SK-001384,SKILL,Rapid7 Nexpose,Software product/technology in category: Transaction security and virus protection software,Software,SOFTWARE_OR_TOOL,PENDING_REVIEW
SK-001385,SKILL,Red Hat OpenShift,Software product/technology in category: Application server software,Software,SOFTWARE_OR_TOOL,PENDING_REVIEW
SK-001386,SKILL,Remote authentication dial-in user service RADIUS software,Software product/technology in category: Authentication server software,Software,SOFTWARE_OR_TOOL,PENDING_REVIEW
SK-001387,SKILL,Root kit detection software,Software product/technology in category: Transaction security and virus protection software,Software,SOFTWARE_OR_TOOL,PENDING_REVIEW
SK-001388,SKILL,Secure internet filtering software,Software product/technology in category: Transaction security and virus protection software,Software,SOFTWARE_OR_TOOL,PENDING_REVIEW
SK-001389,SKILL,Secure shell SSH software,Software product/technology in category: Desktop communications software,Software,SOFTWARE_OR_TOOL,PENDING_REVIEW
SK-001390,SKILL,Security incident management software,Software product/technology in category: Network security or virtual private network VPN management software,Software,SOFTWARE_OR_TOOL,PENDING_REVIEW
SK-001391,SKILL,Security risk assessment software,Software product/technology in category: Transaction security and virus protection software,Software,SOFTWARE_OR_TOOL,PENDING_REVIEW
SK-001392,SKILL,Smart card management software,Software product/technology in category: Point of sale POS software,Software,SOFTWARE_OR_TOOL,PENDING_REVIEW
SK-001393,SKILL,Sniffer Investigator,Software product/technology in category: Network monitoring software,Software,SOFTWARE_OR_TOOL,PENDING_REVIEW
SK-001394,SKILL,Snort,Software product/technology in category: Network monitoring software,Software,SOFTWARE_OR_TOOL,PENDING_REVIEW
SK-001395,SKILL,Stack smashing protection SSP software,Software product/technology in category: Transaction security and virus protection software,Software,SOFTWARE_OR_TOOL,PENDING_REVIEW
SK-001396,SKILL,Symantec Blue Coat Data Loss Prevention,Software product/technology in category: Network monitoring software,Software,SOFTWARE_OR_TOOL,PENDING_REVIEW
SK-001397,SKILL,Symantec Endpoint Protection,Software product/technology in category: Transaction security and virus protection software,Software,SOFTWARE_OR_TOOL,PENDING_REVIEW
SK-001398,SKILL,System and data disaster recovery software,Software product/technology in category: Backup or archival software,Software,SOFTWARE_OR_TOOL,PENDING_REVIEW
SK-001399,SKILL,System testing software,Software product/technology in category: Program testing software,Software,SOFTWARE_OR_TOOL,PENDING_REVIEW
SK-001400,SKILL,Tcpdump,Software product/technology in category: Network monitoring software,Software,SOFTWARE_OR_TOOL,PENDING_REVIEW
SK-001401,SKILL,Tenable Nessus,Software product/technology in category: Transaction security and virus protection software,Software,SOFTWARE_OR_TOOL,PENDING_REVIEW
SK-001402,SKILL,Trend Micro TippingPoint,Software product/technology in category: Network security and virtual private network VPN equipment software,Software,SOFTWARE_OR_TOOL,PENDING_REVIEW
SK-001403,SKILL,UNIX Shell,Software product/technology in category: Operating system software,Software,SOFTWARE_OR_TOOL,PENDING_REVIEW
SK-001404,SKILL,Virus scanning software,Software product/technology in category: Transaction security and virus protection software,Software,SOFTWARE_OR_TOOL,PENDING_REVIEW
SK-001405,SKILL,Voice over internet protocol VoIP system software,Software product/technology in category: Internet protocol IP multimedia subsystem software,Software,SOFTWARE_OR_TOOL,PENDING_REVIEW
SK-001406,SKILL,Websense Data Loss Prevention,Software product/technology in category: Network security or virtual private network VPN management software,Software,SOFTWARE_OR_TOOL,PENDING_REVIEW
SK-001407,SKILL,WinMerge,Software product/technology in category: File versioning software,Software,SOFTWARE_OR_TOOL,PENDING_REVIEW
SK-001408,SKILL,3D graphics software,Software product/technology in category: Graphics or photo imaging software,Software,SOFTWARE_OR_TOOL,PENDING_REVIEW
SK-001409,SKILL,Ada,Software product/technology in category: Development environment software,Software,SOFTWARE_OR_TOOL,PENDING_REVIEW
SK-001410,SKILL,Advanced numerical software,Software product/technology in category: Analytical or scientific software,Software,SOFTWARE_OR_TOOL,PENDING_REVIEW
SK-001411,SKILL,Algorithmic software,Software product/technology in category: Analytical or scientific software,Software,SOFTWARE_OR_TOOL,PENDING_REVIEW
SK-001412,SKILL,Amazon Web Services AWS SageMaker,Software product/technology in category: Cloud-based management software,Software,SOFTWARE_OR_TOOL,PENDING_REVIEW
SK-001413,SKILL,Apache Airflow,Software product/technology in category: Procedure management software,Software,SOFTWARE_OR_TOOL,PENDING_REVIEW
SK-001414,SKILL,Apache Flume,Software product/technology in category: Data base management system software,Software,SOFTWARE_OR_TOOL,PENDING_REVIEW
SK-001415,SKILL,Apache Hive,Software product/technology in category: Data base user interface and query software,Software,SOFTWARE_OR_TOOL,PENDING_REVIEW
SK-001416,SKILL,Augmint,Software product/technology in category: Analytical or scientific software,Software,SOFTWARE_OR_TOOL,PENDING_REVIEW
SK-001417,SKILL,Automated document generation software,Software product/technology in category: Development environment software,Software,SOFTWARE_OR_TOOL,PENDING_REVIEW
SK-001418,SKILL,Bidirectional encoder representations from transformers (BERT),Software product/technology in category: Analytical or scientific software,Software,SOFTWARE_OR_TOOL,PENDING_REVIEW
SK-001419,SKILL,Business software applications,Software product/technology in category: Office suite software,Software,SOFTWARE_OR_TOOL,PENDING_REVIEW
SK-001420,SKILL,Charm++,Software product/technology in category: Object or component oriented development software,Software,SOFTWARE_OR_TOOL,PENDING_REVIEW
SK-001421,SKILL,Chatbot software,Software product/technology in category: Industrial control software,Software,SOFTWARE_OR_TOOL,PENDING_REVIEW
SK-001422,SKILL,Clustermatic,Software product/technology in category: Clustering software,Software,SOFTWARE_OR_TOOL,PENDING_REVIEW
SK-001423,SKILL,CMake,Software product/technology in category: Development environment software,Software,SOFTWARE_OR_TOOL,PENDING_REVIEW
SK-001424,SKILL,Computational statistics software,Software product/technology in category: Analytical or scientific software,Software,SOFTWARE_OR_TOOL,PENDING_REVIEW
SK-001425,SKILL,Computer aided design and drafting CADD software,Software product/technology in category: Computer aided design CAD software,Software,SOFTWARE_OR_TOOL,PENDING_REVIEW
SK-001426,SKILL,Data visualization software,Software product/technology in category: Analytical or scientific software,Software,SOFTWARE_OR_TOOL,PENDING_REVIEW
SK-001427,SKILL,Doxygen,Software product/technology in category: Development environment software,Software,SOFTWARE_OR_TOOL,PENDING_REVIEW
SK-001428,SKILL,Eiffel,Software product/technology in category: Object or component oriented development software,Software,SOFTWARE_OR_TOOL,PENDING_REVIEW
SK-001429,SKILL,Embarcadero JBuilder,Software product/technology in category: Development environment software,Software,SOFTWARE_OR_TOOL,PENDING_REVIEW
SK-001430,SKILL,Extensible stylesheet language transformations XSLT,Software product/technology in category: Web platform development software,Software,SOFTWARE_OR_TOOL,PENDING_REVIEW
SK-001431,SKILL,Formula translation/translator FORTRAN,Software product/technology in category: Development environment software,Software,SOFTWARE_OR_TOOL,PENDING_REVIEW
SK-001432,SKILL,GitLab,Software product/technology in category: Application server software,Software,SOFTWARE_OR_TOOL,PENDING_REVIEW
SK-001433,SKILL,Grafana Labs Grafana Cloud,Software product/technology in category: Graphical user interface development software,Software,SOFTWARE_OR_TOOL,PENDING_REVIEW
SK-001434,SKILL,Graphics pipelines,Software product/technology in category: Graphics or photo imaging software,Software,SOFTWARE_OR_TOOL,PENDING_REVIEW
SK-001435,SKILL,Greenhills Ada compilers,Software product/technology in category: Compiler and decompiler software,Software,SOFTWARE_OR_TOOL,PENDING_REVIEW
SK-001436,SKILL,High-performance software libraries,Software product/technology in category: Development environment software,Software,SOFTWARE_OR_TOOL,PENDING_REVIEW
SK-001437,SKILL,Hugging Face,Software product/technology in category: Development environment software,Software,SOFTWARE_OR_TOOL,PENDING_REVIEW
SK-001438,SKILL,IBM Rational Apex,Software product/technology in category: Configuration management software,Software,SOFTWARE_OR_TOOL,PENDING_REVIEW
SK-001439,SKILL,IBM Rational Rose XDE,Software product/technology in category: Development environment software,Software,SOFTWARE_OR_TOOL,PENDING_REVIEW
SK-001440,SKILL,IBM Terraform,Software product/technology in category: Configuration management software,Software,SOFTWARE_OR_TOOL,PENDING_REVIEW
SK-001441,SKILL,Intel Integrated Performance Primitives,Software product/technology in category: Development environment software,Software,SOFTWARE_OR_TOOL,PENDING_REVIEW
SK-001442,SKILL,Intel Math Kernel Library,Software product/technology in category: Analytical or scientific software,Software,SOFTWARE_OR_TOOL,PENDING_REVIEW
SK-001443,SKILL,Jenkins CI,Software product/technology in category: Enterprise application integration software,Software,SOFTWARE_OR_TOOL,PENDING_REVIEW
SK-001444,SKILL,Kubernetes,Software product/technology in category: Application server software,Software,SOFTWARE_OR_TOOL,PENDING_REVIEW
SK-001445,SKILL,LangChain,Software product/technology in category: Object or component oriented development software,Software,SOFTWARE_OR_TOOL,PENDING_REVIEW
SK-001446,SKILL,List processing language LISP,Software product/technology in category: Development environment software,Software,SOFTWARE_OR_TOOL,PENDING_REVIEW
SK-001447,SKILL,Low-level virtual machine LLVM compilers,Software product/technology in category: Compiler and decompiler software,Software,SOFTWARE_OR_TOOL,PENDING_REVIEW
SK-001448,SKILL,Mathematical software,Software product/technology in category: Analytical or scientific software,Software,SOFTWARE_OR_TOOL,PENDING_REVIEW
SK-001449,SKILL,Microsoft Visual Basic.NET,Software product/technology in category: Object or component oriented development software,Software,SOFTWARE_OR_TOOL,PENDING_REVIEW
SK-001450,SKILL,Microsoft Visual C# .NET,Software product/technology in category: Object or component oriented development software,Software,SOFTWARE_OR_TOOL,PENDING_REVIEW
SK-001451,SKILL,Microsoft Visual Studio.NET,Software product/technology in category: Development environment software,Software,SOFTWARE_OR_TOOL,PENDING_REVIEW
SK-001452,SKILL,Microsoft Windows XP,Software product/technology in category: Operating system software,Software,SOFTWARE_OR_TOOL,PENDING_REVIEW
SK-001453,SKILL,Multisensory data representation software,Software product/technology in category: Analytical or scientific software,Software,SOFTWARE_OR_TOOL,PENDING_REVIEW
SK-001454,SKILL,Object oriented development environment software,Software product/technology in category: Object or component oriented development software,Software,SOFTWARE_OR_TOOL,PENDING_REVIEW
SK-001455,SKILL,Open Graphics Library OpenGL,Software product/technology in category: Graphics or photo imaging software,Software,SOFTWARE_OR_TOOL,PENDING_REVIEW
SK-001456,SKILL,OpenAI ChatGPT,Software product/technology in category: Development environment software,Software,SOFTWARE_OR_TOOL,PENDING_REVIEW
SK-001457,SKILL,Optimization software,Software product/technology in category: Analytical or scientific software,Software,SOFTWARE_OR_TOOL,PENDING_REVIEW
SK-001458,SKILL,Oracle Database,Software product/technology in category: Data base management system software,Software,SOFTWARE_OR_TOOL,PENDING_REVIEW
SK-001459,SKILL,Oracle Java 2 Platform Enterprise Edition J2EE,Software product/technology in category: Development environment software,Software,SOFTWARE_OR_TOOL,PENDING_REVIEW
SK-001460,SKILL,pandas,Software product/technology in category: Data base user interface and query software,Software,SOFTWARE_OR_TOOL,PENDING_REVIEW
SK-001461,SKILL,Parallel systems software,Software product/technology in category: Clustering software,Software,SOFTWARE_OR_TOOL,PENDING_REVIEW
SK-001462,SKILL,Perforce Software Configuration Management System,Software product/technology in category: Configuration management software,Software,SOFTWARE_OR_TOOL,PENDING_REVIEW
SK-001463,SKILL,Plug-in file software,Software product/technology in category: Web page creation and editing software,Software,SOFTWARE_OR_TOOL,PENDING_REVIEW
SK-001464,SKILL,Polaris parallelizing compilers,Software product/technology in category: Compiler and decompiler software,Software,SOFTWARE_OR_TOOL,PENDING_REVIEW
SK-001465,SKILL,Polhemus Fasttrack System,Software product/technology in category: Analytical or scientific software,Software,SOFTWARE_OR_TOOL,PENDING_REVIEW
SK-001466,SKILL,Prolog,Software product/technology in category: Development environment software,Software,SOFTWARE_OR_TOOL,PENDING_REVIEW
SK-001467,SKILL,Prometheus,Software product/technology in category: Data base user interface and query software,Software,SOFTWARE_OR_TOOL,PENDING_REVIEW
SK-001468,SKILL,PTC Creo Parametric,Software product/technology in category: Computer aided design CAD software,Software,SOFTWARE_OR_TOOL,PENDING_REVIEW
SK-001469,SKILL,PyTorch,Software product/technology in category: Data base user interface and query software,Software,SOFTWARE_OR_TOOL,PENDING_REVIEW
SK-001470,SKILL,Redis,Software product/technology in category: Data base management system software,Software,SOFTWARE_OR_TOOL,PENDING_REVIEW
SK-001471,SKILL,Relational database management system software,Software product/technology in category: Data base management system software,Software,SOFTWARE_OR_TOOL,PENDING_REVIEW
SK-001472,SKILL,Rice Simulator for ILP Multiprocessors RSIM,Software product/technology in category: Analytical or scientific software,Software,SOFTWARE_OR_TOOL,PENDING_REVIEW
SK-001473,SKILL,Scikit-learn,Software product/technology in category: Development environment software,Software,SOFTWARE_OR_TOOL,PENDING_REVIEW
SK-001474,SKILL,Simulation software,Software product/technology in category: Analytical or scientific software,Software,SOFTWARE_OR_TOOL,PENDING_REVIEW
SK-001475,SKILL,Snowflake,Software product/technology in category: Data mining software,Software,SOFTWARE_OR_TOOL,PENDING_REVIEW
SK-001476,SKILL,Software libraries,Software product/technology in category: Development environment software,Software,SOFTWARE_OR_TOOL,PENDING_REVIEW
SK-001477,SKILL,Source code management SCM software,Software product/technology in category: Development environment software,Software,SOFTWARE_OR_TOOL,PENDING_REVIEW
SK-001478,SKILL,TensorFlow,Software product/technology in category: Analytical or scientific software,Software,SOFTWARE_OR_TOOL,PENDING_REVIEW
SK-001479,SKILL,Vector database software,Software product/technology in category: Data base management system software,Software,SOFTWARE_OR_TOOL,PENDING_REVIEW
SK-001480,SKILL,Verilog,Software product/technology in category: Development environment software,Software,SOFTWARE_OR_TOOL,PENDING_REVIEW
SK-001481,SKILL,Video editing software,Software product/technology in category: Video creation and editing software,Software,SOFTWARE_OR_TOOL,PENDING_REVIEW
SK-001482,SKILL,VME PowerPC VxWorks,Software product/technology in category: Operating system software,Software,SOFTWARE_OR_TOOL,PENDING_REVIEW
SK-001483,SKILL,Waikato Environment for Knowledge Analysis Weka,Software product/technology in category: Graphical user interface development software,Software,SOFTWARE_OR_TOOL,PENDING_REVIEW
SK-001484,SKILL,A programming language APL,Software product/technology in category: Development environment software,Software,SOFTWARE_OR_TOOL,PENDING_REVIEW
SK-001485,SKILL,ABC Compiler,Software product/technology in category: Development environment software,Software,SOFTWARE_OR_TOOL,PENDING_REVIEW
SK-001486,SKILL,ABC: the AspectBench Compiler for AspectJ,Software product/technology in category: Object or component oriented development software,Software,SOFTWARE_OR_TOOL,PENDING_REVIEW
SK-001487,SKILL,ADO.NET,Software product/technology in category: Data base user interface and query software,Software,SOFTWARE_OR_TOOL,PENDING_REVIEW
SK-001488,SKILL,Adobe Flex,Software product/technology in category: Web platform development software,Software,SOFTWARE_OR_TOOL,PENDING_REVIEW
SK-001489,SKILL,Algorithmic language ALGOL,Software product/technology in category: Development environment software,Software,SOFTWARE_OR_TOOL,PENDING_REVIEW
SK-001490,SKILL,Allaire ColdFusion,Software product/technology in category: Web platform development software,Software,SOFTWARE_OR_TOOL,PENDING_REVIEW
SK-001491,SKILL,Amazon Kinesis,Software product/technology in category: Data base management system software,Software,SOFTWARE_OR_TOOL,PENDING_REVIEW
SK-001492,SKILL,American National Standards Institute ANSI C,Software product/technology in category: Development environment software,Software,SOFTWARE_OR_TOOL,PENDING_REVIEW
SK-001493,SKILL,Apache Avro,Software product/technology in category: Information retrieval or search software,Software,SOFTWARE_OR_TOOL,PENDING_REVIEW
SK-001494,SKILL,Apache HBase,Software product/technology in category: Data base management system software,Software,SOFTWARE_OR_TOOL,PENDING_REVIEW
SK-001495,SKILL,Apache Oozie,Software product/technology in category: Data base management system software,Software,SOFTWARE_OR_TOOL,PENDING_REVIEW
SK-001496,SKILL,Apache Spark,Software product/technology in category: Object or component oriented development software,Software,SOFTWARE_OR_TOOL,PENDING_REVIEW
SK-001497,SKILL,Apple iOS,Software product/technology in category: Operating system software,Software,SOFTWARE_OR_TOOL,PENDING_REVIEW
SK-001498,SKILL,Atlassian Bitbucket,Software product/technology in category: Application server software,Software,SOFTWARE_OR_TOOL,PENDING_REVIEW
SK-001499,SKILL,AWK,Software product/technology in category: Development environment software,Software,SOFTWARE_OR_TOOL,PENDING_REVIEW
SK-001500,SKILL,B-Method,Software product/technology in category: Development environment software,Software,SOFTWARE_OR_TOOL,PENDING_REVIEW
SK-001501,SKILL,Beginner's all-purpose symbolic instruction code BASIC,Software product/technology in category: Development environment software,Software,SOFTWARE_OR_TOOL,PENDING_REVIEW
SK-001502,SKILL,Bigloo Scheme,Software product/technology in category: Development environment software,Software,SOFTWARE_OR_TOOL,PENDING_REVIEW
SK-001503,SKILL,Bootstrap,Software product/technology in category: Web platform development software,Software,SOFTWARE_OR_TOOL,PENDING_REVIEW
SK-001504,SKILL,Call-processing language CPL,Software product/technology in category: Development environment software,Software,SOFTWARE_OR_TOOL,PENDING_REVIEW
SK-001505,SKILL,Canu,Software product/technology in category: Development environment software,Software,SOFTWARE_OR_TOOL,PENDING_REVIEW
SK-001506,SKILL,Cisco IOS,Software product/technology in category: Operating system software,Software,SOFTWARE_OR_TOOL,PENDING_REVIEW
SK-001507,SKILL,Collaborative Application Markup Language CAML,Software product/technology in category: Object or component oriented development software,Software,SOFTWARE_OR_TOOL,PENDING_REVIEW
SK-001508,SKILL,Common Lisp Object System CLOS,Software product/technology in category: Object or component oriented development software,Software,SOFTWARE_OR_TOOL,PENDING_REVIEW
SK-001509,SKILL,Component object model COM software,Software product/technology in category: Object or component oriented development software,Software,SOFTWARE_OR_TOOL,PENDING_REVIEW
SK-001510,SKILL,Component-based Scalable Logical Architecture CSLA,Software product/technology in category: Object or component oriented development software,Software,SOFTWARE_OR_TOOL,PENDING_REVIEW
SK-001511,SKILL,Computer Associates integrated data management system CA-IDMS,Software product/technology in category: Data base management system software,Software,SOFTWARE_OR_TOOL,PENDING_REVIEW
SK-001512,SKILL,Computer On-line Real-time Applications Language CORAL 66,Software product/technology in category: Development environment software,Software,SOFTWARE_OR_TOOL,PENDING_REVIEW
SK-001513,SKILL,Data analysis software,Software product/technology in category: Analytical or scientific software,Software,SOFTWARE_OR_TOOL,PENDING_REVIEW
SK-001514,SKILL,Data definition language DDL,Software product/technology in category: Data base management system software,Software,SOFTWARE_OR_TOOL,PENDING_REVIEW
SK-001515,SKILL,Data manipulation language DML,Software product/technology in category: Data base management system software,Software,SOFTWARE_OR_TOOL,PENDING_REVIEW
SK-001516,SKILL,DataVision,Software product/technology in category: Data base reporting software,Software,SOFTWARE_OR_TOOL,PENDING_REVIEW
SK-001517,SKILL,Defect tracking software,Software product/technology in category: Program testing software,Software,SOFTWARE_OR_TOOL,PENDING_REVIEW
SK-001518,SKILL,Deployment software,Software product/technology in category: Configuration management software,Software,SOFTWARE_OR_TOOL,PENDING_REVIEW
SK-001519,SKILL,Disk operating system DOS,Software product/technology in category: Operating system software,Software,SOFTWARE_OR_TOOL,PENDING_REVIEW
SK-001520,SKILL,Distributed component object model DCOM software,Software product/technology in category: Object or component oriented development software,Software,SOFTWARE_OR_TOOL,PENDING_REVIEW
SK-001521,SKILL,Distributed database management software,Software product/technology in category: Data base management system software,Software,SOFTWARE_OR_TOOL,PENDING_REVIEW
SK-001522,SKILL,Document Object Model DOM Scripting,Software product/technology in category: Object or component oriented development software,Software,SOFTWARE_OR_TOOL,PENDING_REVIEW
SK-001523,SKILL,Dynamic analysis software,Software product/technology in category: Program testing software,Software,SOFTWARE_OR_TOOL,PENDING_REVIEW
SK-001524,SKILL,Dynamic modeling software,Software product/technology in category: Analytical or scientific software,Software,SOFTWARE_OR_TOOL,PENDING_REVIEW
SK-001525,SKILL,E++ pattern language,Software product/technology in category: Object or component oriented development software,Software,SOFTWARE_OR_TOOL,PENDING_REVIEW
SK-001526,SKILL,Eclipse Jersey,Software product/technology in category: Web platform development software,Software,SOFTWARE_OR_TOOL,PENDING_REVIEW
SK-001527,SKILL,Embarcadero Delphi,Software product/technology in category: Object or component oriented development software,Software,SOFTWARE_OR_TOOL,PENDING_REVIEW
SK-001528,SKILL,Embedded systems development software,Software product/technology in category: Development environment software,Software,SOFTWARE_OR_TOOL,PENDING_REVIEW
SK-001529,SKILL,Emerald Software Group Emerald Green Office,Software product/technology in category: Content workflow software,Software,SOFTWARE_OR_TOOL,PENDING_REVIEW
SK-001530,SKILL,Encryption software,Software product/technology in category: Transaction security and virus protection software,Software,SOFTWARE_OR_TOOL,PENDING_REVIEW
SK-001531,SKILL,Enterprise application integration EAI software,Software product/technology in category: Enterprise application integration software,Software,SOFTWARE_OR_TOOL,PENDING_REVIEW
SK-001532,SKILL,ESRI ArcGIS software,Software product/technology in category: Map creation software,Software,SOFTWARE_OR_TOOL,PENDING_REVIEW
SK-001533,SKILL,Event-driven State-machines Programming,Software product/technology in category: Development environment software,Software,SOFTWARE_OR_TOOL,PENDING_REVIEW
SK-001534,SKILL,Fault testing software,Software product/technology in category: Program testing software,Software,SOFTWARE_OR_TOOL,PENDING_REVIEW
SK-001535,SKILL,File server software,Software product/technology in category: Filesystem software,Software,SOFTWARE_OR_TOOL,PENDING_REVIEW
SK-001536,SKILL,Forth,Software product/technology in category: Development environment software,Software,SOFTWARE_OR_TOOL,PENDING_REVIEW
SK-001537,SKILL,Functional testing software,Software product/technology in category: Program testing software,Software,SOFTWARE_OR_TOOL,PENDING_REVIEW
SK-001538,SKILL,Gambit Scheme,Software product/technology in category: Development environment software,Software,SOFTWARE_OR_TOOL,PENDING_REVIEW
SK-001539,SKILL,GNU Image Manipulation Program GIMP,Software product/technology in category: Graphics or photo imaging software,Software,SOFTWARE_OR_TOOL,PENDING_REVIEW
SK-001540,SKILL,Google Android,Software product/technology in category: Operating system software,Software,SOFTWARE_OR_TOOL,PENDING_REVIEW
SK-001541,SKILL,Google Cloud software,Software product/technology in category: Cloud-based management software,Software,SOFTWARE_OR_TOOL,PENDING_REVIEW
SK-001542,SKILL,Google Sheets,Software product/technology in category: Spreadsheet software,Software,SOFTWARE_OR_TOOL,PENDING_REVIEW
SK-001543,SKILL,Gradle,Software product/technology in category: Object or component oriented development software,Software,SOFTWARE_OR_TOOL,PENDING_REVIEW
SK-001544,SKILL,Graphical user interface GUI builder software,Software product/technology in category: Graphical user interface development software,Software,SOFTWARE_OR_TOOL,PENDING_REVIEW
SK-001545,SKILL,Graphical user interface GUI design software,Software product/technology in category: Graphical user interface development software,Software,SOFTWARE_OR_TOOL,PENDING_REVIEW
SK-001546,SKILL,GraphQL,Software product/technology in category: Data base user interface and query software,Software,SOFTWARE_OR_TOOL,PENDING_REVIEW
SK-001547,SKILL,GroupMe,Software product/technology in category: Instant messaging software,Software,SOFTWARE_OR_TOOL,PENDING_REVIEW
SK-001548,SKILL,Haskell,Software product/technology in category: Development environment software,Software,SOFTWARE_OR_TOOL,PENDING_REVIEW
SK-001549,SKILL,IBM AIX,Software product/technology in category: Operating system software,Software,SOFTWARE_OR_TOOL,PENDING_REVIEW
SK-001550,SKILL,IBM DB2,Software product/technology in category: Data base user interface and query software,Software,SOFTWARE_OR_TOOL,PENDING_REVIEW
SK-001551,SKILL,IBM Middleware,Software product/technology in category: Transaction server software,Software,SOFTWARE_OR_TOOL,PENDING_REVIEW
SK-001552,SKILL,IBM Rational ClearCase,Software product/technology in category: Configuration management software,Software,SOFTWARE_OR_TOOL,PENDING_REVIEW
SK-001553,SKILL,IBM Rational ClearQuest,Software product/technology in category: Development environment software,Software,SOFTWARE_OR_TOOL,PENDING_REVIEW
SK-001554,SKILL,IBM Rational PurifyPlus,Software product/technology in category: Program testing software,Software,SOFTWARE_OR_TOOL,PENDING_REVIEW
SK-001555,SKILL,IBM WebSphere MQ,Software product/technology in category: Cloud-based management software,Software,SOFTWARE_OR_TOOL,PENDING_REVIEW
SK-001556,SKILL,IBM z/OS operating systems,Software product/technology in category: Network operation system software,Software,SOFTWARE_OR_TOOL,PENDING_REVIEW
SK-001557,SKILL,ICON programming language,Software product/technology in category: Development environment software,Software,SOFTWARE_OR_TOOL,PENDING_REVIEW
SK-001558,SKILL,IEA Software Emerald,Software product/technology in category: Data base user interface and query software,Software,SOFTWARE_OR_TOOL,PENDING_REVIEW
SK-001559,SKILL,Informatica software,Software product/technology in category: Metadata management software,Software,SOFTWARE_OR_TOOL,PENDING_REVIEW
SK-001560,SKILL,Integration testing software,Software product/technology in category: Program testing software,Software,SOFTWARE_OR_TOOL,PENDING_REVIEW
SK-001561,SKILL,Interface definition language IDL,Software product/technology in category: Development environment software,Software,SOFTWARE_OR_TOOL,PENDING_REVIEW
SK-001562,SKILL,Interoperability testing software,Software product/technology in category: Program testing software,Software,SOFTWARE_OR_TOOL,PENDING_REVIEW
SK-001563,SKILL,Interstate connection ICON,Software product/technology in category: Development environment software,Software,SOFTWARE_OR_TOOL,PENDING_REVIEW
SK-001564,SKILL,J,Software product/technology in category: Development environment software,Software,SOFTWARE_OR_TOOL,PENDING_REVIEW
SK-001565,SKILL,JavaScript framework software,Software product/technology in category: Web platform development software,Software,SOFTWARE_OR_TOOL,PENDING_REVIEW
SK-001566,SKILL,JFrog Artifactory,Software product/technology in category: Development environment software,Software,SOFTWARE_OR_TOOL,PENDING_REVIEW
SK-001567,SKILL,Kotlin,Software product/technology in category: Development environment software,Software,SOFTWARE_OR_TOOL,PENDING_REVIEW
SK-001568,SKILL,LibreOffice,Software product/technology in category: Office suite software,Software,SOFTWARE_OR_TOOL,PENDING_REVIEW
SK-001569,SKILL,Load testing software,Software product/technology in category: Program testing software,Software,SOFTWARE_OR_TOOL,PENDING_REVIEW
SK-001570,SKILL,Magellan Firmware,Software product/technology in category: Operating system software,Software,SOFTWARE_OR_TOOL,PENDING_REVIEW
SK-001571,SKILL,Management information systems MIS,Software product/technology in category: Enterprise resource planning ERP software,Software,SOFTWARE_OR_TOOL,PENDING_REVIEW
SK-001572,SKILL,MathWorks Simulink,Software product/technology in category: Analytical or scientific software,Software,SOFTWARE_OR_TOOL,PENDING_REVIEW
SK-001573,SKILL,Microservices Architecture,Software product/technology in category: Application server software,Software,SOFTWARE_OR_TOOL,PENDING_REVIEW
SK-001574,SKILL,Microsoft Azure DevOps Services,Software product/technology in category: Development environment software,Software,SOFTWARE_OR_TOOL,PENDING_REVIEW
SK-001575,SKILL,Microsoft DirectX,Software product/technology in category: Device drivers or system software,Software,SOFTWARE_OR_TOOL,PENDING_REVIEW
SK-001576,SKILL,Microsoft ESP SDK,Software product/technology in category: Development environment software,Software,SOFTWARE_OR_TOOL,PENDING_REVIEW
SK-001577,SKILL,Microsoft Internet Information Services (IIS),Software product/technology in category: Transaction server software,Software,SOFTWARE_OR_TOOL,PENDING_REVIEW
SK-001578,SKILL,Microsoft Power Automate,Software product/technology in category: Enterprise application integration software,Software,SOFTWARE_OR_TOOL,PENDING_REVIEW
SK-001579,SKILL,Microsoft Power Platform software,Software product/technology in category: Enterprise application integration software,Software,SOFTWARE_OR_TOOL,PENDING_REVIEW
SK-001580,SKILL,Microsoft transact-structural query language T-SQL,Software product/technology in category: Data base management system software,Software,SOFTWARE_OR_TOOL,PENDING_REVIEW
SK-001581,SKILL,Migration software,Software product/technology in category: Platform interconnectivity software,Software,SOFTWARE_OR_TOOL,PENDING_REVIEW
SK-001582,SKILL,Migration testing software,Software product/technology in category: Program testing software,Software,SOFTWARE_OR_TOOL,PENDING_REVIEW
SK-001583,SKILL,Modula,Software product/technology in category: Object or component oriented development software,Software,SOFTWARE_OR_TOOL,PENDING_REVIEW
SK-001584,SKILL,Moodle,Software product/technology in category: Computer based training software,Software,SOFTWARE_OR_TOOL,PENDING_REVIEW
SK-001585,SKILL,MuleSoft software,Software product/technology in category: Enterprise application integration software,Software,SOFTWARE_OR_TOOL,PENDING_REVIEW
SK-001586,SKILL,MUMPS M,Software product/technology in category: Development environment software,Software,SOFTWARE_OR_TOOL,PENDING_REVIEW
SK-001587,SKILL,Mutation testing software,Software product/technology in category: Program testing software,Software,SOFTWARE_OR_TOOL,PENDING_REVIEW
SK-001588,SKILL,Oberon,Software product/technology in category: Object or component oriented development software,Software,SOFTWARE_OR_TOOL,PENDING_REVIEW
SK-001589,SKILL,Object Management Group Object Request Broker,Software product/technology in category: Transaction server software,Software,SOFTWARE_OR_TOOL,PENDING_REVIEW
SK-001590,SKILL,Objective Caml,Software product/technology in category: Object or component oriented development software,Software,SOFTWARE_OR_TOOL,PENDING_REVIEW
SK-001591,SKILL,Operating system shells,Software product/technology in category: Operating system software,Software,SOFTWARE_OR_TOOL,PENDING_REVIEW
SK-001592,SKILL,Oracle Application Server,Software product/technology in category: Application server software,Software,SOFTWARE_OR_TOOL,PENDING_REVIEW
SK-001593,SKILL,Oracle Business Intelligence Discoverer,Software product/technology in category: Data base reporting software,Software,SOFTWARE_OR_TOOL,PENDING_REVIEW
SK-001594,SKILL,Oracle Business Intelligence Suite,Software product/technology in category: Data base reporting software,Software,SOFTWARE_OR_TOOL,PENDING_REVIEW
SK-001595,SKILL,Oracle Cloud software,Software product/technology in category: Cloud-based management software,Software,SOFTWARE_OR_TOOL,PENDING_REVIEW
SK-001596,SKILL,Oracle Java Message Service JMS,Software product/technology in category: Object or component oriented development software,Software,SOFTWARE_OR_TOOL,PENDING_REVIEW
SK-001597,SKILL,Oracle Reports,Software product/technology in category: Data base reporting software,Software,SOFTWARE_OR_TOOL,PENDING_REVIEW
SK-001598,SKILL,Oracle SQL Developer,Software product/technology in category: Development environment software,Software,SOFTWARE_OR_TOOL,PENDING_REVIEW
SK-001599,SKILL,Pascal,Software product/technology in category: Development environment software,Software,SOFTWARE_OR_TOOL,PENDING_REVIEW
SK-001600,SKILL,Patch management software,Software product/technology in category: Configuration management software,Software,SOFTWARE_OR_TOOL,PENDING_REVIEW
SK-001601,SKILL,Platform as a service PaaS,Software product/technology in category: Cloud-based data access and sharing software,Software,SOFTWARE_OR_TOOL,PENDING_REVIEW
SK-001602,SKILL,Programming language one PL/I,Software product/technology in category: Development environment software,Software,SOFTWARE_OR_TOOL,PENDING_REVIEW
SK-001603,SKILL,PuTTY,Software product/technology in category: Access software,Software,SOFTWARE_OR_TOOL,PENDING_REVIEW
SK-001604,SKILL,QNX,Software product/technology in category: Operating system software,Software,SOFTWARE_OR_TOOL,PENDING_REVIEW
SK-001605,SKILL,RabbitMQ,Software product/technology in category: Object or component oriented development software,Software,SOFTWARE_OR_TOOL,PENDING_REVIEW
SK-001606,SKILL,React,Software product/technology in category: Web platform development software,Software,SOFTWARE_OR_TOOL,PENDING_REVIEW
SK-001607,SKILL,React Native,Software product/technology in category: Web platform development software,Software,SOFTWARE_OR_TOOL,PENDING_REVIEW
SK-001608,SKILL,React Redux,Software product/technology in category: Web platform development software,Software,SOFTWARE_OR_TOOL,PENDING_REVIEW
SK-001609,SKILL,Real time operating system RTOS software,Software product/technology in category: Operating system software,Software,SOFTWARE_OR_TOOL,PENDING_REVIEW
SK-001610,SKILL,Recovery testing software,Software product/technology in category: Program testing software,Software,SOFTWARE_OR_TOOL,PENDING_REVIEW
SK-001611,SKILL,Red Hat Ansible Engine,Software product/technology in category: Configuration management software,Software,SOFTWARE_OR_TOOL,PENDING_REVIEW
SK-001612,SKILL,Regression testing software,Software product/technology in category: Program testing software,Software,SOFTWARE_OR_TOOL,PENDING_REVIEW
SK-001613,SKILL,Requirements management software,Software product/technology in category: Requirements analysis and system architecture software,Software,SOFTWARE_OR_TOOL,PENDING_REVIEW
SK-001614,SKILL,RESTful API,Software product/technology in category: Web platform development software,Software,SOFTWARE_OR_TOOL,PENDING_REVIEW
SK-001615,SKILL,Restructured extended executor REXX,Software product/technology in category: Development environment software,Software,SOFTWARE_OR_TOOL,PENDING_REVIEW
SK-001616,SKILL,SAP Adaptive Server Enterprise,Software product/technology in category: Data base management system software,Software,SOFTWARE_OR_TOOL,PENDING_REVIEW
SK-001617,SKILL,SAP Business Intelligence,Software product/technology in category: Data base reporting software,Software,SOFTWARE_OR_TOOL,PENDING_REVIEW
SK-001618,SKILL,SAP ERP,Software product/technology in category: Enterprise resource planning ERP software,Software,SOFTWARE_OR_TOOL,PENDING_REVIEW
SK-001619,SKILL,SAP NetWeaver,Software product/technology in category: Enterprise application integration software,Software,SOFTWARE_OR_TOOL,PENDING_REVIEW
SK-001620,SKILL,SAP PowerBuilder,Software product/technology in category: Object or component oriented development software,Software,SOFTWARE_OR_TOOL,PENDING_REVIEW
SK-001621,SKILL,Scheme,Software product/technology in category: Development environment software,Software,SOFTWARE_OR_TOOL,PENDING_REVIEW
SK-001622,SKILL,Security testing software,Software product/technology in category: Program testing software,Software,SOFTWARE_OR_TOOL,PENDING_REVIEW
SK-001623,SKILL,ServiceNow,Software product/technology in category: Data base user interface and query software,Software,SOFTWARE_OR_TOOL,PENDING_REVIEW
SK-001624,SKILL,Simple API for XML SAX,Software product/technology in category: Object or component oriented development software,Software,SOFTWARE_OR_TOOL,PENDING_REVIEW
SK-001625,SKILL,Simulation program with integrated circuit emphasis SPICE,Software product/technology in category: Analytical or scientific software,Software,SOFTWARE_OR_TOOL,PENDING_REVIEW
SK-001626,SKILL,Single sign-on SSO,Software product/technology in category: Authentication server software,Software,SOFTWARE_OR_TOOL,PENDING_REVIEW
SK-001627,SKILL,Smalltalk,Software product/technology in category: Object or component oriented development software,Software,SOFTWARE_OR_TOOL,PENDING_REVIEW
SK-001628,SKILL,Software development tools,Software product/technology in category: Development environment software,Software,SOFTWARE_OR_TOOL,PENDING_REVIEW
SK-001629,SKILL,Software distribution management software,Software product/technology in category: Administration software,Software,SOFTWARE_OR_TOOL,PENDING_REVIEW
SK-001630,SKILL,SonarQube,Software product/technology in category: Program testing software,Software,SOFTWARE_OR_TOOL,PENDING_REVIEW
SK-001631,SKILL,Source code editor software,Software product/technology in category: Program testing software,Software,SOFTWARE_OR_TOOL,PENDING_REVIEW
SK-001632,SKILL,Spring Boot,Software product/technology in category: Application server software,Software,SOFTWARE_OR_TOOL,PENDING_REVIEW
SK-001633,SKILL,Static analysis software,Software product/technology in category: Program testing software,Software,SOFTWARE_OR_TOOL,PENDING_REVIEW
SK-001634,SKILL,Storage area network SAN software,Software product/technology in category: Storage networking software,Software,SOFTWARE_OR_TOOL,PENDING_REVIEW
SK-001635,SKILL,Stress testing software,Software product/technology in category: Program testing software,Software,SOFTWARE_OR_TOOL,PENDING_REVIEW
SK-001636,SKILL,String oriented symbolic language SNOBOL,Software product/technology in category: Development environment software,Software,SOFTWARE_OR_TOOL,PENDING_REVIEW
SK-001637,SKILL,Structured Query Report SQR,Software product/technology in category: Data base management system software,Software,SOFTWARE_OR_TOOL,PENDING_REVIEW
SK-001638,SKILL,Sun Microsystems Java Persistence API,Software product/technology in category: Object or component oriented development software,Software,SOFTWARE_OR_TOOL,PENDING_REVIEW
SK-001639,SKILL,Symantec Visual Cafe,Software product/technology in category: Development environment software,Software,SOFTWARE_OR_TOOL,PENDING_REVIEW
SK-001640,SKILL,Talend Big Data Integration,Software product/technology in category: Data base management system software,Software,SOFTWARE_OR_TOOL,PENDING_REVIEW
SK-001641,SKILL,Talend Data Fabric,Software product/technology in category: Metadata management software,Software,SOFTWARE_OR_TOOL,PENDING_REVIEW
SK-001642,SKILL,Test design software,Software product/technology in category: Program testing software,Software,SOFTWARE_OR_TOOL,PENDING_REVIEW
SK-001643,SKILL,Test implementation software,Software product/technology in category: Program testing software,Software,SOFTWARE_OR_TOOL,PENDING_REVIEW
SK-001644,SKILL,TypeScript,Software product/technology in category: Object or component oriented development software,Software,SOFTWARE_OR_TOOL,PENDING_REVIEW
SK-001645,SKILL,Unit testing software,Software product/technology in category: Program testing software,Software,SOFTWARE_OR_TOOL,PENDING_REVIEW
SK-001646,SKILL,Usability testing software,Software product/technology in category: Program testing software,Software,SOFTWARE_OR_TOOL,PENDING_REVIEW
SK-001647,SKILL,Version control software,Software product/technology in category: File versioning software,Software,SOFTWARE_OR_TOOL,PENDING_REVIEW
SK-001648,SKILL,Visible Razor,Software product/technology in category: Configuration management software,Software,SOFTWARE_OR_TOOL,PENDING_REVIEW
SK-001649,SKILL,Vue.js,Software product/technology in category: Web platform development software,Software,SOFTWARE_OR_TOOL,PENDING_REVIEW
SK-001650,SKILL,Web application software,Software product/technology in category: Development environment software,Software,SOFTWARE_OR_TOOL,PENDING_REVIEW
SK-001651,SKILL,Web server software,Software product/technology in category: Transaction server software,Software,SOFTWARE_OR_TOOL,PENDING_REVIEW
SK-001652,SKILL,Web service definition language WDSL,Software product/technology in category: Development environment software,Software,SOFTWARE_OR_TOOL,PENDING_REVIEW
SK-001653,SKILL,Win CE,Software product/technology in category: Operating system software,Software,SOFTWARE_OR_TOOL,PENDING_REVIEW
SK-001654,SKILL,Wind River VxWorks,Software product/technology in category: Operating system software,Software,SOFTWARE_OR_TOOL,PENDING_REVIEW
SK-001655,SKILL,Xcode,Software product/technology in category: Development environment software,Software,SOFTWARE_OR_TOOL,PENDING_REVIEW
SK-001656,SKILL,XML Path Language XPATH,Software product/technology in category: Development environment software,Software,SOFTWARE_OR_TOOL,PENDING_REVIEW
SK-001657,SKILL,Acresso InstallAnywhere,Software product/technology in category: Object or component oriented development software,Software,SOFTWARE_OR_TOOL,PENDING_REVIEW
SK-001658,SKILL,Amazon Data Pipeline,Software product/technology in category: Data base management system software,Software,SOFTWARE_OR_TOOL,PENDING_REVIEW
SK-001659,SKILL,Antivirus software,Software product/technology in category: Transaction security and virus protection software,Software,SOFTWARE_OR_TOOL,PENDING_REVIEW
SK-001660,SKILL,Apache JMeter,Software product/technology in category: Object or component oriented development software,Software,SOFTWARE_OR_TOOL,PENDING_REVIEW
SK-001661,SKILL,Apache Sqoop,Software product/technology in category: Data base management system software,Software,SOFTWARE_OR_TOOL,PENDING_REVIEW
SK-001662,SKILL,Apache Subversion SVN,Software product/technology in category: Development environment software,Software,SOFTWARE_OR_TOOL,PENDING_REVIEW
SK-001663,SKILL,Appium,Software product/technology in category: Program testing software,Software,SOFTWARE_OR_TOOL,PENDING_REVIEW
SK-001664,SKILL,Apple Cocoa,Software product/technology in category: Object or component oriented development software,Software,SOFTWARE_OR_TOOL,PENDING_REVIEW
SK-001665,SKILL,Apple Safari,Software product/technology in category: Internet browser software,Software,SOFTWARE_OR_TOOL,PENDING_REVIEW
SK-001666,SKILL,Atlassian JIRA,Software product/technology in category: Project management software,Software,SOFTWARE_OR_TOOL,PENDING_REVIEW
SK-001667,SKILL,Autodesk AutoCAD,Software product/technology in category: Computer aided design CAD software,Software,SOFTWARE_OR_TOOL,PENDING_REVIEW
SK-001668,SKILL,Bentley MicroStation,Software product/technology in category: Computer aided design CAD software,Software,SOFTWARE_OR_TOOL,PENDING_REVIEW
SK-001669,SKILL,Borland SilkTest,Software product/technology in category: Program testing software,Software,SOFTWARE_OR_TOOL,PENDING_REVIEW
SK-001670,SKILL,Bugzilla,Software product/technology in category: Program testing software,Software,SOFTWARE_OR_TOOL,PENDING_REVIEW
SK-001671,SKILL,CruiseControl,Software product/technology in category: Development environment software,Software,SOFTWARE_OR_TOOL,PENDING_REVIEW
SK-001672,SKILL,Dassault Systemes CATIA,Software product/technology in category: Computer aided design CAD software,Software,SOFTWARE_OR_TOOL,PENDING_REVIEW
SK-001673,SKILL,Debugview,Software product/technology in category: Program testing software,Software,SOFTWARE_OR_TOOL,PENDING_REVIEW
SK-001674,SKILL,ej-technologies JProfiler,Software product/technology in category: Program testing software,Software,SOFTWARE_OR_TOOL,PENDING_REVIEW
SK-001675,SKILL,FileMon,Software product/technology in category: Program testing software,Software,SOFTWARE_OR_TOOL,PENDING_REVIEW
SK-001676,SKILL,FitNesse,Software product/technology in category: Program testing software,Software,SOFTWARE_OR_TOOL,PENDING_REVIEW
SK-001677,SKILL,Hewlett-Packard HP QuickTest Professional,Software product/technology in category: Program testing software,Software,SOFTWARE_OR_TOOL,PENDING_REVIEW
SK-001678,SKILL,Hewlett-Packard HP TestDirector for Quality Center,Software product/technology in category: Program testing software,Software,SOFTWARE_OR_TOOL,PENDING_REVIEW
SK-001679,SKILL,Hewlett-Packard HP WinRunner,Software product/technology in category: Program testing software,Software,SOFTWARE_OR_TOOL,PENDING_REVIEW
SK-001680,SKILL,IBM Rational Robot,Software product/technology in category: Program testing software,Software,SOFTWARE_OR_TOOL,PENDING_REVIEW
SK-001681,SKILL,JetBrains IntelliJ IDEA,Software product/technology in category: Development environment software,Software,SOFTWARE_OR_TOOL,PENDING_REVIEW
SK-001682,SKILL,Microsoft Playwright,Software product/technology in category: Program testing software,Software,SOFTWARE_OR_TOOL,PENDING_REVIEW
SK-001683,SKILL,Microsoft Visual SourceSafe,Software product/technology in category: Development environment software,Software,SOFTWARE_OR_TOOL,PENDING_REVIEW
SK-001684,SKILL,Microsoft Windows SDK,Software product/technology in category: Development environment software,Software,SOFTWARE_OR_TOOL,PENDING_REVIEW
SK-001685,SKILL,Mozilla Firefox,Software product/technology in category: Internet browser software,Software,SOFTWARE_OR_TOOL,PENDING_REVIEW
SK-001686,SKILL,Network intrusion detection software,Software product/technology in category: Network security and virtual private network VPN equipment software,Software,SOFTWARE_OR_TOOL,PENDING_REVIEW
SK-001687,SKILL,NUnit,Software product/technology in category: Program testing software,Software,SOFTWARE_OR_TOOL,PENDING_REVIEW
SK-001688,SKILL,Postman,Software product/technology in category: Operating system software,Software,SOFTWARE_OR_TOOL,PENDING_REVIEW
SK-001689,SKILL,RegMon,Software product/technology in category: Program testing software,Software,SOFTWARE_OR_TOOL,PENDING_REVIEW
SK-001690,SKILL,REST Assured,Software product/technology in category: Program testing software,Software,SOFTWARE_OR_TOOL,PENDING_REVIEW
SK-001691,SKILL,Revision control software,Software product/technology in category: Configuration management software,Software,SOFTWARE_OR_TOOL,PENDING_REVIEW
SK-001692,SKILL,SmartBear Software AutomatedQA TestComplete,Software product/technology in category: Program testing software,Software,SOFTWARE_OR_TOOL,PENDING_REVIEW
SK-001693,SKILL,TestNG,Software product/technology in category: Program testing software,Software,SOFTWARE_OR_TOOL,PENDING_REVIEW
SK-001694,SKILL,Twiki,Software product/technology in category: Content workflow software,Software,SOFTWARE_OR_TOOL,PENDING_REVIEW
SK-001695,SKILL,VMWare ESX Server,Software product/technology in category: Application server software,Software,SOFTWARE_OR_TOOL,PENDING_REVIEW
SK-001696,SKILL,VMWare Workstation,Software product/technology in category: Operating system software,Software,SOFTWARE_OR_TOOL,PENDING_REVIEW
SK-001697,SKILL,Watir,Software product/technology in category: Program testing software,Software,SOFTWARE_OR_TOOL,PENDING_REVIEW
SK-001698,SKILL,Wind River Systems VxWorks,Software product/technology in category: Operating system software,Software,SOFTWARE_OR_TOOL,PENDING_REVIEW
SK-001699,SKILL,Workflow software,Software product/technology in category: Content workflow software,Software,SOFTWARE_OR_TOOL,PENDING_REVIEW
SK-001700,SKILL,YourKit Java Profiler,Software product/technology in category: Program testing software,Software,SOFTWARE_OR_TOOL,PENDING_REVIEW
SK-001701,SKILL,Atlassian HipChat,Software product/technology in category: Instant messaging software,Software,SOFTWARE_OR_TOOL,PENDING_REVIEW
SK-001702,SKILL,Common gateway interface CGI,Software product/technology in category: Enterprise application integration software,Software,SOFTWARE_OR_TOOL,PENDING_REVIEW
SK-001703,SKILL,Extensible stylesheet language XSL,Software product/technology in category: Enterprise application integration software,Software,SOFTWARE_OR_TOOL,PENDING_REVIEW
SK-001704,SKILL,FlexBox,Software product/technology in category: Web platform development software,Software,SOFTWARE_OR_TOOL,PENDING_REVIEW
SK-001705,SKILL,HashiCorp Vagrant,Software product/technology in category: Web platform development software,Software,SOFTWARE_OR_TOOL,PENDING_REVIEW
SK-001706,SKILL,IBM Informix,Software product/technology in category: Data base user interface and query software,Software,SOFTWARE_OR_TOOL,PENDING_REVIEW
SK-001707,SKILL,InVision software,Software product/technology in category: Process mapping and design software,Software,SOFTWARE_OR_TOOL,PENDING_REVIEW
SK-001708,SKILL,Jekyll,Software product/technology in category: Web platform development software,Software,SOFTWARE_OR_TOOL,PENDING_REVIEW
SK-001709,SKILL,Jest,Software product/technology in category: Program testing software,Software,SOFTWARE_OR_TOOL,PENDING_REVIEW
SK-001710,SKILL,JetBrains PhpStorm,Software product/technology in category: Web platform development software,Software,SOFTWARE_OR_TOOL,PENDING_REVIEW
SK-001711,SKILL,MarkLogic,Software product/technology in category: Data base user interface and query software,Software,SOFTWARE_OR_TOOL,PENDING_REVIEW
SK-001712,SKILL,MeteorJS,Software product/technology in category: Web platform development software,Software,SOFTWARE_OR_TOOL,PENDING_REVIEW
SK-001713,SKILL,Microsoft Commerce Server,Software product/technology in category: Web platform development software,Software,SOFTWARE_OR_TOOL,PENDING_REVIEW
SK-001714,SKILL,Microsoft Visual InterDev,Software product/technology in category: Web platform development software,Software,SOFTWARE_OR_TOOL,PENDING_REVIEW
SK-001715,SKILL,Nunjucks,Software product/technology in category: Web platform development software,Software,SOFTWARE_OR_TOOL,PENDING_REVIEW
SK-001716,SKILL,PhantomJS,Software product/technology in category: Web platform development software,Software,SOFTWARE_OR_TOOL,PENDING_REVIEW
SK-001717,SKILL,RequireJS,Software product/technology in category: Web platform development software,Software,SOFTWARE_OR_TOOL,PENDING_REVIEW
SK-001718,SKILL,Sitecore CMS,Software product/technology in category: Content workflow software,Software,SOFTWARE_OR_TOOL,PENDING_REVIEW
SK-001719,SKILL,Syntactically awesome style sheets SASS,Software product/technology in category: Web platform development software,Software,SOFTWARE_OR_TOOL,PENDING_REVIEW
SK-001720,SKILL,Travis,Software product/technology in category: Program testing software,Software,SOFTWARE_OR_TOOL,PENDING_REVIEW
SK-001721,SKILL,Web content management system CMS software,Software product/technology in category: Web page creation and editing software,Software,SOFTWARE_OR_TOOL,PENDING_REVIEW
SK-001722,SKILL,webpack,Software product/technology in category: Web platform development software,Software,SOFTWARE_OR_TOOL,PENDING_REVIEW
SK-001723,SKILL,Zend Framework,Software product/technology in category: Web platform development software,Software,SOFTWARE_OR_TOOL,PENDING_REVIEW
SK-001724,SKILL,24SevenOffice Project,Software product/technology in category: Project management software,Software,SOFTWARE_OR_TOOL,PENDING_REVIEW
SK-001725,SKILL,Actano Rplan,Software product/technology in category: Project management software,Software,SOFTWARE_OR_TOOL,PENDING_REVIEW
SK-001726,SKILL,AEC Software FastTrack Schedule,Software product/technology in category: Project management software,Software,SOFTWARE_OR_TOOL,PENDING_REVIEW
SK-001727,SKILL,AMS REALTIME Projects,Software product/technology in category: Project management software,Software,SOFTWARE_OR_TOOL,PENDING_REVIEW
SK-001728,SKILL,AnthillPro,Software product/technology in category: Development environment software,Software,SOFTWARE_OR_TOOL,PENDING_REVIEW
SK-001729,SKILL,Apache Continuum,Software product/technology in category: Development environment software,Software,SOFTWARE_OR_TOOL,PENDING_REVIEW
SK-001730,SKILL,Apache Gump,Software product/technology in category: Development environment software,Software,SOFTWARE_OR_TOOL,PENDING_REVIEW
SK-001731,SKILL,Ascensio Systems TeamLab,Software product/technology in category: Project management software,Software,SOFTWARE_OR_TOOL,PENDING_REVIEW
SK-001732,SKILL,Assembla,Software product/technology in category: Project management software,Software,SOFTWARE_OR_TOOL,PENDING_REVIEW
SK-001733,SKILL,AtTask,Software product/technology in category: Project management software,Software,SOFTWARE_OR_TOOL,PENDING_REVIEW
SK-001734,SKILL,Autodesk Revit,Software product/technology in category: Computer aided design CAD software,Software,SOFTWARE_OR_TOOL,PENDING_REVIEW
SK-001735,SKILL,Automation Centre TrackerSuite.Net,Software product/technology in category: Project management software,Software,SOFTWARE_OR_TOOL,PENDING_REVIEW
SK-001736,SKILL,Basecamp,Software product/technology in category: Project management software,Software,SOFTWARE_OR_TOOL,PENDING_REVIEW
SK-001737,SKILL,Blackboard software,Software product/technology in category: Computer based training software,Software,SOFTWARE_OR_TOOL,PENDING_REVIEW
SK-001738,SKILL,BrightWork pmPoint,Software product/technology in category: Project management software,Software,SOFTWARE_OR_TOOL,PENDING_REVIEW
SK-001739,SKILL,CA Technologies CA Clarity PPM for IT Governance,Software product/technology in category: Project management software,Software,SOFTWARE_OR_TOOL,PENDING_REVIEW
SK-001740,SKILL,Canonical Launchpad,Software product/technology in category: Data base user interface and query software,Software,SOFTWARE_OR_TOOL,PENDING_REVIEW
SK-001741,SKILL,Central Desktop,Software product/technology in category: Project management software,Software,SOFTWARE_OR_TOOL,PENDING_REVIEW
SK-001742,SKILL,Clarity Systems IBM Clarity,Software product/technology in category: Enterprise resource planning ERP software,Software,SOFTWARE_OR_TOOL,PENDING_REVIEW
SK-001743,SKILL,Clarizen,Software product/technology in category: Project management software,Software,SOFTWARE_OR_TOOL,PENDING_REVIEW
SK-001744,SKILL,Code hosting software,Software product/technology in category: Application server software,Software,SOFTWARE_OR_TOOL,PENDING_REVIEW
SK-001745,SKILL,Collaborative application lifecycle management ALM software,Software product/technology in category: Enterprise resource planning ERP software,Software,SOFTWARE_OR_TOOL,PENDING_REVIEW
SK-001746,SKILL,Continuous integration software,Software product/technology in category: File versioning software,Software,SOFTWARE_OR_TOOL,PENDING_REVIEW
SK-001747,SKILL,Countersoft Gemini,Software product/technology in category: Project management software,Software,SOFTWARE_OR_TOOL,PENDING_REVIEW
SK-001748,SKILL,CS Odessa ConceptDraw Project,Software product/technology in category: Project management software,Software,SOFTWARE_OR_TOOL,PENDING_REVIEW
SK-001749,SKILL,Daptiv PPM,Software product/technology in category: Data base user interface and query software,Software,SOFTWARE_OR_TOOL,PENDING_REVIEW
SK-001750,SKILL,Digital Crew Teamwork Project Manager,Software product/technology in category: Project management software,Software,SOFTWARE_OR_TOOL,PENDING_REVIEW
SK-001751,SKILL,Disarea 5pm,Software product/technology in category: Project management software,Software,SOFTWARE_OR_TOOL,PENDING_REVIEW
SK-001752,SKILL,dotProject,Software product/technology in category: Project management software,Software,SOFTWARE_OR_TOOL,PENDING_REVIEW
SK-001753,SKILL,easyCIS,Software product/technology in category: Development environment software,Software,SOFTWARE_OR_TOOL,PENDING_REVIEW
SK-001754,SKILL,Edgewell Trac,Software product/technology in category: Data base user interface and query software,Software,SOFTWARE_OR_TOOL,PENDING_REVIEW
SK-001755,SKILL,Edulastic,Software product/technology in category: Computer based training software,Software,SOFTWARE_OR_TOOL,PENDING_REVIEW
SK-001756,SKILL,ElectricCloud ElectricCommander,Software product/technology in category: Development environment software,Software,SOFTWARE_OR_TOOL,PENDING_REVIEW
SK-001757,SKILL,Element Software Copper,Software product/technology in category: Project management software,Software,SOFTWARE_OR_TOOL,PENDING_REVIEW
SK-001758,SKILL,Endeavour Agile ALM,Software product/technology in category: Project management software,Software,SOFTWARE_OR_TOOL,PENDING_REVIEW
SK-001759,SKILL,Experience in Software Project KickStart,Software product/technology in category: Project management software,Software,SOFTWARE_OR_TOOL,PENDING_REVIEW
SK-001760,SKILL,Feng Office Collaboration Platform,Software product/technology in category: Data base user interface and query software,Software,SOFTWARE_OR_TOOL,PENDING_REVIEW
SK-001761,SKILL,FinalBuilder,Software product/technology in category: Development environment software,Software,SOFTWARE_OR_TOOL,PENDING_REVIEW
SK-001762,SKILL,Fog Creek Software FogBugz,Software product/technology in category: Development environment software,Software,SOFTWARE_OR_TOOL,PENDING_REVIEW
SK-001763,SKILL,Forum One Communications ProjectSpaces,Software product/technology in category: Project management software,Software,SOFTWARE_OR_TOOL,PENDING_REVIEW
SK-001764,SKILL,GanttProject,Software product/technology in category: Project management software,Software,SOFTWARE_OR_TOOL,PENDING_REVIEW
SK-001765,SKILL,Glasscubes,Software product/technology in category: Cloud-based data access and sharing software,Software,SOFTWARE_OR_TOOL,PENDING_REVIEW
SK-001766,SKILL,Hewlett Packard HP Project Portfolio Management Solution,Software product/technology in category: Data base user interface and query software,Software,SOFTWARE_OR_TOOL,PENDING_REVIEW
SK-001767,SKILL,HyperOffice Collaboration Suite,Software product/technology in category: Project management software,Software,SOFTWARE_OR_TOOL,PENDING_REVIEW
SK-001768,SKILL,i-lign,Software product/technology in category: Project management software,Software,SOFTWARE_OR_TOOL,PENDING_REVIEW
SK-001769,SKILL,IBM Rational Build Forge,Software product/technology in category: Development environment software,Software,SOFTWARE_OR_TOOL,PENDING_REVIEW
SK-001770,SKILL,IBM Software Configuration and Library Manager SCLM,Software product/technology in category: Configuration management software,Software,SOFTWARE_OR_TOOL,PENDING_REVIEW
SK-001771,SKILL,InLoox,Software product/technology in category: Project management software,Software,SOFTWARE_OR_TOOL,PENDING_REVIEW
SK-001772,SKILL,Intellisys Project Desktop,Software product/technology in category: Project management software,Software,SOFTWARE_OR_TOOL,PENDING_REVIEW
SK-001773,SKILL,Intland Software codeBeamer,Software product/technology in category: Project management software,Software,SOFTWARE_OR_TOOL,PENDING_REVIEW
SK-001774,SKILL,Issue tracking system software,Software product/technology in category: Data base user interface and query software,Software,SOFTWARE_OR_TOOL,PENDING_REVIEW
SK-001775,SKILL,JetBrains Team City,Software product/technology in category: Development environment software,Software,SOFTWARE_OR_TOOL,PENDING_REVIEW
SK-001776,SKILL,Kforge,Software product/technology in category: Enterprise system management software,Software,SOFTWARE_OR_TOOL,PENDING_REVIEW
SK-001777,SKILL,Kidasa Milestones Professional,Software product/technology in category: Project management software,Software,SOFTWARE_OR_TOOL,PENDING_REVIEW
SK-001778,SKILL,KOffice.org Kplato,Software product/technology in category: Project management software,Software,SOFTWARE_OR_TOOL,PENDING_REVIEW
SK-001779,SKILL,KommandCore,Software product/technology in category: Project management software,Software,SOFTWARE_OR_TOOL,PENDING_REVIEW
SK-001780,SKILL,LiquidPlanner,Software product/technology in category: Project management software,Software,SOFTWARE_OR_TOOL,PENDING_REVIEW
SK-001781,SKILL,Logic Software Easy Projects.NET,Software product/technology in category: Project management software,Software,SOFTWARE_OR_TOOL,PENDING_REVIEW
SK-001782,SKILL,LuntBuild,Software product/technology in category: Development environment software,Software,SOFTWARE_OR_TOOL,PENDING_REVIEW
SK-001783,SKILL,Madrigal Soft Tools Delegator,Software product/technology in category: Project management software,Software,SOFTWARE_OR_TOOL,PENDING_REVIEW
SK-001784,SKILL,MantisBT,Software product/technology in category: Data base user interface and query software,Software,SOFTWARE_OR_TOOL,PENDING_REVIEW
SK-001785,SKILL,MatchWare MindView,Software product/technology in category: Pattern design software,Software,SOFTWARE_OR_TOOL,PENDING_REVIEW
SK-001786,SKILL,Microsoft Team Foundation Server,Software product/technology in category: Development environment software,Software,SOFTWARE_OR_TOOL,PENDING_REVIEW
SK-001787,SKILL,Mind mapping software,Software product/technology in category: Pattern design software,Software,SOFTWARE_OR_TOOL,PENDING_REVIEW
SK-001788,SKILL,MindGenius,Software product/technology in category: Pattern design software,Software,SOFTWARE_OR_TOOL,PENDING_REVIEW
SK-001789,SKILL,MinuteMan Systems MinuteMan Project Management Software,Software product/technology in category: Project management software,Software,SOFTWARE_OR_TOOL,PENDING_REVIEW
SK-001790,SKILL,MPI Micro Planner X-Pert,Software product/technology in category: Pattern design software,Software,SOFTWARE_OR_TOOL,PENDING_REVIEW
SK-001791,SKILL,Ninian Huddle,Software product/technology in category: Project management software,Software,SOFTWARE_OR_TOOL,PENDING_REVIEW
SK-001792,SKILL,NovaMind Merlin Project Manager,Software product/technology in category: Pattern design software,Software,SOFTWARE_OR_TOOL,PENDING_REVIEW
SK-001793,SKILL,O3spaces Workplace,Software product/technology in category: Document management software,Software,SOFTWARE_OR_TOOL,PENDING_REVIEW
SK-001794,SKILL,Objective Decision Contactizer Pro,Software product/technology in category: Data base user interface and query software,Software,SOFTWARE_OR_TOOL,PENDING_REVIEW
SK-001795,SKILL,OfficeWork Software TurboProject,Software product/technology in category: Project management software,Software,SOFTWARE_OR_TOOL,PENDING_REVIEW
SK-001796,SKILL,Open Dynamics Collabtive,Software product/technology in category: Project management software,Software,SOFTWARE_OR_TOOL,PENDING_REVIEW
SK-001797,SKILL,OpenMake Software Meister,Software product/technology in category: Development environment software,Software,SOFTWARE_OR_TOOL,PENDING_REVIEW
SK-001798,SKILL,OpenMake Software Mojo,Software product/technology in category: Development environment software,Software,SOFTWARE_OR_TOOL,PENDING_REVIEW
SK-001799,SKILL,Oracle Primavera P6 Professional Project Management,Software product/technology in category: Project management software,Software,SOFTWARE_OR_TOOL,PENDING_REVIEW
SK-001800,SKILL,Palbridge Ubidesk,Software product/technology in category: Project management software,Software,SOFTWARE_OR_TOOL,PENDING_REVIEW
SK-001801,SKILL,Planbox,Software product/technology in category: Project management software,Software,SOFTWARE_OR_TOOL,PENDING_REVIEW
SK-001802,SKILL,Planisware,Software product/technology in category: Data base user interface and query software,Software,SOFTWARE_OR_TOOL,PENDING_REVIEW
SK-001803,SKILL,Planview Process Builder,Software product/technology in category: Enterprise resource planning ERP software,Software,SOFTWARE_OR_TOOL,PENDING_REVIEW
SK-001804,SKILL,pm ase QuickBuild,Software product/technology in category: Development environment software,Software,SOFTWARE_OR_TOOL,PENDING_REVIEW
SK-001805,SKILL,Project Manager Online ProjectManager.com,Software product/technology in category: Project management software,Software,SOFTWARE_OR_TOOL,PENDING_REVIEW
SK-001806,SKILL,Project portfolio management PPM software,Software product/technology in category: Enterprise resource planning ERP software,Software,SOFTWARE_OR_TOOL,PENDING_REVIEW
SK-001807,SKILL,Project-Open,Software product/technology in category: Project management software,Software,SOFTWARE_OR_TOOL,PENDING_REVIEW
SK-001808,SKILL,Project.net,Software product/technology in category: Enterprise resource planning ERP software,Software,SOFTWARE_OR_TOOL,PENDING_REVIEW
SK-001809,SKILL,ProjectLibre,Software product/technology in category: Project management software,Software,SOFTWARE_OR_TOOL,PENDING_REVIEW
SK-001810,SKILL,Projecturf,Software product/technology in category: Project management software,Software,SOFTWARE_OR_TOOL,PENDING_REVIEW
SK-001811,SKILL,QSM SLIM Suite,Software product/technology in category: Data base user interface and query software,Software,SOFTWARE_OR_TOOL,PENDING_REVIEW
SK-001812,SKILL,QuickBase business management software,Software product/technology in category: Data base user interface and query software,Software,SOFTWARE_OR_TOOL,PENDING_REVIEW
SK-001813,SKILL,Redmine,Software product/technology in category: Project management software,Software,SOFTWARE_OR_TOOL,PENDING_REVIEW
SK-001814,SKILL,Resource management software,Software product/technology in category: Mobile location based services software,Software,SOFTWARE_OR_TOOL,PENDING_REVIEW
SK-001815,SKILL,Scheduling software,Software product/technology in category: Calendar and scheduling software,Software,SOFTWARE_OR_TOOL,PENDING_REVIEW
SK-001816,SKILL,Sciforma,Software product/technology in category: Project management software,Software,SOFTWARE_OR_TOOL,PENDING_REVIEW
SK-001817,SKILL,SharedPlan Software SharedPlan Pro,Software product/technology in category: Project management software,Software,SOFTWARE_OR_TOOL,PENDING_REVIEW
SK-001818,SKILL,Siemens Teamcenter,Software product/technology in category: Project management software,Software,SOFTWARE_OR_TOOL,PENDING_REVIEW
SK-001819,SKILL,SmartBear Software Automated Build Studio,Software product/technology in category: Development environment software,Software,SOFTWARE_OR_TOOL,PENDING_REVIEW
SK-001820,SKILL,Smartsheet,Software product/technology in category: Project management software,Software,SOFTWARE_OR_TOOL,PENDING_REVIEW
SK-001821,SKILL,Standpipe Studios Vertabase,Software product/technology in category: Project management software,Software,SOFTWARE_OR_TOOL,PENDING_REVIEW
SK-001822,SKILL,Stylite eGroupWare,Software product/technology in category: Project management software,Software,SOFTWARE_OR_TOOL,PENDING_REVIEW
SK-001823,SKILL,TaskJuggler,Software product/technology in category: Project management software,Software,SOFTWARE_OR_TOOL,PENDING_REVIEW
SK-001824,SKILL,TeamDynamixHE,Software product/technology in category: Project management software,Software,SOFTWARE_OR_TOOL,PENDING_REVIEW
SK-001825,SKILL,Tenrox Project Workforce Management,Software product/technology in category: Project management software,Software,SOFTWARE_OR_TOOL,PENDING_REVIEW
SK-001826,SKILL,The Omni Group OmniPlan,Software product/technology in category: Project management software,Software,SOFTWARE_OR_TOOL,PENDING_REVIEW
SK-001827,SKILL,ThoughtWorks Studio Mingle,Software product/technology in category: Project management software,Software,SOFTWARE_OR_TOOL,PENDING_REVIEW
SK-001828,SKILL,Tigris Cabie,Software product/technology in category: Development environment software,Software,SOFTWARE_OR_TOOL,PENDING_REVIEW
SK-001829,SKILL,Unawave,Software product/technology in category: Project management software,Software,SOFTWARE_OR_TOOL,PENDING_REVIEW
SK-001830,SKILL,Virtual private networking VPN software,Software product/technology in category: Network security or virtual private network VPN management software,Software,SOFTWARE_OR_TOOL,PENDING_REVIEW
SK-001831,SKILL,Vitria M3O Operational Intelligence,Software product/technology in category: Enterprise resource planning ERP software,Software,SOFTWARE_OR_TOOL,PENDING_REVIEW
SK-001832,SKILL,VSCOnline VPMi,Software product/technology in category: Project management software,Software,SOFTWARE_OR_TOOL,PENDING_REVIEW
SK-001833,SKILL,WBS Goplan,Software product/technology in category: Project management software,Software,SOFTWARE_OR_TOOL,PENDING_REVIEW
SK-001834,SKILL,web2project,Software product/technology in category: Project management software,Software,SOFTWARE_OR_TOOL,PENDING_REVIEW
SK-001835,SKILL,Wrike,Software product/technology in category: Cloud-based data access and sharing software,Software,SOFTWARE_OR_TOOL,PENDING_REVIEW
SK-001836,SKILL,Xplanner,Software product/technology in category: Data base user interface and query software,Software,SOFTWARE_OR_TOOL,PENDING_REVIEW
SK-001837,SKILL,Zoho Projects,Software product/technology in category: Project management software,Software,SOFTWARE_OR_TOOL,PENDING_REVIEW
SK-001838,SKILL,Apache MXNet,Software product/technology in category: Industrial control software,Software,SOFTWARE_OR_TOOL,PENDING_REVIEW
SK-001839,SKILL,BigQuery,Software product/technology in category: Data base user interface and query software,Software,SOFTWARE_OR_TOOL,PENDING_REVIEW
SK-001840,SKILL,Business intelligence software,Software product/technology in category: Business intelligence and data analysis software,Software,SOFTWARE_OR_TOOL,PENDING_REVIEW
SK-001841,SKILL,Flask,Software product/technology in category: Development environment software,Software,SOFTWARE_OR_TOOL,PENDING_REVIEW
SK-001842,SKILL,Geographic information system GIS systems,Software product/technology in category: Geographic information system,Software,SOFTWARE_OR_TOOL,PENDING_REVIEW
SK-001843,SKILL,Julia,Software product/technology in category: Development environment software,Software,SOFTWARE_OR_TOOL,PENDING_REVIEW
SK-001844,SKILL,Jupyter software,Software product/technology in category: Object or component oriented development software,Software,SOFTWARE_OR_TOOL,PENDING_REVIEW
SK-001845,SKILL,Keras,Software product/technology in category: Operating system software,Software,SOFTWARE_OR_TOOL,PENDING_REVIEW
SK-001846,SKILL,Kubeflow,Software product/technology in category: Analytical or scientific software,Software,SOFTWARE_OR_TOOL,PENDING_REVIEW
SK-001847,SKILL,MapReduce big data software,Software product/technology in category: Business intelligence and data analysis software,Software,SOFTWARE_OR_TOOL,PENDING_REVIEW
SK-001848,SKILL,Mlflow,Software product/technology in category: Analytical or scientific software,Software,SOFTWARE_OR_TOOL,PENDING_REVIEW
SK-001849,SKILL,Neo4j,Software product/technology in category: Data base user interface and query software,Software,SOFTWARE_OR_TOOL,PENDING_REVIEW
SK-001850,SKILL,NumPy,Software product/technology in category: Data base user interface and query software,Software,SOFTWARE_OR_TOOL,PENDING_REVIEW
SK-001851,SKILL,PySpark,Software product/technology in category: Data base user interface and query software,Software,SOFTWARE_OR_TOOL,PENDING_REVIEW
SK-001852,SKILL,Reporting software,Software product/technology in category: Data base reporting software,Software,SOFTWARE_OR_TOOL,PENDING_REVIEW
SK-001853,SKILL,SciPy,Software product/technology in category: Object or component oriented development software,Software,SOFTWARE_OR_TOOL,PENDING_REVIEW
SK-001854,SKILL,Shiny,Software product/technology in category: Object or component oriented development software,Software,SOFTWARE_OR_TOOL,PENDING_REVIEW
SK-001855,SKILL,spaCy,Software product/technology in category: Object or component oriented development software,Software,SOFTWARE_OR_TOOL,PENDING_REVIEW
SK-001856,SKILL,Splunk Enterprise,Software product/technology in category: Enterprise system management software,Software,SOFTWARE_OR_TOOL,PENDING_REVIEW
SK-001857,SKILL,Statistical software,Software product/technology in category: Analytical or scientific software,Software,SOFTWARE_OR_TOOL,PENDING_REVIEW
SK-001858,SKILL,XGBoost,Software product/technology in category: Development environment software,Software,SOFTWARE_OR_TOOL,PENDING_REVIEW
SK-001859,SKILL,Blackboard Learn,Software product/technology in category: Computer based training software,Software,SOFTWARE_OR_TOOL,PENDING_REVIEW
SK-001860,SKILL,Blackboard Learning System,Software product/technology in category: Computer based training software,Software,SOFTWARE_OR_TOOL,PENDING_REVIEW
SK-001861,SKILL,Email software,Software product/technology in category: Electronic mail software,Software,SOFTWARE_OR_TOOL,PENDING_REVIEW
SK-001862,SKILL,Employee performance management system,Software product/technology in category: Human resources software,Software,SOFTWARE_OR_TOOL,PENDING_REVIEW
SK-001863,SKILL,Google Calendar,Software product/technology in category: Calendar and scheduling software,Software,SOFTWARE_OR_TOOL,PENDING_REVIEW
SK-001864,SKILL,Learning management system LMS,Software product/technology in category: Computer based training software,Software,SOFTWARE_OR_TOOL,PENDING_REVIEW
SK-001865,SKILL,Oracle PeopleSoft Enterprise Employee Self-Service,Software product/technology in category: Human resources software,Software,SOFTWARE_OR_TOOL,PENDING_REVIEW
SK-001866,SKILL,Oracle PeopleSoft Enterprise Human Resources,Software product/technology in category: Human resources software,Software,SOFTWARE_OR_TOOL,PENDING_REVIEW
SK-001867,SKILL,Oracle Self-Service Human Resources,Software product/technology in category: Human resources software,Software,SOFTWARE_OR_TOOL,PENDING_REVIEW
SK-001868,SKILL,Scanning software,Software product/technology in category: Optical character reader OCR or scanning software,Software,SOFTWARE_OR_TOOL,PENDING_REVIEW
SK-001869,SKILL,Workscape HR Service Center,Software product/technology in category: Human resources software,Software,SOFTWARE_OR_TOOL,PENDING_REVIEW
