esco_uri,preferred_name,alternative_labels,hidden_labels,description,definition,skill_type,reuse_level,esco_status,modified_date,source,source_version,suggested_domain_code,associated_role_uris,associated_role_names,relation_types,review_status,review_notes
http://data.europa.eu/esco/skill/000f1d3d-220f-4789-9c0a-cc742521fb02,Haskell,Haskell techniques,,"The techniques and principles of software development, such as analysis, algorithms, coding, testing and compiling of programming paradigms in Haskell.",,knowledge,sector-specific,released,2023-11-30T16:13:21.77Z,ESCO,1.2.1,IT,http://data.europa.eu/esco/occupation/106f79e4-6264-45f1-9e7a-297435cd684b|http://data.europa.eu/esco/occupation/57af9090-55b4-4911-b2d0-86db01c00b02|http://data.europa.eu/esco/occupation/c40a2919-48a9-40ea-b506-1f34f693496d,software tester|embedded systems software developer|web developer,optional|optional|optional,PENDING,
http://data.europa.eu/esco/skill/00b9a3aa-7070-4bb5-8020-f228a97cf42f,draft scientific or academic papers and technical documentation,"create technical documentation
create technical documentation and academic writings
write technical documentation
write scientific and academic papers",,"Draft and edit scientific, academic or technical texts on different subjects.",,skill/competence,cross-sector,released,2024-02-27T10:19:54.09Z,ESCO,1.2.1,IT,http://data.europa.eu/esco/occupation/258e46f9-0075-4a2e-adae-1ff0477e0f30,data scientist,essential,PENDING,
http://data.europa.eu/esco/skill/013441c1-1f13-47e9-80c4-9a53e8e1bc05,KDevelop,"kdevplatform
KDevelop platform","KDevelop 4.7.0
KDevelop 4.6.0
KDevelop 5.0.0
KDevelop 4.0.0","The computer program KDevelop is a suite of software development tools for writing programs, such as compiler, debugger, code editor, code highlights, packaged in a unified user interface. It is developed by the software community KDE.",,knowledge,sector-specific,released,2023-06-08T15:25:12.058Z,ESCO,1.2.1,IT,http://data.europa.eu/esco/occupation/57af9090-55b4-4911-b2d0-86db01c00b02|http://data.europa.eu/esco/occupation/c40a2919-48a9-40ea-b506-1f34f693496d,embedded systems software developer|web developer,optional|optional,PENDING,
http://data.europa.eu/esco/skill/020918ef-4b55-47c1-8430-ab7b8f6a7377,migrate existing data,drift existing data,,"Apply migration and conversion methods for existing data, in order to transfer or convert data between formats, storage or computer systems.",,skill/competence,sector-specific,released,2023-11-30T15:35:55.716Z,ESCO,1.2.1,IT,http://data.europa.eu/esco/occupation/c40a2919-48a9-40ea-b506-1f34f693496d,web developer,optional,PENDING,
http://data.europa.eu/esco/skill/020b3c27-bae1-4b85-9d6f-eccee0f5ed99,manage supplies,"supplies managing
control and monitor supplies
monitor and control supplies
supply chain management
supplies planning
manage supply chain
plan supplies
supplies management",,"Monitor and control the flow of supplies that includes the purchase, storage and movement of the required quality of raw materials, and also work-in-progress inventory. Manage supply chain activities and synchronise supply with demand of production and customer.",,skill/competence,cross-sector,released,2023-11-30T15:52:38.018Z,ESCO,1.2.1,BUSINESS,http://data.europa.eu/esco/occupation/bea99fea-0383-4c63-b944-70d4799de2c5,project manager,essential,PENDING,
http://data.europa.eu/esco/skill/034c29fa-c3ba-45ea-b8f3-bf8e3705e386,Erlang,Erlang programming language,,"The techniques and principles of software development, such as analysis, algorithms, coding, testing and compiling of programming paradigms in Erlang.",,knowledge,sector-specific,released,2025-06-25T08:20:05.218Z,ESCO,1.2.1,IT,http://data.europa.eu/esco/occupation/106f79e4-6264-45f1-9e7a-297435cd684b|http://data.europa.eu/esco/occupation/c40a2919-48a9-40ea-b506-1f34f693496d,software tester|web developer,optional|optional,PENDING,
http://data.europa.eu/esco/skill/03a74eee-2dc6-4147-8667-5cdeb65f122d,manage ICT data classification,"lead ICT data classification responsabilities
organise ICT data classification responsibilities",,Oversee the classification system an organisation uses to organise its data. Assign an owner to each data concept or bulk of concepts and determine the value of each item of data.,,skill/competence,sector-specific,released,2025-06-25T12:15:04.406Z,ESCO,1.2.1,IT,http://data.europa.eu/esco/occupation/258e46f9-0075-4a2e-adae-1ff0477e0f30,data scientist,optional,PENDING,
http://data.europa.eu/esco/skill/03ff0d53-573a-47a0-a0ad-1995815a4339,information structure,"data structuring methods
types of data infrastructure
data infrastructure",,"The type of infrastructure which defines the format of data: semi-structured, unstructured and structured.",,knowledge,sector-specific,released,2025-06-25T08:20:05.218Z,ESCO,1.2.1,IT,http://data.europa.eu/esco/occupation/d3edb8f8-3a06-47a0-8fb9-9b212c006aa2,data analyst,essential,PENDING,
http://data.europa.eu/esco/skill/04dcfb3b-d6ac-4044-a35f-a633d3816c28,advise on bankruptcy proceedings,"offer suggestions on bankruptcy proceedings
give recommendations on bankruptcy proceedings
advise on proceedings on bankruptcy
counsel on bankruptcy proceedings
advise on bankruptcy proceeding
advising on bankruptcy proceedings",,"Guide and advise clients on the formalities, procedures and the actions that can ameliorate the losses in case of bankruptcy.",,skill/competence,cross-sector,released,2024-02-09T17:29:10.678Z,ESCO,1.2.1,BUSINESS,http://data.europa.eu/esco/occupation/04f39bfa-bc03-4480-98bc-b18ce4fe4b4b,accounting manager,optional,PENDING,
http://data.europa.eu/esco/skill/04f1b938-d4d4-4cb1-a863-982af76b9d93,SAS language,"SAS coding
SAS algorithms
SAS testing
SAS algorithm
SAS programming language
SAS principles for software development
SAS techniques for software development",,"The techniques and principles of software development, such as analysis, algorithms, coding, testing and compiling of programming paradigms in SAS language.",,knowledge,sector-specific,released,2025-06-25T08:20:05.218Z,ESCO,1.2.1,IT,http://data.europa.eu/esco/occupation/106f79e4-6264-45f1-9e7a-297435cd684b|http://data.europa.eu/esco/occupation/57af9090-55b4-4911-b2d0-86db01c00b02|http://data.europa.eu/esco/occupation/c40a2919-48a9-40ea-b506-1f34f693496d,software tester|embedded systems software developer|web developer,optional|optional|optional,PENDING,
http://data.europa.eu/esco/skill/04fe962b-4017-4eb7-9139-7d69b6922bc9,use an application-specific interface,"use an interface specific to the application
using an interface specific to the application
application-specific interface using
operate an interface specific to the application
using an application-specific interface
application-specific interface operating
operating an interface specific to the application
operating an application-specific interface
operate an application-specific interface",,Understand and use interfaces particular to an application or use case.,,skill/competence,sector-specific,released,2024-02-09T17:29:16.725Z,ESCO,1.2.1,IT,http://data.europa.eu/esco/occupation/7754d570-9519-48c2-b1c9-8e165f8bca0f|http://data.europa.eu/esco/occupation/c40a2919-48a9-40ea-b506-1f34f693496d,cybersecurity risk manager|web developer,optional|essential,PENDING,
http://data.europa.eu/esco/skill/05fc6f8d-639c-4329-a6de-dfdd800ed091,customer insight,"customers insight
customer understanding
customer's insight
customer insights",,"The marketing concept referring to the deep understanding of the customer's motivations, behaviours, beliefs, preferences, and values that help understand the reasons why the way they do. This information is then useful for commercial purposes.",,knowledge,sector-specific,released,2024-02-09T17:29:12.952Z,ESCO,1.2.1,BUSINESS,http://data.europa.eu/esco/occupation/6fcf4638-e7c7-4978-9302-9a7b63a3d57c,marketing manager,optional,PENDING,
http://data.europa.eu/esco/skill/06d09f70-6ca8-4078-be72-4c2c2a11ee61,program management,programs management,,The management of programs that are mapped to business objectives for improving organizational performance. It involves overseeing a group of projects linked together by a common area of impact.,,knowledge,occupation-specific,released,2024-01-29T11:29:54.466Z,ESCO,1.2.1,BUSINESS,http://data.europa.eu/esco/occupation/bea99fea-0383-4c63-b944-70d4799de2c5,project manager,optional,PENDING,
http://data.europa.eu/esco/skill/06f33d6a-f7a7-4a2b-baa5-8c3c53bd1a9c,keywords in digital content,metadata tagging,,The digital tools to conduct keyword research. The information retrieval systems identify the content of a document guided by keywords and metadata.,,knowledge,sector-specific,released,2025-06-25T08:20:05.218Z,ESCO,1.2.1,BUSINESS,http://data.europa.eu/esco/occupation/6fcf4638-e7c7-4978-9302-9a7b63a3d57c,marketing manager,optional,PENDING,
http://data.europa.eu/esco/skill/06f46a6e-62d3-4ca0-bedb-cb4c021c14ee,legal studies,"the study of law
law studies",,"The study of law; the situations and causes that elicit responses from institutions in the form of laws and regulations. Some areas of law are civil, business, criminal, and property law.",,knowledge,sector-specific,released,2024-02-09T17:29:12.215Z,ESCO,1.2.1,BUSINESS,http://data.europa.eu/esco/occupation/bea99fea-0383-4c63-b944-70d4799de2c5,project manager,optional,PENDING,
http://data.europa.eu/esco/skill/071233c4-ad2b-4f50-b79f-768d2231163e,domain name service,"DNS
DNS server",BIND,Naming database which maps internet domain names to Internet Protocol (IP) addresses. The Domain Name System allows internet users to utilise names such as website titles instead of remembering numeric IP addresses used by computers to locate a concrete website.,,knowledge,sector-specific,released,2023-11-29T16:27:22.76Z,ESCO,1.2.1,IT,http://data.europa.eu/esco/occupation/7754d570-9519-48c2-b1c9-8e165f8bca0f|http://data.europa.eu/esco/occupation/c40a2919-48a9-40ea-b506-1f34f693496d,cybersecurity risk manager|web developer,optional|essential,PENDING,
http://data.europa.eu/esco/skill/0760bfac-9a03-427a-ad84-ccd33a2f2ae8,mathematical modelling,"mathematical computation
mathematical representation
mathematical simulation",,"The process of establishing a mathematical representation problem, such as equations, of a real-word to provide insights, discover new features about the problematic scenario, better understand the original problem or to make predictions about it.",,knowledge,cross-sector,released,2024-01-29T11:25:09.926Z,ESCO,1.2.1,IT,http://data.europa.eu/esco/occupation/258e46f9-0075-4a2e-adae-1ff0477e0f30,data scientist,essential,PENDING,
http://data.europa.eu/esco/skill/07889c08-7220-47c8-96f7-6068fbea00dc,normalise data,"prepare data
normalize data
perform data pre-processing",,"Reduce data to their accurate core form (normal forms) in order to achieve such results as minimisation of dependency, elimination of redundancy, increase of consistency.",,skill/competence,sector-specific,released,2022-07-05T14:38:14.9Z,ESCO,1.2.1,IT,http://data.europa.eu/esco/occupation/258e46f9-0075-4a2e-adae-1ff0477e0f30|http://data.europa.eu/esco/occupation/d3edb8f8-3a06-47a0-8fb9-9b212c006aa2,data scientist|data analyst,essential|essential,PENDING,
http://data.europa.eu/esco/skill/07e51c60-763a-4335-b4ec-70a15f66d328,propose ICT solutions to business problems,propose technical solutions to business problems,,"Suggest how to solve business issues, using ICT means, so that business processes are improved.",,skill/competence,cross-sector,released,2024-02-09T17:29:09.851Z,ESCO,1.2.1,BUSINESS,http://data.europa.eu/esco/occupation/60082a99-d8ef-4e84-9290-78902681b6ed|http://data.europa.eu/esco/occupation/fe0fa514-b48d-4a53-9757-a283c0baacf0,business analyst|ICT business analyst,optional|essential,PENDING,
http://data.europa.eu/esco/skill/0823ccef-813f-4f22-afef-ac0d68615e8f,computer simulation,"simulation software ANSYS
computer-based simulation",,"A programme run on a computer that represents dynamic responses of a system to explore a mathematical model behaviour, using a model of a real system, composed of mathematical equations.",,knowledge,cross-sector,released,2025-04-11T13:04:46.998Z,ESCO,1.2.1,IT,http://data.europa.eu/esco/occupation/258e46f9-0075-4a2e-adae-1ff0477e0f30,data scientist,optional,PENDING,
http://data.europa.eu/esco/skill/08371fe9-c658-4f6a-966f-71dbb0ab683d,accounting department processes,"accounts department processes
accounting department procedures
accounting processes",,"The different processes, duties, jargon, role in an organisation, and other specificities of the accounting department within an organisation such as bookkeeping, invoices, recording, and taxing.",,knowledge,sector-specific,released,2024-02-09T17:29:10.678Z,ESCO,1.2.1,BUSINESS,http://data.europa.eu/esco/occupation/04f39bfa-bc03-4480-98bc-b18ce4fe4b4b,accounting manager,essential,PENDING,
http://data.europa.eu/esco/skill/089bab26-a854-40fb-8c04-5be4f693315a,integrate strategic foundation in daily performance,"integrating strategic foundation in daily performance
incorporate strategic foundation in daily performance
implement strategic foundation in daily performance
integrate strategic foundation in performance",,"Reflect on the strategic foundation of companies, meaning their mission, vision, and values in order to integrate this foundation in the performance of the job position.",,skill/competence,cross-sector,released,2024-02-09T17:29:16.725Z,ESCO,1.2.1,BUSINESS,http://data.europa.eu/esco/occupation/04f39bfa-bc03-4480-98bc-b18ce4fe4b4b|http://data.europa.eu/esco/occupation/6fcf4638-e7c7-4978-9302-9a7b63a3d57c,accounting manager|marketing manager,essential|essential,PENDING,
http://data.europa.eu/esco/skill/08b04e53-ed25-41a2-9f90-0b9cd939ba3d,manage research data,"oversee scientific data
handle research data
administer research data",,Produce and analyse scientific data originating from qualitative and quantitative research methods. Store and maintain the data in research databases. Support the re-use of scientific data and be familiar with open data management principles.,,skill/competence,cross-sector,released,2024-03-01T11:59:56.801Z,ESCO,1.2.1,IT,http://data.europa.eu/esco/occupation/2079755f-d809-49e6-8037-4de6180e54c0|http://data.europa.eu/esco/occupation/258e46f9-0075-4a2e-adae-1ff0477e0f30,data engineer|data scientist,essential|essential,PENDING,
http://data.europa.eu/esco/skill/08fd2839-670c-4f16-8024-97437f2035ab,plan marketing strategy,"organise marketing strategy
plan marketing strategies
design marketing strategy
plan a marketing strategy
project marketing strategy
planning a marketing strategy
arrange marketing strategy",,"Determine the objective of the marketing strategy whether it is for establishing image, implementing a pricing strategy, or raising awareness of the product. Establish approaches of marketing actions to ensure that goals are achieved efficiently and over a long term.",,skill/competence,cross-sector,released,2024-02-09T17:29:14.494Z,ESCO,1.2.1,BUSINESS,http://data.europa.eu/esco/occupation/6fcf4638-e7c7-4978-9302-9a7b63a3d57c,marketing manager,essential,PENDING,
http://data.europa.eu/esco/skill/08fe5910-8c4c-4679-a988-eb2ded3c4909,labour legislation,"employment legislation
employment law
labor legislation
legislation on labour",,"Legislation, on a national or international level, that governs labour conditions in various fields between labour parties such as the government, employees, employers, and trade unions.",,knowledge,cross-sector,released,2016-12-20T17:44:36Z,ESCO,1.2.1,HR,http://data.europa.eu/esco/occupation/068370e0-9c27-4814-87d0-44fbb3140815|http://data.europa.eu/esco/occupation/d3e32e5e-7f24-48e3-b939-e4f800eb62fb|http://data.europa.eu/esco/occupation/f605bcd2-90b6-45a0-a558-d05016d68a77,recruitment consultant|human resources officer|human resources manager,essential|essential|essential,PENDING,
http://data.europa.eu/esco/skill/09f2f811-a3fb-4de3-a70f-6420a6935575,systems development life-cycle,application development life-cycle,,"The sequence of steps, such as planning, creating, testing and deploying and the models for the development and life-cycle management of a system.",,knowledge,cross-sector,released,2024-02-09T17:29:15.968Z,ESCO,1.2.1,"IT,BUSINESS",http://data.europa.eu/esco/occupation/349ee6f6-c295-4c38-9b98-48765b55280e|http://data.europa.eu/esco/occupation/7754d570-9519-48c2-b1c9-8e165f8bca0f|http://data.europa.eu/esco/occupation/fe0fa514-b48d-4a53-9757-a283c0baacf0,cloud engineer|cybersecurity risk manager|ICT business analyst,essential|optional|optional,PENDING,
http://data.europa.eu/esco/skill/0a43729f-2a79-4dae-9faa-95520daae79f,apply company policies,"administer company policies
applying company policies
employ company policies
utilise company policies
company policy application
apply company policy
implement company policies",,Apply the principles and rules that govern the activities and processes of an organisation.,,skill/competence,cross-sector,released,2024-02-09T17:29:10.678Z,ESCO,1.2.1,HR,http://data.europa.eu/esco/occupation/d3e32e5e-7f24-48e3-b939-e4f800eb62fb|http://data.europa.eu/esco/occupation/f605bcd2-90b6-45a0-a558-d05016d68a77,human resources officer|human resources manager,essential|essential,PENDING,
http://data.europa.eu/esco/skill/0a52bed5-fd29-45fb-aba6-e32bccfda1c1,plan migration to cloud,"prepare plan for migration to cloud
cloud migration planning
plan refactoring",,"Select existing workloads and processes for potential migration to the cloud and choose migration tools. Determine a new cloud architecture for an existing solution, plan a strategy for migrating existing workloads to the cloud.",,skill/competence,sector-specific,released,2024-02-29T16:24:50.953Z,ESCO,1.2.1,IT,http://data.europa.eu/esco/occupation/349ee6f6-c295-4c38-9b98-48765b55280e,cloud engineer,essential,PENDING,
http://data.europa.eu/esco/skill/0a9acb6b-1139-4be9-b431-3a80a959f2f4,Agile project management,Agile management software,,"The agile project management approach is a methodology for planning, managing and overseeing of ICT resources in order to meet specific goals and using project management ICT tools.",,knowledge,sector-specific,released,2025-04-16T09:45:22.199Z,ESCO,1.2.1,"IT,BUSINESS",http://data.europa.eu/esco/occupation/106f79e4-6264-45f1-9e7a-297435cd684b|http://data.europa.eu/esco/occupation/bea99fea-0383-4c63-b944-70d4799de2c5,software tester|project manager,optional|optional,PENDING,
http://data.europa.eu/esco/skill/0af062de-eb43-41e9-9b96-249e2cd22d26,use markup languages,"use html
use mark-up languages
use XHTML
use HTML
use Html",,"Utilise computer languages that are syntactically distinguishable from the text, to add annotations to a document, specify layout and process types of documents such as HTML.",,skill/competence,sector-specific,released,2025-04-16T09:52:41.856Z,ESCO,1.2.1,IT,http://data.europa.eu/esco/occupation/c40a2919-48a9-40ea-b506-1f34f693496d,web developer,essential,PENDING,
http://data.europa.eu/esco/skill/0b0335f3-0aa1-491e-895e-81fc8774a300,develop automated migration methods,"design automated migration methods
design automated transfer of ICT information
generate automated transfer of ICT information
develop automated transfer of ICT information
create automated transfer of ICT information",,"Create automated transfer of ICT information between storage types, formats and systems to save human resources from performing the task manually.",,skill/competence,sector-specific,released,2025-06-25T12:15:04.406Z,ESCO,1.2.1,IT,http://data.europa.eu/esco/occupation/57af9090-55b4-4911-b2d0-86db01c00b02,embedded systems software developer,optional,PENDING,
http://data.europa.eu/esco/skill/0b144726-21c2-46ed-8d13-c03d27f61604,perform multiple tasks at the same time,"perform multitasking activities
carry out multitasking
perform multi tasks at the same time",,"Execute multiple tasks at the same time, being aware of key priorities.",,skill/competence,cross-sector,released,2024-02-09T17:29:09.851Z,ESCO,1.2.1,BUSINESS,http://data.europa.eu/esco/occupation/6fcf4638-e7c7-4978-9302-9a7b63a3d57c,marketing manager,optional,PENDING,
http://data.europa.eu/esco/skill/0c0488b3-fca5-4deb-865b-8dc605c3d909,sales argumentation,"sale argumentation
argumentation of sales
sales techniques
sales pitches
sales strategies
sales promotions",,Techniques and sales methods used in order to present a product or service to customers in a persuasive manner and to meet their expectations and needs.,,knowledge,sector-specific,released,2024-02-09T17:29:16.725Z,ESCO,1.2.1,BUSINESS,http://data.europa.eu/esco/occupation/57b459d4-655c-4053-b189-3c249ce33faf|http://data.europa.eu/esco/occupation/6fcf4638-e7c7-4978-9302-9a7b63a3d57c,ICT business development manager|marketing manager,optional|optional,PENDING,
http://data.europa.eu/esco/skill/0c766ca3-9364-4203-916b-fed16e4814c1,gather data for forensic purposes,"compile data for forensic purposes
collect data for forensic purposes",,"Collect protected, fragmented or corrupted data and other online communication. Document and present findings from this process.",,skill/competence,sector-specific,released,2025-06-25T12:15:04.406Z,ESCO,1.2.1,IT,http://data.europa.eu/esco/occupation/d3edb8f8-3a06-47a0-8fb9-9b212c006aa2,data analyst,optional,PENDING,
http://data.europa.eu/esco/skill/0cc9c234-f817-4f4c-908a-4d28fe3b0f4a,coach employees,"train staff to improve performance
employee coaching
coach employees for performance
coach staff
train employees to improve performance",,"Maintain and improve employees' performance by coaching individuals or groups how to optimise specific methods, skills or abilities, using adapted coaching styles and methods. Tutor newly recruited employees and assist them in the learning of new business systems.",,skill/competence,cross-sector,released,2024-02-09T17:29:15.235Z,ESCO,1.2.1,HR,http://data.europa.eu/esco/occupation/d3e32e5e-7f24-48e3-b939-e4f800eb62fb,human resources officer,optional,PENDING,
http://data.europa.eu/esco/skill/0ccdfe98-f845-4598-84a1-3dca66e9d9a3,Ruby (computer programming),Ruby,,"The techniques and principles of software development, such as analysis, algorithms, coding, testing and compiling of programming paradigms in Ruby.",,knowledge,sector-specific,released,2024-02-09T17:29:15.968Z,ESCO,1.2.1,IT,http://data.europa.eu/esco/occupation/106f79e4-6264-45f1-9e7a-297435cd684b|http://data.europa.eu/esco/occupation/349ee6f6-c295-4c38-9b98-48765b55280e|http://data.europa.eu/esco/occupation/57af9090-55b4-4911-b2d0-86db01c00b02|http://data.europa.eu/esco/occupation/c40a2919-48a9-40ea-b506-1f34f693496d,software tester|cloud engineer|embedded systems software developer|web developer,optional|optional|optional|optional,PENDING,
http://data.europa.eu/esco/skill/0cd6dcf1-5778-42a5-b685-4d01ae4a4871,Common Lisp,Common Lisp programming language,,"The techniques and principles of software development, such as analysis, algorithms, coding, testing and compiling of programming paradigms in Common Lisp.",,knowledge,sector-specific,released,2025-06-25T08:20:05.218Z,ESCO,1.2.1,IT,http://data.europa.eu/esco/occupation/106f79e4-6264-45f1-9e7a-297435cd684b|http://data.europa.eu/esco/occupation/57af9090-55b4-4911-b2d0-86db01c00b02|http://data.europa.eu/esco/occupation/c40a2919-48a9-40ea-b506-1f34f693496d,software tester|embedded systems software developer|web developer,optional|optional|optional,PENDING,
http://data.europa.eu/esco/skill/0d168770-4d9c-4096-b048-a6577818d306,Apache Maven,Maven,,"The tool Apache Maven is a software program to perform configuration identification, control, status accounting and audit of software during its development and maintenance.",,knowledge,sector-specific,released,2024-02-09T17:29:09.851Z,ESCO,1.2.1,IT,http://data.europa.eu/esco/occupation/57af9090-55b4-4911-b2d0-86db01c00b02|http://data.europa.eu/esco/occupation/c40a2919-48a9-40ea-b506-1f34f693496d,embedded systems software developer|web developer,optional|optional,PENDING,
http://data.europa.eu/esco/skill/0da516ee-e70e-4384-be13-f5ff80be8127,communicate with customers,"provide customer service
supply customer service
respond to customer requests
respond to customers
engage with customers
help customers
assist customers
talk with customers
communicate with clients
interact with customers
interact with clients",,"Respond to and communicate with customers in the most efficient and appropriate manner to enable them to access the desired products or services, or any other help they may require.",,skill/competence,cross-sector,released,2025-03-19T11:09:23.139Z,ESCO,1.2.1,BUSINESS,http://data.europa.eu/esco/occupation/57b459d4-655c-4053-b189-3c249ce33faf|http://data.europa.eu/esco/occupation/6fcf4638-e7c7-4978-9302-9a7b63a3d57c,ICT business development manager|marketing manager,optional|optional,PENDING,
http://data.europa.eu/esco/skill/0daaf096-1639-461c-bf1a-bbeea77e6b67,internal risk management policy,risk management internal policy,,"The internal risk management policies that identify, assess and prioritise risks in an IT environment. The methods used to minimise, monitor and control the possibility and the impact of disastrous events that affect the reaching of business goals.",,knowledge,sector-specific,released,2024-02-09T17:29:11.47Z,ESCO,1.2.1,"IT,BUSINESS",http://data.europa.eu/esco/occupation/7754d570-9519-48c2-b1c9-8e165f8bca0f|http://data.europa.eu/esco/occupation/bea99fea-0383-4c63-b944-70d4799de2c5|http://data.europa.eu/esco/occupation/fe0fa514-b48d-4a53-9757-a283c0baacf0,cybersecurity risk manager|project manager|ICT business analyst,essential|essential|optional,PENDING,
http://data.europa.eu/esco/skill/0de61385-de6d-4146-ba32-1cc1bc102220,Lisp,"Lisp software development principles
Lisp algorithms
Lisp software development techniques
Lisp programming paradigms
Lisp coding techniques",,"The techniques and principles of software development, such as analysis, algorithms, coding, testing and compiling of programming paradigms in Lisp.",,knowledge,sector-specific,released,2025-06-25T08:20:05.218Z,ESCO,1.2.1,IT,http://data.europa.eu/esco/occupation/106f79e4-6264-45f1-9e7a-297435cd684b|http://data.europa.eu/esco/occupation/57af9090-55b4-4911-b2d0-86db01c00b02|http://data.europa.eu/esco/occupation/c40a2919-48a9-40ea-b506-1f34f693496d,software tester|embedded systems software developer|web developer,optional|optional|optional,PENDING,
http://data.europa.eu/esco/skill/0e0c9c11-b39e-43cf-ba95-2fe646f5de64,identify customer requirements,"write research applications
gather and define user requirements
categorise customer requirements",,"Apply techniques and tools, such as surveys, questionnaires, ICT applications, for eliciting, defining, analysing, documenting and maintaining user requirements from system, service or product.",,skill/competence,cross-sector,released,2025-06-25T12:15:04.406Z,ESCO,1.2.1,BUSINESS,http://data.europa.eu/esco/occupation/fe0fa514-b48d-4a53-9757-a283c0baacf0,ICT business analyst,essential,PENDING,
http://data.europa.eu/esco/skill/0e1fe34b-f4e7-4642-8c8b-5a05ac3438e5,manage schedule of tasks,"task scheduling
organise tasks
schedule tasks
organize tasks
task planning
assign and schedule tasks
task management
manage task scheduling
plan tasks
manage tasking",,"Maintain an overview of all the incoming tasks in order to prioritise the tasks, plan their execution, and integrate new tasks as they present themselves.",,skill/competence,cross-sector,released,2024-02-09T17:29:15.235Z,ESCO,1.2.1,IT,http://data.europa.eu/esco/occupation/106f79e4-6264-45f1-9e7a-297435cd684b,software tester,optional,PENDING,
http://data.europa.eu/esco/skill/0e54cc0e-6cef-41ec-bd8c-e8e8778969ec,relationship marketing,relationship marketing strategies,,"The process within Customer Relationship Management (CRM) and focuses on customer retention, satisfaction and lifetime customer value.",,knowledge,cross-sector,released,2024-01-29T11:32:37.218Z,ESCO,1.2.1,BUSINESS,http://data.europa.eu/esco/occupation/6fcf4638-e7c7-4978-9302-9a7b63a3d57c,marketing manager,essential,PENDING,
http://data.europa.eu/esco/skill/0ee94af1-b445-4973-9c3f-459fab250342,apply conflict management,"implement conflict management
administer conflict management
utilise conflict management
applying conflict management
conflict management application
employ conflict management
application of conflict management",,"Take ownership of the handling of all complaints and disputes showing empathy and understanding to achieve resolution. Be fully aware of all Social Responsibility protocols and procedures, and be able to deal with a problematic gambling situation in a professional manner with maturity and empathy.",,skill/competence,cross-sector,released,2024-02-09T17:29:09.851Z,ESCO,1.2.1,"BUSINESS,HR",http://data.europa.eu/esco/occupation/bea99fea-0383-4c63-b944-70d4799de2c5|http://data.europa.eu/esco/occupation/f605bcd2-90b6-45a0-a558-d05016d68a77,project manager|human resources manager,essential|optional,PENDING,
http://data.europa.eu/esco/skill/0ee94c0a-3716-494a-95a2-dcbab9e58be2,business requirements techniques,business requirements identification,,The procedures required to identify and analyse business and organisational needs.,,knowledge,sector-specific,released,2025-06-25T08:20:05.218Z,ESCO,1.2.1,BUSINESS,http://data.europa.eu/esco/occupation/57b459d4-655c-4053-b189-3c249ce33faf|http://data.europa.eu/esco/occupation/fe0fa514-b48d-4a53-9757-a283c0baacf0,ICT business development manager|ICT business analyst,optional|essential,PENDING,
http://data.europa.eu/esco/skill/0efbe2dc-2770-47ec-b8f4-d1bdff6ac0a4,advise on risk management,"recommend on accident management
strategise on accident management
suggest on risk management
propose on risk management
recommend on risk management
propose on accident management
suggest on accident management
strategise on risk management",,"Provide advice on risk management policies and prevention strategies and their implementation, being aware of different kinds of risks to a specific organisation.",,skill/competence,cross-sector,released,2024-02-09T17:29:11.47Z,ESCO,1.2.1,"BUSINESS,HR",http://data.europa.eu/esco/occupation/60082a99-d8ef-4e84-9290-78902681b6ed|http://data.europa.eu/esco/occupation/f605bcd2-90b6-45a0-a558-d05016d68a77,business analyst|human resources manager,optional|optional,PENDING,
http://data.europa.eu/esco/skill/0f9f8352-0488-4a1e-9171-2c5466c17f41,analyse unemployment rates,"investigate unemployment rates
scrutinise unemployment rates
investigate jobless rates
analyze unemployment rates
scrutinise jobless rates
audit jobless rates
audit unemployment rates",,Analyse data and perform research concerning unemployment in a region or nation in order to identify causes for unemployment and possible solutions.,,skill/competence,sector-specific,released,2016-12-20T20:20:05Z,ESCO,1.2.1,HR,http://data.europa.eu/esco/occupation/1fce1be0-bf52-449b-9a2b-3f2cc710290a,compensation analyst,optional,PENDING,
http://data.europa.eu/esco/skill/0fbaceff-df05-4ef7-b735-188dc183b56b,carry out job analysis,"perform job analysis
carry out analysis of job
carrying out job analysis",,"Research and perform studies on occupations, analyse and integrate data to identify the content of jobs, meaning the requirements to perform the activities, and deliver the information to business, industry or government officials.",,skill/competence,occupation-specific,released,2024-02-09T17:29:10.678Z,ESCO,1.2.1,HR,http://data.europa.eu/esco/occupation/1fce1be0-bf52-449b-9a2b-3f2cc710290a,compensation analyst,optional,PENDING,
http://data.europa.eu/esco/skill/0ffdb6ac-03b5-4f1c-bfcc-3d9cb874fdf9,ethical hacking principles,ethical hacking techniques,,The set of actions that are carried out to detect vulnerabilities within a computerised system in order to improve security within an organisation. They aim to identify and address data breaches and threats in a network.,,knowledge,sector-specific,released,2023-11-02T17:20:57.26Z,ESCO,1.2.1,IT,http://data.europa.eu/esco/occupation/7754d570-9519-48c2-b1c9-8e165f8bca0f,cybersecurity risk manager,essential,PENDING,
http://data.europa.eu/esco/skill/1110c92f-3059-445a-9436-0f4200d365f5,Sass,Syntactically Awesome Stylesheets,,"The computer language Sass is a style sheet language that conveys the presentation of structured documents. These documents have to adhere to style sheets, a set of stylistic rules such as font, color and layout.",,knowledge,sector-specific,released,2024-02-09T17:29:09.009Z,ESCO,1.2.1,IT,http://data.europa.eu/esco/occupation/c40a2919-48a9-40ea-b506-1f34f693496d,web developer,optional,PENDING,
http://data.europa.eu/esco/skill/11430d93-c835-48ed-8e70-285fa69c9ae6,design cloud architecture,"design multi-tier cloud architecture
create cloud architecture
engineer cloud architecture",,"Design a multi-tier cloud architecture solution, which tolerates faults and is fit for the workload and other business needs. Identify elastic and scalable computing solutions, select high-performing and scalable storage solutions, and choose high-performing database solutions. Identify cost-effective storage, computing, and database services in the cloud.",,skill/competence,sector-specific,released,2022-07-05T14:34:46.63Z,ESCO,1.2.1,IT,http://data.europa.eu/esco/occupation/349ee6f6-c295-4c38-9b98-48765b55280e,cloud engineer,essential,PENDING,
http://data.europa.eu/esco/skill/114c9698-c999-4369-8498-81bf641fe871,establish an ICT security prevention plan,,,"Define a comprehensive and proactive strategy for managing information and communication technology (ICT) security risks by establishing a set of measures and responsibilities to ensure the confidentiality, integrity and availability of information. Implement policies to prevent data breaches, detect and respond to unauthorised access to systems and resources, including up-to-date security applications and employee education.",,skill/competence,occupation-specific,released,2025-02-27T12:45:08.961Z,ESCO,1.2.1,IT,http://data.europa.eu/esco/occupation/7754d570-9519-48c2-b1c9-8e165f8bca0f,cybersecurity risk manager,essential,PENDING,
http://data.europa.eu/esco/skill/118a9b27-1c5a-4214-b685-1a4d9e6365ea,computer forensics,"forensic IT
digital forensic investigation",,The process of examining and recovering digital data from sources for legal evidence and crime investigation.,,knowledge,sector-specific,released,2025-06-25T08:20:05.218Z,ESCO,1.2.1,IT,http://data.europa.eu/esco/occupation/7754d570-9519-48c2-b1c9-8e165f8bca0f,cybersecurity risk manager,optional,PENDING,
http://data.europa.eu/esco/skill/11bbb82e-f3cc-4734-94d5-b99fdd0a683e,explain interview purposes,"describe interview purposes
explaining interview purposes
explain purposes of interview
outline interview purposes
explain interview purpose",,Explain the main purpose and objective of the interview in a manner that the recipient understands and responds to the questions accordingly.,,skill/competence,cross-sector,released,2024-02-09T17:29:12.952Z,ESCO,1.2.1,HR,http://data.europa.eu/esco/occupation/a6e8a6bf-9209-4d19-a131-a8b6431e0f75,talent acquisition manager,essential,PENDING,
http://data.europa.eu/esco/skill/11c56452-fcec-4b00-9695-cca4728e5048,marketing analytics,marketing data analytics,,The set of processes for employing data to improve the effectiveness of marketing activities. It involves analysing metrics such as the Return on Investment (ROI) for identify opportunities of improvement.,,knowledge,cross-sector,released,2023-11-29T16:23:45.855Z,ESCO,1.2.1,"IT,BUSINESS",http://data.europa.eu/esco/occupation/258e46f9-0075-4a2e-adae-1ff0477e0f30|http://data.europa.eu/esco/occupation/60082a99-d8ef-4e84-9290-78902681b6ed|http://data.europa.eu/esco/occupation/6fcf4638-e7c7-4978-9302-9a7b63a3d57c|http://data.europa.eu/esco/occupation/d3edb8f8-3a06-47a0-8fb9-9b212c006aa2,data scientist|business analyst|marketing manager|data analyst,optional|optional|essential|optional,PENDING,
http://data.europa.eu/esco/skill/11cbcf7f-8dc3-4c9a-9ec1-37f51b5cbc19,international trade,"international commerce
foreign trade
global trade
world wide trade
international trading",,"The economic practise and study field that address the exchange of goods and services across geographic borders. The general theories and schools of thought around the implications of international trade in terms of exports, imports, competitivity, GDP, and role of multinational companies.",,knowledge,cross-sector,released,2025-02-27T12:45:08.961Z,ESCO,1.2.1,BUSINESS,http://data.europa.eu/esco/occupation/6fcf4638-e7c7-4978-9302-9a7b63a3d57c,marketing manager,optional,PENDING,
http://data.europa.eu/esco/skill/11eebd42-44ab-401d-8a2c-bdb9fc9beb50,information security strategy,InfoSec strategy,,"The plan defined by a company which sets the information security objectives and measures to mitigate risks, define control objectives, establish metrics and benchmarks while complying with legal, internal and contractual requirements.",,knowledge,sector-specific,released,2025-06-25T08:20:05.218Z,ESCO,1.2.1,IT,http://data.europa.eu/esco/occupation/7754d570-9519-48c2-b1c9-8e165f8bca0f,cybersecurity risk manager,essential,PENDING,
http://data.europa.eu/esco/skill/1212ac42-2564-4fce-80e1-6ce4ea4d9bf5,advise on personnel management,"suggestions on personnel management
provide personnel management advice
give personnel management advice and support
recommend personnel management
provide personnel management support
instruct on personnel management",,"Advise senior staff in an organisation on methods to improve relations with employees, on improved methods for hiring and training employees and increasing employee satisifaction.",,skill/competence,cross-sector,released,2024-02-09T17:29:15.968Z,ESCO,1.2.1,"BUSINESS,HR",http://data.europa.eu/esco/occupation/60082a99-d8ef-4e84-9290-78902681b6ed|http://data.europa.eu/esco/occupation/f605bcd2-90b6-45a0-a558-d05016d68a77,business analyst|human resources manager,optional|essential,PENDING,
http://data.europa.eu/esco/skill/12274664-b642-4945-b88f-d7787dc3c9dd,design interaction model,"design virtual assistant skills
develop interaction model
design skills for interaction model",,"Design and develop an interaction model. Design a multi-turn conversation, use built-in intents and slots, handle unexpected conversational requests or responses, design multi-modal skills using one or more service interfaces (for example, audio, video, and gadgets).",,skill/competence,sector-specific,released,2022-07-05T14:38:06.701Z,ESCO,1.2.1,IT,http://data.europa.eu/esco/occupation/349ee6f6-c295-4c38-9b98-48765b55280e,cloud engineer,optional,PENDING,
http://data.europa.eu/esco/skill/136e0cab-0b19-48f7-9086-745d615f416b,customer segmentation,"customers' segmentation
customer segmentation process
segmentation of customers
market fragmentation",,The process whereby a target market is divided into specific sets of consumers for further market analysis.,,knowledge,cross-sector,released,2024-02-09T17:29:16.725Z,ESCO,1.2.1,BUSINESS,http://data.europa.eu/esco/occupation/6fcf4638-e7c7-4978-9302-9a7b63a3d57c,marketing manager,optional,PENDING,
http://data.europa.eu/esco/skill/13bdd41a-2a18-441f-96db-41252c519413,Visual Basic,"VB.NET
.NET
Visual Studio .NET
Visual Studio
VB",,"The techniques and principles of software development, such as analysis, algorithms, coding, testing and compiling of programming paradigms in Visual Basic.",,knowledge,sector-specific,released,2025-04-16T09:55:37.546Z,ESCO,1.2.1,IT,http://data.europa.eu/esco/occupation/106f79e4-6264-45f1-9e7a-297435cd684b|http://data.europa.eu/esco/occupation/57af9090-55b4-4911-b2d0-86db01c00b02|http://data.europa.eu/esco/occupation/c40a2919-48a9-40ea-b506-1f34f693496d,software tester|embedded systems software developer|web developer,optional|optional|optional,PENDING,
http://data.europa.eu/esco/skill/13e2378e-0d10-450d-843a-b3592575826e,implement marketing strategies,"administer marketing strategies
implementing marketing strategies
utilise marketing strategies
implement a marketing strategy
marketing strategies implementation
execute marketing strategies
introduce marketing strategies",,"Implement strategies which aim to promote a specific product or service, using the developed marketing strategies.",,skill/competence,cross-sector,released,2024-02-09T17:29:09.851Z,ESCO,1.2.1,BUSINESS,http://data.europa.eu/esco/occupation/6fcf4638-e7c7-4978-9302-9a7b63a3d57c,marketing manager,essential,PENDING,
http://data.europa.eu/esco/skill/143769cb-b61e-47d8-a61e-eedfbec1016c,business intelligence,"business analytics
BI
business intelligence tools",,The tools used to transform large amounts of raw data into relevant and helpful business information.,,knowledge,cross-sector,released,2025-06-25T08:20:05.218Z,ESCO,1.2.1,"IT,BUSINESS",http://data.europa.eu/esco/occupation/258e46f9-0075-4a2e-adae-1ff0477e0f30|http://data.europa.eu/esco/occupation/57b459d4-655c-4053-b189-3c249ce33faf|http://data.europa.eu/esco/occupation/60082a99-d8ef-4e84-9290-78902681b6ed|http://data.europa.eu/esco/occupation/6fcf4638-e7c7-4978-9302-9a7b63a3d57c|http://data.europa.eu/esco/occupation/d3edb8f8-3a06-47a0-8fb9-9b212c006aa2|http://data.europa.eu/esco/occupation/fe0fa514-b48d-4a53-9757-a283c0baacf0,data scientist|ICT business development manager|business analyst|marketing manager|data analyst|ICT business analyst,optional|optional|optional|optional|essential|optional,PENDING,
http://data.europa.eu/esco/skill/14464b13-19b5-4403-8c2c-09eb98e28f2f,inform on fiscal duties,"apprise on taxation and related matters
fiscal duties notification
advise on taxation and related matters
brief on taxation and related matters
apprise on fiscal duties
advise on fiscal duties
brief on fiscal duties",,"Inform organisations and individuals on their specific fiscal duties and the legislation and regulations involving fiscal processes, such as tax duties.",,skill/competence,cross-sector,released,2024-02-09T17:29:14.494Z,ESCO,1.2.1,BUSINESS,http://data.europa.eu/esco/occupation/04f39bfa-bc03-4480-98bc-b18ce4fe4b4b,accounting manager,optional,PENDING,
http://data.europa.eu/esco/skill/146eccdc-c52a-4d61-9406-3af617caa7d6,forecast sales over periods of time,"project sales over periods of time
forecast sales over period of time
estimate sales over periods of time
predict sales over periods of time
forecast sales over time periods
forecasting sales over periods of time
forecast sales over time",,Calculate and estimate the expected sales of products and services over different periods of time in order to determine their profitability.,,skill/competence,cross-sector,released,2024-02-09T17:29:12.215Z,ESCO,1.2.1,BUSINESS,http://data.europa.eu/esco/occupation/6fcf4638-e7c7-4978-9302-9a7b63a3d57c,marketing manager,optional,PENDING,
http://data.europa.eu/esco/skill/147170ba-0141-4337-89af-b4513d745afe,support development of annual budget,"support annual budget production
support annual budget creation
assist the annual budgeting process
support annual budget development
assist the process of preparing the annual budget
support production of annual budget
provide assistance to the annual budgeting process
conduct annual report support activities
support creation of annual budget
perform annual budget support activities",,Support the development of the annual budget by producing base data as defined by the operations budget process.,,skill/competence,sector-specific,released,2024-02-09T17:29:09.851Z,ESCO,1.2.1,BUSINESS,http://data.europa.eu/esco/occupation/04f39bfa-bc03-4480-98bc-b18ce4fe4b4b,accounting manager,essential,PENDING,
http://data.europa.eu/esco/skill/14d1e367-3efe-4ec5-86ae-eca48710ee4e,implement ICT security policies,"implementing computer network safety policies
implementing ICT safety policies
implement computer network safety policies
implement ICT safety policies
implement computer network security policies
apply on-line safety guidelines
ICT safety policies implementing
apply on-line security guidelines
on-line security guidelines applying
on-line safety guidelines applying",,"Implement statements, assertions or rules that specify the appropriate use and protection of the ICT assets and systems from an organisation. These ICT security policies cover topics such as data classification, password management, access control and incident response.",,skill/competence,sector-specific,released,2023-04-12T15:11:35.126Z,ESCO,1.2.1,IT,http://data.europa.eu/esco/occupation/7754d570-9519-48c2-b1c9-8e165f8bca0f,cybersecurity risk manager,optional,PENDING,
http://data.europa.eu/esco/skill/1605025e-a179-421f-8f35-5b07d182a6b2,web analytics,,Google Analytics,"The characteristics, tools and techniques for measurement, collection, analysis and reporting of web data to get information on the users' behaviour and to improve the performance of a website.",,knowledge,cross-sector,released,2025-02-27T12:45:08.961Z,ESCO,1.2.1,"IT,BUSINESS",http://data.europa.eu/esco/occupation/6fcf4638-e7c7-4978-9302-9a7b63a3d57c|http://data.europa.eu/esco/occupation/d3edb8f8-3a06-47a0-8fb9-9b212c006aa2,marketing manager|data analyst,optional|optional,PENDING,
http://data.europa.eu/esco/skill/16132f2b-cf61-4c53-ae8d-9023a8bab90b,telemarketing,"telephone soliciting
cold-calling",,Principles and techniques of soliciting potential customers over the phone to perform direct marketing of products or services.,,knowledge,cross-sector,released,2024-02-09T17:29:12.215Z,ESCO,1.2.1,BUSINESS,http://data.europa.eu/esco/occupation/6fcf4638-e7c7-4978-9302-9a7b63a3d57c,marketing manager,optional,PENDING,
http://data.europa.eu/esco/skill/161a6c5a-593a-4977-b7b7-49c6a2a2f2a3,advise on tax planning,"advise on tax plans
advising on tax planning
give recommendations on tax planning
counsel on tax planning
offer suggestions on tax planning",,"Advise on appropriate strategies to include taxes in the overall financial plan in order to reduce the tax load. Advise on questions related to tax legislation and provide advise on the possible implications that decisions in financial matters can cause in a tax declaration. Advise on questions concerning things such as the creation of a company, investments, recruitments, or company successions.",,skill/competence,cross-sector,released,2024-02-09T17:29:15.235Z,ESCO,1.2.1,BUSINESS,http://data.europa.eu/esco/occupation/04f39bfa-bc03-4480-98bc-b18ce4fe4b4b,accounting manager,optional,PENDING,
http://data.europa.eu/esco/skill/16a00c69-9c74-4c37-96d7-6301d285e5ce,use e-services,"use online payment solutions
make use of e-services
use electronic services
engage in citizenship through digital technologies
able to use e-services
apply e-services
utilise e-services",,Participate in society through the use of public and private digital services. Seek opportunities for self-empowerment and for participatory citizenship through appropriate digital technologies.,,skill/competence,cross-sector,released,2024-02-12T08:36:46.077Z,ESCO,1.2.1,IT,http://data.europa.eu/esco/occupation/c40a2919-48a9-40ea-b506-1f34f693496d,web developer,essential,PENDING,
http://data.europa.eu/esco/skill/171eee55-19b9-46d6-aded-33193ba8ccf1,study sales levels of products,"analyse sales levels of products
study sales levels of product
study product sales levels
studying sales levels of products
inspect sales levels of products
study sales level of products",,"Collect and analyse sales levels of products and services in order to use this information for determining the quantities to be produced in the following batches, customer feedback, price trends, and the efficiency of sales methods.",,skill/competence,cross-sector,released,2024-02-09T17:29:14.494Z,ESCO,1.2.1,BUSINESS,http://data.europa.eu/esco/occupation/6fcf4638-e7c7-4978-9302-9a7b63a3d57c,marketing manager,essential,PENDING,
http://data.europa.eu/esco/skill/172020d1-e151-445b-8173-e2a5fb16fe51,utilise computer-aided software engineering tools,"utilise CASE tools for software design
utilize CASE tools for software design
utilize computer-aided software engineering tools
utilise CASE tools
use CASE tools",,"Use software tools (CASE) to support the development lifecycle, design and implementation of software and applications of high-quality that can be easily maintained.",,skill/competence,sector-specific,released,2024-02-23T09:38:31.552Z,ESCO,1.2.1,IT,http://data.europa.eu/esco/occupation/57af9090-55b4-4911-b2d0-86db01c00b02|http://data.europa.eu/esco/occupation/c40a2919-48a9-40ea-b506-1f34f693496d,embedded systems software developer|web developer,essential|optional,PENDING,
http://data.europa.eu/esco/skill/1973c966-f236-40c9-b2d4-5d71a89019be,use spreadsheets software,"Google Sheets
PlanMaker
Gnumeric
OxygenOffice Professional Calc
ResolverOne
ThinkFree Office Calc
CellPro
Simple Spreadsheet
Corel Calculate
MS Excel
wikiCalc
Calligra Sheets
QT Calc Express
Lotus 1-2-3
Quantrix Modeler
Dolphinity Planner
Kingsoft Spreadsheet
Sheetster
Accel Spreadsheet
LibreOffice Calc
Microsoft Office Excel
use spreadsheets program
IBM Lotus Symphony Spreadsheets
Household Budget Worksheet
design spreadsheets
Myrtle
Ability Office Spreadsheet
DhtmlxSpreadsheet
OOo4Kids Calc
Lotus Improv
Sphygmic Software Spreadsheet
Zoho Sheet","Gnumeric
ThinkFree Office Calc
Corel Calculate
Lotus 1-2-3
Kingsoft Spreadsheet
ResolverOne
Sheetster
Dolphinity Planner
OOo4Kids Calc
Zoho Sheet
Household Budget Worksheet
Microsoft Office Excel
Myrtle
Google Sheets
PlanMaker
Lotus Improv
LibreOffice Calc
IBM Lotus Symphony Spreadsheets
Calligra Sheets
Accel Spreadsheet
Sphygmic Software Spreadsheet
DhtmlxSpreadsheet
QT Calc Express
Quantrix Modeler
Ability Office Spreadsheet
OxygenOffice Professional Calc
wikiCalc
Simple Spreadsheet
CellPro","Use software tools to create and edit tabular data to carry out mathematical calculations, organise data and information, create diagrams based on data and to retrieve them.",,skill/competence,cross-sector,released,2025-04-16T09:58:38.25Z,ESCO,1.2.1,IT,http://data.europa.eu/esco/occupation/258e46f9-0075-4a2e-adae-1ff0477e0f30|http://data.europa.eu/esco/occupation/d3edb8f8-3a06-47a0-8fb9-9b212c006aa2,data scientist|data analyst,optional|optional,PENDING,
http://data.europa.eu/esco/skill/19a8293b-8e95-4de3-983f-77484079c389,Java (computer programming),"Java 2
Java 2 enterprise edition
Java",,"The techniques and principles of software development, such as analysis, algorithms, coding, testing and compiling of programming paradigms in Java.",,knowledge,sector-specific,released,2025-04-16T10:01:06.975Z,ESCO,1.2.1,IT,http://data.europa.eu/esco/occupation/106f79e4-6264-45f1-9e7a-297435cd684b|http://data.europa.eu/esco/occupation/349ee6f6-c295-4c38-9b98-48765b55280e|http://data.europa.eu/esco/occupation/57af9090-55b4-4911-b2d0-86db01c00b02|http://data.europa.eu/esco/occupation/c40a2919-48a9-40ea-b506-1f34f693496d,software tester|cloud engineer|embedded systems software developer|web developer,optional|optional|optional|optional,PENDING,
http://data.europa.eu/esco/skill/19bf58ed-23b8-4763-b231-d4a1e98a225d,promote gender equality in business contexts,"promoting gender equality in business contexts
encourage promote gender equality in business contexts
promote business context gender equality
advocate promote gender equality in business contexts
promote gender equality in business context",,Raise awareness and campaign for the equalisation between the sexes by the assessment of their participation in the position and the activities carried out by companies and businesses at large.,,skill/competence,sector-specific,released,2024-02-09T17:29:15.235Z,ESCO,1.2.1,HR,http://data.europa.eu/esco/occupation/f605bcd2-90b6-45a0-a558-d05016d68a77,human resources manager,essential,PENDING,
http://data.europa.eu/esco/skill/1b70a55d-b8a4-49fc-96c6-15ab4cff2522,use data processing techniques,"use a data processing technique
apply data processing technique
make use of data processing techniques
utilize data processing techniques
gather and analyse data",,"Gather, process and analyse relevant data and information, properly store and update data and represent figures and data using charts and statistical diagrams.",,skill/competence,cross-sector,released,2024-02-09T17:29:13.7Z,ESCO,1.2.1,IT,http://data.europa.eu/esco/occupation/2079755f-d809-49e6-8037-4de6180e54c0|http://data.europa.eu/esco/occupation/258e46f9-0075-4a2e-adae-1ff0477e0f30|http://data.europa.eu/esco/occupation/d3edb8f8-3a06-47a0-8fb9-9b212c006aa2,data engineer|data scientist|data analyst,essential|essential|essential,PENDING,
http://data.europa.eu/esco/skill/1b7c716e-af95-4cda-a42f-6479c8b139f5,MDX,MultiDimensional eXpressions,,The computer language MDX is a query language for retrieval of information from a database and of documents containing the needed information. It is developed by the software company Microsoft.,,knowledge,sector-specific,released,2024-02-09T17:29:14.494Z,ESCO,1.2.1,IT,http://data.europa.eu/esco/occupation/106f79e4-6264-45f1-9e7a-297435cd684b|http://data.europa.eu/esco/occupation/258e46f9-0075-4a2e-adae-1ff0477e0f30|http://data.europa.eu/esco/occupation/d3edb8f8-3a06-47a0-8fb9-9b212c006aa2,software tester|data scientist|data analyst,optional|optional|optional,PENDING,
http://data.europa.eu/esco/skill/1bba98a7-92b9-450b-9235-e0c905f8f3c4,information architecture,"data architecture
information system design",,"The methods through which information is generated, structured, stored, maintained, linked, exchanged and used.",,knowledge,sector-specific,released,2025-06-25T08:20:05.218Z,ESCO,1.2.1,"IT,BUSINESS",http://data.europa.eu/esco/occupation/d3edb8f8-3a06-47a0-8fb9-9b212c006aa2|http://data.europa.eu/esco/occupation/fe0fa514-b48d-4a53-9757-a283c0baacf0,data analyst|ICT business analyst,optional|optional,PENDING,
http://data.europa.eu/esco/skill/1c08d63d-1c5e-4b9b-ad3e-f7ba7debb2d1,forecast organisational risks,"forecasting organisational risks
foresee organisational risks
forecast organizational risks
forecast organisational risk
predict organisational risks",,"Analyse the operations and actions of a company in order to assess their repercussions, possible risks for the company, and to develop suitable strategies to address these.",,skill/competence,cross-sector,released,2016-12-20T18:05:11Z,ESCO,1.2.1,BUSINESS,http://data.europa.eu/esco/occupation/04f39bfa-bc03-4480-98bc-b18ce4fe4b4b,accounting manager,optional,PENDING,
http://data.europa.eu/esco/skill/1c2978b8-bb0d-4249-9c23-877571a4dffa,cloud security and compliance,"cloud safety and compliance
cloud safety
cloud security
cloud compliance",,"Cloud security and compliance concepts, including shared responsibility model, cloud access management capabilities, and resources for security support.",,knowledge,sector-specific,released,2022-07-05T14:37:59.932Z,ESCO,1.2.1,IT,http://data.europa.eu/esco/occupation/349ee6f6-c295-4c38-9b98-48765b55280e|http://data.europa.eu/esco/occupation/7754d570-9519-48c2-b1c9-8e165f8bca0f,cloud engineer|cybersecurity risk manager,essential|optional,PENDING,
http://data.europa.eu/esco/skill/1c460d2d-90c6-4fc9-ad49-febb6e15605a,pricing strategies,"pricing strategy
price strategies
pricing plans
pricing tactics",,"The techniques, theories, and commonly accepted strategies regarding pricing of goods. The relation between pricing strategies and outcomes in the market such as profitability maximisation, deterrence of newcomers, or increase of market share.",,knowledge,cross-sector,released,2024-02-09T17:29:11.47Z,ESCO,1.2.1,BUSINESS,http://data.europa.eu/esco/occupation/6fcf4638-e7c7-4978-9302-9a7b63a3d57c,marketing manager,essential,PENDING,
http://data.europa.eu/esco/skill/1dae8445-12e5-423a-bb26-824010e299b9,ensure compliance with legal requirements,ensure compliance with legislative regulations,,"Guarantee compliance with established and applicable standards and legal requirements such as specifications, policies, standards or law for the goal that organisations aspire to achieve in their efforts.",,skill/competence,cross-sector,released,2024-02-09T17:29:12.215Z,ESCO,1.2.1,BUSINESS,http://data.europa.eu/esco/occupation/bea99fea-0383-4c63-b944-70d4799de2c5,project manager,essential,PENDING,
http://data.europa.eu/esco/skill/1dd23dba-dd00-45ab-abf4-642902538317,perform risk analysis,"perform a risk analysis
risk analysis performance
implement risk analysis
finish risk analysis
performing a risk analysis
complete risk analysis
undertake risk analysis",,Identify and assess factors that may jeopardise the success of a project or threaten the organisation's functioning. Implement procedures to avoid or minimise their impact.,,skill/competence,cross-sector,released,2024-02-09T17:29:09.851Z,ESCO,1.2.1,BUSINESS,http://data.europa.eu/esco/occupation/bea99fea-0383-4c63-b944-70d4799de2c5,project manager,essential,PENDING,
http://data.europa.eu/esco/skill/1e77e42a-181f-4b48-8e74-201ce50ffc29,interpret current data,examine current data,,"Analyse data gathered from sources such as market data, scientific papers, customer requirements and questionnaires which are current and up-to-date in order to assess development and innovation in areas of expertise.",,skill/competence,cross-sector,released,2025-06-25T12:15:04.406Z,ESCO,1.2.1,"IT,BUSINESS",http://data.europa.eu/esco/occupation/258e46f9-0075-4a2e-adae-1ff0477e0f30|http://data.europa.eu/esco/occupation/57b459d4-655c-4053-b189-3c249ce33faf|http://data.europa.eu/esco/occupation/d3edb8f8-3a06-47a0-8fb9-9b212c006aa2,data scientist|ICT business development manager|data analyst,essential|essential|essential,PENDING,
http://data.europa.eu/esco/skill/20a8fe89-d4eb-4698-8521-8881c13377e0,interact professionally in research and professional environments,"give feedback in a professional setting
interact appropriately in research and professional spheres
receive feedback in a professional setting
interact considerately in research and professional spheres
show collegiality in research and professional environments",,"Show consideration to others as well as collegiality. Listen, give and receive feedback and respond perceptively to others, also involving staff supervision and leadership in a professional setting.",,skill/competence,cross-sector,released,2024-02-26T08:57:39.574Z,ESCO,1.2.1,IT,http://data.europa.eu/esco/occupation/258e46f9-0075-4a2e-adae-1ff0477e0f30,data scientist,essential,PENDING,
http://data.europa.eu/esco/skill/2111dff8-f830-46ad-80ce-7885893b3134,coordinate events,"organise projects
coordinating events
coordinate an event
plan events",,"Lead events by managing budget, logistics, event support, security, emergency plans and follow up.",,skill/competence,cross-sector,released,2024-02-09T17:29:15.968Z,ESCO,1.2.1,BUSINESS,http://data.europa.eu/esco/occupation/6fcf4638-e7c7-4978-9302-9a7b63a3d57c,marketing manager,optional,PENDING,
http://data.europa.eu/esco/skill/2136f9d2-ebb5-4c1f-aa2d-cee24417c5c7,promote equal pay,"advocate pay parity
encourage pay parity
advocate equal pay
promote pay parity
endorse equal pay
encourage equal pay
endorse pay parity",,"Promote actions which aim to close the pay gap between the different genders by researching the current circumstances which facilitate the continuance of the pay gap and the fields in which pay gaps persist, as well as promote the inclusion of different genders in professions or fields which are dominated by one gender.",,skill/competence,sector-specific,released,2024-02-09T17:29:11.47Z,ESCO,1.2.1,HR,http://data.europa.eu/esco/occupation/1fce1be0-bf52-449b-9a2b-3f2cc710290a,compensation analyst,essential,PENDING,
http://data.europa.eu/esco/skill/2180bd8c-86de-4889-8165-adac902eee9d,embedded systems,"embedded systems software architectures
embedded software",,"The computer systems and components with a specialised and autonomous function within a larger system or machine such as embedded systems software architectures, embedded peripherals, design principles and development tools.",,knowledge,sector-specific,released,2025-04-11T13:10:40.497Z,ESCO,1.2.1,IT,http://data.europa.eu/esco/occupation/57af9090-55b4-4911-b2d0-86db01c00b02,embedded systems software developer,essential,PENDING,
http://data.europa.eu/esco/skill/21c5790c-0930-4d74-b3b0-84caf5af12ea,manage budgets,"budget set costs
approximate set costs
estimate set costs
manage operation budgets
oversee operational budgets
handle operational budgets
maintain operational budgets
manage operational budget",,"Plan, monitor, report on the budget and prepare set production budgets.",,skill/competence,cross-sector,released,2025-08-01T12:50:56.749Z,ESCO,1.2.1,"BUSINESS,HR",http://data.europa.eu/esco/occupation/04f39bfa-bc03-4480-98bc-b18ce4fe4b4b|http://data.europa.eu/esco/occupation/6fcf4638-e7c7-4978-9302-9a7b63a3d57c|http://data.europa.eu/esco/occupation/bea99fea-0383-4c63-b944-70d4799de2c5|http://data.europa.eu/esco/occupation/d3e32e5e-7f24-48e3-b939-e4f800eb62fb|http://data.europa.eu/esco/occupation/f605bcd2-90b6-45a0-a558-d05016d68a77,accounting manager|marketing manager|project manager|human resources officer|human resources manager,essential|essential|essential|optional|essential,PENDING,
http://data.europa.eu/esco/skill/21d2f96d-35f7-4e3f-9745-c533d2dd6e97,computer programming,"GCC
Ada
ALGOL
Visual Basic .NET
Visual Basic
HyperTalk
AppleScript
Ceylon
LabVIEW
Euphoria
Subversion
OCaml
PL/I
MSVC++
Dylan
AspectJ
Korn-shell
STL
Io
Hack
Turing
Object Pascal
Curl
DIBOL
cT
KnockoutJS
bash
Seed7
Emacs Lisp
OpenCV
Rebol
Lua
BCPL
ActionScript
C shell
AWK
INTERCAL
COMAL
PowerShell
occam
Fantom
Caml
Z shell
Tcl
Squirrel-script
IDL
Gosu
Fortran
X10
AngularJS
REXX
BizTalk
ColdFusion
PostScript
TACL","GCC
Ada
ALGOL
LabVIEW
Euphoria
PL/I
MSVC++
HyperTalk
Dylan
X10
Hack
bash
Object Pascal
KnockoutJS
ColdFusion
Io
Squirrel-script
Gosu
Turing
Emacs Lisp
BizTalk
Fortran
OpenCV
cT
AppleScript
Fantom
COMAL
Kotlin
Web Design
OCaml
Seed7
Caml
Curl
occam
IDL
INTERCAL
Lua
STL
AWK
AngularJS
Visual Basic .NET
AspectJ
REXX
Visual Basic
BCPL
Rebol
PostScript
DIBOL
Korn-shell
Ceylon
TACL
C shell
Subversion
PowerShell
ActionScript
Z shell
Tcl","The techniques and principles of software development, such as analysis, algorithms, coding, testing and compiling of programming paradigms (e.g. object oriented programming, functional programming) and of programming languages.",,knowledge,cross-sector,released,2025-02-27T12:45:08.961Z,ESCO,1.2.1,IT,http://data.europa.eu/esco/occupation/106f79e4-6264-45f1-9e7a-297435cd684b|http://data.europa.eu/esco/occupation/349ee6f6-c295-4c38-9b98-48765b55280e|http://data.europa.eu/esco/occupation/57af9090-55b4-4911-b2d0-86db01c00b02|http://data.europa.eu/esco/occupation/c40a2919-48a9-40ea-b506-1f34f693496d,software tester|cloud engineer|embedded systems software developer|web developer,optional|essential|essential|essential,PENDING,
http://data.europa.eu/esco/skill/21fecc8a-392e-49ce-ac26-fb0696ccfead,create project specifications,"determine project specifications
produce detailed specifications for projects",,"Define the workplan, duration, deliverables, resources and procedures a project has to follow to achieve its goals. Describe project goals, outcomes, results and implementation scenarios.",,skill/competence,cross-sector,released,2025-06-25T12:15:04.406Z,ESCO,1.2.1,BUSINESS,http://data.europa.eu/esco/occupation/bea99fea-0383-4c63-b944-70d4799de2c5,project manager,essential,PENDING,
http://data.europa.eu/esco/skill/2239694b-771a-4586-8b54-2794e361a9ae,maintain relationship with customers,"maintain a relationship with customers
sustain relationship with customers
manage relationship with customers
control relationship with customers
preserve relationship with customers
maintain relationships with customers
maintain a relationship with a customer",,"Build a lasting and meaningful relationship with customers in order to ensure satisfaction and fidelity by providing accurate and friendly advice and support, by delivering quality products and services and by supplying after-sales information and service.",,skill/competence,sector-specific,released,2024-02-09T17:29:16.725Z,ESCO,1.2.1,HR,http://data.europa.eu/esco/occupation/068370e0-9c27-4814-87d0-44fbb3140815,recruitment consultant,essential,PENDING,
http://data.europa.eu/esco/skill/2245cba7-fa4f-47b8-a0cb-3a6b60d703ee,give advice on personal matters,"giving advice on personal matters
give advice on personal matter
offer suggestions on personal matters
make recommendations on personal matters",,"Advise people on love and marriage issues, business and job opportunities, health or other personal aspects.",,skill/competence,sector-specific,released,2024-02-09T17:29:14.494Z,ESCO,1.2.1,HR,http://data.europa.eu/esco/occupation/068370e0-9c27-4814-87d0-44fbb3140815|http://data.europa.eu/esco/occupation/d3e32e5e-7f24-48e3-b939-e4f800eb62fb,recruitment consultant|human resources officer,optional|optional,PENDING,
http://data.europa.eu/esco/skill/22902bf9-cc3f-495b-811a-c441e28e23f6,manage project information,"give accurate project information
provide accurate project information",,Provide accurate and relevant information to all the parties involved in a project on time.,,skill/competence,sector-specific,released,2025-06-25T12:15:04.406Z,ESCO,1.2.1,BUSINESS,http://data.europa.eu/esco/occupation/bea99fea-0383-4c63-b944-70d4799de2c5,project manager,essential,PENDING,
http://data.europa.eu/esco/skill/22a173f5-868c-4d82-87e6-beed500ce070,prepare tax returns forms,"make tax returns forms ready
prepare forms for tax returns
complete tax returns forms
prepare tax return forms
preparing tax returns forms
get tax returns forms ready
prepare tax returns form",,Totalise all the deductible tax collected during the quarter or fiscal year in order to fill tax return forms and claim it back to the governmental authorities for declaring taxation liability. Keep the documents and records supporting the transaction.,,skill/competence,cross-sector,released,2024-02-09T17:29:12.952Z,ESCO,1.2.1,BUSINESS,http://data.europa.eu/esco/occupation/04f39bfa-bc03-4480-98bc-b18ce4fe4b4b,accounting manager,optional,PENDING,
http://data.europa.eu/esco/skill/22c3b4ff-e2e0-4b40-8f3d-17788c0df295,assist in developing marketing campaigns,"assist in the practical actions for developing marketing campaign
assist in the practical actions for marketing campaigns development
help in the practical actions for developing marketing campaigns
assisting in the practical actions for developing marketing campaigns
aid in the practical actions for developing marketing campaigns
assist in the practical actions for developing marketing campaigns",,"Provide assistance and support in all the efforts and actions required to implement a marketing campaign such as contacting advertisers, preparing briefings, setting up meetings, and shopping around for suppliers.",,skill/competence,cross-sector,released,2020-06-17T15:28:05.295Z,ESCO,1.2.1,BUSINESS,http://data.europa.eu/esco/occupation/6fcf4638-e7c7-4978-9302-9a7b63a3d57c,marketing manager,optional,PENDING,
http://data.europa.eu/esco/skill/2313b15d-a9a7-4830-9bcc-fd7df79d842b,enforce financial policies,"enforce finance policies
enforcing financial policies
implement financial policies
impose financial policies
enforce financial policy",,"Read, understand, and enforce the abidance of the financial policies of the company in regards with all the fiscal and accounting proceedings of the organisation.",,skill/competence,cross-sector,released,2024-02-09T17:29:13.7Z,ESCO,1.2.1,BUSINESS,http://data.europa.eu/esco/occupation/04f39bfa-bc03-4480-98bc-b18ce4fe4b4b,accounting manager,essential,PENDING,
http://data.europa.eu/esco/skill/234aeb8d-56c3-4531-9193-1c5e6a8d16cb,use presentation software,"Kingsoft Office Presentation
Corel Presentations
using presentation software
Slide Bureau
make use of presentation software
CustomShow
SnagIt
Adobe Persuation
Preseria
Haiku Deck
Google Slides
Adobe Ovation
LibreOffice Impress
Evernote Presentations
Prezi
ClearSlide
Emaze
SlideShare
VisualBee
MediaShout
SlideDog
able to use presentation software
Slideshark
produce electronic presentations
utilise presentation software
Microsoft Office PowerPoint
apply presentation software
use presentation program
Articulate Presenter
Powtoon
GoAnimate
KnowledgeVision
Kineticast
use slide show software","Kingsoft Office Presentation
Corel Presentations
SnagIt
Slide Bureau
Haiku Deck
Prezi
ClearSlide
Emaze
VisualBee
MediaShout
Adobe Ovation
Google Slides
Slideshark
SlideDog
Evernote Presentations
Adobe Persuation
LibreOffice Impress
Preseria
CustomShow
SlideShare
Articulate Presenter
Microsoft Office PowerPoint
GoAnimate
KnowledgeVision
Kineticast
Powtoon","Use software tools to create digital presentations which combine various elements, such as graphs, images, text and other multimedia.",,skill/competence,cross-sector,released,2024-02-09T17:29:15.968Z,ESCO,1.2.1,IT,http://data.europa.eu/esco/occupation/c40a2919-48a9-40ea-b506-1f34f693496d,web developer,optional,PENDING,
http://data.europa.eu/esco/skill/237db40b-4600-47c0-837f-4a2c4f3014ab,project management principles,"principles of project management
principles of project control
scope of project control principles
range of project management principles
range of project control principles
content of project management principles
scope of project management principles
content of project control principles",,Different elements and phases of project management.,,knowledge,cross-sector,released,2024-02-09T17:29:13.7Z,ESCO,1.2.1,BUSINESS,http://data.europa.eu/esco/occupation/bea99fea-0383-4c63-b944-70d4799de2c5,project manager,essential,PENDING,
http://data.europa.eu/esco/skill/2450c3b3-e78e-435b-b84d-e05d984e71dc,software architecture models,"software architecture patterns
software architecture frameworks",,"The set of structures and models needed to understand or describe the software system, including the software elements, the relations between them and the properties of both elements and relations.",,knowledge,sector-specific,released,2025-06-25T08:20:05.218Z,ESCO,1.2.1,IT,http://data.europa.eu/esco/occupation/106f79e4-6264-45f1-9e7a-297435cd684b,software tester,essential,PENDING,
http://data.europa.eu/esco/skill/248894d1-42dc-474f-af6e-2da52ac0c679,define technology strategy,develop technological improvement strategies,,"Create an overall plan of objectives, practices, principles and tactics related to the use of technologies within an organisation and describe the means to reach the objectives, taking into account analyses and relevant regulations.",,skill/competence,sector-specific,released,2025-02-27T12:45:08.961Z,ESCO,1.2.1,IT,http://data.europa.eu/esco/occupation/7754d570-9519-48c2-b1c9-8e165f8bca0f,cybersecurity risk manager,optional,PENDING,
http://data.europa.eu/esco/skill/24e67151-ff7e-43e2-99c0-424a758278a4,liaise with auditors,"work together with auditors
liaising with auditors
cooperate with auditors
liaise with auditor
collaborate with auditors",,Participate in discussions with the auditors conducting inspections of the organisation's accounts and inform the managers about the results and conclusions.,,skill/competence,cross-sector,released,2024-02-09T17:29:13.7Z,ESCO,1.2.1,BUSINESS,http://data.europa.eu/esco/occupation/04f39bfa-bc03-4480-98bc-b18ce4fe4b4b,accounting manager,optional,PENDING,
http://data.europa.eu/esco/skill/2522a6ce-3202-4ac8-9f5b-b9cb5a3a83a1,debug software,"analyse testing results for incorrect software output
locate defects causing unexpected software output
repair computer code for software
fix computer code for software",,"Repair computer code by analysing testing results, locating the defects causing the software to output an incorrect or unexpected result and remove these faults.",,skill/competence,sector-specific,released,2025-06-25T12:15:04.406Z,ESCO,1.2.1,IT,http://data.europa.eu/esco/occupation/106f79e4-6264-45f1-9e7a-297435cd684b|http://data.europa.eu/esco/occupation/349ee6f6-c295-4c38-9b98-48765b55280e|http://data.europa.eu/esco/occupation/57af9090-55b4-4911-b2d0-86db01c00b02|http://data.europa.eu/esco/occupation/c40a2919-48a9-40ea-b506-1f34f693496d,software tester|cloud engineer|embedded systems software developer|web developer,optional|essential|essential|essential,PENDING,
http://data.europa.eu/esco/skill/25b291b5-8245-4d9d-b391-86a8a31d7109,use concurrent programming,"parallel computing
use parallel computing",,"Utilise specialised ICT tools to create programs that can execute concurrent operations by splitting programs into parallel processes and, once computed, combining the outcomes together.",,skill/competence,sector-specific,released,2024-02-09T17:29:14.494Z,ESCO,1.2.1,IT,http://data.europa.eu/esco/occupation/57af9090-55b4-4911-b2d0-86db01c00b02|http://data.europa.eu/esco/occupation/c40a2919-48a9-40ea-b506-1f34f693496d,embedded systems software developer|web developer,optional|optional,PENDING,
http://data.europa.eu/esco/skill/25f0ea33-b4a2-4f31-b7b4-7d20e827b180,data mining,data scraping,,"The methods of artificial intelligence, machine learning, statistics and databases used to extract content from a dataset.",,knowledge,sector-specific,released,2025-06-25T08:20:05.218Z,ESCO,1.2.1,IT,http://data.europa.eu/esco/occupation/258e46f9-0075-4a2e-adae-1ff0477e0f30|http://data.europa.eu/esco/occupation/d3edb8f8-3a06-47a0-8fb9-9b212c006aa2,data scientist|data analyst,essential|essential,PENDING,
http://data.europa.eu/esco/skill/26fa7a33-a426-4cd5-9792-33bf668612e1,LESS,LESS language,,"The computer language LESS is a style sheet language that conveys the presentation of structured documents. These documents have to adhere to style sheets, a set of stylistic rules such as font, color and layout.",,knowledge,sector-specific,released,2025-06-25T08:20:05.218Z,ESCO,1.2.1,IT,http://data.europa.eu/esco/occupation/c40a2919-48a9-40ea-b506-1f34f693496d,web developer,optional,PENDING,
http://data.europa.eu/esco/skill/279a4b1d-21df-4d78-9f4d-324c73fd7536,manage human resources,"manage hr
managing human resources
supervise human resources
oversee human resources
direct human resources",,"Conduct employee recruitment, helping employees to develop their personal and organisational skills, knowledge, and competencies as well as providing feedback and performance appraisals. It includes motivating employees, by implementing rewarding systems (managing pay and benefit systems) in order to maximise employee performance with regard to employer's strategic objectives.",,skill/competence,cross-sector,released,2024-02-09T17:29:10.678Z,ESCO,1.2.1,HR,http://data.europa.eu/esco/occupation/f605bcd2-90b6-45a0-a558-d05016d68a77,human resources manager,essential,PENDING,
http://data.europa.eu/esco/skill/27ed854c-15b8-4ba2-90e9-ae888a219703,perform business analysis,"undertake business analysis
performing business analysis
perform analysis of a business
perform a business analysis
implement business analysis
complete business analysis",,"Evaluate the condition of a business on its own and in relation to the competitive business domain, performing research, placing data in context of the business' needs and determining areas of opportunity.",,skill/competence,cross-sector,released,2024-02-09T17:29:15.235Z,ESCO,1.2.1,BUSINESS,http://data.europa.eu/esco/occupation/57b459d4-655c-4053-b189-3c249ce33faf|http://data.europa.eu/esco/occupation/60082a99-d8ef-4e84-9290-78902681b6ed,ICT business development manager|business analyst,essential|essential,PENDING,
http://data.europa.eu/esco/skill/2857540c-180b-4208-9127-e94a01871966,align software with system architectures,"integrate software into system frameworks
harmonise software with system architectures
coordinate software with architectural structures",,Put system design and technical specifications in line with software architecture in order to ensure the integration and interoperability between components of the system.,,skill/competence,sector-specific,released,2025-06-25T12:15:04.406Z,ESCO,1.2.1,IT,http://data.europa.eu/esco/occupation/349ee6f6-c295-4c38-9b98-48765b55280e,cloud engineer,essential,PENDING,
http://data.europa.eu/esco/skill/28ad7c97-9fb3-4b1d-846a-654e529ab8ac,sustainable manufacturing,"carbon-neutral manufacturing
sustainable production
sustainable forest products
eco-friendly manufacturing
green manufacturing
resource-efficient manufacturing",,The generation of manufactured products using efficient and sustainable production process that enhances the conservation of natural and energy resources while minimizing negative environmental impacts.,,knowledge,cross-sector,released,2025-04-03T09:25:21.941Z,ESCO,1.2.1,BUSINESS,http://data.europa.eu/esco/occupation/60082a99-d8ef-4e84-9290-78902681b6ed,business analyst,optional,PENDING,
http://data.europa.eu/esco/skill/28c5e844-72a3-49d7-af0e-810b645e947a,promote event,"promote an event
advertise an event
promoting an event
market an event",,"Generate interest in an event by carrying out promotion actions, such as placing ads or distributing flyers.",,skill/competence,sector-specific,released,2024-02-09T17:29:12.952Z,ESCO,1.2.1,BUSINESS,http://data.europa.eu/esco/occupation/6fcf4638-e7c7-4978-9302-9a7b63a3d57c,marketing manager,optional,PENDING,
http://data.europa.eu/esco/skill/29154735-107a-4daa-a050-537f7707f34e,conduct content quality assurance,"implement content quality control
perform quantent quality assessment",,"Carry out validation of content by reviewing it according to formal and functional quality, usability and applicable standards.",,skill/competence,cross-sector,released,2025-06-25T08:45:06.159Z,ESCO,1.2.1,IT,http://data.europa.eu/esco/occupation/c40a2919-48a9-40ea-b506-1f34f693496d,web developer,optional,PENDING,
http://data.europa.eu/esco/skill/292549e6-08ec-456c-b008-eba7a0a68428,analyse market financial trends,"investigate milled grains
test milled grains
scrutinise milled grains
search milled grains
analysing market financial trends
analysis of a market financial trend
analyse a market financial trend
analyze market financial trends",,Monitor and forecast the tendencies of a financial market to move in a particular direction over time.,,skill/competence,cross-sector,released,2016-12-20T20:48:46Z,ESCO,1.2.1,BUSINESS,http://data.europa.eu/esco/occupation/04f39bfa-bc03-4480-98bc-b18ce4fe4b4b,accounting manager,essential,PENDING,
http://data.europa.eu/esco/skill/2962214b-cc38-4d20-aa8b-aa120091d743,prepare exhibition marketing plan,"plan exhibition marketing plan
exhibition marketing plan preparation
arrange exhibition marketing plan
prepare an exhibition marketing plan
develop exhibition marketing plan
provide exhibition marketing plan
preparing an exhibition marketing plan",,"Develop marketing plan for upcoming exhibition; design and distribute posters, flyers and catalogues; communicate ideas with photographers, graphic designers and printers; prepare articles for online and printed media; keep website and social media up-to-date.",,skill/competence,cross-sector,released,2024-02-09T17:29:12.952Z,ESCO,1.2.1,BUSINESS,http://data.europa.eu/esco/occupation/6fcf4638-e7c7-4978-9302-9a7b63a3d57c,marketing manager,optional,PENDING,
http://data.europa.eu/esco/skill/2a2fa8e8-aaf3-4abf-a60b-af6415f1c6d4,strive for company growth,"strive growth of the company
crusade for company growth
work hard for company growth
striving for company growth",,"Develop strategies and plans aiming at achieving a sustained company growth, be the company self-owned or somebody else's. Strive with actions to increase revenues and positive cash flows.",,skill/competence,cross-sector,released,2024-02-09T17:29:11.47Z,ESCO,1.2.1,BUSINESS,http://data.europa.eu/esco/occupation/04f39bfa-bc03-4480-98bc-b18ce4fe4b4b|http://data.europa.eu/esco/occupation/bea99fea-0383-4c63-b944-70d4799de2c5,accounting manager|project manager,essential|optional,PENDING,
http://data.europa.eu/esco/skill/2a3a96a3-709e-4d60-81f6-d247d6933f13,manage system security,manage information security,,Analyse the critical assets of a company and identify weaknesses and vulnerabilities that lead to intrusion or attack. Apply security detection techniques. Understand cyber attack techniques and implement effective countermeasures.,,skill/competence,sector-specific,released,2024-02-09T17:29:13.7Z,ESCO,1.2.1,IT,http://data.europa.eu/esco/occupation/7754d570-9519-48c2-b1c9-8e165f8bca0f,cybersecurity risk manager,essential,PENDING,
http://data.europa.eu/esco/skill/2ada2f9d-77f7-4ba0-9096-89ae285a65c5,monitor financial accounts,"analyse financial accounts
monitor finance accounts
analyse financial records",,"Handle financial administration of your department, keep the costs down to only necessary expenses and maximise the revenues of your organisation.",,skill/competence,cross-sector,released,2024-02-09T17:29:12.215Z,ESCO,1.2.1,BUSINESS,http://data.europa.eu/esco/occupation/04f39bfa-bc03-4480-98bc-b18ce4fe4b4b,accounting manager,essential,PENDING,
http://data.europa.eu/esco/skill/2ae4ae1a-367e-47e0-a0cc-6777be3e58d0,organise staff assessment,"organize staff assessment
arrange staff assessment
organise assessments of staff
organise staff assessments
organising staff assessment
plan staff assessment",,Organising the overall assessment process of the staff.,,skill/competence,cross-sector,released,2016-12-20T18:01:55Z,ESCO,1.2.1,HR,http://data.europa.eu/esco/occupation/d3e32e5e-7f24-48e3-b939-e4f800eb62fb|http://data.europa.eu/esco/occupation/f605bcd2-90b6-45a0-a558-d05016d68a77,human resources officer|human resources manager,optional|essential,PENDING,
http://data.europa.eu/esco/skill/2b1e2927-3542-48da-9063-02925e7562c1,disseminate results to the scientific community,"disseminate scientific results
disclose scientific results
disclose findings of scientific research
disseminate findings of scientific research
disseminate results of scientific research",,"Publicly disclose scientific results by any appropriate means, including conferences, workshops, colloquia and scientific publications.",,skill/competence,cross-sector,released,2024-02-23T16:43:58.272Z,ESCO,1.2.1,IT,http://data.europa.eu/esco/occupation/258e46f9-0075-4a2e-adae-1ff0477e0f30,data scientist,essential,PENDING,
http://data.europa.eu/esco/skill/2b34764d-637c-48f5-aa70-31e15c965db6,operate open source software,"know open-source software licensing schemes
know open-source software coding practices
know open-source licensing schemes
know open-source coding practices
manage open-source software",,"Operate Open Source software, knowing the main Open Source models, licensing schemes, and the coding practices commonly adopted in the production of Open Source software.",,skill/competence,sector-specific,released,2024-02-23T16:25:28.327Z,ESCO,1.2.1,IT,http://data.europa.eu/esco/occupation/258e46f9-0075-4a2e-adae-1ff0477e0f30,data scientist,essential,PENDING,
http://data.europa.eu/esco/skill/2b7a79e5-84d8-4880-be66-3d9bb05bea17,use software design patterns,"use programming design patterns
utilise software design patterns",,"Utilise reusable solutions, formalised best practices, to solve common ICT development tasks in software development and design.",,skill/competence,sector-specific,released,2024-02-09T17:29:12.215Z,ESCO,1.2.1,IT,http://data.europa.eu/esco/occupation/57af9090-55b4-4911-b2d0-86db01c00b02|http://data.europa.eu/esco/occupation/c40a2919-48a9-40ea-b506-1f34f693496d,embedded systems software developer|web developer,essential|essential,PENDING,
http://data.europa.eu/esco/skill/2b92a5b2-6758-4ee3-9fb4-b6387a55cc8f,perform data analysis,"analyse data performance
perform analysis of data
implement data analysis
performing data analysis
undertake data analysis
complete data analysis",,"Collect data and statistics to test and evaluate in order to generate assertions and pattern predictions, with the aim of discovering useful information in a decision-making process.",,skill/competence,cross-sector,released,2024-02-09T17:29:12.215Z,ESCO,1.2.1,IT,http://data.europa.eu/esco/occupation/349ee6f6-c295-4c38-9b98-48765b55280e,cloud engineer,optional,PENDING,
http://data.europa.eu/esco/skill/2bde42ae-e776-41c1-9ded-b07b30bfe985,Prolog (computer programming),Prolog,,"The techniques and principles of software development, such as analysis, algorithms, coding, testing and compiling of programming paradigms in Prolog.",,knowledge,sector-specific,released,2022-07-05T14:34:21.232Z,ESCO,1.2.1,IT,http://data.europa.eu/esco/occupation/106f79e4-6264-45f1-9e7a-297435cd684b|http://data.europa.eu/esco/occupation/57af9090-55b4-4911-b2d0-86db01c00b02|http://data.europa.eu/esco/occupation/c40a2919-48a9-40ea-b506-1f34f693496d,software tester|embedded systems software developer|web developer,optional|optional|optional,PENDING,
http://data.europa.eu/esco/skill/2be699a7-416a-4f32-967c-4edc65027b71,government policy implementation,"state policy production
state policy introduction
government policy execution
government policy direction
state policy direction
government policy production
government policy introduction
state policy execution",,The procedures related to the application of government policies at all levels of public administration.,,knowledge,cross-sector,released,2024-02-09T17:29:15.968Z,ESCO,1.2.1,HR,http://data.europa.eu/esco/occupation/f605bcd2-90b6-45a0-a558-d05016d68a77,human resources manager,optional,PENDING,
http://data.europa.eu/esco/skill/2c28fc20-8a60-4311-8899-5ef8729c05b3,design process,"design-to-cost process
process design",,"Identify the workflow and resource requirements for a particular process, using a variety of tools such as process simulation software, flowcharting and scale models.",,skill/competence,cross-sector,released,2025-04-11T13:05:59.459Z,ESCO,1.2.1,BUSINESS,http://data.europa.eu/esco/occupation/fe0fa514-b48d-4a53-9757-a283c0baacf0,ICT business analyst,optional,PENDING,
http://data.europa.eu/esco/skill/2c4e11ef-da18-4e19-816b-e6bc19e12424,use logic programming,"utilise ICT tools for logic programming
use Datalog for logic programming
employ Answer Set Programming
employ ICT tools for logic programming
use Prolog for logic programming",,"Utilise specialised ICT tools to create computer code composed of series of sentences in logical form, expressing rules and facts about some problem domain. Use programming languages which support this method such as Prolog, Answer Set Programming and Datalog.",,skill/competence,sector-specific,released,2025-06-25T12:15:04.406Z,ESCO,1.2.1,IT,http://data.europa.eu/esco/occupation/57af9090-55b4-4911-b2d0-86db01c00b02|http://data.europa.eu/esco/occupation/c40a2919-48a9-40ea-b506-1f34f693496d,embedded systems software developer|web developer,optional|optional,PENDING,
http://data.europa.eu/esco/skill/2d008d5a-b7bd-46f7-bbb1-5d70a0af9c84,control financial resources,"perform company financial management activities
manage finances
conduct financial management activities
manage financial resources
monitor and control financial resources
supervise company budgets
monitor and manage financial resources
oversee company budgets
manage and control company budgets
monitor financial resources
control finances",,Monitor and control budgets and financial resources providing capable stewardship in company management.,,skill/competence,cross-sector,released,2024-02-09T17:29:15.235Z,ESCO,1.2.1,HR,http://data.europa.eu/esco/occupation/1fce1be0-bf52-449b-9a2b-3f2cc710290a,compensation analyst,optional,PENDING,
http://data.europa.eu/esco/skill/2d6d4784-0992-48e7-b100-22d7229b3f0a,translate requirements into visual design,"develop visual design from given specifications
develop visual design concepts based on target audience
develop visual design based on target audience
translate requirement concepts into visual design
develop visual design concepts from given specifications",,"Develop visual design from given specifications and requirements, based on the analysis of the scope and target audience. Create a visual representation of ideas such as logos, website graphics, digital games and layouts.",,skill/competence,cross-sector,released,2024-02-23T17:03:29.16Z,ESCO,1.2.1,"IT,BUSINESS",http://data.europa.eu/esco/occupation/c40a2919-48a9-40ea-b506-1f34f693496d|http://data.europa.eu/esco/occupation/fe0fa514-b48d-4a53-9757-a283c0baacf0,web developer|ICT business analyst,essential|essential,PENDING,
http://data.europa.eu/esco/skill/2daec0e6-f0c1-43e8-8178-aedba99130ec,establish data processes,"develop data processes
implement data processes",,"Use ICT tools to apply mathematical, algorithmic or other data manipulation processes in order to create information.",,skill/competence,sector-specific,released,2024-02-09T17:29:16.725Z,ESCO,1.2.1,IT,http://data.europa.eu/esco/occupation/2079755f-d809-49e6-8037-4de6180e54c0|http://data.europa.eu/esco/occupation/258e46f9-0075-4a2e-adae-1ff0477e0f30|http://data.europa.eu/esco/occupation/d3edb8f8-3a06-47a0-8fb9-9b212c006aa2,data engineer|data scientist|data analyst,essential|essential|essential,PENDING,
http://data.europa.eu/esco/skill/2dd6ecdf-8a08-438b-8b4b-e0374f7b523b,carry out sales analysis,"carrying out sales analysis
carry out a sales analysis
oversee sales analysis
undertake sales analysis
complete sales analysis
make sales analysis
carrying out a sales analysis",,Examine sales reports to see what goods and services have and have not sold well.,,skill/competence,sector-specific,released,2024-02-09T17:29:10.678Z,ESCO,1.2.1,BUSINESS,http://data.europa.eu/esco/occupation/6fcf4638-e7c7-4978-9302-9a7b63a3d57c,marketing manager,optional,PENDING,
http://data.europa.eu/esco/skill/2ddb1226-1117-4eb4-ae65-3a2f5a5a3c80,ICT network security risks,"ICT network security threats
information systems security risks",,"The security risk factors, such as hardware and software components, devices, interfaces and policies in ICT networks, risk assessment techniques that can be applied to assess the severity and the consequences of security threats and contingency plans for each security risk factor.",,knowledge,sector-specific,released,2025-06-25T08:20:05.218Z,ESCO,1.2.1,IT,http://data.europa.eu/esco/occupation/7754d570-9519-48c2-b1c9-8e165f8bca0f,cybersecurity risk manager,essential,PENDING,
http://data.europa.eu/esco/skill/2de4572a-4724-4f76-afc2-72a568a264ac,speak different languages,"speak foreign languages
communicate in multiple languages
speak a different language",,Master foreign languages to be able to communicate in one or more foreign languages.,,skill/competence,cross-sector,released,2024-02-09T17:29:12.952Z,ESCO,1.2.1,IT,http://data.europa.eu/esco/occupation/258e46f9-0075-4a2e-adae-1ff0477e0f30,data scientist,essential,PENDING,
http://data.europa.eu/esco/skill/2ecf90f1-c511-464b-b26f-598d69182c70,calculate tax,"add up government revenue
tally tax
reckon tax
count tax
add up tax
calculate government revenue
measure tax
count government revenue
measure government revenue",,"Calculate the taxes which have to be paid by an individual or organisation, or paid back by a governmental institution, compliant with specific legislation.",,skill/competence,cross-sector,released,2024-02-09T17:29:11.47Z,ESCO,1.2.1,BUSINESS,http://data.europa.eu/esco/occupation/04f39bfa-bc03-4480-98bc-b18ce4fe4b4b,accounting manager,optional,PENDING,
http://data.europa.eu/esco/skill/2fb8480e-de3c-462b-b169-e8bbb344da68,innovation processes,process of innovation,,"The techniques, models, methods and strategies which contribute to the promotion of steps towards innovation.",,knowledge,sector-specific,released,2025-06-25T08:20:05.218Z,ESCO,1.2.1,BUSINESS,http://data.europa.eu/esco/occupation/57b459d4-655c-4053-b189-3c249ce33faf|http://data.europa.eu/esco/occupation/fe0fa514-b48d-4a53-9757-a283c0baacf0,ICT business development manager|ICT business analyst,essential|optional,PENDING,
http://data.europa.eu/esco/skill/2ff405ec-f59c-4a7b-84b6-9776a49582c4,bookkeeping regulations,"accounting controls
accounting governance
accounting supervision
accounting arrangements
book keeping supervision
book keeping governance
book keeping arrangements
book keeping controls",,The methods and regulations involved in the process of accurate bookkeeping.,,knowledge,cross-sector,released,2024-02-09T17:29:12.952Z,ESCO,1.2.1,BUSINESS,http://data.europa.eu/esco/occupation/04f39bfa-bc03-4480-98bc-b18ce4fe4b4b,accounting manager,optional,PENDING,
http://data.europa.eu/esco/skill/300d432b-f457-4cd3-9cb1-1858c7d14954,OpenEdge Advanced Business Language,OpenEdge Advanced Business Language techniques,,"The techniques and principles of software development, such as analysis, algorithms, coding, testing and compiling of programming paradigms in OpenEdge Advanced Business Language.",,knowledge,sector-specific,released,2025-06-25T08:20:05.218Z,ESCO,1.2.1,IT,http://data.europa.eu/esco/occupation/106f79e4-6264-45f1-9e7a-297435cd684b|http://data.europa.eu/esco/occupation/57af9090-55b4-4911-b2d0-86db01c00b02|http://data.europa.eu/esco/occupation/c40a2919-48a9-40ea-b506-1f34f693496d,software tester|embedded systems software developer|web developer,optional|optional|optional,PENDING,
http://data.europa.eu/esco/skill/301bcf97-4444-461d-82a5-78f3830f9185,identify talent,"identifying talent
identify talented people
earmark people with talent
identify talents",,Identify talents and involve them in a particular sport.,,skill/competence,sector-specific,released,2024-02-09T17:29:15.968Z,ESCO,1.2.1,HR,http://data.europa.eu/esco/occupation/a6e8a6bf-9209-4d19-a131-a8b6431e0f75,talent acquisition manager,optional,PENDING,
http://data.europa.eu/esco/skill/31c69100-b612-4a61-8db5-fd314318854c,execute analytical mathematical calculations,apply analytical mathematical methods,,Apply mathematical methods and make use of calculation technologies in order to perform analyses and devise solutions to specific problems.,,skill/competence,cross-sector,released,2025-06-25T12:15:04.406Z,ESCO,1.2.1,"IT,BUSINESS",http://data.europa.eu/esco/occupation/258e46f9-0075-4a2e-adae-1ff0477e0f30|http://data.europa.eu/esco/occupation/d3edb8f8-3a06-47a0-8fb9-9b212c006aa2|http://data.europa.eu/esco/occupation/fe0fa514-b48d-4a53-9757-a283c0baacf0,data scientist|data analyst|ICT business analyst,essential|essential|optional,PENDING,
http://data.europa.eu/esco/skill/324f0243-1a21-4f5c-9f71-52eebc2596ed,interview techniques,"interview practices
interviewing techniques
interview procedures
interview methods
interview technique",,The techniques for getting information out of people by asking the right questions in the right way and to make them feel comfortable.,,knowledge,cross-sector,released,2024-02-09T17:29:09.009Z,ESCO,1.2.1,HR,http://data.europa.eu/esco/occupation/a6e8a6bf-9209-4d19-a131-a8b6431e0f75,talent acquisition manager,essential,PENDING,
http://data.europa.eu/esco/skill/327d15c8-29ff-4ad4-a4fe-6536d777a45f,documentation types,"documentation types of product life cycle
internal documentation types of product life cycle
internal documentation types
technical documentation types
external documentation types",,The characteristics of internal and external documentation types aligned with the product life cycle and their specific content types.,,knowledge,sector-specific,released,2025-06-25T08:20:05.218Z,ESCO,1.2.1,IT,http://data.europa.eu/esco/occupation/d3edb8f8-3a06-47a0-8fb9-9b212c006aa2,data analyst,essential,PENDING,
http://data.europa.eu/esco/skill/32db65d3-5ef3-43eb-9bf8-752c9cf0b22e,customise project methodologies,"tailor project methodologies
perform project methodologies customisations
perform tailoring of project methodologies
carry out project methodologies customisations
carry out tailoring of project methodologies",,"Adapt a predefined project management methodology to the specific needs, size and type of a project and tailor the methodology to organisational needs, culture, processes and policies. Adjust specific parts of the methodology to reflect management needs such as process steps, the content of artefacts, the distribution of responsibilities amongst the various roles, the definition of decision thresholds for escalation and the risk tolerance.",,skill/competence,cross-sector,released,2024-02-26T14:38:22.611Z,ESCO,1.2.1,BUSINESS,http://data.europa.eu/esco/occupation/bea99fea-0383-4c63-b944-70d4799de2c5,project manager,essential,PENDING,
http://data.europa.eu/esco/skill/339ac029-066a-4985-9f9d-b3d7c8fea0bb,manage staff,"supervise staff
coordinate and monitor employees
undertake HR processes
supervise personnel
implement HR actions
supervise employees
perform HR
conduct HR activities
manage personnel
manage subordinates
manage team
manage employees
coordinate and monitor subordinates
coordinate and monitor staff",,"Manage employees and subordinates, working in a team or individually, to maximise their performance and contribution. Schedule their work and activities, give instructions, motivate and direct the workers to meet the company objectives. Monitor and measure how an employee undertakes their responsibilities and how well these activities are executed. Identify areas for improvement and make suggestions to achieve this. Lead a group of people to help them achieve goals and maintain an effective working relationship among staff.",,skill/competence,cross-sector,released,2025-08-01T12:53:44.051Z,ESCO,1.2.1,"BUSINESS,HR",http://data.europa.eu/esco/occupation/04f39bfa-bc03-4480-98bc-b18ce4fe4b4b|http://data.europa.eu/esco/occupation/1fce1be0-bf52-449b-9a2b-3f2cc710290a|http://data.europa.eu/esco/occupation/6fcf4638-e7c7-4978-9302-9a7b63a3d57c|http://data.europa.eu/esco/occupation/bea99fea-0383-4c63-b944-70d4799de2c5,accounting manager|compensation analyst|marketing manager|project manager,optional|optional|optional|essential,PENDING,
http://data.europa.eu/esco/skill/33e584f9-ff7a-4979-bfc0-5a3a374a145a,social network analysis,social network analysis methods,,The research method that is mainly explored in sociology and communication science and focuses on the analysis of the relations between individuals and among organisations and states.,,knowledge,cross-sector,released,2023-11-03T09:56:01.053Z,ESCO,1.2.1,IT,http://data.europa.eu/esco/occupation/258e46f9-0075-4a2e-adae-1ff0477e0f30|http://data.europa.eu/esco/occupation/d3edb8f8-3a06-47a0-8fb9-9b212c006aa2,data scientist|data analyst,optional|optional,PENDING,
http://data.europa.eu/esco/skill/341c4478-c976-4ff0-a102-cfd92174d873,business law,"business norms
the law of business
business laws
business regulation
business legislation",,"The field of law concerned with the trade and commerce activities of businesses and private persons and their legal interactions. This relates to numerous legal disciplines, including tax and employment law.",,knowledge,cross-sector,released,2024-02-09T17:29:15.968Z,ESCO,1.2.1,BUSINESS,http://data.europa.eu/esco/occupation/60082a99-d8ef-4e84-9290-78902681b6ed,business analyst,optional,PENDING,
http://data.europa.eu/esco/skill/348b74cd-49ce-4844-8bdf-ec188b497213,visual presentation techniques,"Infoviz
information visualisation
visualization interface
Infovis
information visualization",Prezi,"The visual representation and interaction techniques, such as histograms, scatter plots, surface plots, tree maps and parallel coordinate plots, that can be used to present abstract numerical and non-numerical data, in order to reinforce the human understanding of this information.",,knowledge,sector-specific,released,2025-02-27T12:45:08.961Z,ESCO,1.2.1,"IT,BUSINESS",http://data.europa.eu/esco/occupation/258e46f9-0075-4a2e-adae-1ff0477e0f30|http://data.europa.eu/esco/occupation/57b459d4-655c-4053-b189-3c249ce33faf|http://data.europa.eu/esco/occupation/d3edb8f8-3a06-47a0-8fb9-9b212c006aa2|http://data.europa.eu/esco/occupation/fe0fa514-b48d-4a53-9757-a283c0baacf0,data scientist|ICT business development manager|data analyst|ICT business analyst,essential|optional|essential|optional,PENDING,
http://data.europa.eu/esco/skill/3579208e-49b3-4ce4-98e7-20e41b1ce8d4,develop information security strategy,"define information security approach
define information security strategy",,"Create company strategy related to the safety and security of information in order to maximise information integrity, availability and data privacy.",,skill/competence,sector-specific,released,2025-06-25T12:15:04.406Z,ESCO,1.2.1,IT,http://data.europa.eu/esco/occupation/7754d570-9519-48c2-b1c9-8e165f8bca0f,cybersecurity risk manager,optional,PENDING,
http://data.europa.eu/esco/skill/36ece87e-32bc-4fb5-8773-2aa5160cb93b,manage pension funds,"manage retirement funds
manage social security funds
manage retirement accounts",,Manage the sums of money which individuals or organisations pay across a timespan of many years which will ensure they acquire many benefits in retirement. Ensure the amounts paid are correct and that detailed records are kept.,,skill/competence,sector-specific,released,2024-02-09T17:29:12.952Z,ESCO,1.2.1,HR,http://data.europa.eu/esco/occupation/f605bcd2-90b6-45a0-a558-d05016d68a77,human resources manager,optional,PENDING,
http://data.europa.eu/esco/skill/37bc4dc0-1233-4008-98db-1116d0c1cfcc,define security policies,"plan and implement security policies
design and implement security policies",,"Design and execute a written set of rules and policies that have the aim of securing an organisation concerning constraints on behaviour between stakeholders, protective mechanical constraints and data-access constraints.",,skill/competence,sector-specific,released,2025-06-25T08:45:06.159Z,ESCO,1.2.1,IT,http://data.europa.eu/esco/occupation/7754d570-9519-48c2-b1c9-8e165f8bca0f,cybersecurity risk manager,optional,PENDING,
http://data.europa.eu/esco/skill/382c11ed-20d5-4ae7-b60e-15fec527fa6c,apply statistical analysis techniques,"apply numerical analysis to data
apply JMP statistical analysis techniques
apply minitab statistical analysis techniques",,"Use models (descriptive or inferential statistics) and techniques (data mining or machine learning) for statistical analysis and ICT tools to analyse data, uncover correlations and forecast trends.",,skill/competence,cross-sector,released,2025-04-11T12:49:54.827Z,ESCO,1.2.1,IT,http://data.europa.eu/esco/occupation/d3edb8f8-3a06-47a0-8fb9-9b212c006aa2,data analyst,essential,PENDING,
http://data.europa.eu/esco/skill/385479b7-5da5-4367-9763-0d15b41bb65b,provide user documentation,develop user documentation,,"Develop and organise the distribution of structured documents to assist people using a particular product or system, such as written or visual information about an application system and how to use it.",,skill/competence,cross-sector,released,2025-06-25T12:15:04.406Z,ESCO,1.2.1,BUSINESS,http://data.europa.eu/esco/occupation/fe0fa514-b48d-4a53-9757-a283c0baacf0,ICT business analyst,optional,PENDING,
http://data.europa.eu/esco/skill/38716afc-a93b-44ab-96cc-2ecf67edcf32,do cloud refactoring,"optimise cloud services
perform cloud refactoring
optimise cloud features
refactor cloud services
do cloud features refactoring",,"Optimise application to best use cloud services and features, migrate existing application code to run on cloud infrastructure.",,skill/competence,sector-specific,released,2024-03-01T08:13:15.154Z,ESCO,1.2.1,IT,http://data.europa.eu/esco/occupation/349ee6f6-c295-4c38-9b98-48765b55280e,cloud engineer,essential,PENDING,
http://data.europa.eu/esco/skill/387ee646-0aaa-4161-ab3b-cde87ec09fdf,public finance,"government income
government revenues
government taxations
public taxations
public income
public money
public revenues
government money",,"The economic influence of the government, and the workings of government revenue and expenditures.",,knowledge,cross-sector,released,2024-02-09T17:29:14.494Z,ESCO,1.2.1,BUSINESS,http://data.europa.eu/esco/occupation/04f39bfa-bc03-4480-98bc-b18ce4fe4b4b,accounting manager,optional,PENDING,
http://data.europa.eu/esco/skill/38a5c459-c591-4f76-a358-37de342bb11d,job market offers,"job opportunities
labour market offers
labour market opportunities
job market offer",,"Job opportunities available on the labour market, depending on the economic field concerned.",,knowledge,cross-sector,released,2024-02-09T17:29:13.7Z,ESCO,1.2.1,HR,http://data.europa.eu/esco/occupation/068370e0-9c27-4814-87d0-44fbb3140815|http://data.europa.eu/esco/occupation/a6e8a6bf-9209-4d19-a131-a8b6431e0f75|http://data.europa.eu/esco/occupation/d3e32e5e-7f24-48e3-b939-e4f800eb62fb,recruitment consultant|talent acquisition manager|human resources officer,essential|essential|essential,PENDING,
http://data.europa.eu/esco/skill/397da142-ab35-48fe-b154-7c38f447adfb,digital systems,digital information systems,,"Systems to store, process and spread information in digital form. They are hardware, software and networks, as well as the ways in which these can be employed.",,knowledge,cross-sector,released,2023-11-29T16:26:49.348Z,ESCO,1.2.1,"IT,BUSINESS",http://data.europa.eu/esco/occupation/106f79e4-6264-45f1-9e7a-297435cd684b|http://data.europa.eu/esco/occupation/57af9090-55b4-4911-b2d0-86db01c00b02|http://data.europa.eu/esco/occupation/fe0fa514-b48d-4a53-9757-a283c0baacf0,software tester|embedded systems software developer|ICT business analyst,optional|essential|essential,PENDING,
http://data.europa.eu/esco/skill/39e43f7c-a95e-4583-be76-bb134ccce1ae,financial department processes,"financial department procedures
finance department processes
financial processes
financial department methods
financial department process",,"The different processes, duties, jargon, role in an organisation, and other specificities of the financial department within an organisation. Understanding of financial statements, investments, disclosing policies, etc.",,knowledge,sector-specific,released,2024-02-07T16:09:54.578Z,ESCO,1.2.1,BUSINESS,http://data.europa.eu/esco/occupation/04f39bfa-bc03-4480-98bc-b18ce4fe4b4b,accounting manager,essential,PENDING,
http://data.europa.eu/esco/skill/39f67488-cfd3-4370-8d7e-da98163102d9,evaluate research activities,"perform scholarly peer review
assess research results
assess research methodology",,"Review proposals, progress, impact and outcomes of peer researchers, including through open peer review.",,skill/competence,cross-sector,released,2020-12-11T12:32:43.311Z,ESCO,1.2.1,IT,http://data.europa.eu/esco/occupation/258e46f9-0075-4a2e-adae-1ff0477e0f30,data scientist,essential,PENDING,
http://data.europa.eu/esco/skill/3a5231a0-8c30-48ee-b671-08e2debd4441,organisational policies,"corporate policies
corporate regulations
organisational standards
organisational guidelines
institutional policies",,The policies to achieve set of goals and targets regarding the development and maintenance of an organisation.,,knowledge,sector-specific,released,2024-03-01T11:19:24.397Z,ESCO,1.2.1,"BUSINESS,HR",http://data.europa.eu/esco/occupation/60082a99-d8ef-4e84-9290-78902681b6ed|http://data.europa.eu/esco/occupation/f605bcd2-90b6-45a0-a558-d05016d68a77,business analyst|human resources manager,optional|optional,PENDING,
http://data.europa.eu/esco/skill/3a876d1c-3dd5-45ed-9a27-47cdbee46ce7,ensure information transparency,"secure information transparency
establish information openness
secure information openness
provide information transparency
assure information openness
establish information transparency
provide information openness
assure information transparency",,"Ensure that required or requested information is provided clearly and completely, in a manner which does not explicitly withhold information, to the public or requesting parties.",,skill/competence,cross-sector,released,2024-02-09T17:29:09.009Z,ESCO,1.2.1,HR,http://data.europa.eu/esco/occupation/f605bcd2-90b6-45a0-a558-d05016d68a77,human resources manager,optional,PENDING,
http://data.europa.eu/esco/skill/3be6b84a-fa78-42b9-a8df-150cdb40b9d7,ICT quality policy,ICT quality control,,"The quality policy of the organisation and its objectives, the acceptable level of quality and the techniques to measure it, its legal aspects and the duties of specific departments to ensure quality.",,knowledge,sector-specific,released,2025-06-25T08:20:05.218Z,ESCO,1.2.1,IT,http://data.europa.eu/esco/occupation/7754d570-9519-48c2-b1c9-8e165f8bca0f,cybersecurity risk manager,optional,PENDING,
http://data.europa.eu/esco/skill/3c03ee71-4a23-448f-b79e-81fd75d27dca,apply change management,"utilise change management
alter management
rework management
apply changing management
change management application
administer change management
revise management
implement change management
change management
employ change management
applying change management",,Manage development within an organisation by anticipating changes and making managerial decisions to ensure that the members involved are as less disturbed as possible.,,skill/competence,cross-sector,released,2025-08-01T12:52:57.837Z,ESCO,1.2.1,BUSINESS,http://data.europa.eu/esco/occupation/60082a99-d8ef-4e84-9290-78902681b6ed|http://data.europa.eu/esco/occupation/bea99fea-0383-4c63-b944-70d4799de2c5|http://data.europa.eu/esco/occupation/fe0fa514-b48d-4a53-9757-a283c0baacf0,business analyst|project manager|ICT business analyst,essential|optional|essential,PENDING,
http://data.europa.eu/esco/skill/3c76296d-4bbd-44ba-8eaa-95bf275f79b7,manage ICT project,lead ICT projects,,"Plan, organize, control and document procedures and resources, such as human capital, equipment and mastery, in order to achieve specific goals and objectives related to ICT systems, services or products, within specific constraints, such as scope, time, quality and budget.",,skill/competence,sector-specific,released,2025-06-25T12:15:04.406Z,ESCO,1.2.1,BUSINESS,http://data.europa.eu/esco/occupation/fe0fa514-b48d-4a53-9757-a283c0baacf0,ICT business analyst,optional,PENDING,
http://data.europa.eu/esco/skill/3cd35f5d-ce6d-4f14-9a09-53d7a28d834c,maintain relationship with suppliers,"maintaining relationship with suppliers
control relationship with suppliers
manage relationship with suppliers
sustain relationship with suppliers
maintain a relationship with suppliers
maintain relationship with a supplier
preserve relationship with suppliers",,"Build a lasting and meaningful relationship with suppliers and service providers in order to establish a positive, profitable and enduring collaboration, co-operation and contract negotiation.",,skill/competence,sector-specific,released,2024-02-09T17:29:15.235Z,ESCO,1.2.1,BUSINESS,http://data.europa.eu/esco/occupation/6fcf4638-e7c7-4978-9302-9a7b63a3d57c|http://data.europa.eu/esco/occupation/bea99fea-0383-4c63-b944-70d4799de2c5,marketing manager|project manager,optional|optional,PENDING,
http://data.europa.eu/esco/skill/3cd569a2-4f88-4c1e-9995-8dce8c5e51a7,JavaScript,"Client-side JavaScript
Live Script
Escript
CSJS
Mocha
Server-side JavaScript","JavaScript 1.7
Live-Script
Javascript
JavaScript 1.6
Live-script
Java script
JavaScript","The techniques and principles of software development, such as analysis, algorithms, coding, testing and compiling of programming paradigms in JavaScript.",,knowledge,sector-specific,released,2023-06-08T15:54:59.877Z,ESCO,1.2.1,IT,http://data.europa.eu/esco/occupation/106f79e4-6264-45f1-9e7a-297435cd684b|http://data.europa.eu/esco/occupation/57af9090-55b4-4911-b2d0-86db01c00b02|http://data.europa.eu/esco/occupation/c40a2919-48a9-40ea-b506-1f34f693496d,software tester|embedded systems software developer|web developer,optional|optional|optional,PENDING,
http://data.europa.eu/esco/skill/3ce1fe19-7f9e-4070-941d-651673a5693b,decision support systems,"decision-making tools
decision support matrix
decision support software",,The ICT systems that can be used to support business or organisational decision making.,,knowledge,sector-specific,released,2024-02-09T17:29:12.215Z,ESCO,1.2.1,"IT,BUSINESS",http://data.europa.eu/esco/occupation/57b459d4-655c-4053-b189-3c249ce33faf|http://data.europa.eu/esco/occupation/7754d570-9519-48c2-b1c9-8e165f8bca0f|http://data.europa.eu/esco/occupation/fe0fa514-b48d-4a53-9757-a283c0baacf0,ICT business development manager|cybersecurity risk manager|ICT business analyst,essential|optional|optional,PENDING,
http://data.europa.eu/esco/skill/3d3ee5c3-4286-457f-9f76-1704011f7e11,comply with legal regulations,"legal regulation compliance
comply with legal rules
comply with legal legislation
comply with legal laws
comply with legal statutes
comply with a legal regulation
complying with legal regulations",,"Ensure you are properly informed of the legal regulations that govern a specific activity and adhere to its rules, policies and laws.",,skill/competence,cross-sector,released,2024-02-09T17:29:11.47Z,ESCO,1.2.1,HR,http://data.europa.eu/esco/occupation/f605bcd2-90b6-45a0-a558-d05016d68a77,human resources manager,essential,PENDING,
http://data.europa.eu/esco/skill/3d96dc4c-d812-4015-b1f9-8307c086c595,evaluate marketing content,"inspect marketing content
assess marketing content
evaluate content for marketing
evaluating marketing content
rate marketing content",,"Revise, assess, align, and approves marketing material and content defined in the marketing plan. Evaluate written word, images, print or video advertisements, public speeches, and statements in accordance with the marketing objectives.",,skill/competence,cross-sector,released,2024-02-09T17:29:12.215Z,ESCO,1.2.1,BUSINESS,http://data.europa.eu/esco/occupation/6fcf4638-e7c7-4978-9302-9a7b63a3d57c,marketing manager,essential,PENDING,
http://data.europa.eu/esco/skill/3e2ab38a-4519-4bef-b762-a8bf4836a775,perform dimensionality reduction,"data feature engineering
t-distributed stochastic neighbor embedding
data feature extraction
data feature selection
multidimensional scaling
t-SNE
Kohonen self-organizing map",,"Reduce the number of variables or features for a dataset in machine learning algorithms through methods such as principal component analysis, matrix factorization, autoencoder methods, and others.",,skill/competence,cross-sector,released,2022-07-05T14:37:59.932Z,ESCO,1.2.1,IT,http://data.europa.eu/esco/occupation/2079755f-d809-49e6-8037-4de6180e54c0,data engineer,essential,PENDING,
http://data.europa.eu/esco/skill/3e9b580d-811b-48df-a5d1-a7bdd26f901f,prepare financial auditing reports,"write up auditing financial reports
make auditing financial reports ready
prepare auditing reports
formulate auditing financial reports
preparing financial auditing reports
prepare reports on financial audits
prepare auditing financial report",,"Compile information on audit findings of financial statements and financial management in order to prepare reports, point out improvement possibilities, and confirm governability.",,skill/competence,cross-sector,released,2024-02-09T17:29:13.7Z,ESCO,1.2.1,BUSINESS,http://data.europa.eu/esco/occupation/04f39bfa-bc03-4480-98bc-b18ce4fe4b4b,accounting manager,optional,PENDING,
http://data.europa.eu/esco/skill/3ec2e4d6-7000-4905-bf1a-c5b1679416de,data warehouse,"enterprise data storage
data warehouse solutions
data repository",,The data storage system that analyses and reports on data such as a data mart.,,knowledge,occupation-specific,released,2025-06-25T08:20:05.218Z,ESCO,1.2.1,IT,http://data.europa.eu/esco/occupation/2079755f-d809-49e6-8037-4de6180e54c0,data engineer,essential,PENDING,
http://data.europa.eu/esco/skill/3ee090a1-9d1c-44ed-bd93-f6b7c9b68a97,manage payroll reports,"handle payroll reports
managing payroll reports
oversee payroll reports
manage payroll report
manage reports for payroll
maintain payroll reports",,"Maintain personnel records as well as payroll reports. Record evaluations, promotions or disciplinary actions.",,skill/competence,cross-sector,released,2024-02-09T17:29:09.851Z,ESCO,1.2.1,HR,http://data.europa.eu/esco/occupation/1fce1be0-bf52-449b-9a2b-3f2cc710290a,compensation analyst,optional,PENDING,
http://data.europa.eu/esco/skill/3f4dab51-572b-4e2c-85ef-3b4c3f7094e1,XQuery,XQuery language,"XQuery 3.0
XQuery 1.0",The computer language XQuery is a query language for retrieval of information from a database and of documents containing the needed information. It is developed by the international standards organisation World Wide Web Consortium.,,knowledge,sector-specific,released,2023-06-09T15:22:49.234Z,ESCO,1.2.1,IT,http://data.europa.eu/esco/occupation/106f79e4-6264-45f1-9e7a-297435cd684b|http://data.europa.eu/esco/occupation/258e46f9-0075-4a2e-adae-1ff0477e0f30|http://data.europa.eu/esco/occupation/d3edb8f8-3a06-47a0-8fb9-9b212c006aa2,software tester|data scientist|data analyst,optional|optional|optional,PENDING,
http://data.europa.eu/esco/skill/3ff589b7-68df-4ea5-ae41-b395bdb2378f,ICT security standards,"ICT security compliances
cyber security frameworks
IT security frameworks
cyber security compliances
ICT security frameworks
information security compliances
information security frameworks
cyber security standards
IT security compliances
IT security standards
information security standards",,"Best practices and guidelines established for securing information and communication technology (ICT) systems and data. Standards as is the case of ISO 27000 series, provide a framework for implementing effective security controls, including access control, risk assessment and incident management, as well as to provide compliance of anorganisation.",,knowledge,sector-specific,released,2025-02-27T12:45:08.961Z,ESCO,1.2.1,IT,http://data.europa.eu/esco/occupation/349ee6f6-c295-4c38-9b98-48765b55280e|http://data.europa.eu/esco/occupation/7754d570-9519-48c2-b1c9-8e165f8bca0f,cloud engineer|cybersecurity risk manager,optional|essential,PENDING,
http://data.europa.eu/esco/skill/401d8d12-b56d-4c71-ac58-f791e8c085b4,liaise with financiers,"liaising with financiers
network with financiers
liaise with financier
interact with financiers
schmooze with financiers",,Liaise with people willing to finance the project. Negotiate deals and contracts.,,skill/competence,cross-sector,released,2024-02-09T17:29:12.952Z,ESCO,1.2.1,BUSINESS,http://data.europa.eu/esco/occupation/04f39bfa-bc03-4480-98bc-b18ce4fe4b4b,accounting manager,optional,PENDING,
http://data.europa.eu/esco/skill/401eb8d8-6daa-4f8b-90ad-60afc71eb4f8,Perl,"Practical Extraction and Report Language
PONIE","PONIE
Practical Extraction and Report Language","The techniques and principles of software development, such as analysis, algorithms, coding, testing and compiling of programming paradigms in Perl.",,knowledge,sector-specific,released,2025-02-27T12:45:08.961Z,ESCO,1.2.1,IT,http://data.europa.eu/esco/occupation/106f79e4-6264-45f1-9e7a-297435cd684b|http://data.europa.eu/esco/occupation/57af9090-55b4-4911-b2d0-86db01c00b02|http://data.europa.eu/esco/occupation/c40a2919-48a9-40ea-b506-1f34f693496d,software tester|embedded systems software developer|web developer,optional|optional|optional,PENDING,
http://data.europa.eu/esco/skill/4134622c-c3fb-4a41-beb6-6d58ba5107db,demonstrate disciplinary expertise,"exhibit academic proficiency
demonstrate complex understanding of a research area
demonstrate deep knowledge of a research area
demonstrate deep knowledge of a specific research area
demonstrate complex understanding of a specific research area",,"Demonstrate deep knowledge and complex understanding of a specific research area, including responsible research, research ethics and scientific integrity principles, privacy and GDPR requirements, related to research activities within a specific discipline.",,skill/competence,cross-sector,released,2024-02-23T16:39:48.713Z,ESCO,1.2.1,IT,http://data.europa.eu/esco/occupation/258e46f9-0075-4a2e-adae-1ff0477e0f30,data scientist,essential,PENDING,
http://data.europa.eu/esco/skill/415abd43-e8e5-4643-b5da-5f11307af57a,use different communication channels,"using different communication channels
operate specific communication channels
handle specific communication channels
utilise specific communication channels
apply specific communication channels
use of different communication channels",,"Make use of various types of communication channels such as verbal, handwritten, digital and telephonic communication with the purpose of constructing and sharing ideas or information.",,skill/competence,cross-sector,released,2024-02-09T17:29:16.725Z,ESCO,1.2.1,BUSINESS,http://data.europa.eu/esco/occupation/57b459d4-655c-4053-b189-3c249ce33faf|http://data.europa.eu/esco/occupation/6fcf4638-e7c7-4978-9302-9a7b63a3d57c,ICT business development manager|marketing manager,optional|optional,PENDING,
http://data.europa.eu/esco/skill/4216e465-7baa-4884-a241-54b197bb9278,perform data mining,"mine data
use model data",,"Explore large datasets to reveal patterns using statistics, database systems or artificial intelligence and present the information in a comprehensible way.",,skill/competence,sector-specific,released,2024-02-09T17:29:15.968Z,ESCO,1.2.1,IT,http://data.europa.eu/esco/occupation/258e46f9-0075-4a2e-adae-1ff0477e0f30|http://data.europa.eu/esco/occupation/d3edb8f8-3a06-47a0-8fb9-9b212c006aa2,data scientist|data analyst,optional|essential,PENDING,
http://data.europa.eu/esco/skill/426ceaba-6867-481c-bb6b-aee3933da7d2,ICT safety,"ICT well-being maintenance
ICT welfare maintenance
ICT protection
information and communication technologies safety
ICT security
information and communication technology safety",,"Personal protection, data protection, digital identity protection, security measures, safe and sustainable use.",,,,released,2025-02-27T12:45:08.961Z,ESCO,1.2.1,IT,http://data.europa.eu/esco/occupation/7754d570-9519-48c2-b1c9-8e165f8bca0f,cybersecurity risk manager,essential,PENDING,
http://data.europa.eu/esco/skill/42ed3bfb-1a01-4c8b-9758-fc6438865734,Smalltalk (computer programming),"Smalltalk programming system
Smalltalk",,"The techniques and principles of software development, such as analysis, algorithms, coding, testing and compiling of programming paradigms in Smalltalk.",,knowledge,sector-specific,released,2024-02-26T15:03:18.995Z,ESCO,1.2.1,IT,http://data.europa.eu/esco/occupation/106f79e4-6264-45f1-9e7a-297435cd684b|http://data.europa.eu/esco/occupation/c40a2919-48a9-40ea-b506-1f34f693496d,software tester|web developer,optional|optional,PENDING,
http://data.europa.eu/esco/skill/4300b453-9bcf-474c-9ee3-92ec2229720c,global standards for sustainability reporting,"non financial reporting guidelines
sustainability standardised reporting frameworks
global reporting framework for sustainability
global reporting guidelines for sustainability",,"The global, standardised reporting framework that enable organisations to quantify and communicate about their environmental, social and governance impact.",,knowledge,sector-specific,released,2024-02-28T10:39:08.226Z,ESCO,1.2.1,BUSINESS,http://data.europa.eu/esco/occupation/04f39bfa-bc03-4480-98bc-b18ce4fe4b4b,accounting manager,optional,PENDING,
http://data.europa.eu/esco/skill/4350c38d-0fe9-4ca7-bab9-40ed7f72b04f,PHP,"Hypertext Preprocessor
Personal Home Page","PHP5-FPM
PHP-FPM
PHP 5.0
PHP 5.2
Php
PHTML
PHP 5.4
PHP 6.0
PHP 5.3
PHP 5.1
php","The techniques and principles of software development, such as analysis, algorithms, coding, testing and compiling of programming paradigms in PHP.",,knowledge,sector-specific,released,2023-06-09T15:53:37.912Z,ESCO,1.2.1,IT,http://data.europa.eu/esco/occupation/106f79e4-6264-45f1-9e7a-297435cd684b|http://data.europa.eu/esco/occupation/57af9090-55b4-4911-b2d0-86db01c00b02|http://data.europa.eu/esco/occupation/c40a2919-48a9-40ea-b506-1f34f693496d,software tester|embedded systems software developer|web developer,optional|optional|optional,PENDING,
http://data.europa.eu/esco/skill/438ff259-d086-4004-acda-1ec3e1631bc6,software anomalies,"software performance incidents
software behaviour deviations
software performance deviations
software bugs
software defects",,"The deviations of what is standard and exceptional events during software system performance, identification of incidents that can alter the flow and the process of system execution.",,knowledge,sector-specific,released,2025-06-25T08:20:05.218Z,ESCO,1.2.1,IT,http://data.europa.eu/esco/occupation/106f79e4-6264-45f1-9e7a-297435cd684b|http://data.europa.eu/esco/occupation/57af9090-55b4-4911-b2d0-86db01c00b02|http://data.europa.eu/esco/occupation/c40a2919-48a9-40ea-b506-1f34f693496d,software tester|embedded systems software developer|web developer,essential|optional|optional,PENDING,
http://data.europa.eu/esco/skill/43ae58b9-5e56-4524-b45a-b422777a0576,database,"non-relational database
types of databases
relational database",,"The classification of databases, that includes their purpose, characteristics, terminology, models and use such as XML databases, document-oriented databases and full text databases.",,knowledge,cross-sector,released,2025-02-27T12:45:08.961Z,ESCO,1.2.1,IT,http://data.europa.eu/esco/occupation/d3edb8f8-3a06-47a0-8fb9-9b212c006aa2,data analyst,optional,PENDING,
http://data.europa.eu/esco/skill/43d1d56b-ce62-4fe8-8f18-35d92ec73023,identify undetected organisational needs,"identifying undetected organisational needs
detect unidentified organisational needs
identify undetected organizational needs
spot undetected organisational needs
recognize undetected organisational needs
identify undetected organisational need
discover undetected organisational needs",,"Use the collected input and information from interviewing stakeholders and analysing organisational documents in order to detect unseen needs and improvements that would support the development of the organisation. Identify the needs of the organisation in terms of staff, equipment, and improvement of operations.",,skill/competence,cross-sector,released,2017-02-14T11:29:16Z,ESCO,1.2.1,BUSINESS,http://data.europa.eu/esco/occupation/60082a99-d8ef-4e84-9290-78902681b6ed,business analyst,essential,PENDING,
http://data.europa.eu/esco/skill/440d5784-52a5-4729-8b04-29f978bd896d,respond to incidents in cloud,"automate disaster recovery strategies in cloud
troubleshoot issues in cloud systems
troubleshoot cloud issues
manage cloud incidents
troubleshoot cloud incidents",,Troubleshoot issues with the cloud and determine how to restore operations. Design and automate disaster recovery strategies and evaluate a deployment for points of failure.,,skill/competence,sector-specific,released,2024-02-23T15:51:27.085Z,ESCO,1.2.1,IT,http://data.europa.eu/esco/occupation/349ee6f6-c295-4c38-9b98-48765b55280e,cloud engineer,essential,PENDING,
http://data.europa.eu/esco/skill/4463a721-69f3-413d-8321-43e3af13a4f1,use databases,"use database management systems
use database software
apply databases
use data bases
use Dbs
able to use using databases
use database
utilise databases
make use of databases",,"Use software tools for managing and organising data in a structured environment which consists of attributes, tables and relationships in order to query and modify the stored data.",,skill/competence,cross-sector,released,2024-02-09T17:29:09.009Z,ESCO,1.2.1,IT,http://data.europa.eu/esco/occupation/2079755f-d809-49e6-8037-4de6180e54c0|http://data.europa.eu/esco/occupation/258e46f9-0075-4a2e-adae-1ff0477e0f30|http://data.europa.eu/esco/occupation/d3edb8f8-3a06-47a0-8fb9-9b212c006aa2,data engineer|data scientist|data analyst,essential|essential|essential,PENDING,
http://data.europa.eu/esco/skill/44864dac-e16e-4a28-85d3-c08552f2fba3,design wayside signalling interlockings,"perform wayside signalling interlocking design activities
design wayside signaling interlockings
create wayside signalling interlockings
develop wayside signalling interlockings
conduct wayside signalling interlocking design activities
undertake wayside signalling interlocking design activities
design railway wayside signalling interlockings
design railroad wayside signalling interlockings",,Design procedures to implement wayside signalling interlockings. Analyse routes and aspect charts and take into account highway crossing warning systems.,,skill/competence,sector-specific,released,2024-01-16T15:32:14.177Z,ESCO,1.2.1,BUSINESS,http://data.europa.eu/esco/occupation/bea99fea-0383-4c63-b944-70d4799de2c5,project manager,optional,PENDING,
http://data.europa.eu/esco/skill/449d119b-2d66-43a9-9230-7d27f16afbb6,Xcode,Xcode IDE,"Xcode 7
Xcode 5
Xcode 4
Xcode 6","The computer program Xcode is a suite of software development tools for writing programs, such as compiler, debugger, code editor, code highlights, packaged in a unified user interface. It is developed by the software company Apple.",,knowledge,sector-specific,released,2023-06-08T15:57:35.793Z,ESCO,1.2.1,IT,http://data.europa.eu/esco/occupation/57af9090-55b4-4911-b2d0-86db01c00b02|http://data.europa.eu/esco/occupation/c40a2919-48a9-40ea-b506-1f34f693496d,embedded systems software developer|web developer,optional|optional,PENDING,
http://data.europa.eu/esco/skill/45f1ae17-c20d-40fc-9307-7d33b6ca9213,image recognition,"image interpretation
image detection
visual recognition
visual detection",,"A process designed to detect and identify a feature or object in an image or video. This process is used in medical imaging, security surveillance or defect detection, among other fields. Key technique for a wide range of applications such as automated driving, image classification, or visual inspection.",,knowledge,cross-sector,released,2023-11-29T16:28:36.358Z,ESCO,1.2.1,IT,http://data.europa.eu/esco/occupation/258e46f9-0075-4a2e-adae-1ff0477e0f30|http://data.europa.eu/esco/occupation/d3edb8f8-3a06-47a0-8fb9-9b212c006aa2,data scientist|data analyst,optional|optional,PENDING,
http://data.europa.eu/esco/skill/46ec0033-3c71-415e-bcff-b065675ba2dc,integrate ICT data,combine ICT data,,Combine data from sources to provide unified view of the set of these data.,,skill/competence,sector-specific,released,2025-06-25T12:15:04.406Z,ESCO,1.2.1,IT,http://data.europa.eu/esco/occupation/258e46f9-0075-4a2e-adae-1ff0477e0f30|http://data.europa.eu/esco/occupation/d3edb8f8-3a06-47a0-8fb9-9b212c006aa2,data scientist|data analyst,optional|essential,PENDING,
http://data.europa.eu/esco/skill/477173ca-5fc2-406b-9122-95d92811f284,communicate with stakeholders,"inform stakeholders of ideas and objectives
communicate with providers of business support services
communicating with stakeholders
communicate to stakeholders",,"Facilitate communication between organisations and interested third parties such as suppliers, distributors, shareholders and other stakeholders in order to inform them of the organisation and its objectives.",,skill/competence,cross-sector,released,2024-02-09T17:29:12.215Z,ESCO,1.2.1,IT,http://data.europa.eu/esco/occupation/7754d570-9519-48c2-b1c9-8e165f8bca0f,cybersecurity risk manager,essential,PENDING,
http://data.europa.eu/esco/skill/47a49cd6-097d-457a-9f7b-c290c14930d5,analyse big data,"analyze big data
scrutinise big data
big data analysis
investigate big data
search big data
test big data
analysing big data
big data analysing",,"Collect and evaluate numerical data in large quantities, especially for the purpose of identifying patterns between the data.",,skill/competence,cross-sector,released,2022-07-05T14:37:59.932Z,ESCO,1.2.1,IT,http://data.europa.eu/esco/occupation/d3edb8f8-3a06-47a0-8fb9-9b212c006aa2,data analyst,essential,PENDING,
http://data.europa.eu/esco/skill/47b9bbcf-356c-4782-83a4-7f5a1b2b51a3,Assembly (computer programming),"Assembly computer programming paradigms
Assembly software development techniques
Assembly software development principles
Assembly
Assembly algorithms",,"The techniques and principles of software development, such as analysis, algorithms, coding, testing and compiling of programming paradigms in Assembly.",,knowledge,sector-specific,released,2024-02-26T08:02:07.379Z,ESCO,1.2.1,IT,http://data.europa.eu/esco/occupation/106f79e4-6264-45f1-9e7a-297435cd684b|http://data.europa.eu/esco/occupation/57af9090-55b4-4911-b2d0-86db01c00b02|http://data.europa.eu/esco/occupation/c40a2919-48a9-40ea-b506-1f34f693496d,software tester|embedded systems software developer|web developer,optional|optional|optional,PENDING,
http://data.europa.eu/esco/skill/484d048c-a5d1-46a5-b57f-45b69c0ac552,analyse pipeline database information,"evaluate pipeline database information
perform analysis on pipeline database information
analyze pipeline database information
evaluate information in pipeline databases
retrieve and assess information from pipeline company database
conduct analysis on pipeline database information
retrieve and analyse information from pipeline company database
analyse information in pipeline databases
assess information in pipeline databases
assess pipeline database information",,"Retrieve and analyse different types of information extracted from the databases of pipelines companies. Analyse information such as risks, project management KPIs (key performance indicators), goods transportation times, and document back-up processes.",,skill/competence,sector-specific,released,2022-07-05T14:38:14.9Z,ESCO,1.2.1,IT,http://data.europa.eu/esco/occupation/2079755f-d809-49e6-8037-4de6180e54c0,data engineer,optional,PENDING,
http://data.europa.eu/esco/skill/484df271-bb52-49f1-8f50-f19624bf4df2,software components libraries,,"OpenCV
Matplotlib
Scikit-Learn
PyTorch
Numpy","The software packages, modules, web services and resources that cover a set of related functions and the databases where these reusable components can be found.",,knowledge,sector-specific,released,2025-02-27T12:45:08.961Z,ESCO,1.2.1,IT,http://data.europa.eu/esco/occupation/106f79e4-6264-45f1-9e7a-297435cd684b,software tester,optional,PENDING,
http://data.europa.eu/esco/skill/48b68726-0fd6-4e03-a5eb-82236516ee7a,provide cost benefit analysis reports,"provide reports on cost benefit analysis
provide cost-benefit analysis reports
produce cost benefit analysis reports
generate cost benefit analysis reports
providing cost benefit analysis reports
create cost benefit analysis reports
provide cost benefit analysis report",,"Prepare, compile and communicate reports with broken down cost analysis on the proposal and budget plans of the company. Analyse the financial or social costs and benefits of a project or investment in advance over a given period of time.",,skill/competence,cross-sector,released,2024-02-09T17:29:17.515Z,ESCO,1.2.1,"BUSINESS,HR",http://data.europa.eu/esco/occupation/1fce1be0-bf52-449b-9a2b-3f2cc710290a|http://data.europa.eu/esco/occupation/bea99fea-0383-4c63-b944-70d4799de2c5|http://data.europa.eu/esco/occupation/fe0fa514-b48d-4a53-9757-a283c0baacf0,compensation analyst|project manager|ICT business analyst,essential|essential|essential,PENDING,
http://data.europa.eu/esco/skill/48db96bf-3314-45c6-bad8-fdb6e20e5639,data engineering,data engineering methods,,The process of developing and constructing systems for implementing data collection and analysis at large scale.,,knowledge,cross-sector,released,2023-11-29T16:26:35.334Z,ESCO,1.2.1,IT,http://data.europa.eu/esco/occupation/258e46f9-0075-4a2e-adae-1ff0477e0f30|http://data.europa.eu/esco/occupation/349ee6f6-c295-4c38-9b98-48765b55280e|http://data.europa.eu/esco/occupation/d3edb8f8-3a06-47a0-8fb9-9b212c006aa2,data scientist|cloud engineer|data analyst,essential|optional|essential,PENDING,
http://data.europa.eu/esco/skill/49047409-9307-4b41-9b04-a9615f049044,investment banking,equity banking,,The branch of banking that provides services of capital raising and mergers and acquisitions (M&A).,,knowledge,sector-specific,released,2024-01-29T11:22:03.541Z,ESCO,1.2.1,BUSINESS,http://data.europa.eu/esco/occupation/60082a99-d8ef-4e84-9290-78902681b6ed,business analyst,optional,PENDING,
http://data.europa.eu/esco/skill/4913d0c0-133a-4c46-aac3-f5d4989a982e,product usage risks analysis,"customer product risks analysis
product risks analysis",,"The methods to analyse product associated risks, in possible customer environment, their magnitude, consequences and likely outcomes in order to mitigate them by warning messages, safety instructions and maintenance support.",,knowledge,cross-sector,released,2024-02-09T17:29:13.7Z,ESCO,1.2.1,BUSINESS,http://data.europa.eu/esco/occupation/fe0fa514-b48d-4a53-9757-a283c0baacf0,ICT business analyst,essential,PENDING,
http://data.europa.eu/esco/skill/4918ec9a-0204-4935-8b09-b0112370daa8,establish an Information Security Management System,"apply an ISMS
define an ISMS
implement an ISMS
define an Information Security Management System
monitor an ISMS
apply an Information Security Management System
implement an Information Security Management System;
monitor an Information Security Management System",,"Design, apply, monitor and review an Information Security Management System (ISMS) that preserves the confidentiality, integrity and availability of information by applying a risk management process, and gives confidence to interested parties regarding the adequate management of such cybersecurity-related risks.",,skill/competence,sector-specific,released,2024-01-29T11:17:09.455Z,ESCO,1.2.1,IT,http://data.europa.eu/esco/occupation/7754d570-9519-48c2-b1c9-8e165f8bca0f,cybersecurity risk manager,essential,PENDING,
http://data.europa.eu/esco/skill/496932f1-0b6b-4f73-9432-d95c7ddcd43b,recruit employees,"hire new personnel
hiring new personnel
recruit staff
employ new personnel
manage recruitment of employees",,"Hire new employees by scoping the job role, advertising, performing interviews and selecting staff in line with company policy and legislation.",,skill/competence,cross-sector,released,2024-01-16T13:56:51.003Z,ESCO,1.2.1,"BUSINESS,HR",http://data.europa.eu/esco/occupation/068370e0-9c27-4814-87d0-44fbb3140815|http://data.europa.eu/esco/occupation/a6e8a6bf-9209-4d19-a131-a8b6431e0f75|http://data.europa.eu/esco/occupation/bea99fea-0383-4c63-b944-70d4799de2c5|http://data.europa.eu/esco/occupation/d3e32e5e-7f24-48e3-b939-e4f800eb62fb|http://data.europa.eu/esco/occupation/f605bcd2-90b6-45a0-a558-d05016d68a77,recruitment consultant|talent acquisition manager|project manager|human resources officer|human resources manager,essential|essential|optional|essential|essential,PENDING,
http://data.europa.eu/esco/skill/49d81d86-e748-4181-84e9-106173058081,services marketing,"email marketing services
services marketing strategies",Mailchimp,The set of marketing activities for businesses that provide services to improve brand awareness and raise sales. It focuses on intangible commodities.,,knowledge,sector-specific,released,2024-01-29T11:34:36.774Z,ESCO,1.2.1,BUSINESS,http://data.europa.eu/esco/occupation/6fcf4638-e7c7-4978-9302-9a7b63a3d57c,marketing manager,essential,PENDING,
http://data.europa.eu/esco/skill/4a193795-fa63-414e-9f2e-bfdb3924571e,handle data samples,"collect data samples
manage data samples
handle data samples for statistical purposes",,Collect and select a set of data from a population by a statistical or other defined procedure.,,skill/competence,cross-sector,released,2025-06-25T12:15:04.406Z,ESCO,1.2.1,IT,http://data.europa.eu/esco/occupation/258e46f9-0075-4a2e-adae-1ff0477e0f30|http://data.europa.eu/esco/occupation/d3edb8f8-3a06-47a0-8fb9-9b212c006aa2,data scientist|data analyst,essential|essential,PENDING,
http://data.europa.eu/esco/skill/4a460161-eaea-4fe2-bd0e-164ccc635be1,financial statements,"records of financial activities
financial statement
statements on finances",,"The set of financial records disclosing the financial position of a company at the end of a set period or of the accounting year. The financial statements consisting of five parts which are the statement of financial position, the statement of comprehensive income, the statement of changes in equity (SOCE), the statement of cash flows and notes.",,knowledge,cross-sector,released,2024-02-09T17:29:12.215Z,ESCO,1.2.1,BUSINESS,http://data.europa.eu/esco/occupation/04f39bfa-bc03-4480-98bc-b18ce4fe4b4b|http://data.europa.eu/esco/occupation/60082a99-d8ef-4e84-9290-78902681b6ed,accounting manager|business analyst,essential|optional,PENDING,
http://data.europa.eu/esco/skill/4a855abe-ac5b-4e95-ac10-3c1adceeee28,international financial reporting standards,"international accounting reporting standards
international financial reporting guidelines
international finance reporting standards
international financial reporting standard
reporting standards for international finance",,The set of accounting standards and rules aimed at companies listed in the stock exchange which are required to publish and disclose their financial statements.,,knowledge,cross-sector,released,2024-02-09T17:29:12.952Z,ESCO,1.2.1,BUSINESS,http://data.europa.eu/esco/occupation/04f39bfa-bc03-4480-98bc-b18ce4fe4b4b,accounting manager,essential,PENDING,
http://data.europa.eu/esco/skill/4a92d8ce-ffd6-4da5-a50e-ef1bff5cc219,government social security programmes,"government social security policies
government welfare strategies
government welfare schedules
government social security programs
government welfare policies
government welfare plans
government social security schedules
government social security plans
government social security strategies",,"The different areas of social security provided by the government, the different rights which citizens have, which benefits are available, the rules which regulate social security and the different situations in which they apply.",,knowledge,cross-sector,released,2017-01-05T11:53:35Z,ESCO,1.2.1,HR,http://data.europa.eu/esco/occupation/f605bcd2-90b6-45a0-a558-d05016d68a77,human resources manager,optional,PENDING,
http://data.europa.eu/esco/skill/4b2db903-cd8e-48ce-97fb-a92db4def54e,financial forecasting,"monetary estimating
monetary planning
financial planning
monetary calculating
financial calculating
financial estimating",,The tool used in performing fiscal financial management to identify revenue trends and estimated financial conditions.,,knowledge,cross-sector,released,2024-02-09T17:29:12.952Z,ESCO,1.2.1,"BUSINESS,HR",http://data.europa.eu/esco/occupation/04f39bfa-bc03-4480-98bc-b18ce4fe4b4b|http://data.europa.eu/esco/occupation/1fce1be0-bf52-449b-9a2b-3f2cc710290a,accounting manager|compensation analyst,optional|optional,PENDING,
http://data.europa.eu/esco/skill/4b3ae518-6746-4487-8d3b-4cfc063a43d0,use business simulation tools,employ business simulation tools,,"Employ software to perform simulations to improve business skills such as business acumen, financial and market analysis and decision making.",,skill/competence,sector-specific,released,2023-11-29T16:23:57.791Z,ESCO,1.2.1,BUSINESS,http://data.europa.eu/esco/occupation/60082a99-d8ef-4e84-9290-78902681b6ed,business analyst,essential,PENDING,
http://data.europa.eu/esco/skill/4b3c8605-819d-4b38-83fc-f23663e78dc9,consultation,"theories of consultation and communication with clients
consultations
theories related to consultation
concepts of consultation",,"The theories, methods and concepts related to consultation and communication with clients.",,knowledge,cross-sector,released,2024-02-09T17:29:15.968Z,ESCO,1.2.1,HR,http://data.europa.eu/esco/occupation/f605bcd2-90b6-45a0-a558-d05016d68a77,human resources manager,optional,PENDING,
http://data.europa.eu/esco/skill/4b51e76e-9e8a-455f-a289-5b48246345c4,hardware components,"parts for hardware systems
hardware system components
hardware system parts
components of hardware systems
types of hardware components
typology of hardware components
range of hardware components
components for hardware systems
components of hardware",,"The essential components that make up a hardware system, such as liquid-crystal displays (LCD), camera sensors, microprocessors, memories, modems, batteries and their interconnections.",,knowledge,cross-sector,released,2024-02-09T17:29:12.215Z,ESCO,1.2.1,IT,http://data.europa.eu/esco/occupation/106f79e4-6264-45f1-9e7a-297435cd684b,software tester,optional,PENDING,
http://data.europa.eu/esco/skill/4c016b68-4116-468c-9dc6-42710c239e4a,C#,C Sharp,,"The techniques and principles of software development, such as analysis, algorithms, coding, testing and compiling of programming paradigms in C#.",,knowledge,sector-specific,released,2024-02-09T17:29:13.7Z,ESCO,1.2.1,IT,http://data.europa.eu/esco/occupation/106f79e4-6264-45f1-9e7a-297435cd684b|http://data.europa.eu/esco/occupation/57af9090-55b4-4911-b2d0-86db01c00b02|http://data.europa.eu/esco/occupation/c40a2919-48a9-40ea-b506-1f34f693496d,software tester|embedded systems software developer|web developer,optional|optional|optional,PENDING,
http://data.europa.eu/esco/skill/4cd85845-f31c-4306-994d-e12d45114d83,teach in academic or vocational contexts,"instruct in educational or vocational settings
provide instruction in academic or vocational domains
teach students in academic or vocational contexts",,"Instruct students in the theory and practice of academic or vocational subjects, transferring the content of own and others' research activities.",,skill/competence,cross-sector,released,2024-03-01T12:03:40.044Z,ESCO,1.2.1,IT,http://data.europa.eu/esco/occupation/258e46f9-0075-4a2e-adae-1ff0477e0f30,data scientist,optional,PENDING,
http://data.europa.eu/esco/skill/4cfc7ef6-e251-4c93-bd5e-fd6936dee11c,manage profitability,"profitability management
oversee profitability
supervise profitability
management of profitability
maintain profitability
managing profitability
regulate profitability",,Regularly review sales and profit performance.,,skill/competence,cross-sector,released,2024-02-09T17:29:09.851Z,ESCO,1.2.1,BUSINESS,http://data.europa.eu/esco/occupation/6fcf4638-e7c7-4978-9302-9a7b63a3d57c,marketing manager,essential,PENDING,
http://data.europa.eu/esco/skill/4d39b27a-b34f-4c89-8d46-df844d42f728,increase the impact of science on policy and society,"influence decision making based on scientific evidence
enhance the impact of science influence on policy and society
boost the contribution of science to shaping policies and society
enhance the influence of science on governance and communities","knowledge management for policy impact
report facts",Influence evidence-informed policy and decision making by providing scientific input to and maintaining professional relationships with policymakers and other stakeholders.,,skill/competence,cross-sector,released,2024-02-29T16:33:21.333Z,ESCO,1.2.1,IT,http://data.europa.eu/esco/occupation/258e46f9-0075-4a2e-adae-1ff0477e0f30,data scientist,essential,PENDING,
http://data.europa.eu/esco/skill/4d85b881-e490-4b4c-897a-2faa4ef53956,manage ICT data architecture,define enterprise data architecture,,"Oversee regulations and use ICT techniques to define the information systems architecture and to control data gathering, storing, consolidation, arrangement and usage in an organisation.",,skill/competence,sector-specific,released,2024-02-09T17:29:16.725Z,ESCO,1.2.1,IT,http://data.europa.eu/esco/occupation/2079755f-d809-49e6-8037-4de6180e54c0|http://data.europa.eu/esco/occupation/258e46f9-0075-4a2e-adae-1ff0477e0f30,data engineer|data scientist,essential|optional,PENDING,
http://data.europa.eu/esco/skill/4da4587a-fd0b-4ca2-886c-c42a1562d432,design cloud networks,"create cloud network
implement cloud network",,"Apply cloud networking concepts and implement connectivity services of cloud. Given customer requirements, define network architectures on cloud, propose optimized designs based on the evaluation of an existing implementation. Evaluate and optimize cost allocations given a network design, its cloud resources, and application data flow.",,skill/competence,sector-specific,released,2022-07-05T14:34:46.63Z,ESCO,1.2.1,IT,http://data.europa.eu/esco/occupation/349ee6f6-c295-4c38-9b98-48765b55280e,cloud engineer,essential,PENDING,
http://data.europa.eu/esco/skill/4df7a57a-9405-4995-8e02-4ca404832247,manage project changes,"supervise project adjustments
implement project changes",,"Manage requested or identified changes to the original project planning, assess the need to implement the changes and communicate them to the different project stakeholders. Update the relevant project documentation.",,skill/competence,cross-sector,released,2024-02-27T08:45:37.634Z,ESCO,1.2.1,BUSINESS,http://data.europa.eu/esco/occupation/bea99fea-0383-4c63-b944-70d4799de2c5,project manager,essential,PENDING,
http://data.europa.eu/esco/skill/4e02ce5a-7321-426b-a809-6c507f30ef52,business valuation techniques,"business appraisal techniques
techniques of business valuation
business valuation methods
business valuation technique",,"The processes to valuate the worth of the assets of the company and the value of the business following techniques such as asset-based approach, business comparison, and past earnings.",,knowledge,cross-sector,released,2024-02-09T17:29:16.725Z,ESCO,1.2.1,HR,http://data.europa.eu/esco/occupation/1fce1be0-bf52-449b-9a2b-3f2cc710290a,compensation analyst,essential,PENDING,
http://data.europa.eu/esco/skill/4f5c1208-62fd-4e5a-a51e-306c06947e11,manage findable accessible interoperable and reusable data,"ensure data availability
ensure data reusability
support data reuse in research
ensure corrected data storing",,"Produce, describe, store, preserve and (re) use scientific data based on FAIR (Findable, Accessible, Interoperable, and Reusable) principles, making data as open as possible, and as closed as necessary.",,skill/competence,cross-sector,released,2022-07-05T14:37:59.932Z,ESCO,1.2.1,IT,http://data.europa.eu/esco/occupation/258e46f9-0075-4a2e-adae-1ff0477e0f30,data scientist,essential,PENDING,
http://data.europa.eu/esco/skill/4f6e68b2-85c8-446e-a96d-b306ec7e0091,training subject expertise,"training subject methods
training subject knowledge and methods",,"The topic, content and methods of the training, acquired by doing research and following training courses.",,knowledge,cross-sector,released,2025-06-25T08:20:05.218Z,ESCO,1.2.1,HR,http://data.europa.eu/esco/occupation/f605bcd2-90b6-45a0-a558-d05016d68a77,human resources manager,optional,PENDING,
http://data.europa.eu/esco/skill/4fabca9a-7435-4f33-b1da-3cdb00340fdc,perform scientific research,"performing scientific research
carry out scientific research
conduct scientific research
engage in scientific research",,"Gain, correct or improve knowledge about phenomena by using scientific methods and techniques, based on empirical or measurable observations.",,skill/competence,cross-sector,released,2024-02-09T17:29:11.47Z,ESCO,1.2.1,IT,http://data.europa.eu/esco/occupation/258e46f9-0075-4a2e-adae-1ff0477e0f30,data scientist,essential,PENDING,
http://data.europa.eu/esco/skill/501537a7-9d63-491d-ae02-09f04767ff1e,attack vectors,"information security threats
cybersecurity threats
ICT security threats",,"Paths or methods that threat actors use to exploit vulnerabilities in information networks or systems from a concrete organisation and impact its availability, integrity and confidentiality. Attack vectors may include social engineering tactics such as phishing mails or pretexting, technical exploits as SQL injection as well as buffer overflow attacks.",,knowledge,sector-specific,released,2023-03-10T16:46:25.567Z,ESCO,1.2.1,IT,http://data.europa.eu/esco/occupation/7754d570-9519-48c2-b1c9-8e165f8bca0f,cybersecurity risk manager,essential,PENDING,
http://data.europa.eu/esco/skill/50181a4b-1cfd-4fbd-ac9a-c1a494b9c5d0,implement customer follow-up,"implement customers follow-up
introduce customer follow-up
implementing customer follow-up
execute customer follow-up
implement a customer follow-up
administer customer follow-up
utilise customer follow-up",,Implement strategies that ensures post-sale follow up of customer satisfaction or loyalty regarding one's product or service.,,skill/competence,sector-specific,released,2024-02-09T17:29:16.725Z,ESCO,1.2.1,HR,http://data.europa.eu/esco/occupation/068370e0-9c27-4814-87d0-44fbb3140815,recruitment consultant,optional,PENDING,
http://data.europa.eu/esco/skill/505e4ef3-7ce4-437d-b7b4-5c608f71c258,build recommender systems,"build recommendation systems
recommender engine
recommender platform",,Construct recommendation systems based on large data sets using programming languages or computer tools to create a subclass of information filtering system that seeks to predict the rating or preference a user gives to an item.,,skill/competence,occupation-specific,released,2024-02-09T17:29:12.952Z,ESCO,1.2.1,IT,http://data.europa.eu/esco/occupation/258e46f9-0075-4a2e-adae-1ff0477e0f30,data scientist,essential,PENDING,
http://data.europa.eu/esco/skill/5063a99f-975b-4a7c-85e3-69ecb375b4d3,internet governance,"internet regulation
internet governance policies",,"The principles, regulations, norms and programs that shape the evolution and use of internet, such as internet domain names management, registries and registrars, according to ICANN/IANA regulations and recommendations, IP addresses and names, name servers, DNS, TLDs and aspects of IDNs and DNSSEC.",,knowledge,sector-specific,released,2025-06-25T08:20:05.218Z,ESCO,1.2.1,IT,http://data.europa.eu/esco/occupation/7754d570-9519-48c2-b1c9-8e165f8bca0f,cybersecurity risk manager,optional,PENDING,
http://data.europa.eu/esco/skill/509909a2-4a8f-4ead-8ad0-968df63b77cc,social media marketing techniques,"strategies for social media platforms
social media marketing strategies
strategies for social media marketing",,The marketing methods and strategies used to increase attention and website traffic through social media channels.,,knowledge,cross-sector,released,2025-06-25T08:20:05.218Z,ESCO,1.2.1,BUSINESS,http://data.europa.eu/esco/occupation/6fcf4638-e7c7-4978-9302-9a7b63a3d57c,marketing manager,optional,PENDING,
http://data.europa.eu/esco/skill/50b100ea-74fd-4706-99db-3e4ca55e51b8,perform data cleansing,"complete data cleansing
performing data cleansing
undertake data cleansing
perform a data cleanse
data cleansing performance
implement data cleansing",,"Detect and correct corrupt records from data sets, ensure that the data become and remain structured according to guidelines.",,skill/competence,cross-sector,released,2024-02-09T17:29:16.725Z,ESCO,1.2.1,IT,http://data.europa.eu/esco/occupation/258e46f9-0075-4a2e-adae-1ff0477e0f30|http://data.europa.eu/esco/occupation/d3edb8f8-3a06-47a0-8fb9-9b212c006aa2,data scientist|data analyst,essential|essential,PENDING,
http://data.europa.eu/esco/skill/51586df8-1c46-4b47-8583-773cb63bf00b,R,R software,,"The techniques and principles of software development, such as analysis, algorithms, coding, testing and compiling of programming paradigms in R.",,knowledge,sector-specific,released,2025-06-25T08:20:05.218Z,ESCO,1.2.1,IT,http://data.europa.eu/esco/occupation/106f79e4-6264-45f1-9e7a-297435cd684b|http://data.europa.eu/esco/occupation/57af9090-55b4-4911-b2d0-86db01c00b02|http://data.europa.eu/esco/occupation/c40a2919-48a9-40ea-b506-1f34f693496d,software tester|embedded systems software developer|web developer,optional|optional|optional,PENDING,
http://data.europa.eu/esco/skill/517f678e-001b-4985-acb4-9edc3500d74c,develop training programmes,"create training programmes
develop training programme
developing training programmes
design training programmes
develop programmes for training",,Design programmes where employees or future employees are taught the necessary skills for the job or to improve and expand skills for new activities or tasks. Select or design activities aimed at introducing the work and systems or improving the performance of individuals and groups in organisational settings.,,skill/competence,sector-specific,released,2024-02-09T17:29:12.952Z,ESCO,1.2.1,HR,http://data.europa.eu/esco/occupation/f605bcd2-90b6-45a0-a558-d05016d68a77,human resources manager,essential,PENDING,
http://data.europa.eu/esco/skill/518dc04d-092d-4fa1-bd82-88b7a9278ef7,manage intellectual property rights,"manage copyrights
administer copyrights
administer intellectual property rights",,Deal with the private legal rights that protect the products of the intellect from unlawful infringement.,,skill/competence,sector-specific,released,2024-02-26T16:26:56.216Z,ESCO,1.2.1,IT,http://data.europa.eu/esco/occupation/258e46f9-0075-4a2e-adae-1ff0477e0f30,data scientist,essential,PENDING,
http://data.europa.eu/esco/skill/52cf3037-ab53-4806-85ed-7fd21ea7f6a1,Groovy,"Groovy software techniques
Groovy programming language
Groorvy software development",,"The techniques and principles of software development, such as analysis, algorithms, coding, testing and compiling of programming paradigms in Groovy.",,knowledge,sector-specific,released,2025-06-25T08:20:05.218Z,ESCO,1.2.1,IT,http://data.europa.eu/esco/occupation/106f79e4-6264-45f1-9e7a-297435cd684b|http://data.europa.eu/esco/occupation/57af9090-55b4-4911-b2d0-86db01c00b02|http://data.europa.eu/esco/occupation/c40a2919-48a9-40ea-b506-1f34f693496d,software tester|embedded systems software developer|web developer,optional|optional|optional,PENDING,
http://data.europa.eu/esco/skill/52e53619-fa77-4f72-b237-5e4aae784dc2,financial management,"monetary management
management of financial tasks
financial management tasks
financial administration
monetary administration",,"The field of finance that concerns the practical process analysis and tools for designating financial resources. It encompasses the structure of businesses, the investment sources, and the value increase of corporations due to managerial decision-making.",,knowledge,cross-sector,released,2024-02-09T17:29:13.7Z,ESCO,1.2.1,BUSINESS,http://data.europa.eu/esco/occupation/04f39bfa-bc03-4480-98bc-b18ce4fe4b4b,accounting manager,essential,PENDING,
http://data.europa.eu/esco/skill/5303169c-75d6-4751-9136-a4b88343388c,social media management,"handling of social media strategies
computer media management
management of social media","Snapchat
LinKedin
Instagram
TikTok
Pinterest
Twitter
Facebook","The planning, development, and implementation of strategies aimed at managing social media platforms, the publications, the social media management tools, and the image of organisations in them.",,knowledge,cross-sector,released,2023-07-11T14:37:28.145Z,ESCO,1.2.1,BUSINESS,http://data.europa.eu/esco/occupation/6fcf4638-e7c7-4978-9302-9a7b63a3d57c,marketing manager,optional,PENDING,
http://data.europa.eu/esco/skill/5330b70e-16f5-43a7-a6de-18fd6a4bd063,public relations,"public image
PR",,The practice of managing all aspects of the image and perception of a company or individual among stakeholders and the society at large.,,knowledge,cross-sector,released,2024-02-09T17:29:10.678Z,ESCO,1.2.1,BUSINESS,http://data.europa.eu/esco/occupation/6fcf4638-e7c7-4978-9302-9a7b63a3d57c,marketing manager,optional,PENDING,
http://data.europa.eu/esco/skill/541cdc23-1eec-4520-81fc-3392eaf538ed,fraud detection,"fraud investigation
fraudulent activity examination
fraudulent activity identification
fraud identification
fraud examination
fraudulent activity investigation",,The techniques used to identify fraudulous activities.,,knowledge,cross-sector,released,2024-02-09T17:29:13.7Z,ESCO,1.2.1,BUSINESS,http://data.europa.eu/esco/occupation/04f39bfa-bc03-4480-98bc-b18ce4fe4b4b,accounting manager,essential,PENDING,
http://data.europa.eu/esco/skill/54c9c155-9293-4329-8ed2-2e76e8b519d4,define data quality criteria,"specify data quality criteria
set data quality benchmarks",,"Specify the criteria by which data quality is measured for business purposes, such as inconsistencies, incompleteness, usability for purpose and accuracy.",,skill/competence,sector-specific,released,2025-06-25T12:15:04.406Z,ESCO,1.2.1,IT,http://data.europa.eu/esco/occupation/258e46f9-0075-4a2e-adae-1ff0477e0f30|http://data.europa.eu/esco/occupation/d3edb8f8-3a06-47a0-8fb9-9b212c006aa2,data scientist|data analyst,optional|essential,PENDING,
http://data.europa.eu/esco/skill/54cdc5f2-8000-4ed8-9add-b55a4bf6c269,develop employment policies,"produce recruitment policies
operate recruitment policies
produce employment policies
operate employment policies
establish employment policies
implement employment policies
implement recruitment policies
establish recruitment policies",,"Develop and supervise the implementation of policies which aim to improve employment standards such as working conditions, hours, and pay, as well as reduce unemployment rates.",,skill/competence,sector-specific,released,2024-02-09T17:29:11.47Z,ESCO,1.2.1,HR,http://data.europa.eu/esco/occupation/a6e8a6bf-9209-4d19-a131-a8b6431e0f75,talent acquisition manager,optional,PENDING,
http://data.europa.eu/esco/skill/54e60889-c5cc-435f-8d6d-7aefb67e993a,organise participation in local or international events,"organise participation in an international event
set up participation in local or international events
set up participation in international events
organise participation in international events
arrange participation in international events
coordinate participation in international events
establish participation in international events
arrange participation in local or international events
organise participation in a local or international event
establish participation in local or international events
coordinate participation in local or international events",,Apply for and secure a place to participate in local or international exhibitions and competitions.,,skill/competence,occupation-specific,released,2024-09-23T10:55:18.431Z,ESCO,1.2.1,BUSINESS,http://data.europa.eu/esco/occupation/6fcf4638-e7c7-4978-9302-9a7b63a3d57c,marketing manager,essential,PENDING,
http://data.europa.eu/esco/skill/550e2d00-bd89-4614-8e15-330ae5277af3,assess candidates,"evaluate candidates vocational skills
evaluate applicants vocational skills
evaluate candidates vocational knowledge
evaluate applicants
evaluate candidates vocational competences",,"Evaluate the candidates’ vocational competences, skills and knowledge through tests, interviews, simulations, and evidence of prior learning according to a pre-defined standard or procedure. Formulate summative statements of the displayed competences in comparison to set expectations.",,skill/competence,sector-specific,released,2024-02-23T16:17:26.58Z,ESCO,1.2.1,HR,http://data.europa.eu/esco/occupation/a6e8a6bf-9209-4d19-a131-a8b6431e0f75,talent acquisition manager,essential,PENDING,
http://data.europa.eu/esco/skill/56042303-972b-41be-9310-58467599ff7e,analyse business processes,"assess business operations
monitor business processes
study the contribution of work processes to business goals
evaluate business processes",,Study the contribution of the work processes to the business goals and monitor their efficiency and productivity.,,skill/competence,cross-sector,released,2024-03-01T08:08:47.147Z,ESCO,1.2.1,BUSINESS,http://data.europa.eu/esco/occupation/fe0fa514-b48d-4a53-9757-a283c0baacf0,ICT business analyst,essential,PENDING,
http://data.europa.eu/esco/skill/561c2525-5bd8-4d86-8f45-820f4be7db93,report test findings,"report a test finding
summarise test findings
describe test findings: record test findings
note test findings",,"Report test results with a focus on findings and recommendations, differentiating results by levels of severity. Include relevant information from the test plan and outline the test methodologies, using metrics, tables, and visual methods to clarify where needed.",,skill/competence,cross-sector,released,2024-02-09T17:29:12.952Z,ESCO,1.2.1,IT,http://data.europa.eu/esco/occupation/106f79e4-6264-45f1-9e7a-297435cd684b,software tester,essential,PENDING,
http://data.europa.eu/esco/skill/56a10e3e-c9e7-4d39-b6f1-6013398fcb3a,use content management system software,"using content management system software
handle content management system software
content management system software use
adopt content management system software
operate content management system software
apply content management system software
use a content management system software",,"Use software that allows publishing, editing and modifying content as well as maintenance from a central interface.",,skill/competence,cross-sector,released,2024-02-09T17:29:15.968Z,ESCO,1.2.1,BUSINESS,http://data.europa.eu/esco/occupation/6fcf4638-e7c7-4978-9302-9a7b63a3d57c,marketing manager,optional,PENDING,
http://data.europa.eu/esco/skill/56a7f561-1d55-43c9-9cd7-36a0a9bc6c50,ASP.NET,ASP.NET framework,"ASP.NET 3.5
ASPX
ASP.net
ASP+
Aspx
ASP.NET 2.0","The techniques and principles of software development, such as analysis, algorithms, coding, testing and compiling of programming paradigms in ASP.NET.",,knowledge,sector-specific,released,2023-06-09T16:07:58.414Z,ESCO,1.2.1,IT,http://data.europa.eu/esco/occupation/106f79e4-6264-45f1-9e7a-297435cd684b|http://data.europa.eu/esco/occupation/57af9090-55b4-4911-b2d0-86db01c00b02|http://data.europa.eu/esco/occupation/c40a2919-48a9-40ea-b506-1f34f693496d,software tester|embedded systems software developer|web developer,optional|optional|optional,PENDING,
http://data.europa.eu/esco/skill/56c59e98-f133-48ad-9d01-f357a8e2c218,estimate profitability,"estimate profit
estimation of profitability
estimating profit
profit estimating
estimating profitability
evaluate profit
estimation of profit
evaluation of profit
profitability estimating
evaluate profitability
evaluating profit
evaluating profitability
evaluation of profitability",,Take various factors into account to calculate the cost and potential revenues or savings gained from a product in order to evaluate the profit that could be generated by the new acquisition or by a new project.,,skill/competence,cross-sector,released,2024-02-09T17:29:11.47Z,ESCO,1.2.1,"BUSINESS,HR",http://data.europa.eu/esco/occupation/1fce1be0-bf52-449b-9a2b-3f2cc710290a|http://data.europa.eu/esco/occupation/6fcf4638-e7c7-4978-9302-9a7b63a3d57c,compensation analyst|marketing manager,essential|optional,PENDING,
http://data.europa.eu/esco/skill/56ff27ef-2565-45bf-a70c-f06d78d2a480,create a financial plan,"create a business plan
create an economic plan",,"Develop a financial plan according to financial and client regulations, including an investor profile, financial advice, and negotiation and transaction plans.",,skill/competence,cross-sector,released,2024-02-09T17:29:12.215Z,ESCO,1.2.1,BUSINESS,http://data.europa.eu/esco/occupation/04f39bfa-bc03-4480-98bc-b18ce4fe4b4b,accounting manager,essential,PENDING,
http://data.europa.eu/esco/skill/57231a22-4da7-49c8-97b8-75672feadf1e,manage quantitative data,"gather data
manage data quantitatively
organise data
handle numerical data
process data
present data
interpret data
managing quantitative data",,"Gather, process and present quantitative data. Use the appropriate programs and methods for validating, organising and interpreting data.",,skill/competence,cross-sector,released,2024-02-09T17:29:13.7Z,ESCO,1.2.1,IT,http://data.europa.eu/esco/occupation/2079755f-d809-49e6-8037-4de6180e54c0|http://data.europa.eu/esco/occupation/d3edb8f8-3a06-47a0-8fb9-9b212c006aa2,data engineer|data analyst,essential|optional,PENDING,
http://data.europa.eu/esco/skill/57c3021c-defc-4a39-b60b-95db8af25c3a,outplacement,"out-placement
job placement",,The services provided to employees by organisations and institutions to help them find new employment.,,knowledge,occupation-specific,released,2024-02-09T17:29:15.968Z,ESCO,1.2.1,HR,http://data.europa.eu/esco/occupation/f605bcd2-90b6-45a0-a558-d05016d68a77,human resources manager,essential,PENDING,
http://data.europa.eu/esco/skill/5898d99a-62a4-4e10-a2e3-0d815ce44248,cyber attack counter-measures,"network communications security measures
cyber defence mechanisms
cyber/digital/IT/ICT/information security controls
cybersecurity measures","SSL traffic
SHA
MD5
PKI
S/MIME","Methods, technologies and techniques used to defend (detect, monitor and recover) against cyber attacks. These cyber attacks include several attack vectors such as malware, denial of service (DoS) attacks and phishing. Intrusion prevention systems (IPS), firewall, antivirus, intrusion detection systems (IDS), cybersecurity training, backup, Information Security Management System (ISM), multi-factor authentication and employ awareness, are some examples of the methods used.",,knowledge,sector-specific,released,2025-02-27T12:45:08.961Z,ESCO,1.2.1,IT,http://data.europa.eu/esco/occupation/7754d570-9519-48c2-b1c9-8e165f8bca0f,cybersecurity risk manager,essential,PENDING,
http://data.europa.eu/esco/skill/58d7a289-dafd-4363-833f-d1dc4140885e,APL,APL programming paradigms,,"The techniques and principles of software development, such as analysis, algorithms, coding, testing and compiling of programming paradigms in APL.",,knowledge,sector-specific,released,2025-06-25T08:20:05.218Z,ESCO,1.2.1,IT,http://data.europa.eu/esco/occupation/106f79e4-6264-45f1-9e7a-297435cd684b|http://data.europa.eu/esco/occupation/57af9090-55b4-4911-b2d0-86db01c00b02|http://data.europa.eu/esco/occupation/c40a2919-48a9-40ea-b506-1f34f693496d,software tester|embedded systems software developer|web developer,optional|optional|optional,PENDING,
http://data.europa.eu/esco/skill/5a5adfe3-5afe-4a24-b9a8-cee8481995e7,manage distribution channels,"manage channels of distribution
organise distribution sources
manage distribution channel
manage distribution policies",,Oversee distribution channels with regards to the requirements of customers.,,skill/competence,cross-sector,released,2024-02-09T17:29:12.215Z,ESCO,1.2.1,BUSINESS,http://data.europa.eu/esco/occupation/6fcf4638-e7c7-4978-9302-9a7b63a3d57c,marketing manager,optional,PENDING,
http://data.europa.eu/esco/skill/5aa57bdc-5765-435e-8fc9-99b3febdb213,hire human resources,"hiring persons
hire experienced people
oversee recruiting services
recruit people with expertise
complete recruiting services
carry out recruiting services
hire people
undertake recruiting services
make recruiting services
hire a person",,"Manage the process of hiring human resources, from identifying potential candidates to assessing the adequacy of their profiles to the vacancy.",,skill/competence,sector-specific,released,2025-02-27T12:45:08.961Z,ESCO,1.2.1,HR,http://data.europa.eu/esco/occupation/068370e0-9c27-4814-87d0-44fbb3140815|http://data.europa.eu/esco/occupation/a6e8a6bf-9209-4d19-a131-a8b6431e0f75|http://data.europa.eu/esco/occupation/d3e32e5e-7f24-48e3-b939-e4f800eb62fb|http://data.europa.eu/esco/occupation/f605bcd2-90b6-45a0-a558-d05016d68a77,recruitment consultant|talent acquisition manager|human resources officer|human resources manager,essential|essential|essential|essential,PENDING,
http://data.europa.eu/esco/skill/5acf6408-e084-4202-9442-ffcf0119811c,security threats,"threats to cyber/digital/IT/ICT security
security threat
physical security hazards
cyber/digital/IT/ICT security threats
threats to physical security
cyber/digital/IT/ICT security risks
security dangers
physical security risks
security hazards
physical security threats
security risks
threats to security
physical security dangers
cyber/digital/IT/ICT security dangers",,"Types of cyber or physical security threats to public and private security such as unauthorised entry, aggressive behaviour, molestation, robbery, theft, hacking, malware, phishing, identity theft, assault, kidnapping, murder and public demonstration.",,knowledge,cross-sector,released,2025-02-27T12:45:08.961Z,ESCO,1.2.1,IT,http://data.europa.eu/esco/occupation/7754d570-9519-48c2-b1c9-8e165f8bca0f,cybersecurity risk manager,essential,PENDING,
http://data.europa.eu/esco/skill/5b26f08b-88bc-45f0-b901-530d7786466b,scientific computing,"computational science
scientific computation",,"The interdisciplinary field between computer science, mathematics and engineering. It concerns the employment of technical approaches and theoretical frameworks, and the use of computers, to address issues in science and engineering.",,knowledge,cross-sector,released,2023-11-29T16:24:35.284Z,ESCO,1.2.1,IT,http://data.europa.eu/esco/occupation/258e46f9-0075-4a2e-adae-1ff0477e0f30,data scientist,optional,PENDING,
http://data.europa.eu/esco/skill/5b9cde20-f1b9-4adc-bfb3-dbf70b14138d,use object-oriented programming,utilise object-oriented programming,,"Utilise specialised ICT tools for programming paradigm based on the concept of objects, which can contain data in the form of fields and code in the form of procedures. Use programming languages which support this method such as JAVA and C++.",,skill/competence,sector-specific,released,2025-06-25T12:15:04.406Z,ESCO,1.2.1,IT,http://data.europa.eu/esco/occupation/57af9090-55b4-4911-b2d0-86db01c00b02|http://data.europa.eu/esco/occupation/c40a2919-48a9-40ea-b506-1f34f693496d,embedded systems software developer|web developer,optional|optional,PENDING,
http://data.europa.eu/esco/skill/5bbaa0e6-0fd7-4df2-9db7-34f78b40dc34,marketing management,"marketing administration
make business decisions
making strategic business decisions
make strategic business decision",,"The academic discipline and function in an organisation which focuses on the market research, market development, and the creation of marketing campaigns to raise awareness on the company's services and products.",,knowledge,cross-sector,released,2024-02-09T17:29:15.235Z,ESCO,1.2.1,BUSINESS,http://data.europa.eu/esco/occupation/6fcf4638-e7c7-4978-9302-9a7b63a3d57c,marketing manager,essential,PENDING,
http://data.europa.eu/esco/skill/5be3d306-6cf1-4b49-aa1d-01651dd4ba4c,object-oriented modelling,"object-oriented paradigm
object-oriented modeling
knowledge of object-oriented modelling",,"The object-oriented paradigm, which is based on classes, objects, methods and interfaces and their application in software design and analysis, programming organisation and techniques.",,knowledge,sector-specific,released,2024-02-29T16:42:55.336Z,ESCO,1.2.1,IT,http://data.europa.eu/esco/occupation/57af9090-55b4-4911-b2d0-86db01c00b02|http://data.europa.eu/esco/occupation/c40a2919-48a9-40ea-b506-1f34f693496d,embedded systems software developer|web developer,optional|optional,PENDING,
http://data.europa.eu/esco/skill/5c606d18-6404-4047-b235-350f18e11827,contract law,"law of contract
principles of contract law
contract laws
contract law regulations",,"The field of legal principles that govern written agreements between parties concerning the exchange of goods or services, including contractual obligations and termination.",,knowledge,cross-sector,released,2024-02-09T17:29:16.725Z,ESCO,1.2.1,BUSINESS,http://data.europa.eu/esco/occupation/6fcf4638-e7c7-4978-9302-9a7b63a3d57c,marketing manager,optional,PENDING,
http://data.europa.eu/esco/skill/5c66ce3a-658d-43b1-9d8d-0f39be6c0f2e,WebCMS,WebCMS software systems,,"The web-based software systems used for creating, editing, publishing and archiving blogs, articles, web pages or press releases which are mostly managed by users with limited web programming knowledge.",,knowledge,sector-specific,released,2025-06-25T08:20:05.218Z,ESCO,1.2.1,IT,http://data.europa.eu/esco/occupation/c40a2919-48a9-40ea-b506-1f34f693496d,web developer,optional,PENDING,
http://data.europa.eu/esco/skill/5cfd2ec5-ef34-4e3b-9397-e580b903d716,evaluate performance of organisational collaborators,"evaluating performance of organisational collaborators
evaluate organisational collaborators performance
evaluate performance of organizational collaborators
rate performance of organisational collaborators
assess performance of organisational collaborators
evaluate performance of organisational collaborator",,Evaluate the performance and results of managers and employees considering their efficiency and effectivity at work. Consider personal and professional elements.,,skill/competence,cross-sector,released,2016-12-20T18:09:11Z,ESCO,1.2.1,HR,http://data.europa.eu/esco/occupation/f605bcd2-90b6-45a0-a558-d05016d68a77,human resources manager,optional,PENDING,
http://data.europa.eu/esco/skill/5d74614d-32c8-4ca4-9818-6980e52424b1,plan software testing,oversee software testing plans,,"Create and supervise tests plans. Decide on allocation of resources, tools and techniques. Set testing criteria for balancing incurred risks in case of remaining defects, adapt budgets and plan additional costs.",,skill/competence,sector-specific,released,2025-06-25T12:15:04.406Z,ESCO,1.2.1,IT,http://data.europa.eu/esco/occupation/106f79e4-6264-45f1-9e7a-297435cd684b,software tester,optional,PENDING,
http://data.europa.eu/esco/skill/5da3c765-10a3-49eb-934c-ec401ceb1a34,analyse business plans,"define and validate business needs and goals
analyse business objectives
evaluate business plans
analyze business plans
analyse business plan feasibility
gauge business plans
analyse business formal statements
analyse business plan",,"Analyse the formal statements from businesses which outline their business goals and the strategies they set in place to meet them, in order to assess the feasibility of the plan and verify the business' ability to meet external requirements such as the repayment of a loan or return of investments.",,skill/competence,cross-sector,released,2025-08-01T12:53:12.48Z,ESCO,1.2.1,BUSINESS,http://data.europa.eu/esco/occupation/60082a99-d8ef-4e84-9290-78902681b6ed|http://data.europa.eu/esco/occupation/6fcf4638-e7c7-4978-9302-9a7b63a3d57c|http://data.europa.eu/esco/occupation/bea99fea-0383-4c63-b944-70d4799de2c5,business analyst|marketing manager|project manager,essential|essential|optional,PENDING,
http://data.europa.eu/esco/skill/5da8018b-ae85-4cde-ad93-0394369018f3,SPARQL,SPARQL Protocol and RDF Query Language,,The computer language SPARQL is a query language for retrieval of information from a database and of documents containing the needed information. It is developed by the international standards organisation World Wide Web Consortium.,,knowledge,sector-specific,released,2024-02-09T17:29:09.009Z,ESCO,1.2.1,IT,http://data.europa.eu/esco/occupation/106f79e4-6264-45f1-9e7a-297435cd684b|http://data.europa.eu/esco/occupation/258e46f9-0075-4a2e-adae-1ff0477e0f30|http://data.europa.eu/esco/occupation/d3edb8f8-3a06-47a0-8fb9-9b212c006aa2,software tester|data scientist|data analyst,optional|optional|optional,PENDING,
http://data.europa.eu/esco/skill/5ef0c719-5bcb-49f8-b8eb-824388225333,use scripting programming,"employ ICT tools for computer code creation
use ICT tools for computer code generation
employ programming languages for computer code creation
use ICT tools for computer code development
use ICT tools for computer code creation",,"Utilise specialised ICT tools to create computer code that is interpreted by the corresponding run-time environments in order to extend applications and automate common computer operations. Use programming languages which support this method such as Unix Shell scripts, JavaScript, Python and Ruby.",,skill/competence,sector-specific,released,2025-06-25T12:15:04.406Z,ESCO,1.2.1,IT,http://data.europa.eu/esco/occupation/106f79e4-6264-45f1-9e7a-297435cd684b,software tester,optional,PENDING,
http://data.europa.eu/esco/skill/5f0082ab-2131-49b5-94d6-a1821daf57d6,apply for research funding,"apply for research grants
draft research grants applications
identify research grants
generate research funding",,Identify key relevant funding sources and prepare research grant application in order to obtain funds and grants. Write research proposals.,,skill/competence,cross-sector,released,2020-12-11T12:35:49.19Z,ESCO,1.2.1,IT,http://data.europa.eu/esco/occupation/258e46f9-0075-4a2e-adae-1ff0477e0f30,data scientist,essential,PENDING,
http://data.europa.eu/esco/skill/5f1d1319-7954-4a9b-90c7-57668e3a0d4b,interpret financial statements,"review financial statements
read and understand financial statements
interpret financial statement
interpret finance statements
interpreting financial statements",,"Read, understand, and interpret the key lines and indicators in financial statements. Extract the most important information from financial statements depending on the needs and integrate this information in the development of the department's plans.",,skill/competence,cross-sector,released,2024-02-09T17:29:11.47Z,ESCO,1.2.1,BUSINESS,http://data.europa.eu/esco/occupation/04f39bfa-bc03-4480-98bc-b18ce4fe4b4b|http://data.europa.eu/esco/occupation/60082a99-d8ef-4e84-9290-78902681b6ed,accounting manager|business analyst,essential|essential,PENDING,
http://data.europa.eu/esco/skill/5f1ebff6-98ec-411f-a1d4-0bf04bd03bdf,check accounting records,"checking accounting records
monitor accounting records
check account records
check records of accounts
review accounting records
check accounting record",,Revise the accounting records of the quarter and year and ensure that the accounting information reflects with accuracy the financial transactions of the company.,,skill/competence,cross-sector,released,2024-02-09T17:29:15.968Z,ESCO,1.2.1,BUSINESS,http://data.europa.eu/esco/occupation/04f39bfa-bc03-4480-98bc-b18ce4fe4b4b,accounting manager,essential,PENDING,
http://data.europa.eu/esco/skill/5fd5c985-eaaa-47aa-8314-62359c54505a,develop digital content,,,"Create and edit digital content in different formats, express oneself through digital means.",,skill/competence,cross-sector,released,2025-02-27T12:45:08.961Z,ESCO,1.2.1,IT,http://data.europa.eu/esco/occupation/c40a2919-48a9-40ea-b506-1f34f693496d,web developer,essential,PENDING,
http://data.europa.eu/esco/skill/6014921e-1d25-4039-adc2-04852d61880e,ICT debugging tools,"software debugging tools
ICT testing tools",,"The ICT tools used to test and debug programs and software code, such as GNU Debugger (GDB), Intel Debugger (IDB), Microsoft Visual Studio Debugger, Valgrind and WinDbg.",,knowledge,sector-specific,released,2025-06-25T08:20:05.218Z,ESCO,1.2.1,IT,http://data.europa.eu/esco/occupation/106f79e4-6264-45f1-9e7a-297435cd684b|http://data.europa.eu/esco/occupation/57af9090-55b4-4911-b2d0-86db01c00b02|http://data.europa.eu/esco/occupation/c40a2919-48a9-40ea-b506-1f34f693496d,software tester|embedded systems software developer|web developer,optional|essential|essential,PENDING,
http://data.europa.eu/esco/skill/6053cf28-2f42-44bb-8d27-a43920128b30,gather feedback from employees,"draw feedback from employees
draw feedback from staff
obtain feedback from employees
receive feedback from employees
obtain feedback from staff
collect feedback from staff
collect feedback from employees
receive feedback from staff",,"Communicate in an open and positive manner in order to assess levels of satisfaction with employees, their outlook on the work environment, and in order to identify problems and devise solutions.",,skill/competence,cross-sector,released,2024-02-09T17:29:14.494Z,ESCO,1.2.1,HR,http://data.europa.eu/esco/occupation/d3e32e5e-7f24-48e3-b939-e4f800eb62fb|http://data.europa.eu/esco/occupation/f605bcd2-90b6-45a0-a558-d05016d68a77,human resources officer|human resources manager,optional|optional,PENDING,
http://data.europa.eu/esco/skill/60d48be0-4260-4b2e-85b9-aedff7a9b7d9,ICT capacity planning strategies,ICT capacity management,,"The methods, techniques and ICT tools used for planning the maximum amount of work that an organisation is capable of completing in a given period, based on the number of machines, workers and shifts and taking into account constraints such as quality problems, delays and material handling.",,knowledge,sector-specific,released,2025-06-25T08:20:05.218Z,ESCO,1.2.1,BUSINESS,http://data.europa.eu/esco/occupation/57b459d4-655c-4053-b189-3c249ce33faf,ICT business development manager,optional,PENDING,
http://data.europa.eu/esco/skill/60efd7d3-eee4-4f7d-9373-66a54d13b3e0,neuromarketing techniques,"neuromarketing field
neuromarketing strategies
neuromarketing technologies
neuromarketing
the field of neuromarketing",,A field of marketing which uses medical technologies such as functional Magnetic Resonance Imaging (fMRI) to study the brain’s responses to marketing stimuli.,,knowledge,sector-specific,released,2024-02-23T16:30:57.836Z,ESCO,1.2.1,BUSINESS,http://data.europa.eu/esco/occupation/6fcf4638-e7c7-4978-9302-9a7b63a3d57c,marketing manager,optional,PENDING,
http://data.europa.eu/esco/skill/60f51172-37c0-4933-a27a-cbf55dcd7580,prepare financial statements,"prepare financial statement
get financial statements ready
preparing financial statements
draw up financial statements
formulate financial statements
prepare statements on finances",,"Collect, entry, and prepare the set of financial records disclosing the financial position of a company at the end of a certain period or accounting year. The financial statements consisting of five parts which are the statement of financial position, the statement of comprehensive income, the statement of changes in equity (SOCE), the statement of cash flows and notes.",,skill/competence,cross-sector,released,2024-02-09T17:29:15.968Z,ESCO,1.2.1,BUSINESS,http://data.europa.eu/esco/occupation/04f39bfa-bc03-4480-98bc-b18ce4fe4b4b,accounting manager,optional,PENDING,
http://data.europa.eu/esco/skill/611ed16b-99bf-4840-9cab-f55d1d286e0a,store digital data and systems,"store systems and digital data
backup digital data and systems
cache digital data and systems
use data and systems archiving procedures
back up data
archive digital data and systems
use data and systems archiving tools
storing digital data and systems
store digital data and system
restore data",,"Use software tools to archive data by copying and backing them up, in order to ensure their integrity and to prevent data loss.",,skill/competence,cross-sector,released,2024-02-09T17:29:09.009Z,ESCO,1.2.1,IT,http://data.europa.eu/esco/occupation/2079755f-d809-49e6-8037-4de6180e54c0|http://data.europa.eu/esco/occupation/d3edb8f8-3a06-47a0-8fb9-9b212c006aa2,data engineer|data analyst,essential|optional,PENDING,
http://data.europa.eu/esco/skill/6195c5f7-a4fb-425d-a3dd-c4467c4471a3,deploy cloud resource,"cloud deployment
deployment and provisioning
provision cloud resources",,"Identify and execute steps required to provision cloud resources, such as networks, servers, storage, applications, GPUs, and services. Define the cloud global infrastructure and remediate deployment issues.",,skill/competence,sector-specific,released,2022-07-05T14:34:46.63Z,ESCO,1.2.1,IT,http://data.europa.eu/esco/occupation/349ee6f6-c295-4c38-9b98-48765b55280e,cloud engineer,essential,PENDING,
http://data.europa.eu/esco/skill/629685b8-5f9e-4522-8cff-b3e2c4ec625a,digital data processing,"electronic data processing
processing of data digitally
data processing
paperless data processing",,"Identify, locate, retrieve, store, organise and analyse digital information, judging its relevance and purpose.",,,,released,2025-02-27T12:45:08.961Z,ESCO,1.2.1,"IT,BUSINESS",http://data.europa.eu/esco/occupation/2079755f-d809-49e6-8037-4de6180e54c0|http://data.europa.eu/esco/occupation/60082a99-d8ef-4e84-9290-78902681b6ed|http://data.europa.eu/esco/occupation/d3edb8f8-3a06-47a0-8fb9-9b212c006aa2,data engineer|business analyst|data analyst,essential|essential|essential,PENDING,
http://data.europa.eu/esco/skill/62bf2e21-2613-47f1-a624-fe0fc925e671,market entry strategies,"market entry strategy
market entry plans
market entry tactics
market entrance strategies",,"The ways to enter a new market and their implications, namely; exporting via representatives, franchising to third parties, collaborating joint ventures, and opening of fully-owned subsidiaries and flagships.",,knowledge,cross-sector,released,2024-02-09T17:29:10.678Z,ESCO,1.2.1,BUSINESS,http://data.europa.eu/esco/occupation/60082a99-d8ef-4e84-9290-78902681b6ed|http://data.europa.eu/esco/occupation/6fcf4638-e7c7-4978-9302-9a7b63a3d57c,business analyst|marketing manager,optional|optional,PENDING,
http://data.europa.eu/esco/skill/633a3637-2c6b-40ae-ac38-289eb2a62aa6,business analysis,"company analysis
analysis of businesses
business analyses
enterprise analysis",,"The research field which addresses the identification of business needs and problems and the determination of the solutions that would mitigate or prevent the smooth functioning of a business. Business analysis comprises IT solutions, market challenges, policy development and strategic matters.",,knowledge,cross-sector,released,2024-02-09T17:29:10.678Z,ESCO,1.2.1,"BUSINESS,HR",http://data.europa.eu/esco/occupation/1fce1be0-bf52-449b-9a2b-3f2cc710290a|http://data.europa.eu/esco/occupation/60082a99-d8ef-4e84-9290-78902681b6ed,compensation analyst|business analyst,essential|essential,PENDING,
http://data.europa.eu/esco/skill/6345d3a4-7d1a-40a9-9a82-6ed06beffe7b,online job platforms,"on-line job platforms
online job platform
online employment sites
online employment portals
online job portals
online job sites",,Online platforms which display job offers.,,knowledge,occupation-specific,released,2024-02-09T17:29:16.725Z,ESCO,1.2.1,HR,http://data.europa.eu/esco/occupation/a6e8a6bf-9209-4d19-a131-a8b6431e0f75,talent acquisition manager,essential,PENDING,
http://data.europa.eu/esco/skill/6360a934-cc87-4954-9656-b32db20592e3,quantitative analysis,quantitative data analysis,,The technique of employing statistical and mathematical modelling and measurement to represent a specific reality through numbers.,,knowledge,cross-sector,released,2023-11-29T16:26:13.467Z,ESCO,1.2.1,IT,http://data.europa.eu/esco/occupation/258e46f9-0075-4a2e-adae-1ff0477e0f30,data scientist,essential,PENDING,
http://data.europa.eu/esco/skill/63f0aa84-5e4c-4eb6-8e8c-876d9feedf1f,Outsourcing model,OBS,,"The outsourcing model consists of principles and fundamentals of service-oriented modelling for business and software systems that allow the design and specification of service-oriented business systems within a variety of architectural styles, such as enterprise architecture.",,knowledge,sector-specific,released,2025-06-25T08:20:05.218Z,ESCO,1.2.1,IT,http://data.europa.eu/esco/occupation/7754d570-9519-48c2-b1c9-8e165f8bca0f,cybersecurity risk manager,optional,PENDING,
http://data.europa.eu/esco/skill/6417a4cc-6f61-4459-a114-761a7fa0279d,Puppet (tools for software configuration management),Puppet,,"The tool Puppet is a software program to perform configuration identification, control, status accounting and audit.",,knowledge,sector-specific,released,2022-07-05T14:33:44.716Z,ESCO,1.2.1,IT,http://data.europa.eu/esco/occupation/57af9090-55b4-4911-b2d0-86db01c00b02|http://data.europa.eu/esco/occupation/c40a2919-48a9-40ea-b506-1f34f693496d,embedded systems software developer|web developer,optional|optional,PENDING,
http://data.europa.eu/esco/skill/6430eb0d-c6de-46b7-a7fc-3dd2e8e62a69,use ICT ticketing system,use e-ticketing system,,"Utilise a specialised system to track registration, processing and resolution of issues in an organisation by assigning each of these issues a ticket, registering inputs from involved persons, tracking changes and displaying the status of the ticket, until it is completed.",,skill/competence,cross-sector,released,2023-05-05T16:10:20.935Z,ESCO,1.2.1,IT,http://data.europa.eu/esco/occupation/7754d570-9519-48c2-b1c9-8e165f8bca0f,cybersecurity risk manager,optional,PENDING,
http://data.europa.eu/esco/skill/6457122e-5eed-4817-9f67-c3edb607fef6,evaluate advertising campaign,"evaluating advertising campaign
evaluate ad campaign
assess advertising campaign
review advertising campaign
evaluate advertising campaigns",,Assess the performance of the advertising campaign after implementation and conclusion. Check if objectives were met and if the campaign was successful.,,skill/competence,cross-sector,released,2024-02-09T17:29:15.235Z,ESCO,1.2.1,BUSINESS,http://data.europa.eu/esco/occupation/6fcf4638-e7c7-4978-9302-9a7b63a3d57c,marketing manager,essential,PENDING,
http://data.europa.eu/esco/skill/646d871b-4503-4dc8-a076-06d7085e4cde,promote human rights,"advocate for human rights
promote human right laws",,"Promote and respect human rights and diversity in light of the physical, psychological, spiritual and social needs of autonomous individuals, taking into account their opinions, beliefs and values, and the international and national codes of ethics, as well as the ethical implications of healthcare provision, ensuring their right to privacy and honouring for the confidentiality of healthcare information.",,skill/competence,cross-sector,released,2024-02-09T17:29:09.009Z,ESCO,1.2.1,HR,http://data.europa.eu/esco/occupation/d3e32e5e-7f24-48e3-b939-e4f800eb62fb,human resources officer,optional,PENDING,
http://data.europa.eu/esco/skill/64852ade-6ae1-4760-ba4a-976bf07ca255,manage disaster recovery plans,prepare disaster recovery plans,,"Prepare, test and execute, when necessary, a plan of action to retrieve or compensate lost information system data.",,skill/competence,cross-sector,released,2025-06-25T08:45:06.159Z,ESCO,1.2.1,IT,http://data.europa.eu/esco/occupation/7754d570-9519-48c2-b1c9-8e165f8bca0f,cybersecurity risk manager,optional,PENDING,
http://data.europa.eu/esco/skill/64be6a06-52e8-4f5c-b64d-caa516cfa291,depreciation,"devaluation
decrease in value",,The accounting method of dividing the value of an asset over its useful life for the allocation of cost per fiscal year and in parallel to decrease the value of the asset from the accounts of the company.,,knowledge,sector-specific,released,2024-02-09T17:29:10.678Z,ESCO,1.2.1,BUSINESS,http://data.europa.eu/esco/occupation/04f39bfa-bc03-4480-98bc-b18ce4fe4b4b,accounting manager,essential,PENDING,
http://data.europa.eu/esco/skill/64e09849-a7db-4d6b-a932-66264420eb97,apply social media marketing,"administer social media marketing
social media marketing application
implement social media marketing
application of social media marketing
utilise social media marketing
employ social media marketing
applying social media marketing",,"Employ website traffic of social media such as Facebook and Twitter to generate attention and participation of existing and potential customers through discussion forums, web logs, microblogging and social communities for gaining a quick overview or insight into topics and opinions in the social web and handle inbound leads or inquiries.",,skill/competence,cross-sector,released,2024-02-09T17:29:09.851Z,ESCO,1.2.1,"BUSINESS,HR",http://data.europa.eu/esco/occupation/068370e0-9c27-4814-87d0-44fbb3140815|http://data.europa.eu/esco/occupation/6fcf4638-e7c7-4978-9302-9a7b63a3d57c|http://data.europa.eu/esco/occupation/d3e32e5e-7f24-48e3-b939-e4f800eb62fb,recruitment consultant|marketing manager|human resources officer,optional|optional|optional,PENDING,
http://data.europa.eu/esco/skill/6556cbf1-d5c0-4f53-89a9-8707066069a6,evaluate budgets,"assess budgets
evaluate budget
review budgets
analyse budgets",,"Read budget plans, analyse the expenditures and incomes planned during certain period, and provide judgement on their abidance to the general plans of the company or organism.",,skill/competence,cross-sector,released,2024-02-09T17:29:12.215Z,ESCO,1.2.1,BUSINESS,http://data.europa.eu/esco/occupation/04f39bfa-bc03-4480-98bc-b18ce4fe4b4b,accounting manager,essential,PENDING,
http://data.europa.eu/esco/skill/65715f7a-c791-416b-b88a-2933a1c81647,recruit personnel,"personnel recruiting
hire personnel
hiring personnel
personnel hiring
recruiting personnel",,Carry out assessment and recruitment of personnel for the production.,,skill/competence,cross-sector,released,2024-02-09T17:29:09.009Z,ESCO,1.2.1,HR,http://data.europa.eu/esco/occupation/a6e8a6bf-9209-4d19-a131-a8b6431e0f75|http://data.europa.eu/esco/occupation/f605bcd2-90b6-45a0-a558-d05016d68a77,talent acquisition manager|human resources manager,optional|essential,PENDING,
http://data.europa.eu/esco/skill/65ca5e3c-940c-46b2-b277-aff394cfdd4c,establish daily priorities,"set daily priorities for staff
set staff priorities
daily establishment of priorities
set priorities for staff
give daily priorities to staff
establishment of daily priorities
establishing daily priorities
establishing of daily priorities",,Establish daily priorities for staff personnel; effectively deal with multi-task workload.,,skill/competence,cross-sector,released,2024-02-09T17:29:16.725Z,ESCO,1.2.1,BUSINESS,http://data.europa.eu/esco/occupation/bea99fea-0383-4c63-b944-70d4799de2c5,project manager,essential,PENDING,
http://data.europa.eu/esco/skill/65e58886-bd1e-4c5b-8ca5-8d9b353c8aa1,data visualisation software,data presentation software,"Microsoft Power BI
ggplot2
Power BI
Tableau","A computer tool or application that creates a graphical and visual representation of data, allowing a better understanding and interpretation of complex data through visual elements such as maps, charts, infographics or graphs.",,knowledge,cross-sector,released,2023-11-29T16:28:10.548Z,ESCO,1.2.1,"IT,BUSINESS",http://data.europa.eu/esco/occupation/258e46f9-0075-4a2e-adae-1ff0477e0f30|http://data.europa.eu/esco/occupation/60082a99-d8ef-4e84-9290-78902681b6ed|http://data.europa.eu/esco/occupation/d3edb8f8-3a06-47a0-8fb9-9b212c006aa2,data scientist|business analyst|data analyst,essential|essential|essential,PENDING,
http://data.europa.eu/esco/skill/660060e4-c418-4049-836b-beade5f8a4a8,create annual marketing budget,"draft annual marketing budget
create marketing annual budget
create annual budget for marketing
prepare annual marketing budget",,"Make the calculation of both the income and expenditures that are expected to be paid over the coming year concerning the marketing related activities such as advertising, selling and delivering products to people.",,skill/competence,cross-sector,released,2024-02-09T17:29:12.952Z,ESCO,1.2.1,BUSINESS,http://data.europa.eu/esco/occupation/6fcf4638-e7c7-4978-9302-9a7b63a3d57c,marketing manager,essential,PENDING,
http://data.europa.eu/esco/skill/66d47084-9437-48b2-819b-c4c8214ed650,interview people,"ask questions and evaluate answers
do interviews
interview individuals
ask questions and keep record of answers
interview groups of people",,Interview people in a range of different circumstances.,,skill/competence,sector-specific,released,2024-02-09T17:29:12.215Z,ESCO,1.2.1,"BUSINESS,HR",http://data.europa.eu/esco/occupation/068370e0-9c27-4814-87d0-44fbb3140815|http://data.europa.eu/esco/occupation/60082a99-d8ef-4e84-9290-78902681b6ed|http://data.europa.eu/esco/occupation/d3e32e5e-7f24-48e3-b939-e4f800eb62fb|http://data.europa.eu/esco/occupation/f605bcd2-90b6-45a0-a558-d05016d68a77,recruitment consultant|business analyst|human resources officer|human resources manager,essential|optional|essential|optional,PENDING,
http://data.europa.eu/esco/skill/66db424f-2abe-420d-8e5b-186607266b61,corporate social responsibility,"CSR
sustainable responsible business
social performance
corporate citizenship
corporate conscience
responsible business
collective civil responsibility",,The handling or managing of business processes in a responsible and ethical manner considering the economic responsibility towards shareholders as equally important as the responsibility towards environmental and social stakeholders.,,knowledge,sector-specific,released,2024-02-09T17:29:09.009Z,ESCO,1.2.1,"BUSINESS,HR",http://data.europa.eu/esco/occupation/04f39bfa-bc03-4480-98bc-b18ce4fe4b4b|http://data.europa.eu/esco/occupation/1fce1be0-bf52-449b-9a2b-3f2cc710290a|http://data.europa.eu/esco/occupation/6fcf4638-e7c7-4978-9302-9a7b63a3d57c|http://data.europa.eu/esco/occupation/bea99fea-0383-4c63-b944-70d4799de2c5|http://data.europa.eu/esco/occupation/f605bcd2-90b6-45a0-a558-d05016d68a77,accounting manager|compensation analyst|marketing manager|project manager|human resources manager,essential|essential|essential|optional|optional,PENDING,
http://data.europa.eu/esco/skill/6789defa-dc57-42a8-b2ed-2b8c349aa3e2,determine salaries,"determining salaries
fix remuneration
determine the salary
establish salaries",,Determine salaries for employees.,,skill/competence,cross-sector,released,2024-02-09T17:29:12.215Z,ESCO,1.2.1,HR,http://data.europa.eu/esco/occupation/068370e0-9c27-4814-87d0-44fbb3140815|http://data.europa.eu/esco/occupation/1fce1be0-bf52-449b-9a2b-3f2cc710290a|http://data.europa.eu/esco/occupation/d3e32e5e-7f24-48e3-b939-e4f800eb62fb,recruitment consultant|compensation analyst|human resources officer,optional|essential|optional,PENDING,
http://data.europa.eu/esco/skill/679e221d-4e86-49af-8e91-ae8c6fe8e5ae,approve advertising campaign,"endorse advertising campaign
support advertising campaign
approve advertising campaigns
approving advertising campaign
approve ad campaign",,"Check all advertising material such as leaflets, websites, television commercials and newspaper ads to make sure they comply with the advertising strategy and customer requirements. Approve the way of distribution.",,skill/competence,cross-sector,released,2024-02-09T17:29:15.235Z,ESCO,1.2.1,BUSINESS,http://data.europa.eu/esco/occupation/6fcf4638-e7c7-4978-9302-9a7b63a3d57c,marketing manager,optional,PENDING,
http://data.europa.eu/esco/skill/67a118f4-8a5f-48f7-8e5f-de34b9ca2c37,hybrid model,"knowledge of hybrid model
theory of hybrid model
Hybrid model
hybrid model principles
hybrid model fundamentals",,"The hybrid model consists of principles and fundamentals of service-oriented modelling for business and software systems that allow the design and specification of service-oriented business systems within a variety of architectural styles, such as enterprise architecture.",,knowledge,sector-specific,released,2024-02-28T15:50:30.82Z,ESCO,1.2.1,IT,http://data.europa.eu/esco/occupation/7754d570-9519-48c2-b1c9-8e165f8bca0f,cybersecurity risk manager,optional,PENDING,
http://data.europa.eu/esco/skill/67f21527-ca9d-4c76-8571-3cf74e3ce979,create media plan,"develop media plan
come up with media plan
create media plans
make media plan
creating media plan",,"Determine how, where and when advertisments will be distributed in various media. Decide on consumer target group, area and marketing objectives in order to choose the media platform for advertising.",,skill/competence,sector-specific,released,2024-02-09T17:29:14.494Z,ESCO,1.2.1,BUSINESS,http://data.europa.eu/esco/occupation/6fcf4638-e7c7-4978-9302-9a7b63a3d57c,marketing manager,optional,PENDING,
http://data.europa.eu/esco/skill/683bc3e3-6ec1-4ad2-8d62-d0ac1fabbe76,use analytics for commercial purposes,"use analytics for commercial purpose
utilize analytics for commercial purposes
use commercial analytics
work with analytics for commercial purposes
using analytics for commercial purposes",,"Understand, extract and make use of patterns found in data. Use analytics to describe consistent happenings in observed samples in order to apply them to commercial plans, strategies, and corporate quests.",,skill/competence,cross-sector,released,2024-02-09T17:29:12.952Z,ESCO,1.2.1,BUSINESS,http://data.europa.eu/esco/occupation/6fcf4638-e7c7-4978-9302-9a7b63a3d57c,marketing manager,optional,PENDING,
http://data.europa.eu/esco/skill/68698869-c13c-4563-adc7-118b7644f45d,identify customer's needs,"diagnose customer's needs
analyse customer's needs
identifying a customer's needs
map out customer requirements into pragmatic actions
identifying customer's needs
classify customer's needs
determine customer's needs
identify a customer's needs",,"Use appropriate questions and active listening in order to identify customer expectations, desires and requirements according to product and services.",,skill/competence,sector-specific,released,2025-02-27T12:45:08.961Z,ESCO,1.2.1,HR,http://data.europa.eu/esco/occupation/068370e0-9c27-4814-87d0-44fbb3140815,recruitment consultant,essential,PENDING,
http://data.europa.eu/esco/skill/68ef0e4d-5542-4e64-84f4-752cce5a3c22,statistical modeling techniques,statistical modeling,,The approaches for employing statistical analysis to dataset within the data science field. It seeks to elaborate reality predictions through statistical models and explicit assumptions.,,knowledge,sector-specific,released,2023-10-30T10:14:30.511Z,ESCO,1.2.1,IT,http://data.europa.eu/esco/occupation/258e46f9-0075-4a2e-adae-1ff0477e0f30|http://data.europa.eu/esco/occupation/d3edb8f8-3a06-47a0-8fb9-9b212c006aa2,data scientist|data analyst,essential|optional,PENDING,
http://data.europa.eu/esco/skill/694dc996-52f3-4afa-a802-672e19f061b7,crowdsourcing strategy,crowdsourcing plans,,"The high level planning for managing and optimising business processes, ideas or content by gathering contributions from a big community of people, including on-line groups.",,knowledge,sector-specific,released,2025-06-25T08:20:05.218Z,ESCO,1.2.1,BUSINESS,http://data.europa.eu/esco/occupation/57b459d4-655c-4053-b189-3c249ce33faf|http://data.europa.eu/esco/occupation/bea99fea-0383-4c63-b944-70d4799de2c5,ICT business development manager|project manager,optional|optional,PENDING,
http://data.europa.eu/esco/skill/696e3b5b-8b61-45af-ae4c-3ab700f197ec,information extraction,information extraction techniques,,The techniques and methods used for eliciting and extracting information from unstructured or semi-structured digital documents and sources.,,knowledge,sector-specific,released,2025-06-25T08:20:05.218Z,ESCO,1.2.1,"IT,BUSINESS",http://data.europa.eu/esco/occupation/258e46f9-0075-4a2e-adae-1ff0477e0f30|http://data.europa.eu/esco/occupation/57b459d4-655c-4053-b189-3c249ce33faf|http://data.europa.eu/esco/occupation/d3edb8f8-3a06-47a0-8fb9-9b212c006aa2|http://data.europa.eu/esco/occupation/fe0fa514-b48d-4a53-9757-a283c0baacf0,data scientist|ICT business development manager|data analyst|ICT business analyst,essential|optional|essential|optional,PENDING,
http://data.europa.eu/esco/skill/69bbd53f-fbb0-4476-b4b2-ef7844464e28,web programming,markup programming,,"The programming paradigm that is based on combining markup (which adds context and structure to text) and other web programming code, such as AJAX, javascript and PHP, in order to carry out appropriate actions and visualise the content.",,knowledge,sector-specific,released,2024-02-09T17:29:10.678Z,ESCO,1.2.1,IT,http://data.europa.eu/esco/occupation/c40a2919-48a9-40ea-b506-1f34f693496d,web developer,essential,PENDING,
http://data.europa.eu/esco/skill/69cfc5ed-6569-4aca-a4cc-fd782ba51d9c,implement ICT risk management,,,"Develop and implement procedures for identifying, assessing, treating and mitigating ICT risks, such as hacks or data leaks, according to the company's risk strategy, procedures and policies. Analyse and manage security risks and incidents. Recommend measures to improve digital security strategy.",,skill/competence,sector-specific,released,2025-02-27T12:45:08.961Z,ESCO,1.2.1,IT,http://data.europa.eu/esco/occupation/7754d570-9519-48c2-b1c9-8e165f8bca0f,cybersecurity risk manager,essential,PENDING,
http://data.europa.eu/esco/skill/69f0167e-75d9-46cf-847f-72a592880ebb,STAF,STAF software,,"The tool STAF is a software program to perform configuration identification, control, status accounting and audit.",,knowledge,sector-specific,released,2025-06-25T08:20:05.218Z,ESCO,1.2.1,IT,http://data.europa.eu/esco/occupation/57af9090-55b4-4911-b2d0-86db01c00b02|http://data.europa.eu/esco/occupation/c40a2919-48a9-40ea-b506-1f34f693496d,embedded systems software developer|web developer,optional|optional,PENDING,
http://data.europa.eu/esco/skill/69f23426-9279-4fe6-a283-24c2aa4c855d,ensure equipment availability,"provide apparatus availability
provide equipment availability
safeguard equipment availability
safeguard apparatus availability
assure equipment availability
secure apparatus availability
assure apparatus availability
secure equipment availability",,"Ensure that the necessary equipment is provided, ready and available for use before start of procedures.",,skill/competence,cross-sector,released,2024-02-09T17:29:15.235Z,ESCO,1.2.1,BUSINESS,http://data.europa.eu/esco/occupation/bea99fea-0383-4c63-b944-70d4799de2c5,project manager,essential,PENDING,
http://data.europa.eu/esco/skill/69f36674-440a-4fa0-89f9-1b70172ebb9d,advise on communication strategies,"give recommendations on communication strategies
advise on communications strategies
advise on communication strategy
counsel on communication strategies
advising on communication strategies
offer suggestions on communication strategies",,"Provide companies and organisations with consulting services concerning their internal and external communication plans and their representation, including their presence online. Recommend improvements in communication and make sure that important information reaches all employees and that their questions are answered.",,skill/competence,cross-sector,released,2024-02-09T17:29:12.215Z,ESCO,1.2.1,BUSINESS,http://data.europa.eu/esco/occupation/60082a99-d8ef-4e84-9290-78902681b6ed,business analyst,optional,PENDING,
http://data.europa.eu/esco/skill/6a322874-e32f-4cd8-9683-badce67a7f73,develop automated software tests,"generate automated software tests
build automated software tests
design automated software tests",,"Create software test sets in an automated manner, ​using specialised languages or tools, that can be performed by testing tools in order to save resources, gain efficiency and effectiveness in test execution.",,skill/competence,sector-specific,released,2024-02-09T17:29:14.494Z,ESCO,1.2.1,IT,http://data.europa.eu/esco/occupation/106f79e4-6264-45f1-9e7a-297435cd684b,software tester,optional,PENDING,
http://data.europa.eu/esco/skill/6a536b36-c5c7-4d10-bf67-a4fb0f8549b2,audit techniques,"audit procedures
battery audit process",,"The techniques and methods that support a systematic and independent examination of data, policies, operations and performances using computer-assisted audit tools and techniques (CAATs) such as spreadsheets, databases, statistical analysis and business intelligence software.",,knowledge,cross-sector,released,2025-06-25T08:20:05.218Z,ESCO,1.2.1,IT,http://data.europa.eu/esco/occupation/106f79e4-6264-45f1-9e7a-297435cd684b|http://data.europa.eu/esco/occupation/7754d570-9519-48c2-b1c9-8e165f8bca0f,software tester|cybersecurity risk manager,optional|optional,PENDING,
http://data.europa.eu/esco/skill/6a609f8f-1451-4102-ad2d-62c5270e1237,office administration,"office control
office organisation
office management",,"The paperwork processes related to the administrative areas of an office environment. The activities or processes may include financial planning, record keeping and billing and managing the general logistics of an organisation.",,knowledge,sector-specific,released,2024-02-09T17:29:11.47Z,ESCO,1.2.1,BUSINESS,http://data.europa.eu/esco/occupation/bea99fea-0383-4c63-b944-70d4799de2c5,project manager,optional,PENDING,
http://data.europa.eu/esco/skill/6a7792a9-888a-46ad-afc9-2c0d94c8fde6,create business process models,"develop business process diagrams
design business process models",,"Develop formal and informal descriptions of the business processes and the organisational structure by using business process models, notations and tools.",,skill/competence,cross-sector,released,2025-06-25T08:45:06.159Z,ESCO,1.2.1,BUSINESS,http://data.europa.eu/esco/occupation/fe0fa514-b48d-4a53-9757-a283c0baacf0,ICT business analyst,essential,PENDING,
http://data.europa.eu/esco/skill/6b643893-0a1f-4f6c-83a1-e7eef75849b9,develop with cloud services,"code with cloud services
write code with cloud services
develop cloud applications",,"Write code that interacts with cloud services by using APIs, SDKs, and cloud CLI. Write code for serverless applications, translate functional requirements into application design, implement application design into application code.",,skill/competence,sector-specific,released,2022-07-05T14:33:28.658Z,ESCO,1.2.1,IT,http://data.europa.eu/esco/occupation/349ee6f6-c295-4c38-9b98-48765b55280e|http://data.europa.eu/esco/occupation/7754d570-9519-48c2-b1c9-8e165f8bca0f,cloud engineer|cybersecurity risk manager,essential|optional,PENDING,
http://data.europa.eu/esco/skill/6b6a9252-2ed7-4862-a02f-1578f4a532ea,Eclipse (integrated development environment software),"Eclipse
knowledge of Eclipse
Eclipse IDE",,"The computer program Eclipse is a suite of software development tools for writing programs, such as compiler, debugger, code editor, code highlights, packaged in a unified user interface. It is developed by the Eclipse Foundation.",,knowledge,sector-specific,released,2024-02-29T16:25:37.513Z,ESCO,1.2.1,IT,http://data.europa.eu/esco/occupation/57af9090-55b4-4911-b2d0-86db01c00b02|http://data.europa.eu/esco/occupation/c40a2919-48a9-40ea-b506-1f34f693496d,embedded systems software developer|web developer,optional|optional,PENDING,
http://data.europa.eu/esco/skill/6c08403c-a5bb-4868-b8c2-b7d039c0e511,design database scheme,develop database scheme,,"Draft a database scheme by following the Relational Database Management System (RDBMS) rules in order to create a logically arranged group of objects such as tables, columns and processes.",,skill/competence,sector-specific,released,2025-06-25T12:15:04.406Z,ESCO,1.2.1,IT,http://data.europa.eu/esco/occupation/258e46f9-0075-4a2e-adae-1ff0477e0f30,data scientist,essential,PENDING,
http://data.europa.eu/esco/skill/6c870993-9341-438b-91c0-c7fe4f96d8f5,apply strategic thinking,"apply techniques for strategic thinking
think strategically
apply strategic thinking techniques
move strategically",,"Apply generation and effective application of business insights and possible opportunities, in order to achieve competitive business advantage on a long-term basis.",,skill/competence,cross-sector,released,2024-02-09T17:29:15.968Z,ESCO,1.2.1,BUSINESS,http://data.europa.eu/esco/occupation/6fcf4638-e7c7-4978-9302-9a7b63a3d57c,marketing manager,essential,PENDING,
http://data.europa.eu/esco/skill/6d289e8b-2cc1-4eda-ab1f-ad1090ef98f0,WordPress,WordPress CMS,,"The open-source web-based software systems used for creating, editing, publishing and archiving blogs, articles, web pages or press releases which are mostly managed by users with limited web programming knowledge.",,knowledge,sector-specific,released,2025-06-25T08:20:05.218Z,ESCO,1.2.1,IT,http://data.europa.eu/esco/occupation/c40a2919-48a9-40ea-b506-1f34f693496d,web developer,optional,PENDING,
http://data.europa.eu/esco/skill/6e66fa0f-4d3b-415e-9693-dc556eb5112a,manage corporate training programmes,"manages corporate training programmes
supervise corporate training programmes
managing corporate training programmes
oversee corporate training programmes
manage corporate training program
coordinate corporate training programmes
manage corporate training programs",,Monitor and regulate the coaching courses offered to organisations for developing the skills of their employees.,,skill/competence,cross-sector,released,2016-12-20T18:27:03Z,ESCO,1.2.1,HR,http://data.europa.eu/esco/occupation/f605bcd2-90b6-45a0-a558-d05016d68a77,human resources manager,optional,PENDING,
http://data.europa.eu/esco/skill/6eff134b-e34f-4d6e-a6e8-5e47cf2228d0,risk management,"risk governance
risk administration
hazard manamagent
risk assessment",,"The process of identifying, assessing, and prioritising of all types of risks and where they could come from, such as natural causes, legal changes, or uncertainty in any given context, and the methods for dealing with risks effectively.",,knowledge,cross-sector,released,2024-02-09T17:29:10.678Z,ESCO,1.2.1,"IT,BUSINESS",http://data.europa.eu/esco/occupation/60082a99-d8ef-4e84-9290-78902681b6ed|http://data.europa.eu/esco/occupation/7754d570-9519-48c2-b1c9-8e165f8bca0f,business analyst|cybersecurity risk manager,essential|essential,PENDING,
http://data.europa.eu/esco/skill/6f1edc19-191f-4ba5-a048-ee69aff05bab,security engineering,"information security engineering
network security engineering
systems security engineering
security management",,"Interdisciplinary field of study that focuses on the realisation of secure systems and the technology to protect individuals or information from malice, errors, or unauthorized access. It involves defining security protection requirements, processes, and methods to ensure the resilience of systems and data.",,knowledge,cross-sector,released,2024-01-29T11:34:28.451Z,ESCO,1.2.1,IT,http://data.europa.eu/esco/occupation/349ee6f6-c295-4c38-9b98-48765b55280e|http://data.europa.eu/esco/occupation/7754d570-9519-48c2-b1c9-8e165f8bca0f,cloud engineer|cybersecurity risk manager,optional|essential,PENDING,
http://data.europa.eu/esco/skill/6f8a40d6-f9ce-43ec-a72f-d4213a53f3ed,Ansible,Ansible automation tool,,"The tool Ansible is a software program to perform configuration identification, control, status accounting and audit.",,knowledge,sector-specific,released,2025-06-25T08:20:05.218Z,ESCO,1.2.1,IT,http://data.europa.eu/esco/occupation/57af9090-55b4-4911-b2d0-86db01c00b02|http://data.europa.eu/esco/occupation/c40a2919-48a9-40ea-b506-1f34f693496d,embedded systems software developer|web developer,optional|optional,PENDING,
http://data.europa.eu/esco/skill/6f8baa62-bc2b-4cc1-942b-f540c837cfa2,outsourcing strategy,"outsourcing policies and procedures
outsourcing and partner management strategy
outsourcing management strategy",,The high level planning for managing and optimising external services of providers to execute business processes.,,knowledge,sector-specific,released,2025-06-25T08:20:05.218Z,ESCO,1.2.1,BUSINESS,http://data.europa.eu/esco/occupation/57b459d4-655c-4053-b189-3c249ce33faf|http://data.europa.eu/esco/occupation/bea99fea-0383-4c63-b944-70d4799de2c5,ICT business development manager|project manager,optional|optional,PENDING,
http://data.europa.eu/esco/skill/6fa1c2c0-a012-4ca0-9642-e01569ba322c,ICT system integration,system integration,,"The principles of integrating ICT components and products from a number of sources to create an operational ICT system, techniques which ensure interoperability and interfaces between components and the system.",,knowledge,sector-specific,released,2024-02-09T17:29:15.235Z,ESCO,1.2.1,IT,http://data.europa.eu/esco/occupation/349ee6f6-c295-4c38-9b98-48765b55280e,cloud engineer,essential,PENDING,
http://data.europa.eu/esco/skill/6fce8d3f-a15f-4f26-943a-d200b32f6949,monitor company policy,"view company policy
oversee company policy
company policy monitoring
supervise company policy
watch company policy
monitoring company policy",,Monitor the company's policy and propose improvements to the company.,,skill/competence,cross-sector,released,2024-02-09T17:29:11.47Z,ESCO,1.2.1,HR,http://data.europa.eu/esco/occupation/d3e32e5e-7f24-48e3-b939-e4f800eb62fb|http://data.europa.eu/esco/occupation/f605bcd2-90b6-45a0-a558-d05016d68a77,human resources officer|human resources manager,optional|essential,PENDING,
http://data.europa.eu/esco/skill/7049ac98-0368-4bb2-84d4-5366d1c0f2ac,conduct online competitive analysis,"assess online competitors
run competitive analysis
carry out analysis of online competitors",,Assess strengths and weaknesses of current and potential competitors. Analyse competitors' web strategies.,,skill/competence,sector-specific,released,2024-02-29T16:13:15.961Z,ESCO,1.2.1,BUSINESS,http://data.europa.eu/esco/occupation/6fcf4638-e7c7-4978-9302-9a7b63a3d57c,marketing manager,optional,PENDING,
http://data.europa.eu/esco/skill/71057622-0cc1-4cce-b36c-b32a7071b017,facilitate job market access,"facilitate access to job market
facilitating job market access
assist in gaining access to job market
help in gaining access to job market
enable job market access",,"Improve the chances of individuals to find a job, by teaching the required qualifications and interpersonal skills, through training and development programs, workshops or employment projects.",,skill/competence,sector-specific,released,2024-02-09T17:29:13.7Z,ESCO,1.2.1,HR,http://data.europa.eu/esco/occupation/068370e0-9c27-4814-87d0-44fbb3140815,recruitment consultant,optional,PENDING,
http://data.europa.eu/esco/skill/7106b5df-e017-4c28-8c40-98814db5b775,Prince2 project management,"Prince II
PRojects IN Controlled Environments
PRINCE2",,"The PRINCE2 management approach is a methodology for planning, managing and overseeing of ICT resources in order to meet specific goals and using project management ICT tools.",,knowledge,sector-specific,released,2025-04-16T10:01:34.488Z,ESCO,1.2.1,BUSINESS,http://data.europa.eu/esco/occupation/bea99fea-0383-4c63-b944-70d4799de2c5,project manager,optional,PENDING,
http://data.europa.eu/esco/skill/7111b95d-0ce3-441a-9d92-4c75d05c4388,project management,"fundamentals of programme management
management of programmes
management of projects
fundamentals of project management
principles of project management
programme management
principles of programme management
programme management activities
project management activities",,"The discipline of project management, the activities which comprise this area and the variables implied in it, such as time, resources, requirements, deadlines, and responding to unexpected events.",,knowledge,sector-specific,released,2025-02-27T12:45:08.961Z,ESCO,1.2.1,BUSINESS,http://data.europa.eu/esco/occupation/6fcf4638-e7c7-4978-9302-9a7b63a3d57c|http://data.europa.eu/esco/occupation/bea99fea-0383-4c63-b944-70d4799de2c5,marketing manager|project manager,essential|essential,PENDING,
http://data.europa.eu/esco/skill/71152876-b629-4a99-b9ea-0f25a0d07e4e,negotiate sales contracts,"debate sales contracts
negotiating sales contracts
negotiate a sales contract
sales contract negotiations
consult on sales contracts
settle sales contracts
confer on sales contracts",,"Come to an agreement between commercial partners with a focus on terms and conditions, specifications, delivery time, price etc.",,skill/competence,sector-specific,released,2024-02-09T17:29:12.215Z,ESCO,1.2.1,BUSINESS,http://data.europa.eu/esco/occupation/6fcf4638-e7c7-4978-9302-9a7b63a3d57c,marketing manager,optional,PENDING,
http://data.europa.eu/esco/skill/713fb616-118e-40bc-9366-4a69879a49d5,implement data quality processes,verify data,,"Apply quality analysis, validation and verification techniques on data to check data quality integrity.",,skill/competence,cross-sector,released,2024-02-09T17:29:10.678Z,ESCO,1.2.1,IT,http://data.europa.eu/esco/occupation/258e46f9-0075-4a2e-adae-1ff0477e0f30|http://data.europa.eu/esco/occupation/d3edb8f8-3a06-47a0-8fb9-9b212c006aa2,data scientist|data analyst,essential|essential,PENDING,
http://data.europa.eu/esco/skill/714eebcb-569a-4f1b-b592-28f70b59a9ba,develop staff,"developing staff
help strengthen staff
build up staff",,"Lead employees to meet the organisations expectations for productivity, quality and goal accomplishment. Provide effective performance feedback through employee recognition and reward in conjunction with the Human Resources Manager as required.",,skill/competence,cross-sector,released,2024-02-09T17:29:16.725Z,ESCO,1.2.1,HR,http://data.europa.eu/esco/occupation/f605bcd2-90b6-45a0-a558-d05016d68a77,human resources manager,essential,PENDING,
http://data.europa.eu/esco/skill/7159e587-c7cb-4ec0-a662-03e1dee2cccb,research design,research design methods,,"The set of methods and techniques of research that are used to conduct a study. It includes practical steps in research such as purpose statement, data collection, methodology, and data analysis.",,knowledge,cross-sector,released,2024-07-03T13:27:58.973Z,ESCO,1.2.1,IT,http://data.europa.eu/esco/occupation/258e46f9-0075-4a2e-adae-1ff0477e0f30|http://data.europa.eu/esco/occupation/d3edb8f8-3a06-47a0-8fb9-9b212c006aa2,data scientist|data analyst,optional|optional,PENDING,
http://data.europa.eu/esco/skill/71746a0b-e58d-4dc4-ad03-bd84082eae21,collect customer feedback on applications,analyse business objectives and customer interests,,Gather a response and analyse data from customers to identify requests or problems in order to improve applications and overall customer satisfaction.,,skill/competence,cross-sector,released,2024-02-09T17:29:15.235Z,ESCO,1.2.1,"IT,BUSINESS",http://data.europa.eu/esco/occupation/57af9090-55b4-4911-b2d0-86db01c00b02|http://data.europa.eu/esco/occupation/57b459d4-655c-4053-b189-3c249ce33faf|http://data.europa.eu/esco/occupation/c40a2919-48a9-40ea-b506-1f34f693496d,embedded systems software developer|ICT business development manager|web developer,optional|essential|essential,PENDING,
http://data.europa.eu/esco/skill/7253d98c-4a6d-4e37-8b6c-accca9f4b639,develop ICT test suite,design software testing,,Create a series of test cases to check software behaviour versus specifications. These test cases are then to be used during subsequent testing.,,skill/competence,sector-specific,released,2024-02-09T17:29:12.952Z,ESCO,1.2.1,IT,http://data.europa.eu/esco/occupation/106f79e4-6264-45f1-9e7a-297435cd684b,software tester,optional,PENDING,
http://data.europa.eu/esco/skill/728ad40d-4a79-4b4d-b77b-a48d094d73fa,evaluate training,"evaluate the training
assess training programme
evaluating training
analyse training outcome",,"Assess the realisation of the training's learning outcomes and goals, the quality of teaching, and give transparent feedback to the trainers and trainees.",,skill/competence,cross-sector,released,2024-02-09T17:29:13.7Z,ESCO,1.2.1,HR,http://data.europa.eu/esco/occupation/d3e32e5e-7f24-48e3-b939-e4f800eb62fb|http://data.europa.eu/esco/occupation/f605bcd2-90b6-45a0-a558-d05016d68a77,human resources officer|human resources manager,optional|essential,PENDING,
http://data.europa.eu/esco/skill/73e7e2f4-7e5f-4e6c-86c2-3b5fbd191172,maintain privacy of service users,"maintain privacy of service user
ensure privacy of service users
ensure privacy of service user
respect privacy of service users",,"Respect and maintain the dignity and privacy of the client, protecting his or her confidential information and clearly explaining policies about confidentiality to the client and other parties involved.",,skill/competence,cross-sector,released,2024-02-09T17:29:15.235Z,ESCO,1.2.1,HR,http://data.europa.eu/esco/occupation/068370e0-9c27-4814-87d0-44fbb3140815,recruitment consultant,essential,PENDING,
http://data.europa.eu/esco/skill/74cb80c4-df6b-4d79-a153-cb7b3b3b6eb0,plan social media marketing campaigns,"organise digital campaigns
organise social media marketing campaigns",,Plan and implement a marketing campaign on social media.,,skill/competence,sector-specific,released,2022-07-05T14:38:14.9Z,ESCO,1.2.1,BUSINESS,http://data.europa.eu/esco/occupation/6fcf4638-e7c7-4978-9302-9a7b63a3d57c,marketing manager,essential,PENDING,
http://data.europa.eu/esco/skill/74e49482-75e8-4637-bdb1-fff868d02f7a,scientific literature,scientific publications,,"The medium of informing the scientific community, including academic researchers, about the results of scientific research. It constitutes a permanent and cumulative collection of all the findings of scientific research in various fields and at any point in time.",,knowledge,cross-sector,released,2023-10-30T10:06:59.008Z,ESCO,1.2.1,IT,http://data.europa.eu/esco/occupation/258e46f9-0075-4a2e-adae-1ff0477e0f30,data scientist,essential,PENDING,
http://data.europa.eu/esco/skill/750caee5-12a0-46ba-b8aa-1e56370deaf9,analyse consumer buying trends,"scrutinise consumer buying trends
consumer buying trends analysis
test consumer buying trends
analysis of consumer buying trends
investigate consumer buying trends
analyse a consumers buying trends
search consumer buying trends
analyze consumer buying trends",,Analyse buying habits or currently prevalent customer behaviour.,,skill/competence,cross-sector,released,2016-12-20T20:46:52Z,ESCO,1.2.1,BUSINESS,http://data.europa.eu/esco/occupation/6fcf4638-e7c7-4978-9302-9a7b63a3d57c,marketing manager,essential,PENDING,
http://data.europa.eu/esco/skill/750f86d2-18be-4015-84b1-d4a26d9b2d88,online ads campaign techniques,"online advertisement
online ads
web campaign techniques",,Techniques to plan and implement a marketing campaign on online ads platforms.,,knowledge,cross-sector,released,2022-07-05T14:37:59.932Z,ESCO,1.2.1,BUSINESS,http://data.europa.eu/esco/occupation/6fcf4638-e7c7-4978-9302-9a7b63a3d57c,marketing manager,optional,PENDING,
http://data.europa.eu/esco/skill/751f6baf-de47-4d67-a657-4133066703f4,identify policy breach,"analyse policy rift
determine policy breach
establish policy rift
classify policy rift
determine policy rift
classify policy breach
establish policy breach
analyse policy breach",,"Identify instances of non-compliance to set plans and policies in an organisation, and take the appropriate course of action by issuing penalties and outlining the changes which need to be made.",,skill/competence,sector-specific,released,2024-02-09T17:29:09.851Z,ESCO,1.2.1,HR,http://data.europa.eu/esco/occupation/f605bcd2-90b6-45a0-a558-d05016d68a77,human resources manager,optional,PENDING,
http://data.europa.eu/esco/skill/7557f0f4-b8bc-4ac0-b91e-222ab1ba744f,tools for ICT test automation,"test automation tools
Selenium
tools for test automation",,"The specialised software to execute or control tests and compare predicted testing outputs with actual testing results such as Selenium, QTP and LoadRunner.",,knowledge,sector-specific,released,2024-02-09T17:29:11.47Z,ESCO,1.2.1,IT,http://data.europa.eu/esco/occupation/106f79e4-6264-45f1-9e7a-297435cd684b|http://data.europa.eu/esco/occupation/7754d570-9519-48c2-b1c9-8e165f8bca0f,software tester|cybersecurity risk manager,optional|optional,PENDING,
http://data.europa.eu/esco/skill/75f839c2-fd9a-4ad3-8921-6e734608568d,use query languages,"using structured query language
use database query language
query language using
using query language
retrieve data using a query language
using database query language
retrieve data using a structured query language
retrieving data using a query language
use information retrieval query language
using information retrieval query language
data retrieving using a query language
use structured query language
data retrieving using a structured query language
retrieving data using a structured query language",,Retrieve information from a database or information system using computer languages designed for the retrieval of data.,,skill/competence,sector-specific,released,2024-02-09T17:29:15.968Z,ESCO,1.2.1,IT,http://data.europa.eu/esco/occupation/349ee6f6-c295-4c38-9b98-48765b55280e|http://data.europa.eu/esco/occupation/c40a2919-48a9-40ea-b506-1f34f693496d,cloud engineer|web developer,optional|optional,PENDING,
http://data.europa.eu/esco/skill/770d4956-b5e0-4d44-bf42-3a766b232c5d,maintain a central project repository,"maintain a central project database
preserve a central project repository
preserve a central project database",,Store project files and documents in a central repository accessible to the project manager and to all the project teams. Use available online tools and dedicated software.,,skill/competence,cross-sector,released,2024-02-26T14:10:26.757Z,ESCO,1.2.1,BUSINESS,http://data.europa.eu/esco/occupation/bea99fea-0383-4c63-b944-70d4799de2c5,project manager,optional,PENDING,
http://data.europa.eu/esco/skill/7814e88f-c133-4c3b-b27f-857afa145d42,ICT security legislation,"cyber-security regulation
network and information security legislation
ICT law
legal aspects of computing",,"The set of legislative rules that safeguards information technology, ICT networks and computer systems and legal consequences which result from their misuse. Regulated measures include firewalls, intrusion detection, anti-virus software and encryption.",,knowledge,sector-specific,released,2023-04-06T15:01:39.429Z,ESCO,1.2.1,IT,http://data.europa.eu/esco/occupation/57af9090-55b4-4911-b2d0-86db01c00b02|http://data.europa.eu/esco/occupation/7754d570-9519-48c2-b1c9-8e165f8bca0f|http://data.europa.eu/esco/occupation/c40a2919-48a9-40ea-b506-1f34f693496d,embedded systems software developer|cybersecurity risk manager|web developer,optional|optional|optional,PENDING,
http://data.europa.eu/esco/skill/781797f4-c2c3-49a4-a80d-eb81eb4f818c,liquidity management,"management of liquidity
liquidities management
liquidity oversight
handling of liquidity",,The theory and practices around the management of liquidity in a company with the aim of facilitating meeting obligations with thirds parties without compromising the smooth functioning of the company nor incurring in substantial losses.,,knowledge,cross-sector,released,2024-02-09T17:29:12.215Z,ESCO,1.2.1,BUSINESS,http://data.europa.eu/esco/occupation/04f39bfa-bc03-4480-98bc-b18ce4fe4b4b,accounting manager,optional,PENDING,
http://data.europa.eu/esco/skill/78482aac-638e-42da-a7a9-5eefe1bffdea,use theoretical marketing models,"work with theoretical marketing models
use theoretical models for marketing
use theoretical marketing model
utilize theoretical marketing models
using theoretical marketing models",,"Interpret different academic theories and models of academic nature and make use of them to create the marketing strategy of the company. Employ strategies such as the 7Ps, the customer lifetime value, and the unique selling proposition (USP).",,skill/competence,cross-sector,released,2024-02-09T17:29:17.515Z,ESCO,1.2.1,BUSINESS,http://data.europa.eu/esco/occupation/6fcf4638-e7c7-4978-9302-9a7b63a3d57c,marketing manager,optional,PENDING,
http://data.europa.eu/esco/skill/786a74d6-7ecd-44d5-ae4f-87ff02fe3dbf,assess character,"estimate character
assessing character
evaluate character",,"Assess how a certain person will react, verbally or physically, in a specific situation or to a specific happening.",,skill/competence,cross-sector,released,2024-02-09T17:29:12.952Z,ESCO,1.2.1,HR,http://data.europa.eu/esco/occupation/068370e0-9c27-4814-87d0-44fbb3140815|http://data.europa.eu/esco/occupation/d3e32e5e-7f24-48e3-b939-e4f800eb62fb,recruitment consultant|human resources officer,optional|essential,PENDING,
http://data.europa.eu/esco/skill/7893605c-18cc-4c68-8c22-4f969df1a673,liaise with advertising agencies,"liaise with advertising agency
cooperate with advertising agencies
collaborate with advertising agencies
work together with advertising agencies
liaise with ad agencies
liaising with advertising agencies",,Communicate and cooperate with advertising agencies in transmitting the goals and specifications of the marketing plan. Liaise to develop an advertising and promotional campaign that represent the aim of the marketing plan.,,skill/competence,cross-sector,released,2024-02-09T17:29:12.215Z,ESCO,1.2.1,BUSINESS,http://data.europa.eu/esco/occupation/6fcf4638-e7c7-4978-9302-9a7b63a3d57c,marketing manager,optional,PENDING,
http://data.europa.eu/esco/skill/78a74fd1-efc6-49dc-adb1-1b0fbe35c22c,provide software testing documentation,"provide software testing procedures
provide software test procedures documentation",,Describe software testing procedures to technical team and analysis of test outcomes to users and clients in order to inform them about state and efficiency of software.,,skill/competence,sector-specific,released,2025-06-25T08:45:06.159Z,ESCO,1.2.1,IT,http://data.europa.eu/esco/occupation/106f79e4-6264-45f1-9e7a-297435cd684b,software tester,essential,PENDING,
http://data.europa.eu/esco/skill/7961413f-61d0-4722-9cd9-20a050a29899,perform software unit testing,perform unit testing,,Test single units of source code to determine whether or not they are suitable for use by creating short code fragments.,,skill/competence,sector-specific,released,2025-06-25T08:45:06.159Z,ESCO,1.2.1,IT,http://data.europa.eu/esco/occupation/106f79e4-6264-45f1-9e7a-297435cd684b,software tester,essential,PENDING,
http://data.europa.eu/esco/skill/797a4416-0b8d-44f3-8fcd-eb10bd0be6b4,develop software prototype,"develop software throw-away simulation
develop software mockup",,Create a first incomplete or preliminary version of a piece of software application to simulate some specific aspects of the final product.,,skill/competence,sector-specific,released,2024-02-09T17:29:13.7Z,ESCO,1.2.1,IT,http://data.europa.eu/esco/occupation/349ee6f6-c295-4c38-9b98-48765b55280e|http://data.europa.eu/esco/occupation/57af9090-55b4-4911-b2d0-86db01c00b02|http://data.europa.eu/esco/occupation/c40a2919-48a9-40ea-b506-1f34f693496d,cloud engineer|embedded systems software developer|web developer,essential|essential|essential,PENDING,
http://data.europa.eu/esco/skill/79c36c91-28a5-44b7-ab9b-7093b2d4b21e,advise on financial matters,"counsel on financial matters
advise on financial matter
advise on matters of finance
advising on financial matters
offer suggestions on financial matters
give recommendations on financial matters",,"Consult, advise, and propose solutions with regards to financial management such as acquiring new assets, incurring in investments, and tax efficiency methods.",,skill/competence,cross-sector,released,2024-02-09T17:29:14.494Z,ESCO,1.2.1,BUSINESS,http://data.europa.eu/esco/occupation/04f39bfa-bc03-4480-98bc-b18ce4fe4b4b|http://data.europa.eu/esco/occupation/60082a99-d8ef-4e84-9290-78902681b6ed,accounting manager|business analyst,optional|optional,PENDING,
http://data.europa.eu/esco/skill/79e29b8b-47d1-470d-b7b1-32506bfe7d9a,collect ICT data,"obtain digital data
gather digital data; obtain digital data
gather digital data
collect digital data",,Gather data by designing and applying search and sampling methods.,,skill/competence,cross-sector,released,2025-11-26T10:19:14.155Z,ESCO,1.2.1,IT,http://data.europa.eu/esco/occupation/258e46f9-0075-4a2e-adae-1ff0477e0f30|http://data.europa.eu/esco/occupation/d3edb8f8-3a06-47a0-8fb9-9b212c006aa2,data scientist|data analyst,essential|essential,PENDING,
http://data.europa.eu/esco/skill/79f24a62-7718-46e1-9b41-37be0560a5ca,organisational resilience,"business resilience
operational resilience
organizational resilience",,"The strategies, methods and techniques that increase the organisation's capacity to protect and sustain the services and operations that fulfil the organisational mission and create lasting values by effectively addressing the combined issues of security, preparedness, risk and disaster recovery.",,knowledge,sector-specific,released,2016-08-04T15:18:17Z,ESCO,1.2.1,"IT,BUSINESS",http://data.europa.eu/esco/occupation/7754d570-9519-48c2-b1c9-8e165f8bca0f|http://data.europa.eu/esco/occupation/fe0fa514-b48d-4a53-9757-a283c0baacf0,cybersecurity risk manager|ICT business analyst,optional|optional,PENDING,
http://data.europa.eu/esco/skill/7a17d7ce-01a2-4746-bbcc-22ffe22fa16e,monitor technology trends,"stay up to date with technology trends
monitor emerging technologies and industry trends
stay up to date on existing and emerging technology trends
monitor trends and innovations in technology
keep up with the latest technology trends
keep abreast of technical innovations
follow technology industry trends and new technologies",,"Survey and investigate recent trends and developments in technology. Observe and anticipate their evolution, according to current or future market and business conditions.",,skill/competence,cross-sector,released,2025-06-25T12:15:04.406Z,ESCO,1.2.1,BUSINESS,http://data.europa.eu/esco/occupation/57b459d4-655c-4053-b189-3c249ce33faf,ICT business development manager,essential,PENDING,
http://data.europa.eu/esco/skill/7a986287-84f2-4e5d-9ab4-fd7ec424ecf3,define measurable marketing objectives,"define measurable marketing objective
outline measurable marketing objectives
establish measurable marketing objectives
specify measurable marketing objectives
defining measurable marketing objectives
determine measurable marketing objectives
define marketing objectives",,"Outline the measurable performance indicators of the marketing plan such as market share, customer value, brand awareness, and sales revenues. Follow up on the progress of these indicators during the development of the marketing plan.",,skill/competence,cross-sector,released,2024-02-09T17:29:15.968Z,ESCO,1.2.1,BUSINESS,http://data.europa.eu/esco/occupation/6fcf4638-e7c7-4978-9302-9a7b63a3d57c,marketing manager,essential,PENDING,
http://data.europa.eu/esco/skill/7ab41e7d-6f5c-49f7-858d-e6cb3070e9eb,set inclusion policies,"arrange inclusion policies
arrange equal opportunities policies
produce set inclusion policies
prepare equal opportunities policies
produce equal opportunities policies
set up equal opportunities policies
prepare set inclusion policies",,"Develop and implement plans which aim to create an environment in an organisation which is positive and inclusive of minorities, such as ethnicities, gender identities, and religious minorities.",,skill/competence,sector-specific,released,2024-02-09T17:29:16.725Z,ESCO,1.2.1,HR,http://data.europa.eu/esco/occupation/f605bcd2-90b6-45a0-a558-d05016d68a77,human resources manager,optional,PENDING,
http://data.europa.eu/esco/skill/7b3abd38-61ae-42a4-88bb-0884784f9ee1,advise client on technical possibilities,"offer suggestions to client on technical possibilities
advise clients on technical possibilities
advising client on technical possibilities
counsel client on technical possibilities
give client recommendations on technical possibilities
advise client on technical possibility",,"Recommend technical solutions, including systems, to the client within the framework of a project.",,skill/competence,cross-sector,released,2024-02-09T17:29:11.47Z,ESCO,1.2.1,BUSINESS,http://data.europa.eu/esco/occupation/60082a99-d8ef-4e84-9290-78902681b6ed,business analyst,optional,PENDING,
http://data.europa.eu/esco/skill/7b5cce4d-c7fe-4119-b48f-70aa05391787,computer science,"informatics
informatics studies",,"The scientific and practical study that deals with the foundations of information and computation, namely algorithms, data structures, programming, and data architecture. It deals with the practicability, structure and mechanisation of the methodical procedures that manage the acquisition, processing, and access to information.",,knowledge,cross-sector,released,2024-02-09T17:29:16.725Z,ESCO,1.2.1,IT,http://data.europa.eu/esco/occupation/2079755f-d809-49e6-8037-4de6180e54c0,data engineer,essential,PENDING,
http://data.europa.eu/esco/skill/7d0f5a31-96c4-4848-bbd3-0a29206925dd,organise auditions,"organise auditioning
arrange auditions
plan auditions
schedule auditions
arranging auditions
book auditions
organising auditions
oversee auditions
organize auditions
organise audition",,"Organise try-outs for actors. Determine when and where the auditions will take place. Send out job ads to talent agencies, newspapers, magazines, and other information sources.",,skill/competence,cross-sector,released,2016-12-20T19:43:01Z,ESCO,1.2.1,HR,http://data.europa.eu/esco/occupation/a6e8a6bf-9209-4d19-a131-a8b6431e0f75,talent acquisition manager,optional,PENDING,
http://data.europa.eu/esco/skill/7d10fcb2-b368-48ab-996b-7c9fafcf68ed,use automatic programming,use visual programming,,"Utilise specialised software tools to generate computer code from specifications, such as diagrams, structured informations or other means of describing functionality.",,skill/competence,sector-specific,released,2024-02-09T17:29:15.235Z,ESCO,1.2.1,IT,http://data.europa.eu/esco/occupation/57af9090-55b4-4911-b2d0-86db01c00b02|http://data.europa.eu/esco/occupation/c40a2919-48a9-40ea-b506-1f34f693496d,embedded systems software developer|web developer,optional|optional,PENDING,
http://data.europa.eu/esco/skill/7d35602d-bc94-4975-aa7c-f4e8e05ce8e0,cost management,"cost oversight
cost optimisation
cost monitoring
managing cost
cost managing
cost supervision
managing costs",,"The process of planning, monitoring and adjusting the expenses and revenues of a business in order to achieve cost efficiency and capability.",,knowledge,sector-specific,released,2025-04-11T13:05:25.569Z,ESCO,1.2.1,BUSINESS,http://data.europa.eu/esco/occupation/6fcf4638-e7c7-4978-9302-9a7b63a3d57c,marketing manager,optional,PENDING,
http://data.europa.eu/esco/skill/7e1f9657-ab4e-407c-842f-b846197060e3,execute ICT audits,"execute information security audits
execute IT security audits
execute cyber security audits
execute ICT security audits",,"Organise and execute audits in order to evaluate ICT systems, compliance of components of systems, information processing systems and information security. Identify and collect potential critical issues and recommend solutions based on required standards and solutions.",,skill/competence,sector-specific,released,2023-03-10T17:45:05.216Z,ESCO,1.2.1,IT,http://data.europa.eu/esco/occupation/7754d570-9519-48c2-b1c9-8e165f8bca0f,cybersecurity risk manager,optional,PENDING,
http://data.europa.eu/esco/skill/7e305865-5b6d-4225-a4f7-ee5c10aaa134,perform dunning activities,"perform dunning actions
perform dunning
perform dunning activity
performing dunning activities
conduct dunning activities",,"Send letters or make phone calls to methodically remind individuals about actions they are requested to take by a set deadline. Use a firmer tone as the due date approaches or passes. If there is an automated dunning process, make sure it runs properly.",,skill/competence,cross-sector,released,2024-02-09T17:29:16.725Z,ESCO,1.2.1,BUSINESS,http://data.europa.eu/esco/occupation/04f39bfa-bc03-4480-98bc-b18ce4fe4b4b,accounting manager,optional,PENDING,
http://data.europa.eu/esco/skill/7e796b51-49d7-4e73-95af-2e7323763f15,design database in the cloud,"apply design principles for cloud data architecture
develop cloud database design
apply design principles for cloud database design
design automated cloud databases
design cloud data architecture",,"Apply design principles for an adaptive, elastic, automated, loosely coupled databases making use of cloud infrastructure. Aim to remove any single point of failure through distributed database design.",,skill/competence,sector-specific,released,2024-02-26T09:55:44.119Z,ESCO,1.2.1,IT,http://data.europa.eu/esco/occupation/2079755f-d809-49e6-8037-4de6180e54c0|http://data.europa.eu/esco/occupation/258e46f9-0075-4a2e-adae-1ff0477e0f30|http://data.europa.eu/esco/occupation/349ee6f6-c295-4c38-9b98-48765b55280e,data engineer|data scientist|cloud engineer,essential|optional|essential,PENDING,
http://data.europa.eu/esco/skill/7ee4c2ea-b349-4bd2-81a3-ec31475d4833,statistics,"experimental data
use of data in performance of work
use of statistics
organisation of data
data analysis
survey data
use of statistics in performance of work
data collection
stats
data work
big data
metadata
statistical analysis
use of data
administrative data",,"The study of statistical theory, methods and practices such as collection, organisation, analysis, interpretation and presentation of data. It deals with all aspects of data including the planning of data collection in terms of the design of surveys and experiments in order to forecast and plan work-related activities.",,knowledge,cross-sector,released,2025-04-16T11:50:25.475Z,ESCO,1.2.1,"IT,BUSINESS",http://data.europa.eu/esco/occupation/04f39bfa-bc03-4480-98bc-b18ce4fe4b4b|http://data.europa.eu/esco/occupation/2079755f-d809-49e6-8037-4de6180e54c0|http://data.europa.eu/esco/occupation/258e46f9-0075-4a2e-adae-1ff0477e0f30|http://data.europa.eu/esco/occupation/6fcf4638-e7c7-4978-9302-9a7b63a3d57c|http://data.europa.eu/esco/occupation/bea99fea-0383-4c63-b944-70d4799de2c5|http://data.europa.eu/esco/occupation/d3edb8f8-3a06-47a0-8fb9-9b212c006aa2,accounting manager|data engineer|data scientist|marketing manager|project manager|data analyst,optional|optional|essential|optional|optional|essential,PENDING,
http://data.europa.eu/esco/skill/7f27f1ff-2e17-4b69-990e-c23334478313,assessment of risks and threats,"principles of assessment of risks and threats
methods for handling security-related information
methods for assessment of risks and threats
principles for handling security-related information
techniques for handling security-related information
techniques for assessment of risks and threats",,The security documentation and any security-related communications and information.,,knowledge,cross-sector,released,2024-02-09T17:29:15.235Z,ESCO,1.2.1,IT,http://data.europa.eu/esco/occupation/7754d570-9519-48c2-b1c9-8e165f8bca0f,cybersecurity risk manager,essential,PENDING,
http://data.europa.eu/esco/skill/7ff2c668-0e86-418a-a962-4958262ee337,use communication techniques,"apply communication techniques
use techniques for communication
utilize communication techniques
use communication technique
using communication techniques
employ communication techniques",,Apply techniques of communication which allow interlocutors to better understand each other and communicate accurately in the transmission of messages.,,skill/competence,cross-sector,released,2024-02-09T17:29:12.952Z,ESCO,1.2.1,"BUSINESS,HR",http://data.europa.eu/esco/occupation/068370e0-9c27-4814-87d0-44fbb3140815|http://data.europa.eu/esco/occupation/bea99fea-0383-4c63-b944-70d4799de2c5|http://data.europa.eu/esco/occupation/d3e32e5e-7f24-48e3-b939-e4f800eb62fb,recruitment consultant|project manager|human resources officer,essential|optional|essential,PENDING,
http://data.europa.eu/esco/skill/802e6973-3270-4cf0-86e4-a6835caf1ba6,project management methodology (PM²),"project management methods
PM²
PM² for best practice in organisations
PM² for private organisations
PM² for European institutions",,"An open project management methodology developed and endorsed by the European Commission and used by the majority of the European Institutions as well as by public and private organizations and institutions in the EU Member States, which aims to enable project managers to deliver solutions and benefits to their organizations through the effective management of project work. PM² incorporates elements from a wide range of globally accepted project management best practices, described in standards and methodologies, as well as operational experience, primarily from the European Institutions.",,knowledge,cross-sector,released,2024-02-26T07:58:27.359Z,ESCO,1.2.1,BUSINESS,http://data.europa.eu/esco/occupation/bea99fea-0383-4c63-b944-70d4799de2c5,project manager,essential,PENDING,
http://data.europa.eu/esco/skill/8088750d-8388-4170-a76f-48354c469c44,cyber security,"ICT security
cybersecurity
digital security
information and communications technology security
IT security
information security",,"The methods and best practices that protect ICT systems, networks, computers, devices, services, processes and people against unauthorised access, modification and/or denial of service of assets.",,knowledge,sector-specific,released,2023-03-10T16:28:05.23Z,ESCO,1.2.1,IT,http://data.europa.eu/esco/occupation/349ee6f6-c295-4c38-9b98-48765b55280e|http://data.europa.eu/esco/occupation/7754d570-9519-48c2-b1c9-8e165f8bca0f,cloud engineer|cybersecurity risk manager,essential|essential,PENDING,
http://data.europa.eu/esco/skill/811acf0c-4dd7-4dda-a4fa-7ca498a95204,negotiate employment agreements,"work out employment agreements
negotiate employment agreement
negotiating employment agreements
negotiate agreements for employment
broker employment agreements
come to accord on employment agreements",,"Find agreements between employers and potential employees on salary, working conditions and non-statutory benefits.",,skill/competence,sector-specific,released,2024-02-09T17:29:16.725Z,ESCO,1.2.1,HR,http://data.europa.eu/esco/occupation/068370e0-9c27-4814-87d0-44fbb3140815|http://data.europa.eu/esco/occupation/d3e32e5e-7f24-48e3-b939-e4f800eb62fb|http://data.europa.eu/esco/occupation/f605bcd2-90b6-45a0-a558-d05016d68a77,recruitment consultant|human resources officer|human resources manager,optional|essential|essential,PENDING,
http://data.europa.eu/esco/skill/811bdb9d-5bf7-4b5a-a3f5-4fc2002f6d57,financial capability,"financial abilities
financial capabilities
financial skills
financial knowledge
financial acumen",,"Financial operations such as calculations, cost estimations, budget management taking relevant commercial and statistical data into account such as data for materials, supplies and manpower.",,knowledge,cross-sector,released,2024-02-09T17:29:11.47Z,ESCO,1.2.1,HR,http://data.europa.eu/esco/occupation/1fce1be0-bf52-449b-9a2b-3f2cc710290a,compensation analyst,essential,PENDING,
http://data.europa.eu/esco/skill/812590e4-7108-4016-baba-957dcf8213ae,keep updated on the political landscape,"keep updated on political landscapes
keeping updated on the political landscape
keep abreast of the political landscape
stay current on the political landscape",,"Read, search, and analyse the political situation of a region as a source of information applicable for different purposes such as information, decision-making, and management, and investments.",,skill/competence,cross-sector,released,2024-02-09T17:29:12.952Z,ESCO,1.2.1,BUSINESS,http://data.europa.eu/esco/occupation/60082a99-d8ef-4e84-9290-78902681b6ed,business analyst,optional,PENDING,
http://data.europa.eu/esco/skill/81633a44-f1db-4a01-a940-804c6905e330,use word processing software,"Google Docs
GNU TeXmacs
IBM Lotus Word Pro
AbiWord
TextEdit
LaTeX
WordGraph
QuickOffice
Calligra Words
Kingsoft Office Writer
LibreOffice Writer
use document processing program
Atlantis Word Processor
Polaris Office
produce text files
type text
make use of word processing software
apply word processing software
use word processor
using word processor
Microsoft Office Word
Apple Pages
Zoho Writer
use word processing
WordPad
able to use using word processing software
Textilus
utilise word processing software
ThinkFree Office
IntelliTalk
use text processing program","GNU TeXmacs
Kingsoft Office Writer
LibreOffice Writer
WordPad
LaTeX
ThinkFree Office
QuickOffice
Calligra Words
Atlantis Word Processor
Textilus
WordGraph
IntelliTalk
Polaris Office
TextEdit
Google Docs
Zoho Writer
AbiWord
IBM Lotus Word Pro
Apple Pages
Microsoft Office Word","Use computer software applications for composition, editing, formatting, and printing of any sort of written material.",,skill/competence,cross-sector,released,2024-02-09T17:29:16.725Z,ESCO,1.2.1,IT,http://data.europa.eu/esco/occupation/c40a2919-48a9-40ea-b506-1f34f693496d,web developer,optional,PENDING,
http://data.europa.eu/esco/skill/82de2df7-0d6c-42b1-94ac-b3e9a029e917,use back-up and recovery tools,"use recovery software
use back-up and recovery software
use back-up software
use recovery tools
back-up and recovery tools using
using back-up and recovery tools
using back-up and recovery software
use back-up tools",,"Use tools which allow users to copy and archive computer software, configurations and data and recover them in case of loss.",,skill/competence,cross-sector,released,2024-02-09T17:29:14.494Z,ESCO,1.2.1,IT,http://data.europa.eu/esco/occupation/7754d570-9519-48c2-b1c9-8e165f8bca0f,cybersecurity risk manager,optional,PENDING,
http://data.europa.eu/esco/skill/8316979b-df5a-4dc7-98ef-61ec6a10df84,conduct quantitative research,apply quantitative research methods,,"Execute a systematic empirical investigation of observable phenomena via statistical, mathematical or computational techniques.",,skill/competence,cross-sector,released,2025-06-25T12:15:04.406Z,ESCO,1.2.1,BUSINESS,http://data.europa.eu/esco/occupation/60082a99-d8ef-4e84-9290-78902681b6ed,business analyst,essential,PENDING,
http://data.europa.eu/esco/skill/83218cac-3599-417e-93d2-26013cdccd98,service-oriented modelling,"ICT service models
service oriented models
SaaS model
Software as a service
SaaS
service-oriented modeling",,"The principles and fundamentals of service-oriented modelling for business and software systems that allow the design and specification of service-oriented business systems within a variety of architectural styles, such as enterprise architecture and application architecture.",,knowledge,sector-specific,released,2025-08-01T12:46:31.249Z,ESCO,1.2.1,IT,http://data.europa.eu/esco/occupation/349ee6f6-c295-4c38-9b98-48765b55280e|http://data.europa.eu/esco/occupation/7754d570-9519-48c2-b1c9-8e165f8bca0f,cloud engineer|cybersecurity risk manager,essential|optional,PENDING,
http://data.europa.eu/esco/skill/8327754d-3990-4056-b07e-4faa49cfcd26,innovate in ICT,conduct research in ICT,,"Create and describe new original research and innovation ideas within the field of information and communication technologies, compare to the emerging technologies and trends and plan the development of new ideas.",,skill/competence,sector-specific,released,2025-06-25T12:15:04.406Z,ESCO,1.2.1,BUSINESS,http://data.europa.eu/esco/occupation/57b459d4-655c-4053-b189-3c249ce33faf,ICT business development manager,essential,PENDING,
http://data.europa.eu/esco/skill/833289fa-3646-4010-9d9e-93ba8c9ef2d8,apply research ethics and scientific integrity principles in research activities,"adhere to scientific research code of ethics
obey scientific research code of conduct
follow scientific research code of conduct",,"Apply fundamental ethical principles and legislation to scientific research, including issues of research integrity. Perform, review, or report research avoiding misconducts such as fabrication, falsification, and plagiarism.",,skill/competence,cross-sector,released,2020-12-11T12:37:37.532Z,ESCO,1.2.1,IT,http://data.europa.eu/esco/occupation/258e46f9-0075-4a2e-adae-1ff0477e0f30,data scientist,essential,PENDING,
http://data.europa.eu/esco/skill/8359bd04-d2cb-4757-af1f-39a921df9efe,remove computer virus or malware from a computer,"removing virus from a computer
removing malware from a computer
cleaning malware-infected computer
removing computer virus or malware from a computer
remove virus from a computer
clean malware-infected computer
clean virus-infected computer
cleaning virus-infected computer
computer virus or malware removing from a computer
remove malware from a computer",,Carry out actions to remove computer viruses or other types of malware from a computer.,,skill/competence,cross-sector,released,2024-02-09T17:29:09.851Z,ESCO,1.2.1,IT,http://data.europa.eu/esco/occupation/7754d570-9519-48c2-b1c9-8e165f8bca0f,cybersecurity risk manager,optional,PENDING,
http://data.europa.eu/esco/skill/8369ede5-4200-4a44-be2e-bc60ef959259,Microsoft Visual C++,"MS Visual C++
Visual C++
VC++
MSVC",,"The computer program Visual C++ is a suite of software development tools for writing programs, such as compiler, debugger, code editor, code highlights, packaged in a unified user interface. It is developed by the software company Microsoft.",,knowledge,sector-specific,released,2024-02-09T17:29:14.494Z,ESCO,1.2.1,IT,http://data.europa.eu/esco/occupation/106f79e4-6264-45f1-9e7a-297435cd684b|http://data.europa.eu/esco/occupation/57af9090-55b4-4911-b2d0-86db01c00b02|http://data.europa.eu/esco/occupation/c40a2919-48a9-40ea-b506-1f34f693496d,software tester|embedded systems software developer|web developer,optional|optional|optional,PENDING,
http://data.europa.eu/esco/skill/83e97138-899a-4af8-9187-47823e875841,follow the statutory obligations,"comply with the statutory obligations
abide by the statutory obligations
act in accordance with the statutory obligations
following the statutory obligations
follow the statutory obligation",,"Understand, abide by, and apply the statutory obligations of the company in the daily performance of the job.",,skill/competence,cross-sector,released,2024-02-09T17:29:12.215Z,ESCO,1.2.1,BUSINESS,http://data.europa.eu/esco/occupation/04f39bfa-bc03-4480-98bc-b18ce4fe4b4b,accounting manager,essential,PENDING,
http://data.europa.eu/esco/skill/85616cc4-98bf-4355-9cf1-72ff11752848,develop ICT device driver,"design ICT device driver
build ICT device driver",,Create a software program that controls the working of an ICT device and its interaction with other applications.,,skill/competence,occupation-specific,released,2025-06-25T12:15:04.406Z,ESCO,1.2.1,IT,http://data.europa.eu/esco/occupation/57af9090-55b4-4911-b2d0-86db01c00b02,embedded systems software developer,essential,PENDING,
http://data.europa.eu/esco/skill/85c11255-469f-41bd-a6d1-382bc4a87783,interpret technical texts,interpret technical information,,"Read and understand technical texts that provide information on how to perform a task, usually explained in steps.",,skill/competence,sector-specific,released,2025-06-25T12:15:04.406Z,ESCO,1.2.1,IT,http://data.europa.eu/esco/occupation/349ee6f6-c295-4c38-9b98-48765b55280e|http://data.europa.eu/esco/occupation/57af9090-55b4-4911-b2d0-86db01c00b02|http://data.europa.eu/esco/occupation/c40a2919-48a9-40ea-b506-1f34f693496d,cloud engineer|embedded systems software developer|web developer,essential|essential|essential,PENDING,
http://data.europa.eu/esco/skill/85f46538-ae70-498a-bfbc-b8ddafe96c7d,levels of software testing,software integration testing,,"The levels of testing in the software development process, such as unit testing, integration testing, system testing and acceptance testing.",,knowledge,sector-specific,released,2025-06-25T08:20:05.218Z,ESCO,1.2.1,IT,http://data.europa.eu/esco/occupation/106f79e4-6264-45f1-9e7a-297435cd684b|http://data.europa.eu/esco/occupation/7754d570-9519-48c2-b1c9-8e165f8bca0f,software tester|cybersecurity risk manager,essential|optional,PENDING,
http://data.europa.eu/esco/skill/867137fb-ff1b-4ca3-99f3-cb6969aa2c68,TypeScript,TypeScript programming language,,"The techniques and principles of software development, such as analysis, algorithms, coding, testing and compiling of programming paradigms in TypeScript.",,knowledge,sector-specific,released,2025-06-25T08:20:05.218Z,ESCO,1.2.1,IT,http://data.europa.eu/esco/occupation/106f79e4-6264-45f1-9e7a-297435cd684b|http://data.europa.eu/esco/occupation/57af9090-55b4-4911-b2d0-86db01c00b02|http://data.europa.eu/esco/occupation/c40a2919-48a9-40ea-b506-1f34f693496d,software tester|embedded systems software developer|web developer,optional|optional|optional,PENDING,
http://data.europa.eu/esco/skill/8696aff0-18c0-4ba6-a4d0-9a21861b3e5e,World Wide Web Consortium standards,W3C standards,,"The standards, technical specifications and guidelines developed by the international organisation World Wide Web Consortium (W3C) which allow the design and development of web applications.",,knowledge,cross-sector,released,2024-02-09T17:29:14.494Z,ESCO,1.2.1,IT,http://data.europa.eu/esco/occupation/57af9090-55b4-4911-b2d0-86db01c00b02|http://data.europa.eu/esco/occupation/c40a2919-48a9-40ea-b506-1f34f693496d,embedded systems software developer|web developer,optional|essential,PENDING,
http://data.europa.eu/esco/skill/872a1632-f1db-4feb-bb27-0a6a359b7591,promote open innovation in research,"encourage open innovation in research
promote integrated collaboration in research
boost open innovation in research
stimulate collaborative innovation in research
foster collaborative innovation in research",,"Apply techniques, models, methods and strategies which contribute to the promotion of steps towards innovation through collaboration with people and organizations outside the organisation.",,skill/competence,cross-sector,released,2024-02-22T15:09:51.665Z,ESCO,1.2.1,IT,http://data.europa.eu/esco/occupation/258e46f9-0075-4a2e-adae-1ff0477e0f30,data scientist,essential,PENDING,
http://data.europa.eu/esco/skill/8744f28f-59a9-45af-8ef6-6944cb5a1473,risk identification,"risk types
risk classification
definition of risk
risk analysis",,"The different types of risk and the related classification criteria such as their nature and scope, the activity to which they relate, their causes and consequences and their financing.",,knowledge,cross-sector,released,2021-03-16T14:19:43.448Z,ESCO,1.2.1,BUSINESS,http://data.europa.eu/esco/occupation/bea99fea-0383-4c63-b944-70d4799de2c5,project manager,optional,PENDING,
http://data.europa.eu/esco/skill/8770350e-746f-4adb-9556-18ca68104be6,market research,"market studies
market analysis",,"The processes, techniques, and purposes comprised in the first step for developing marketing strategies such as the collection of information about customers and the definition of segments and targets.",,knowledge,cross-sector,released,2025-02-27T12:45:08.961Z,ESCO,1.2.1,BUSINESS,http://data.europa.eu/esco/occupation/60082a99-d8ef-4e84-9290-78902681b6ed|http://data.europa.eu/esco/occupation/6fcf4638-e7c7-4978-9302-9a7b63a3d57c,business analyst|marketing manager,essential|essential,PENDING,
http://data.europa.eu/esco/skill/8785ccda-6f9f-4cf3-9033-fda10653d0be,JSSS,JavaScript Style Sheets,,"The computer language JSSS is a style sheet language that conveys the presentation of structured documents. These documents have to adhere to style sheets, a set of stylistic rules such as font, color and layout.",,knowledge,sector-specific,released,2024-02-09T17:29:11.47Z,ESCO,1.2.1,IT,http://data.europa.eu/esco/occupation/c40a2919-48a9-40ea-b506-1f34f693496d,web developer,optional,PENDING,
http://data.europa.eu/esco/skill/87de6e49-ca1c-42a4-8751-5ff0b991966b,negotiate with stakeholders,"compromise with stakeholders
cooperate in agreement with stakeholders
negotiate with a stakeholders
agree terms with stakeholders
collaborate with stakeholders",,"Negotiate compromises with stakeholders and strive to reach the most beneficial agreements for the company. May involve building relationships with suppliers and customers, as well as ensuring products are profitable.",,skill/competence,cross-sector,released,2024-02-09T17:29:09.851Z,ESCO,1.2.1,BUSINESS,http://data.europa.eu/esco/occupation/bea99fea-0383-4c63-b944-70d4799de2c5,project manager,essential,PENDING,
http://data.europa.eu/esco/skill/88b406d0-72e2-4087-be19-d5992d259473,personnel management,"human resource administration
human resource supervision
personnel administration
human resource regulation
personnel regulation
human resource oversight
personnel oversight
personnel supervision",,"The methodologies and procedures involved in the hiring and development of employees in order to ensure value for the organisation, as well as personnel needs, benefits, conflict resolution and ensuring a positive corporate climate.",,knowledge,cross-sector,released,2024-02-09T17:29:12.215Z,ESCO,1.2.1,HR,http://data.europa.eu/esco/occupation/1fce1be0-bf52-449b-9a2b-3f2cc710290a|http://data.europa.eu/esco/occupation/f605bcd2-90b6-45a0-a558-d05016d68a77,compensation analyst|human resources manager,essential|essential,PENDING,
http://data.europa.eu/esco/skill/88f823da-ab17-4559-8985-69b1507675ca,discharge employees,"sack employees
dismiss employees
let employees go
lay off employees
discharging employees
fire employees
discharge employee",,Dismiss employees from their job.,,skill/competence,cross-sector,released,2024-02-09T17:29:12.215Z,ESCO,1.2.1,HR,http://data.europa.eu/esco/occupation/f605bcd2-90b6-45a0-a558-d05016d68a77,human resources manager,optional,PENDING,
http://data.europa.eu/esco/skill/89ba58e8-a67e-4d2b-ad42-6acab25c241b,measure customer feedback,"ensure customer satisfaction
process customer feedback
collect and manage customer feedback
measure feedback from customers
measuring customer satisfaction
assess customer satisfaction
evaluate customer feedback
collect and manage client feedback",,Evaluate customer's comments in order to find out whether customers feel satisfied or dissatisfied with the product or service.,,skill/competence,cross-sector,released,2024-02-09T17:29:14.494Z,ESCO,1.2.1,HR,http://data.europa.eu/esco/occupation/068370e0-9c27-4814-87d0-44fbb3140815,recruitment consultant,optional,PENDING,
http://data.europa.eu/esco/skill/8a43795b-bb38-4f29-91df-a6c92ad4643c,analyse financial performance of a company,"evaluate financial performance of a company
investigate financial performance of a company
analyse financial performance of companies
analyze financial performance of a company
review financial performance of a company
analysing financial performance of company
examine financial performance of a company
study financial performance of a company
analyse company financial performance",,"Analyse the performance of the company in financial matters in order to identify improvement actions that could increase profit, based on accounts, records, financial statements and external information of the market.",,skill/competence,cross-sector,released,2020-06-29T16:02:08.275Z,ESCO,1.2.1,"BUSINESS,HR",http://data.europa.eu/esco/occupation/04f39bfa-bc03-4480-98bc-b18ce4fe4b4b|http://data.europa.eu/esco/occupation/1fce1be0-bf52-449b-9a2b-3f2cc710290a|http://data.europa.eu/esco/occupation/60082a99-d8ef-4e84-9290-78902681b6ed,accounting manager|compensation analyst|business analyst,essential|essential|essential,PENDING,
http://data.europa.eu/esco/skill/8af372fa-7b85-4bab-ab20-3f2eb980c400,total quality control,"total quality management
kaizen
total quality control methods
tqm
total quality control principles
total quality control philosophy
tqc
total quality control approach
kaizen principles
quality manufacturing principles",,"The quality control philosophy that expects each part to be of top quality, without any tolerance for subpar materials or methods. The mindset of striving to deliver top quality work without compromises.",,knowledge,sector-specific,released,2024-02-09T17:29:15.235Z,ESCO,1.2.1,BUSINESS,http://data.europa.eu/esco/occupation/bea99fea-0383-4c63-b944-70d4799de2c5,project manager,optional,PENDING,
http://data.europa.eu/esco/skill/8b0f73ff-d36b-4196-bb83-464c3a6ef07d,game theory,"conflict resolution theory
game theory for blockchain
rational choice theory
interactive decision theory",,"The study of mathematical models of strategic decisions among stakeholders. It has applications in all fields of social science, as well as in systems science, computer science and logic. Essential concepts are the Nash Equilibrium and the Prisoner's Dilemma.",,knowledge,cross-sector,released,2023-10-26T16:28:01.128Z,ESCO,1.2.1,IT,http://data.europa.eu/esco/occupation/d3edb8f8-3a06-47a0-8fb9-9b212c006aa2,data analyst,optional,PENDING,
http://data.europa.eu/esco/skill/8b8ed44b-5d29-4a42-a87f-a77739b5bfcd,promote employment policy,"stimulate recruitment policy
encourage recruitment policy
advocate employment policy
boost recruitment policy
boost employment policy
advocate recruitment policy
encourage employment policy
stimulate employment policy",,"Promote the development and implementation of policies which aim to improve employment standards, and reduce unemployment rates, in order to acquire governmental and public support.",,skill/competence,sector-specific,released,2024-02-09T17:29:13.7Z,ESCO,1.2.1,HR,http://data.europa.eu/esco/occupation/a6e8a6bf-9209-4d19-a131-a8b6431e0f75,talent acquisition manager,optional,PENDING,
http://data.europa.eu/esco/skill/8b9332c7-2551-4527-9a64-a615713d8b02,evaluate employees,"make evaluation of employees
evaluate casino workers
gather information about employees
evaluate workers at casino
give exams to employees
evaluate casino employees
assess casino staff
test employees
assess employees
make assessment of employees",,Analyse employees' individual performances over a certain time span and communicate your conclusions to the employee in question or higher management. Evaluate achievements of staff members.,,skill/competence,cross-sector,released,2025-02-27T12:45:08.961Z,ESCO,1.2.1,BUSINESS,http://data.europa.eu/esco/occupation/04f39bfa-bc03-4480-98bc-b18ce4fe4b4b,accounting manager,optional,PENDING,
http://data.europa.eu/esco/skill/8b94aa1e-89c9-459d-b3b4-1dfab8dec2df,use software libraries,utilise software libraries,,Utilise collections of codes and software packages which capture frequently used routines to help programmers simplify their work.,,skill/competence,sector-specific,released,2024-02-09T17:29:15.968Z,ESCO,1.2.1,IT,http://data.europa.eu/esco/occupation/57af9090-55b4-4911-b2d0-86db01c00b02|http://data.europa.eu/esco/occupation/c40a2919-48a9-40ea-b506-1f34f693496d,embedded systems software developer|web developer,essential|essential,PENDING,
http://data.europa.eu/esco/skill/8bad61b8-75f7-4bdc-b994-f7158f4b90f0,set organisational policies,"establish organizational policies
set organisational policy
set organizational policies
set organizational policy
participate in setting organisational policies
establish organisational policy
establish organisational policies
participate in setting organizational policies",,"Participate in setting organisational policies that cover issues such as participant eligibility, program requirements, and program benefits for the service users.",,skill/competence,cross-sector,released,2025-11-26T10:20:41.409Z,ESCO,1.2.1,HR,http://data.europa.eu/esco/occupation/f605bcd2-90b6-45a0-a558-d05016d68a77,human resources manager,optional,PENDING,
http://data.europa.eu/esco/skill/8bc75dce-beba-40f9-93fc-66c9708ed74b,advise on efficiency improvements,"give recommendations on efficiency improvements
counsel on efficiency improvements
advise on improving efficiency
advise on efficiency improvement
offer suggestions on efficiency improvements
advising on efficiency improvements",,Analyse information and details of processes and products in order to advise on possible efficiency improvements that could be implemented and would signify a better use of resources.,,skill/competence,cross-sector,released,2024-02-09T17:29:11.47Z,ESCO,1.2.1,BUSINESS,http://data.europa.eu/esco/occupation/60082a99-d8ef-4e84-9290-78902681b6ed,business analyst,essential,PENDING,
http://data.europa.eu/esco/skill/8bdc520c-6293-4e99-bf6f-a44d5da3ebcb,monitor legislation developments,"oversee legislation developments
monitor development of policies
observe legislation developments
monitor development of legislation
monitor policies development
oversee policies development",,"Monitor changes in rules, policies and legislation, and identify how they may influence the organisation, existing operations, or a specific case or situation.",,skill/competence,cross-sector,released,2024-02-09T17:29:09.851Z,ESCO,1.2.1,HR,http://data.europa.eu/esco/occupation/f605bcd2-90b6-45a0-a558-d05016d68a77,human resources manager,optional,PENDING,
http://data.europa.eu/esco/skill/8c1ffdbd-3581-4102-bcf9-d802ded713fa,types of pensions,"types of social security
types of retirement funds
types of retirement accounts+K64",,"The types of monthly sums paid to someone in retirement, such as employment-based pensions, social and state pensions, disability pensions and private pensions.",,knowledge,cross-sector,released,2024-02-09T17:29:09.851Z,ESCO,1.2.1,HR,http://data.europa.eu/esco/occupation/f605bcd2-90b6-45a0-a558-d05016d68a77,human resources manager,optional,PENDING,
http://data.europa.eu/esco/skill/8c4c49d4-9708-433f-8ca7-bf2c5211ee49,develop creative ideas,"produce creative ideas
generate creative ideas
developing creative ideas
create creative ideas",,Developing new artistic concepts and creative ideas.,,skill/competence,cross-sector,released,2024-02-09T17:29:11.47Z,ESCO,1.2.1,IT,http://data.europa.eu/esco/occupation/57af9090-55b4-4911-b2d0-86db01c00b02|http://data.europa.eu/esco/occupation/c40a2919-48a9-40ea-b506-1f34f693496d,embedded systems software developer|web developer,optional|optional,PENDING,
http://data.europa.eu/esco/skill/8d202e22-85e9-47b1-a1e0-3296d17244cd,observe confidentiality,"look at confidentiality
look at covert actions
view covert actions
oversee covert actions
oversee confidentiality
view confidentiality",,Observe the set of rules establishing the nondisclosure of information except to another authorised person.,,skill/competence,cross-sector,released,2024-02-09T17:29:12.952Z,ESCO,1.2.1,HR,http://data.europa.eu/esco/occupation/068370e0-9c27-4814-87d0-44fbb3140815|http://data.europa.eu/esco/occupation/d3e32e5e-7f24-48e3-b939-e4f800eb62fb,recruitment consultant|human resources officer,essential|essential,PENDING,
http://data.europa.eu/esco/skill/8d4271ca-c9fd-40b3-875f-15f78332a49e,quality standards,quality standards for products,,"The national and international requirements, specifications and guidelines to ensure that products, services and processes are of good quality and fit for purpose.",,knowledge,cross-sector,released,2025-06-25T08:20:05.218Z,ESCO,1.2.1,BUSINESS,http://data.europa.eu/esco/occupation/60082a99-d8ef-4e84-9290-78902681b6ed,business analyst,optional,PENDING,
http://data.europa.eu/esco/skill/8dcbcabe-09f7-4d11-940d-125af57bbc40,track key performance indicators,"undertake key performance indicators
complete key performance indicators
implement key performance indicators
track a key performance indicator
tracking a key performance indicator
tracking key performance indicators",,"Identify the quantifiable measures that a company or industry uses to gauge or compare performance in terms of meeting their operational and strategic goals, using preset performance indicators.",,skill/competence,cross-sector,released,2024-02-09T17:29:16.725Z,ESCO,1.2.1,"BUSINESS,HR",http://data.europa.eu/esco/occupation/6fcf4638-e7c7-4978-9302-9a7b63a3d57c|http://data.europa.eu/esco/occupation/f605bcd2-90b6-45a0-a558-d05016d68a77,marketing manager|human resources manager,essential|essential,PENDING,
http://data.europa.eu/esco/skill/8df59017-f8e3-4a48-b321-79a38c597748,manage tests,"supervise exams
oversee exams
manage test
oversee tests
supervise examinations
manage exams
manage examinations
supervise tests
managing tests
oversee examinations",,"Develop, administer and evaluate a specific set of tests relevant to the organisation's activities and customers.",,skill/competence,cross-sector,released,2024-02-09T17:29:16.725Z,ESCO,1.2.1,HR,http://data.europa.eu/esco/occupation/068370e0-9c27-4814-87d0-44fbb3140815,recruitment consultant,optional,PENDING,
http://data.europa.eu/esco/skill/8ebb2c0a-0baa-43bf-95cf-094047c57427,maintain professional administration,"keep professional administration documents
organise professional administration records
maintaining professional administration",,"File and organise professional administration documents comprehensively, keep customer records, fill in forms or log books and prepare documents about company-related matter.",,skill/competence,cross-sector,released,2024-02-09T17:29:09.009Z,ESCO,1.2.1,HR,http://data.europa.eu/esco/occupation/068370e0-9c27-4814-87d0-44fbb3140815,recruitment consultant,optional,PENDING,
http://data.europa.eu/esco/skill/8efa6a7a-6556-4cb8-908d-59d3b5c58d2f,cloud monitoring and reporting,"cloud monitoring
cloud computing monitoring and reporting
cloud reporting",,"The metrics and alarms utilizing cloud monitoring services, in particular performance and availability metrics.",,knowledge,sector-specific,released,2022-07-05T14:37:59.932Z,ESCO,1.2.1,IT,http://data.europa.eu/esco/occupation/349ee6f6-c295-4c38-9b98-48765b55280e|http://data.europa.eu/esco/occupation/7754d570-9519-48c2-b1c9-8e165f8bca0f,cloud engineer|cybersecurity risk manager,essential|optional,PENDING,
http://data.europa.eu/esco/skill/8f6ed69b-29d0-4c01-81ba-f05920a185f3,digital curation,digital research curation,,"The field that deals with maintaining, preserving and adding value to digital research.",,knowledge,occupation-specific,released,2023-11-29T16:25:12.512Z,ESCO,1.2.1,IT,http://data.europa.eu/esco/occupation/258e46f9-0075-4a2e-adae-1ff0477e0f30,data scientist,optional,PENDING,
http://data.europa.eu/esco/skill/901105f8-3a08-453e-b1dc-23619e317fd3,create flowchart diagram,"generate flow chart
develop flow diagram
design flow diagram
compose flow diagram
develop flow chart
build flow diagram
design flow chart
build flowchart
compose flow chart
generate flow diagram",,Compose a diagram that illustrates systematic progress through a procedure or system using connecting lines and a set of symbols.,,skill/competence,cross-sector,released,2025-06-25T12:15:04.406Z,ESCO,1.2.1,IT,http://data.europa.eu/esco/occupation/57af9090-55b4-4911-b2d0-86db01c00b02|http://data.europa.eu/esco/occupation/c40a2919-48a9-40ea-b506-1f34f693496d,embedded systems software developer|web developer,essential|essential,PENDING,
http://data.europa.eu/esco/skill/9013b46e-5a9b-4929-8918-fcadfdfd37ce,supervise daily information operations,"supervise daily info operations
supervise daily information operation
manage daily information operations
direct daily information operations
oversee daily information operations
supervising daily information operations",,Direct daily operations of different units. Coordinate program/project activities to assure the respect of costs and time.,,skill/competence,cross-sector,released,2024-02-09T17:29:12.215Z,ESCO,1.2.1,BUSINESS,http://data.europa.eu/esco/occupation/bea99fea-0383-4c63-b944-70d4799de2c5,project manager,essential,PENDING,
http://data.europa.eu/esco/skill/902fb91c-3113-4004-9b4f-79aa86b638b7,web application security threats,"open web application security project
OWASP",,"The attacks, vectors, emergent threats on websites, web applications and web services, the rankings of their severity identified by dedicated communities such as OWASP.",,knowledge,sector-specific,released,2024-02-09T17:29:14.494Z,ESCO,1.2.1,IT,http://data.europa.eu/esco/occupation/7754d570-9519-48c2-b1c9-8e165f8bca0f|http://data.europa.eu/esco/occupation/c40a2919-48a9-40ea-b506-1f34f693496d,cybersecurity risk manager|web developer,optional|optional,PENDING,
http://data.europa.eu/esco/skill/90398aca-82b7-4f56-8e0f-814d949162b4,coordinate marketing plan actions,"coordinate marketing plan action
coordinating marketing plan actions
coordinate actions of marketing plan
manage marketing plan actions
oversee marketing plan actions",,"Manage the overview of the marketing actions such as the marketing planning, internal financial resource granting, advertising materials, implementation, control, and communication efforts.",,skill/competence,cross-sector,released,2024-02-09T17:29:09.009Z,ESCO,1.2.1,BUSINESS,http://data.europa.eu/esco/occupation/6fcf4638-e7c7-4978-9302-9a7b63a3d57c,marketing manager,essential,PENDING,
http://data.europa.eu/esco/skill/906323f4-00c4-4c3b-ab5a-8af77be3456e,create data sets,"data set creation
establish data sets
create a data set
produce data sets
design data sets
develop data sets
creating data sets",,Generate a collection of new or existing related data sets that are made up out of separate elements but can be manipulated as one unit.,,skill/competence,cross-sector,released,2024-02-09T17:29:16.725Z,ESCO,1.2.1,IT,http://data.europa.eu/esco/occupation/2079755f-d809-49e6-8037-4de6180e54c0,data engineer,essential,PENDING,
http://data.europa.eu/esco/skill/906c9e66-bdee-4f8e-93d7-88d9fcf39a0a,fix meetings,"arrange meetings
schedule meetings
fix meeting
organise meetings
fixing meetings",,Fix and schedule professional appointments or meetings for clients or superiors.,,skill/competence,cross-sector,released,2024-02-09T17:29:16.725Z,ESCO,1.2.1,HR,http://data.europa.eu/esco/occupation/068370e0-9c27-4814-87d0-44fbb3140815|http://data.europa.eu/esco/occupation/d3e32e5e-7f24-48e3-b939-e4f800eb62fb,recruitment consultant|human resources officer,essential|essential,PENDING,
http://data.europa.eu/esco/skill/9091c8e5-9357-4c29-bceb-ddb1792c22e8,advise on conflict management,"advise on conflicts' management
provide conflict management recommendations
advise on management of conflicts
suggest conflict management solutions",,"Advise private or public organisations on monitoring possible conflict risk and development, and on conflict resolution methods specific to the identified conflicts.",,skill/competence,cross-sector,released,2024-02-09T17:29:09.851Z,ESCO,1.2.1,HR,http://data.europa.eu/esco/occupation/f605bcd2-90b6-45a0-a558-d05016d68a77,human resources manager,optional,PENDING,
http://data.europa.eu/esco/skill/913e7e83-b8f8-4574-b1ca-1b38f3fd974a,execute software tests,"test application
test programs",,"Perform tests to ensure that a software product will perform flawlessly under the specified customer requirements and identify software defects (bugs) and malfunctions, using specialised software tools and testing techniques.",,skill/competence,sector-specific,released,2024-02-09T17:29:12.215Z,ESCO,1.2.1,IT,http://data.europa.eu/esco/occupation/106f79e4-6264-45f1-9e7a-297435cd684b,software tester,essential,PENDING,
http://data.europa.eu/esco/skill/91816e1a-d026-4d21-9b1c-59ca5cf488de,analyse internal factors of companies,"evaluate internal factors of companies
analyse internal factors of company
study internal factors of companies
examine internal factors of companies
analyse companies' internal factors
analyze internal factors of companies
analysing internal factors of companies
review internal factors of companies",,"Research and understand various internal factors that influence the operation of companies such as its culture, strategic foundation, products, prices, and available resources.",,skill/competence,cross-sector,released,2016-12-20T18:07:18Z,ESCO,1.2.1,BUSINESS,http://data.europa.eu/esco/occupation/60082a99-d8ef-4e84-9290-78902681b6ed|http://data.europa.eu/esco/occupation/6fcf4638-e7c7-4978-9302-9a7b63a3d57c,business analyst|marketing manager,essential|essential,PENDING,
http://data.europa.eu/esco/skill/918f5211-b99f-4b29-9a34-6e475583ef55,write work-related reports,"produce work-related reports
compose work-related reports
write reports
present reports on work activities
perform work-related reporting
write work reports
carry out work-related reporting
develop reports on work activities
complete work-related reports
undertake work-related reporting
create work-related reports",,Compose work-related reports that support effective relationship management and a high standard of documentation and record keeping. Write and present results and conclusions in a clear and intelligible way so they are comprehensible to a non-expert audience.,,skill/competence,cross-sector,released,2024-02-09T17:29:16.725Z,ESCO,1.2.1,"BUSINESS,HR",http://data.europa.eu/esco/occupation/068370e0-9c27-4814-87d0-44fbb3140815|http://data.europa.eu/esco/occupation/bea99fea-0383-4c63-b944-70d4799de2c5|http://data.europa.eu/esco/occupation/d3e32e5e-7f24-48e3-b939-e4f800eb62fb,recruitment consultant|project manager|human resources officer,optional|essential|essential,PENDING,
http://data.europa.eu/esco/skill/9242ad54-dc3d-41b3-9cfe-142fa8582511,brand marketing techniques,"brand marketing technique
brand marketing skills
marketing technique brand
brand marketing methods
brand marketing approaches
a brand marketing technique
brand marketing performance",,The methods and systems used in researching and establishing a brand identity for marketing purposes.,,knowledge,cross-sector,released,2024-02-09T17:29:09.009Z,ESCO,1.2.1,BUSINESS,http://data.europa.eu/esco/occupation/6fcf4638-e7c7-4978-9302-9a7b63a3d57c,marketing manager,essential,PENDING,
http://data.europa.eu/esco/skill/925463a7-d51f-4d5b-9f79-4d28cf30acde,integrated development environment software,"Zeus IDE
Borland C++ Builder
CodeForge
Dev-C++
DialogBlocks
CodeLite
Anjuta
Philasmicos Entwickler Studio
SPE
NetBeans
MinGW Developer Studio
wxHatch
IDE
Code::Blocks","Zeus IDE
Dev-C++
NetBeans
Android Studio
CodeLite
RStudio
Visual Studio Code
IntelliJ IDEA
Anjuta
wxHatch
LabVIEW
Code::Blocks
Borland C++ Builder
SPE
CodeForge
Philasmicos Entwickler Studio
VisualWX
DialogBlocks
MinGW Developer Studio","The suite of software development tools for writing programs, such as compiler, debugger, code editor, code highlights, packaged in a unified user interface, such as Visual Studio or Eclipse.",,knowledge,sector-specific,released,2025-02-27T12:45:08.961Z,ESCO,1.2.1,IT,http://data.europa.eu/esco/occupation/57af9090-55b4-4911-b2d0-86db01c00b02|http://data.europa.eu/esco/occupation/c40a2919-48a9-40ea-b506-1f34f693496d,embedded systems software developer|web developer,essential|essential,PENDING,
http://data.europa.eu/esco/skill/92721092-fe7c-4689-96bd-4f02385bc0e7,manage contracts,"supervise manage contracts
managing a contract
regulate manage contracts
oversee manage contracts
manage a contract
maintain manage contracts
contract management",,"Negotiate the terms, conditions, costs and other specifications of a contract while making sure they comply with legal requirements and are legally enforceable. Oversee the execution of the contract, agree on and document any changes in line with any legal limitations.",,skill/competence,cross-sector,released,2024-02-09T17:29:14.494Z,ESCO,1.2.1,BUSINESS,http://data.europa.eu/esco/occupation/57b459d4-655c-4053-b189-3c249ce33faf,ICT business development manager,optional,PENDING,
http://data.europa.eu/esco/skill/929e89f9-ac69-4bcb-9eea-37257aa5aff9,prepare for job interview,"assist with job interview preparation
help with job interview preparation
preparing for job interview",,"Make someone ready to deal with job interviews, by advising on communication, body language and appearance, going through frequently asked questions, and identifying personal and professional strengths and weaknesses.",,skill/competence,sector-specific,released,2024-02-09T17:29:10.678Z,ESCO,1.2.1,HR,http://data.europa.eu/esco/occupation/068370e0-9c27-4814-87d0-44fbb3140815,recruitment consultant,essential,PENDING,
http://data.europa.eu/esco/skill/933e7ccf-5d56-46ba-aca4-857f826a6b3a,administer appointments,"ensure proper appointments administration
accept or cancel appointments
administer an appointment
develop cancellation policies
handle appointment administration
schedule appointments
ensure proper appointment administration
schedule an appointment",,"Accept, schedule and cancel appointments.",,skill/competence,cross-sector,released,2025-11-26T10:21:07.894Z,ESCO,1.2.1,HR,http://data.europa.eu/esco/occupation/068370e0-9c27-4814-87d0-44fbb3140815|http://data.europa.eu/esco/occupation/d3e32e5e-7f24-48e3-b939-e4f800eb62fb|http://data.europa.eu/esco/occupation/f605bcd2-90b6-45a0-a558-d05016d68a77,recruitment consultant|human resources officer|human resources manager,optional|optional|optional,PENDING,
http://data.europa.eu/esco/skill/93aaf65c-5aad-4e6f-a7ba-ce9bf7c0e6e6,information categorisation,"design of information structures
information classification",,The process of classifying the information into categories and showing relationships between the data for some clearly defined purposes.,,knowledge,sector-specific,released,2025-06-25T08:20:05.218Z,ESCO,1.2.1,"IT,BUSINESS",http://data.europa.eu/esco/occupation/258e46f9-0075-4a2e-adae-1ff0477e0f30|http://data.europa.eu/esco/occupation/d3edb8f8-3a06-47a0-8fb9-9b212c006aa2|http://data.europa.eu/esco/occupation/fe0fa514-b48d-4a53-9757-a283c0baacf0,data scientist|data analyst|ICT business analyst,essential|essential|optional,PENDING,
http://data.europa.eu/esco/skill/93e65de1-923c-437e-aa5b-e6002967ce71,web based collaborative platforms,"digital collaboration tools
online collaborative tools",Microsoft SharePoint Server,Online tools which facilitate communication and collaboration among Internet users in real time. Platforms with a range of functionalities created to facilitate organisational team work or promote productive workflow among other features.,,knowledge,sector-specific,released,2023-11-29T16:30:21.845Z,ESCO,1.2.1,IT,http://data.europa.eu/esco/occupation/c40a2919-48a9-40ea-b506-1f34f693496d,web developer,essential,PENDING,
http://data.europa.eu/esco/skill/94dd823c-148e-4614-a6e8-99249b16357d,ICT project management,management of IT related projects,,"The methodologies for the planning, implementation, review and follow-up of ICT projects, such as the development, integration, modification and sales of ICT products and services, as well as projects relating technological innovation in the field of ICT.",,knowledge,sector-specific,released,2025-06-25T08:20:05.218Z,ESCO,1.2.1,IT,http://data.europa.eu/esco/occupation/7754d570-9519-48c2-b1c9-8e165f8bca0f,cybersecurity risk manager,optional,PENDING,
http://data.europa.eu/esco/skill/9525dcdf-5085-4143-bbae-544263acd63a,coordinate educational programmes,"coordinate educational programme
arrange educational programmes
coordinating educational programmes
organise educational programmes",,"Plan and coordinate educational and public outreach programs such as workshops, tours, lectures and classes.",,skill/competence,cross-sector,released,2024-02-09T17:29:15.235Z,ESCO,1.2.1,HR,http://data.europa.eu/esco/occupation/f605bcd2-90b6-45a0-a558-d05016d68a77,human resources manager,optional,PENDING,
http://data.europa.eu/esco/skill/953c0b65-537a-42fe-a90b-26cd36c64361,manage logistics,"coordinate logistics with constraints and desired work
manage logistics and desired work
supervise logistics
oversee logistics
manage logistics according to the desired work
adapt logistics according to the planned works
managing logistics
regulate logistics
maintain logistics
logistics management",,"Create logistic framework for transporting goods to customers and for receiving returns, execute and follow up the logistics processes and guidelines. Adapt the production processes to the contingencies and constraints of the medium.",,skill/competence,cross-sector,released,2025-02-27T12:45:08.961Z,ESCO,1.2.1,BUSINESS,http://data.europa.eu/esco/occupation/bea99fea-0383-4c63-b944-70d4799de2c5,project manager,essential,PENDING,
http://data.europa.eu/esco/skill/9601b2a8-68e4-4906-9306-a23679b8f0b0,supervise staff,"staff recruitment and training
recruit and train staff
supervision staff
supervising of staff
recruitment and training of staff
staff supervision
recruiting and training staff
supervising staff",,"Oversee the selection, training, performance and motivation of staff.",,skill/competence,cross-sector,released,2024-02-09T17:29:12.952Z,ESCO,1.2.1,HR,http://data.europa.eu/esco/occupation/a6e8a6bf-9209-4d19-a131-a8b6431e0f75|http://data.europa.eu/esco/occupation/f605bcd2-90b6-45a0-a558-d05016d68a77,talent acquisition manager|human resources manager,optional|optional,PENDING,
http://data.europa.eu/esco/skill/96550830-539b-4746-96aa-92aa4959945d,apply risk management processes,"adopting risk management processes
adopting processes of risk management
adopt processes of risk management
risk management processes adopting
adopt risk management processes
risk management processes applying
applying risk management processes
applying processes of risk management
apply processes of risk management",,"Identify risks and apply a risk management process, e.g. hazard analysis and critical control points (HACCP).",,skill/competence,cross-sector,released,2024-02-09T17:29:11.47Z,ESCO,1.2.1,IT,http://data.europa.eu/esco/occupation/349ee6f6-c295-4c38-9b98-48765b55280e,cloud engineer,optional,PENDING,
http://data.europa.eu/esco/skill/96a6b597-fc62-487e-87f2-de5b67950a3a,calculate dividends,"calculate boni
calculate bonuses
calculate profit
calculate profit share",,"Calculate the payments made by corporations as distribution of their profit to the shareholders, ensuring that the shareholders receive the correct amount in the correct format, meaning in monetary payouts via deposits or via the issuing of further shares or share repurchase.",,skill/competence,cross-sector,released,2024-02-09T17:29:15.968Z,ESCO,1.2.1,HR,http://data.europa.eu/esco/occupation/1fce1be0-bf52-449b-9a2b-3f2cc710290a,compensation analyst,optional,PENDING,
http://data.europa.eu/esco/skill/9714735d-6f60-440b-bdbc-aaf45ebcbe78,analyse the context of an organisation,"analyse context of a business
analyze the context of an organization
assess the context of an organisation",,Study the external and internal environment of an organisation by identifying its strengths and weaknesses in order to provide a base for company strategies and further planning.,,skill/competence,cross-sector,released,2024-02-29T17:15:04.783Z,ESCO,1.2.1,BUSINESS,http://data.europa.eu/esco/occupation/fe0fa514-b48d-4a53-9757-a283c0baacf0,ICT business analyst,essential,PENDING,
http://data.europa.eu/esco/skill/979cf728-896f-4f2c-8fa8-2698ca0d4930,publish academic research,"publishes academic research
publish doctoral research
publishing academic research
publish research
publish academic studies",,"Conduct academic research, in universities and research institutions, or on a personal account, publish it in books or academic journals with the aim of contributing to a field of expertise and achieving personal academic accreditation.",,skill/competence,cross-sector,released,2024-02-09T17:29:09.851Z,ESCO,1.2.1,IT,http://data.europa.eu/esco/occupation/258e46f9-0075-4a2e-adae-1ff0477e0f30,data scientist,essential,PENDING,
http://data.europa.eu/esco/skill/97b713f0-b9e8-4903-8dee-7e0b4019a1c0,employment law,"employment regulation
employment laws
employment statute
employment rule
employment legislation",,The law which mediates the relationship between employees and employers. It concerns employees' rights at work which are binding by the work contract.,,knowledge,cross-sector,released,2024-02-09T17:29:09.851Z,ESCO,1.2.1,HR,http://data.europa.eu/esco/occupation/068370e0-9c27-4814-87d0-44fbb3140815|http://data.europa.eu/esco/occupation/1fce1be0-bf52-449b-9a2b-3f2cc710290a|http://data.europa.eu/esco/occupation/d3e32e5e-7f24-48e3-b939-e4f800eb62fb|http://data.europa.eu/esco/occupation/f605bcd2-90b6-45a0-a558-d05016d68a77,recruitment consultant|compensation analyst|human resources officer|human resources manager,essential|essential|essential|essential,PENDING,
http://data.europa.eu/esco/skill/97bd1c21-66b2-4b7e-ad0f-e3cda590e378,data analytics,data anlysis,,The science of analysing and making decisions based on raw data collected from various sources. Includes knowledge of techniques using algorithms that derive insights or trends from that data to support decision-making processes.,,knowledge,cross-sector,released,2024-02-15T17:28:13.792Z,ESCO,1.2.1,IT,http://data.europa.eu/esco/occupation/2079755f-d809-49e6-8037-4de6180e54c0,data engineer,essential,PENDING,
http://data.europa.eu/esco/skill/98301d4a-2cc3-439d-8d7f-0b6ac76302bb,business process modelling,"process modelling
BPMN
business process modeling",,"The tools, methods and notations such as Business Process Model and Notation (BPMN) and Business Process Execution Language (BPEL), used to describe and analyse the characteristics of a business process and model its further development.",,knowledge,sector-specific,released,2016-08-04T15:19:18Z,ESCO,1.2.1,BUSINESS,http://data.europa.eu/esco/occupation/57b459d4-655c-4053-b189-3c249ce33faf|http://data.europa.eu/esco/occupation/60082a99-d8ef-4e84-9290-78902681b6ed|http://data.europa.eu/esco/occupation/fe0fa514-b48d-4a53-9757-a283c0baacf0,ICT business development manager|business analyst|ICT business analyst,optional|optional|essential,PENDING,
http://data.europa.eu/esco/skill/988f4ac3-a37c-4b0a-a40f-4e0e56b5919e,promote the transfer of knowledge,"valorise research findings in industry
valorise research findings in the public sector
ensure connection between research and industry",,"Deploy broad awareness of processes of knowledge valorisation aimed to maximise the two–way flow of technology, intellectual property, expertise and capability between the research base and industry or the public sector.",,skill/competence,cross-sector,released,2020-12-11T12:42:30.498Z,ESCO,1.2.1,IT,http://data.europa.eu/esco/occupation/258e46f9-0075-4a2e-adae-1ff0477e0f30,data scientist,essential,PENDING,
http://data.europa.eu/esco/skill/98a1dec3-8138-4f46-a596-5e2a83b884b9,business analytics,business data analytics,,The disciplines and technologies for solving business problems through employing quantitative methods such as data analysis and statistical models.,,knowledge,sector-specific,released,2023-10-30T09:05:55.056Z,ESCO,1.2.1,"IT,BUSINESS",http://data.europa.eu/esco/occupation/258e46f9-0075-4a2e-adae-1ff0477e0f30|http://data.europa.eu/esco/occupation/60082a99-d8ef-4e84-9290-78902681b6ed|http://data.europa.eu/esco/occupation/d3edb8f8-3a06-47a0-8fb9-9b212c006aa2,data scientist|business analyst|data analyst,optional|essential|essential,PENDING,
http://data.europa.eu/esco/skill/99207709-d076-4cce-ba38-e90d3bb28806,resource description framework query language,"RDF query language
SPARQL",,The query languages such as SPARQL which are used to retrieve and manipulate data stored in Resource Description Framework format (RDF).,,knowledge,sector-specific,released,2024-02-09T17:29:15.235Z,ESCO,1.2.1,IT,http://data.europa.eu/esco/occupation/106f79e4-6264-45f1-9e7a-297435cd684b|http://data.europa.eu/esco/occupation/258e46f9-0075-4a2e-adae-1ff0477e0f30|http://data.europa.eu/esco/occupation/d3edb8f8-3a06-47a0-8fb9-9b212c006aa2,software tester|data scientist|data analyst,optional|essential|essential,PENDING,
http://data.europa.eu/esco/skill/993b1e23-f2de-4bd8-b33f-f86dde1c8e9d,CoffeeScript,"CoffeeScript coding techniques
CoffeeScript software development techniques
CoffeeScript programming paradigms
CoffeeScript software development principles
CoffeeScript algorithms",,"The techniques and principles of software development, such as analysis, algorithms, coding, testing and compiling of programming paradigms in CoffeeScript.",,knowledge,sector-specific,released,2025-06-25T08:20:05.218Z,ESCO,1.2.1,IT,http://data.europa.eu/esco/occupation/106f79e4-6264-45f1-9e7a-297435cd684b|http://data.europa.eu/esco/occupation/c40a2919-48a9-40ea-b506-1f34f693496d,software tester|web developer,optional|optional,PENDING,
http://data.europa.eu/esco/skill/99474c7c-7096-4ff9-9e87-03db28727b00,calculate compensation payments,"calculate reimbursement payments
calculate repayments
calculate coverage payments
calculate remuneration
calculate settlement payments",,"Calculate the amount due by the insurance company in case of a legitimate claim, authorise the financial transfer and address reclamations to other insurance companies if needed.",,skill/competence,occupation-specific,released,2024-02-09T17:29:16.725Z,ESCO,1.2.1,HR,http://data.europa.eu/esco/occupation/1fce1be0-bf52-449b-9a2b-3f2cc710290a,compensation analyst,essential,PENDING,
http://data.europa.eu/esco/skill/99571e68-801f-49af-a897-5f75996642e1,financial analysis,"economic audit
fiscal audit
business analysis
fiscal analysis
commercial analysis
economic analysis",,"The process of assessing the financial possibilities, means, and status of an organisation or individual by analysing financial statements and reports in order to make well informed business or financial decisions.",,knowledge,cross-sector,released,2024-02-09T17:29:11.47Z,ESCO,1.2.1,"BUSINESS,HR",http://data.europa.eu/esco/occupation/04f39bfa-bc03-4480-98bc-b18ce4fe4b4b|http://data.europa.eu/esco/occupation/1fce1be0-bf52-449b-9a2b-3f2cc710290a,accounting manager|compensation analyst,essential|essential,PENDING,
http://data.europa.eu/esco/skill/9973a5a2-7822-4161-99e9-95c781eb63f8,Objective-C,Objective C,"ObjC
Objective C
Objective-C 2.0
ObjectiveC
Obj-c
Smalltalk and C
Objective C plus plus
Objc
Objective c
Objective-c
C and Smalltalk
Obj C
Object C
Objective-C++","The techniques and principles of software development, such as analysis, algorithms, coding, testing and compiling of programming paradigms in Objective-C.",,knowledge,sector-specific,released,2023-06-09T15:53:11.999Z,ESCO,1.2.1,IT,http://data.europa.eu/esco/occupation/106f79e4-6264-45f1-9e7a-297435cd684b|http://data.europa.eu/esco/occupation/57af9090-55b4-4911-b2d0-86db01c00b02|http://data.europa.eu/esco/occupation/c40a2919-48a9-40ea-b506-1f34f693496d,software tester|embedded systems software developer|web developer,optional|optional|optional,PENDING,
http://data.europa.eu/esco/skill/9979e727-3104-42e0-8f41-4af2578111ea,perform PESTEL analysis,"conduct PESTEL analysis
carry out PESTEL analysis
perform analysis using PESTEL framework
conduct analysis using PESTEL framework",,"Analyse political, economic, social, technological, environmental and legal factors to identify the external aspects that influence an organisation, and therefore, could have an impact on the objectives, planning or execution of projects.",,skill/competence,cross-sector,released,2024-02-27T10:27:36.801Z,ESCO,1.2.1,BUSINESS,http://data.europa.eu/esco/occupation/bea99fea-0383-4c63-b944-70d4799de2c5,project manager,essential,PENDING,
http://data.europa.eu/esco/skill/99b163e8-7815-43e2-83f3-a47f3076354c,accounting entries,"accounting entry
account entries
accounting transactions
financial transactions records",,"The financial transactions recorded in accounting systems or books of a company together with the metadata linked to the entry such as the date, the amount, the accounts affected, and a description of the transaction.",,knowledge,cross-sector,released,2024-02-09T17:29:09.851Z,ESCO,1.2.1,BUSINESS,http://data.europa.eu/esco/occupation/04f39bfa-bc03-4480-98bc-b18ce4fe4b4b,accounting manager,essential,PENDING,
http://data.europa.eu/esco/skill/99c4c69a-025c-464f-adda-874c7f107a31,engage with stakeholders,"achieve shared understandings with stakeholders
undertake stakeholders engagement processes
use processes for negotiated agreements with stakeholders
build partnerships with stakeholders
negotiate agreements with stakeholders",,"Use a variety of processes that result in mutually negotiated agreements, shared understandings and consensus building. Build partnerships within the work context.",,skill/competence,cross-sector,released,2024-02-26T08:32:59.085Z,ESCO,1.2.1,IT,http://data.europa.eu/esco/occupation/7754d570-9519-48c2-b1c9-8e165f8bca0f,cybersecurity risk manager,essential,PENDING,
http://data.europa.eu/esco/skill/9a58cd26-58eb-4a1c-b1b6-64037fe9cfa1,think abstractly,"thinking in abstractions
thinking in abstract concepts
conceptualise reality
carry out abstraction of concepts
conceptualise abstract ideas",,"Demonstrate the ability to use concepts in order to make and understand generalisations, and relate or connect them to other items, events, or experiences.",,skill/competence,cross-sector,released,2024-02-26T16:23:39.49Z,ESCO,1.2.1,IT,http://data.europa.eu/esco/occupation/258e46f9-0075-4a2e-adae-1ff0477e0f30,data scientist,essential,PENDING,
http://data.europa.eu/esco/skill/9af252ce-bf4d-411b-8daa-beb91df4257d,channel marketing,"marketing a channel
market a channel
channel advertising
channel placing
channel promotion
marketing channels",,"The strategies and practices, including channel sales, that involve distributing products directly and indirectly through partners in order to bring the products to the end consumer.",,knowledge,cross-sector,released,2024-02-09T17:29:17.515Z,ESCO,1.2.1,BUSINESS,http://data.europa.eu/esco/occupation/6fcf4638-e7c7-4978-9302-9a7b63a3d57c,marketing manager,essential,PENDING,
http://data.europa.eu/esco/skill/9b9de2a4-d8af-4a7b-933a-a8334ae60067,JavaScript Framework,,"JQuery
React
Vue.js
Angular","The JavaScript software development environments which provide specific features and components ( such as HTML generation tools, Canvas support or Visual design) that support and guide JavaScript web applications development.",,knowledge,sector-specific,released,2025-02-27T12:45:08.961Z,ESCO,1.2.1,IT,http://data.europa.eu/esco/occupation/c40a2919-48a9-40ea-b506-1f34f693496d,web developer,optional,PENDING,
http://data.europa.eu/esco/skill/9be758b6-a45d-403c-8943-68390ee2c961,quantity surveying,quantity surveying techniques,,"The process of estimating, planning and monitoring the costs of construction for buildings within large construction projects. It means the efficient and effective utilisation of resources and includes aspects of risk analysis as well as tender evaluation and public procurement.",,knowledge,sector-specific,released,2024-01-29T11:32:05.479Z,ESCO,1.2.1,BUSINESS,http://data.europa.eu/esco/occupation/bea99fea-0383-4c63-b944-70d4799de2c5,project manager,optional,PENDING,
http://data.europa.eu/esco/skill/9c6e951f-aa88-4890-983d-e7a6ee49f5bb,plan marketing campaigns,"planning marketing campaigns
planning a marketing campaign
implement marketing campaign
set up marketing campaign
timetable marketing campaign
arrange marketing campaign
plan marketing campaign
plan a marketing campaign",,"Develop a method to promote a product through different channels, such as television, radio, print and online platforms, social media with the aim to communicate and deliver value to customers.",,skill/competence,cross-sector,released,2022-07-05T14:38:14.433Z,ESCO,1.2.1,BUSINESS,http://data.europa.eu/esco/occupation/6fcf4638-e7c7-4978-9302-9a7b63a3d57c,marketing manager,essential,PENDING,
http://data.europa.eu/esco/skill/9cf681c7-89ec-470c-b651-7fe03786f586,query languages,"DMX
SuprTool
OttoQL
XPath
QUEL
ISBL
.QL
F-logic
SPL
FQL
OPath
MQL
Poliqarp
HTSQL
YQL
Gellish
XSPARQL
Concept-Oriented
TMQL
RDQL
OCL
OQL
CQLF
ReQL
Datalog","DMX
RDQL
XPath
OttoQL
ISBL
Gellish
OQL
MQL
YQL
Poliqarp
.QL
Datalog
F-logic
XSPARQL
CQLF
OCL
ReQL
SPL
QUEL
OPath
TMQL
SuprTool
HTSQL
Concept-Oriented
FQL",The field of standardised computer languages for retrieval of information from a database and of documents containing the needed information.,,knowledge,sector-specific,released,2025-02-27T12:45:08.961Z,ESCO,1.2.1,IT,http://data.europa.eu/esco/occupation/106f79e4-6264-45f1-9e7a-297435cd684b|http://data.europa.eu/esco/occupation/258e46f9-0075-4a2e-adae-1ff0477e0f30|http://data.europa.eu/esco/occupation/d3edb8f8-3a06-47a0-8fb9-9b212c006aa2,software tester|data scientist|data analyst,optional|essential|essential,PENDING,
http://data.europa.eu/esco/skill/9d1b08b3-ba1e-41f6-a466-1ac1e62eb5f0,conduct ICT code review,perform code reviews,,Examine and review systematically computer source code to identify errors in any stage of development and to improve the overall software quality.,,skill/competence,sector-specific,released,2025-06-25T12:15:04.406Z,ESCO,1.2.1,IT,http://data.europa.eu/esco/occupation/106f79e4-6264-45f1-9e7a-297435cd684b,software tester,optional,PENDING,
http://data.europa.eu/esco/skill/9d2e926f-53d9-41f5-98f3-19dfaa687f3f,tools for software configuration management,"tools for software version control
Rudder
NOC
OCS Inventory NG with GLPI
Bcfg2
Rundeck
Synctool
SmartFrog
CFEngine
Local ConFiGuration system
source control
Radmind
cdist
Quattor
ISconf
revision control
NixOS
git
PIKT
software tools for version control
Open pc server integration","Rudder
Bcfg2
Rundeck
Synctool
Local ConFiGuration system
Radmind
cdist
OCS Inventory NG with GLPI
PIKT
Open pc server integration
NOC
NixOS
SmartFrog
Quattor
CFEngine
git
ISconf","The software programs to perform configuration identification, control, status accounting and audit, such as CVS, ClearCase, Subversion, GIT and TortoiseSVN perform this management.",,knowledge,sector-specific,released,2024-02-09T17:29:09.009Z,ESCO,1.2.1,IT,http://data.europa.eu/esco/occupation/57af9090-55b4-4911-b2d0-86db01c00b02|http://data.europa.eu/esco/occupation/c40a2919-48a9-40ea-b506-1f34f693496d,embedded systems software developer|web developer,essential|essential,PENDING,
http://data.europa.eu/esco/skill/9d5521f9-44d7-4db4-b7ac-0ba7d389f44d,liaise with colleagues,"cooperate with colleagues
work with colleagues
work together with colleagues
collaborate with colleagues
liaise with the colleagues
liaise with a colleague",,Liaise with fellow colleagues to ensure common understanding on work related affairs and agree on the necessary compromises the parties might need to face. Negotiate compromises between parties as to ensure that work in general run efficiently towards the achievement of the objectives.,,skill/competence,cross-sector,released,2024-02-09T17:29:14.494Z,ESCO,1.2.1,HR,http://data.europa.eu/esco/occupation/068370e0-9c27-4814-87d0-44fbb3140815,recruitment consultant,optional,PENDING,
http://data.europa.eu/esco/skill/9d59f4e5-20a5-428e-b8b3-645043500457,create a work atmosphere of continuous improvement,"empower teams for continuous improvement
drive teams for continuous improvement
encourage a team for continuous improvement
develop a work atmosphere of continuous improvement
encourage teams to continuously improve
support teams for continuous improvement
encourage teams for continuous improvement
create a continuous improvement work atmosphere
praise teams for continuous improvement
create a working atmosphere of continuous improvement
set a work atmosphere of continuous improvement",,"Work with management practices such as continuous improvement, preventive maintenance. Pay attention to problem solving and teamwork principles. Empower teams to identify opportunities and then drive the process to improve the results.",,skill/competence,cross-sector,released,2025-08-01T12:53:28.538Z,ESCO,1.2.1,HR,http://data.europa.eu/esco/occupation/f605bcd2-90b6-45a0-a558-d05016d68a77,human resources manager,optional,PENDING,
http://data.europa.eu/esco/skill/9d916d7c-89b3-4084-a6d9-e2b0b3091404,manage payroll,"managing payroll
oversee payroll
handle payroll
administer payroll",,"Manage and be responsible for employees receiving their wages, review salaries and benefit plans and advise management on payroll and other employment conditions.",,skill/competence,cross-sector,released,2024-02-09T17:29:16.725Z,ESCO,1.2.1,HR,http://data.europa.eu/esco/occupation/d3e32e5e-7f24-48e3-b939-e4f800eb62fb|http://data.europa.eu/esco/occupation/f605bcd2-90b6-45a0-a558-d05016d68a77,human resources officer|human resources manager,essential|essential,PENDING,
http://data.europa.eu/esco/skill/9e00c7e1-2c36-4f0c-9acc-6668f4b10928,find a replacement for stage manager,"find a stage manager replacement
finding a replacement for stage manager
stand in for stage manager
fill in for stage manager
substitute for stage manager
cover for stage manager",,Take over tasks from the stage manager as required. Indicate key standby moments. Indicate when the house is open. Confirm that the performers are in position. Indicate the start of the performance. Indicate the entrances and exits of scenery elements when necessary.,,skill/competence,sector-specific,released,2023-10-25T16:25:33.23Z,ESCO,1.2.1,BUSINESS,http://data.europa.eu/esco/occupation/bea99fea-0383-4c63-b944-70d4799de2c5,project manager,optional,PENDING,
http://data.europa.eu/esco/skill/9e06bac6-6b91-48ca-8b7d-c1f48cdecd7c,solve ICT system problems,"diagnose system problems
troubleshoot system
manage system problem",,"Identify potential component malfunctions. Monitor, document and communicate about incidents. Deploy appropriate resources with minimal outage and deploy appropriate diagnostic tools.",,skill/competence,cross-sector,released,2024-02-09T17:29:14.494Z,ESCO,1.2.1,IT,http://data.europa.eu/esco/occupation/349ee6f6-c295-4c38-9b98-48765b55280e|http://data.europa.eu/esco/occupation/7754d570-9519-48c2-b1c9-8e165f8bca0f,cloud engineer|cybersecurity risk manager,essential|optional,PENDING,
http://data.europa.eu/esco/skill/9e84a506-df06-4be3-874a-fa01293e3dd5,business processes,"business analysis
business handling
business measures
refinement a business
business process
a business process",,"Processes which an organisation applies to improve efficiency, set new objectives and reach goals in a profitable and timely manner.",,knowledge,cross-sector,released,2024-02-09T17:29:10.678Z,ESCO,1.2.1,"BUSINESS,HR",http://data.europa.eu/esco/occupation/1fce1be0-bf52-449b-9a2b-3f2cc710290a|http://data.europa.eu/esco/occupation/57b459d4-655c-4053-b189-3c249ce33faf|http://data.europa.eu/esco/occupation/bea99fea-0383-4c63-b944-70d4799de2c5,compensation analyst|ICT business development manager|project manager,essential|essential|optional,PENDING,
http://data.europa.eu/esco/skill/9ef0f3a0-9ce2-4ef1-a987-0366b5cb2dbe,database development tools,Microcontrollers,Arduino,"The methodologies and tools used for creating logical and physical structure of databases, such as logical data structures, diagrams, modelling methodologies and entity-relationships.",,knowledge,sector-specific,released,2025-02-27T12:45:08.961Z,ESCO,1.2.1,IT,http://data.europa.eu/esco/occupation/349ee6f6-c295-4c38-9b98-48765b55280e,cloud engineer,essential,PENDING,
http://data.europa.eu/esco/skill/9f6946f7-60aa-409a-b33d-152f244299d8,provide advice on breaches of regulation,"provide advice on regulation violations
advise on regulation compliance requirements
provide advice on regulation infractions
provide advice on regulation breaches
make recommendations on how to effectively meet regulatory requirements
make recommendations on necessary regulation compliance actions
provide advice on violations of regulation
advise on preventive and corrective regulation compliance actions
advise on preventive and corrective regulation compliance activities
provide advice on infractions of regulation",,Advise on preventive and corrective actions; correct any breaches of or non-compliance with legal regulations.,,skill/competence,cross-sector,released,2024-02-09T17:29:09.851Z,ESCO,1.2.1,HR,http://data.europa.eu/esco/occupation/f605bcd2-90b6-45a0-a558-d05016d68a77,human resources manager,optional,PENDING,
http://data.europa.eu/esco/skill/9fc400ac-8ed2-4aff-915f-aa4f2609ec7b,multidisciplinary research,multidisciplinary research methods,,The research technique where a common issue is investigated using approaches from different disciplines with the aim of finding a comprehensive solution to it.,,knowledge,cross-sector,released,2024-01-29T11:25:54.857Z,ESCO,1.2.1,IT,http://data.europa.eu/esco/occupation/258e46f9-0075-4a2e-adae-1ff0477e0f30|http://data.europa.eu/esco/occupation/d3edb8f8-3a06-47a0-8fb9-9b212c006aa2,data scientist|data analyst,optional|optional,PENDING,
http://data.europa.eu/esco/skill/9ff9db9d-d14b-426e-83f3-e7449af6c79f,manage data,"administer data
data administration
manage data lifecycle
operate data quality tools
data resource management",,"Administer all types of data resources through their lifecycle by performing data profiling, parsing, standardisation, identity resolution, cleansing, enhancement and auditing. Ensure the data is fit for purpose, using specialised ICT tools to fulfil the data quality criteria.",,skill/competence,sector-specific,released,2025-05-16T14:42:49.886Z,ESCO,1.2.1,IT,http://data.europa.eu/esco/occupation/2079755f-d809-49e6-8037-4de6180e54c0|http://data.europa.eu/esco/occupation/258e46f9-0075-4a2e-adae-1ff0477e0f30|http://data.europa.eu/esco/occupation/d3edb8f8-3a06-47a0-8fb9-9b212c006aa2,data engineer|data scientist|data analyst,essential|optional|essential,PENDING,
http://data.europa.eu/esco/skill/a0bf9b9d-e53f-418c-a839-5d99eff718fe,conduct search engine optimisation,"undertake search engine optimisation
manage search engine optimisation
carry out search engine optimisation
conduct search engine optimization
conduct a search engine optimisation
organise search engine optimisation
conducting a search engine optimisation
conducting search engine optimisation",,"Execute optimal marketing research and strategies on search engine processes, also known as search engine marketing (SEM), in order to increase online traffic and website exposure.",,skill/competence,cross-sector,released,2022-07-05T14:34:46.63Z,ESCO,1.2.1,BUSINESS,http://data.europa.eu/esco/occupation/6fcf4638-e7c7-4978-9302-9a7b63a3d57c,marketing manager,optional,PENDING,
http://data.europa.eu/esco/skill/a0e23745-6ba4-45e2-9510-df6e71ed1230,apply knowledge of human behaviour,"utilise knowledge of human behaviour
employ knowledge of human behaviour
apply the knowledge of human behaviour
applying knowledge of human behaviour
implement knowledge of human behaviour
apply knowledge of human behavior
apply a knowledge of human behaviour
administer knowledge of human behaviour",,"Practice principles related to group behaviour, trends in society, and influence of societal dynamics.",,skill/competence,cross-sector,released,2016-12-20T20:53:46Z,ESCO,1.2.1,HR,http://data.europa.eu/esco/occupation/068370e0-9c27-4814-87d0-44fbb3140815|http://data.europa.eu/esco/occupation/d3e32e5e-7f24-48e3-b939-e4f800eb62fb,recruitment consultant|human resources officer,optional|optional,PENDING,
http://data.europa.eu/esco/skill/a17286c5-238d-4f0b-bc24-29e9121345de,listen actively,"maintain active listening
active listening
apply active listening techniques
use active listening techniques
listen with attentive participation",,"Give attention to what other people say, patiently understand points being made, asking questions as appropriate, and not interrupting at inappropriate times; able to listen carefully the needs of customers, clients, passengers, service users or others, and provide solutions accordingly.",,skill/competence,cross-sector,released,2025-02-27T12:45:08.961Z,ESCO,1.2.1,HR,http://data.europa.eu/esco/occupation/068370e0-9c27-4814-87d0-44fbb3140815|http://data.europa.eu/esco/occupation/d3e32e5e-7f24-48e3-b939-e4f800eb62fb,recruitment consultant|human resources officer,essential|essential,PENDING,
http://data.europa.eu/esco/skill/a1eef0f4-133f-464a-a8f1-68fe3e8cc1b4,healthcare analytics,"health care data analytics
health care analytics
health data analytics
healthcare data analytics",,"The use of qualitative and quantitative methods to analyse patterns in healthcare data to the aim of improving healthcare administration, quality in patient care and diseases diagnosis.",,knowledge,sector-specific,released,2024-01-29T11:19:02.606Z,ESCO,1.2.1,IT,http://data.europa.eu/esco/occupation/258e46f9-0075-4a2e-adae-1ff0477e0f30|http://data.europa.eu/esco/occupation/d3edb8f8-3a06-47a0-8fb9-9b212c006aa2,data scientist|data analyst,optional|optional,PENDING,
http://data.europa.eu/esco/skill/a3ce2bf7-5562-4639-9b52-fdb4850a3904,ICT problem management techniques,"ICT problem management procedures
ICT problem management strategies
ICT problem management procedure
ICT problem management processes
ICT problem management methods
types of ICT problem management techniques",,The techniques related to identifying the solutions of the root cause of ICT incidents.,,knowledge,sector-specific,released,2025-06-25T08:20:05.218Z,ESCO,1.2.1,IT,http://data.europa.eu/esco/occupation/7754d570-9519-48c2-b1c9-8e165f8bca0f,cybersecurity risk manager,optional,PENDING,
http://data.europa.eu/esco/skill/a4881e54-6055-4e61-855a-0a56ced7cfa3,web strategy assessment,"analysis of web strategy
online assessment
web presence assessment",,Techniques for conducting a deep analysis of a company's web presence.,,knowledge,sector-specific,released,2022-07-05T14:37:59.932Z,ESCO,1.2.1,BUSINESS,http://data.europa.eu/esco/occupation/6fcf4638-e7c7-4978-9302-9a7b63a3d57c,marketing manager,optional,PENDING,
http://data.europa.eu/esco/skill/a4b7f1be-7058-45e4-ac90-66580499187f,plan events,"programme the event
plan an event
plan the events
map out an event",,"Plan programmes, agendas, budgets, and services of an event according to customers' requirements.",,skill/competence,cross-sector,released,2024-02-09T17:29:09.009Z,ESCO,1.2.1,BUSINESS,http://data.europa.eu/esco/occupation/6fcf4638-e7c7-4978-9302-9a7b63a3d57c,marketing manager,optional,PENDING,
http://data.europa.eu/esco/skill/a4d336a6-9ffd-402a-91cc-f359716ba4e0,ML (computer programming),"ML
ML systems
ML development principles",,"The techniques and principles of software development, such as analysis, algorithms, coding, testing and compiling of programming paradigms in ML.",,knowledge,sector-specific,released,2024-02-29T15:58:47.179Z,ESCO,1.2.1,IT,http://data.europa.eu/esco/occupation/106f79e4-6264-45f1-9e7a-297435cd684b|http://data.europa.eu/esco/occupation/57af9090-55b4-4911-b2d0-86db01c00b02|http://data.europa.eu/esco/occupation/c40a2919-48a9-40ea-b506-1f34f693496d,software tester|embedded systems software developer|web developer,optional|optional|optional,PENDING,
http://data.europa.eu/esco/skill/a4e31589-3632-4926-91d0-15b889c90b9b,IBM WebSphere,WebSphere application server,,The application server IBM WebSphere provides flexible and secure Java EE runtime environments to support application infrastructure and deployments.,,knowledge,sector-specific,released,2025-06-25T08:20:05.218Z,ESCO,1.2.1,IT,http://data.europa.eu/esco/occupation/c40a2919-48a9-40ea-b506-1f34f693496d,web developer,optional,PENDING,
http://data.europa.eu/esco/skill/a4e50b95-8962-4408-81f9-f5de71461276,calculate employee benefits,"calculate welfare
calculate welfare benefits
calculate aid
calculate benefits",,"Calculate the benefits which the people connected to the organisation are entitled to, such as employees or retired people, using the information of the person and the interplay between governmental benefits and benefits obtained through for example employment.",,skill/competence,sector-specific,released,2020-06-25T13:08:29.35Z,ESCO,1.2.1,HR,http://data.europa.eu/esco/occupation/1fce1be0-bf52-449b-9a2b-3f2cc710290a,compensation analyst,essential,PENDING,
http://data.europa.eu/esco/skill/a56dec32-05ef-45de-a256-ee6741f356db,information confidentiality,"data confidentiality
consumer data privacy
data access control",,"The mechanisms and regulations which allow for selective access control and guarantee that only authorised parties (people, processes, systems and devices) have access to data, the way to comply with confidential information and the risks of non-compliance.",,knowledge,sector-specific,released,2024-02-09T17:29:12.215Z,ESCO,1.2.1,"IT,BUSINESS",http://data.europa.eu/esco/occupation/6fcf4638-e7c7-4978-9302-9a7b63a3d57c|http://data.europa.eu/esco/occupation/7754d570-9519-48c2-b1c9-8e165f8bca0f|http://data.europa.eu/esco/occupation/d3edb8f8-3a06-47a0-8fb9-9b212c006aa2,marketing manager|cybersecurity risk manager|data analyst,optional|optional|essential,PENDING,
http://data.europa.eu/esco/skill/a5735dd9-2e74-4fb1-b785-50b98498fc25,manage sub-contract labour,"coordinate sub-contract labour
manage sub-contract labor
manage sub-contract labourers
oversee sub-contract labour
monitor sub-contract labour
supervise sub-contract labour
managing sub-contract labourers
managing sub-contract labour",,Oversee work and the labourers hired to carry out part or all of the responsibilities of someone else's contract.,,skill/competence,cross-sector,released,2016-12-20T20:26:07Z,ESCO,1.2.1,HR,http://data.europa.eu/esco/occupation/f605bcd2-90b6-45a0-a558-d05016d68a77,human resources manager,optional,PENDING,
http://data.europa.eu/esco/skill/a57a54b6-2f2e-43e4-9621-b52f4a63cb08,LDAP,Lightweight Directory Access Protocol,"LDAP 2
LADAP 3",The computer language LDAP is a query language for retrieval of information from a database and of documents containing the needed information.,,knowledge,sector-specific,released,2023-06-08T16:20:21.277Z,ESCO,1.2.1,IT,http://data.europa.eu/esco/occupation/106f79e4-6264-45f1-9e7a-297435cd684b|http://data.europa.eu/esco/occupation/258e46f9-0075-4a2e-adae-1ff0477e0f30|http://data.europa.eu/esco/occupation/d3edb8f8-3a06-47a0-8fb9-9b212c006aa2,software tester|data scientist|data analyst,optional|optional|optional,PENDING,
http://data.europa.eu/esco/skill/a584a638-a2c0-4b3c-bdf3-a64f87225be9,mentor individuals,"support individuals
help individuals
guide individuals
guide people
support people
help people",,"Mentor individuals by providing emotional support, sharing experiences and giving advice to the individual to help them in their personal development, as well as adapting the support to the specific needs of the individual and heeding their requests and expectations.",,skill/competence,cross-sector,released,2024-02-09T17:29:15.235Z,ESCO,1.2.1,IT,http://data.europa.eu/esco/occupation/258e46f9-0075-4a2e-adae-1ff0477e0f30,data scientist,essential,PENDING,
http://data.europa.eu/esco/skill/a5b0cd5c-e13a-4ab3-8d93-4d242adcfb01,teamwork principles,"teamwork approaches
teamwork principle
teamwork concepts
teamwork methods",,"The cooperation between people characterised by a unified commitment to achieving a given goal, participating equally, maintaining open communication, facilitating effective usage of ideas etc.",,knowledge,cross-sector,released,2024-02-09T17:29:09.009Z,ESCO,1.2.1,BUSINESS,http://data.europa.eu/esco/occupation/6fcf4638-e7c7-4978-9302-9a7b63a3d57c,marketing manager,optional,PENDING,
http://data.europa.eu/esco/skill/a7f0fbe0-c546-4f30-8e41-34a58c64567e,data storage,file hosting service,"One Drive
Dropbox","The physical and technical concepts of how digital data storage is organised in specific schemes both locally, such as hard-drives and random-access memories (RAM) and remotely, via network, internet or cloud.",,knowledge,sector-specific,released,2023-07-11T18:15:12.722Z,ESCO,1.2.1,IT,http://data.europa.eu/esco/occupation/2079755f-d809-49e6-8037-4de6180e54c0|http://data.europa.eu/esco/occupation/d3edb8f8-3a06-47a0-8fb9-9b212c006aa2,data engineer|data analyst,essential|optional,PENDING,
http://data.europa.eu/esco/skill/a800a15c-2d1b-4151-8bf3-b21d47f709a1,develop online community plan,"design online community plan
establish online community plan
promote online community plan
expand online community plan
progress an online community plan",,"Create the community's plan to grow the online community, build usage, retain recent users and increase the user's participation.",,skill/competence,sector-specific,released,2025-06-25T12:15:04.406Z,ESCO,1.2.1,BUSINESS,http://data.europa.eu/esco/occupation/6fcf4638-e7c7-4978-9302-9a7b63a3d57c,marketing manager,optional,PENDING,
http://data.europa.eu/esco/skill/a80fb090-63f4-4b05-83a5-2f090deb7757,manage data collection systems,oversee data collection methods,,"Develop and manage methods and strategies used to maximise data quality and statistical efficiency in the collection of data, in order to ensure the gathered data are optimised for further processing.",,skill/competence,sector-specific,released,2025-06-25T08:45:06.159Z,ESCO,1.2.1,IT,http://data.europa.eu/esco/occupation/258e46f9-0075-4a2e-adae-1ff0477e0f30|http://data.europa.eu/esco/occupation/d3edb8f8-3a06-47a0-8fb9-9b212c006aa2,data scientist|data analyst,essential|optional,PENDING,
http://data.europa.eu/esco/skill/a846cb9e-c152-41e7-bd34-45e7ff941e3b,legal requirements of ICT products,"legal requirements for the development and use of ICT products
international regulations for the use of ICT products
legal requirements for the development of ICT products
legal requirements for the design of ICT products
international regulations for the development and use of ICT products",,The international regulations related to the development and use of ICT products.,,knowledge,cross-sector,released,2025-06-25T08:20:05.218Z,ESCO,1.2.1,"IT,BUSINESS",http://data.europa.eu/esco/occupation/7754d570-9519-48c2-b1c9-8e165f8bca0f|http://data.europa.eu/esco/occupation/fe0fa514-b48d-4a53-9757-a283c0baacf0,cybersecurity risk manager|ICT business analyst,optional|essential,PENDING,
http://data.europa.eu/esco/skill/a8797f21-1af0-4c5e-98ca-bf1442929363,interact with users to gather requirements,communicate with users to gather requirements,,Communicate with users to identify their requirements and collect them. Define all relevant user requirements and document them in an understandable and logical way for further analysis and specification.,,skill/competence,sector-specific,released,2025-06-25T08:45:06.159Z,ESCO,1.2.1,BUSINESS,http://data.europa.eu/esco/occupation/fe0fa514-b48d-4a53-9757-a283c0baacf0,ICT business analyst,essential,PENDING,
http://data.europa.eu/esco/skill/a8d24a95-47b3-4f88-92e7-06600bcd3612,manage personal professional development,"develop own practice
continuously develop your own practices
research identify and resource your continuing professional development
identify priority areas for professional development
continuously develop own practice
manage personal lifelong learning
develop own practices continuously
conduct personal professional development
research own continuing professional development
develop own practice continuously
undertake responsibility on continuous professional development",,Take responsibility for lifelong learning and continuous professional development. Engage in learning to support and update professional competence. Identify priority areas for professional development based on reflection about own practice and through contact with peers and stakeholders. Pursue a cycle of self-improvement and develop credible career plans.,,skill/competence,cross-sector,released,2024-02-09T17:29:09.851Z,ESCO,1.2.1,IT,http://data.europa.eu/esco/occupation/258e46f9-0075-4a2e-adae-1ff0477e0f30,data scientist,essential,PENDING,
http://data.europa.eu/esco/skill/a8f2a095-9d03-43f0-980d-2b9fcc59a994,shape corporate culture,"determine corporate culture
shaping corporate culture
shape corporation culture
define corporate culture",,"Observe and define the elements in the corporate culture of a company in order to reinforce, integrate and shape further the codes, values, beliefs and behaviours aligned with the company's aims.",,skill/competence,cross-sector,released,2024-02-09T17:29:14.494Z,ESCO,1.2.1,HR,http://data.europa.eu/esco/occupation/f605bcd2-90b6-45a0-a558-d05016d68a77,human resources manager,essential,PENDING,
http://data.europa.eu/esco/skill/a9640376-8d72-4a70-a4a3-7a18e2e8f3c0,advise on public finance,"commend public finance
recommend public finance
public finance advice
suggest public finance
advise on public financial matters
advise on public finances
assess public finance",,"Advise public organisations such as governmental organisations on their financial operations and procedures, to ensure optimal efficiency.",,skill/competence,cross-sector,released,2024-02-09T17:29:11.47Z,ESCO,1.2.1,BUSINESS,http://data.europa.eu/esco/occupation/04f39bfa-bc03-4480-98bc-b18ce4fe4b4b,accounting manager,optional,PENDING,
http://data.europa.eu/esco/skill/a9c205ef-365a-4ae4-b905-cb48ba761ff0,impart business plans to collaborators,"impart business plan to collaborators
imparting business plans to collaborators
impart business plans to collaborator",,"Diffuse, present, and communicate business plans and strategies to managers, employees making sure that objectives, actions, and important messages are properly conveyed.",,skill/competence,cross-sector,released,2024-02-09T17:29:09.009Z,ESCO,1.2.1,BUSINESS,http://data.europa.eu/esco/occupation/6fcf4638-e7c7-4978-9302-9a7b63a3d57c,marketing manager,essential,PENDING,
http://data.europa.eu/esco/skill/aa7eac5f-dc9d-401a-b197-c9c455d78c95,integrate marketing strategies with the global strategy,"integrating marketing strategies with the global strategy
integrate marketing strategy with the global strategy
incorporate marketing strategies with the global strategy
implement marketing strategies with the global strategy",,"Integrate the marketing strategy and its elements such as the market definition, competitors, price strategy, and communication with the general guidelines of the global strategy of the company.",,skill/competence,cross-sector,released,2024-02-09T17:29:10.678Z,ESCO,1.2.1,BUSINESS,http://data.europa.eu/esco/occupation/6fcf4638-e7c7-4978-9302-9a7b63a3d57c,marketing manager,essential,PENDING,
http://data.europa.eu/esco/skill/ab1e97ed-2319-4293-a8b7-072d2648822f,database management systems,"PointBase Embedded
R:Base
Adaptive Server Anywhere
Oracle Lite
Rdb
Interbase
Velocis
Jasmine ii
Raima Database Manager
IDMS
YARD-SQL
Versant
Oracle 8I
Db.linux
NonStop SQL
Quadbase SQL Server
PointBase Network Server
Pervasive.SQL 2000
UniData
UniSQL
Adaptive Server Enterprise
Db.star
POET Object Server Suite
Informix Dynamic Server 2000
Informix Extended Parallel Server
DBMS
Cloudscape
SUPRA
database systems
SQLBase
IMS DB
Peoplesoft
Datacom
DB2 Everyplace
Sybase
PointBase Mobile
Model 204
Advantage Database Server
Pervasive.SQL Workgroup
Adabas D
TimesTen
DB engines
Adabas
Objectivity DB
SQL
Ingres ii","PointBase Embedded
Apache
Adaptive Server Anywhere
Rdb
Velocis
Jasmine ii
IDMS
Raima Database Manager
Oracle Lite
Oracle 8I
Pervasive.SQL 2000
UniData
Db.star
Adaptive Server Enterprise
NonStop SQL
Versant
Informix Extended Parallel Server
Cloudscape
SUPRA
IMS DB
Interbase
UniSQL
Db.linux
Microsoft Access
DB2 Everyplace
YARD-SQL
SQLBase
R:Base
Advantage Database Server
POET Object Server Suite
Pervasive.SQL Workgroup
TimesTen
Adabas
Quadbase SQL Server
Datacom
Informix Dynamic Server 2000
PointBase Mobile
Model 204
Ingres ii
PointBase Network Server
Adabas D
Objectivity DB","The tools for creating, updating and managing databases, such as Oracle, MySQL and Microsoft SQL Server.",,knowledge,sector-specific,released,2025-04-16T10:03:15.899Z,ESCO,1.2.1,IT,http://data.europa.eu/esco/occupation/2079755f-d809-49e6-8037-4de6180e54c0,data engineer,essential,PENDING,
http://data.europa.eu/esco/skill/ab927ee8-acd9-41c2-aef0-2020364a1003,principles of insurance,"relevance of insurance principles
application of insurance principles
relevance of principles of insurance
range of insurance principles
scope of principles of insurance
range of principles of insurance
application of principles of insurance
scope of insurance principles",,"The understanding of the principles of insurance, including third party liability, stock and facilities.",,knowledge,sector-specific,released,2024-02-09T17:29:15.235Z,ESCO,1.2.1,HR,http://data.europa.eu/esco/occupation/f605bcd2-90b6-45a0-a558-d05016d68a77,human resources manager,optional,PENDING,
http://data.europa.eu/esco/skill/aba1f05b-f312-47d8-be71-7c574134de8f,advertising techniques,"an advertising techniques
advertising methods
advertising technique
advertising performance
techniques of advertising
advertising approaches
advertising skills",,"The communication strategies intended to persuade or encourage an audience, and the different media which are used to achieve this goal.",,knowledge,cross-sector,released,2024-02-09T17:29:16.725Z,ESCO,1.2.1,HR,http://data.europa.eu/esco/occupation/068370e0-9c27-4814-87d0-44fbb3140815|http://data.europa.eu/esco/occupation/d3e32e5e-7f24-48e3-b939-e4f800eb62fb|http://data.europa.eu/esco/occupation/f605bcd2-90b6-45a0-a558-d05016d68a77,recruitment consultant|human resources officer|human resources manager,optional|optional|optional,PENDING,
http://data.europa.eu/esco/skill/abdc7ac8-151f-40c6-bc1a-1e9b4b073290,augmented reality,"AR techniques
augmented reality creation process
AR creation process
augmented reality techniques
AR",,"The process of adding diverse digital content (such as images, 3D objects, etc) on surfaces that exist in the real world. The user can interact in real-time with the technology by using devices such as mobile phones.",,knowledge,cross-sector,released,2024-02-23T15:26:40.229Z,ESCO,1.2.1,IT,http://data.europa.eu/esco/occupation/c40a2919-48a9-40ea-b506-1f34f693496d,web developer,optional,PENDING,
http://data.europa.eu/esco/skill/ac516e9b-8bfa-4b72-8e3e-340b0a3a51d5,manage content development projects,implement content strategy,,"Plan and implement the creation, delivery and management of digital or printed content, develop a system that describes the entire editorial content development and publishing process and use ICT tools to support the process.",,skill/competence,sector-specific,released,2024-02-09T17:29:14.494Z,ESCO,1.2.1,BUSINESS,http://data.europa.eu/esco/occupation/6fcf4638-e7c7-4978-9302-9a7b63a3d57c,marketing manager,optional,PENDING,
http://data.europa.eu/esco/skill/acf0a78c-f4e3-4bd9-a5cc-9cf4791b3b95,implement a virtual private network,"implementing a virtual private network
VPN installing
implement a VPN
virtual private network installing
virtual private network implementing
VPN implementing
installing a virtual private network
implementing a VPN
installing a VPN
install a VPN",,"Create an encrypted connection between private networks, such as different local networks of a company, over the internet to ensure that only authorized users can access it and that the data cannot be intercepted.",,skill/competence,sector-specific,released,2024-02-09T17:29:12.215Z,ESCO,1.2.1,IT,http://data.europa.eu/esco/occupation/7754d570-9519-48c2-b1c9-8e165f8bca0f,cybersecurity risk manager,optional,PENDING,
http://data.europa.eu/esco/skill/af607e5e-4ba1-4e5f-a2a6-dc05806567c7,coordinate technological activities,coordinate IT activities,,Give instructions to colleagues and other cooperating parties in order to reach the desired outcome of a technological project or achieve set goals within an organisation dealing with technology.,,skill/competence,sector-specific,released,2023-05-05T16:14:03.789Z,ESCO,1.2.1,BUSINESS,http://data.europa.eu/esco/occupation/57b459d4-655c-4053-b189-3c249ce33faf,ICT business development manager,optional,PENDING,
http://data.europa.eu/esco/skill/af76c813-5c7f-4a08-a560-b4b70f96f3ff,evaluate interview reports,"assess interview reports
evaluate interviews
evaluate interview report
rate interview reports
examine interview reports
evaluating interview reports",,Assess the quality and plausibility of the interview results on the basis of the documentation while taking various factors into account such as the weighting scale.,,skill/competence,cross-sector,released,2024-02-09T17:29:09.009Z,ESCO,1.2.1,HR,http://data.europa.eu/esco/occupation/a6e8a6bf-9209-4d19-a131-a8b6431e0f75,talent acquisition manager,essential,PENDING,
http://data.europa.eu/esco/skill/af7ae54f-4649-4c16-87c7-59ba41d4d57f,SPARK,,,The Java micro framework software development environment which provide specific features and components that support and guide web applications development.,,knowledge,sector-specific,released,2025-02-27T12:45:08.961Z,ESCO,1.2.1,IT,http://data.europa.eu/esco/occupation/57af9090-55b4-4911-b2d0-86db01c00b02|http://data.europa.eu/esco/occupation/c40a2919-48a9-40ea-b506-1f34f693496d,embedded systems software developer|web developer,optional|optional,PENDING,
http://data.europa.eu/esco/skill/afdb41dd-5dd5-4fbb-bf9e-e041422698b4,coordinate operational activities,"coordinating an operational activity
control operational activities
coordinate an operational activity
sustain operational activities
manage operational activities
operational activity coordination
preserve operational activities",,Synchronise activities and responsibilities of the operational staff to ensure that the resources of an organisation are used most efficiently in pursuit of the specified objectives.,,skill/competence,cross-sector,released,2024-02-09T17:29:12.215Z,ESCO,1.2.1,HR,http://data.europa.eu/esco/occupation/f605bcd2-90b6-45a0-a558-d05016d68a77,human resources manager,essential,PENDING,
http://data.europa.eu/esco/skill/b011c8b4-76e1-4bbc-8bb9-1d205e7b618a,market analysis,"market research
market studies
marketing analysis
analysis of the market",,The field of market analysis and research and its particular research methods.,,knowledge,cross-sector,released,2024-02-09T17:29:11.47Z,ESCO,1.2.1,HR,http://data.europa.eu/esco/occupation/068370e0-9c27-4814-87d0-44fbb3140815,recruitment consultant,optional,PENDING,
http://data.europa.eu/esco/skill/b01444aa-6f62-4b7d-ab30-4385a9148580,personal reflection techniques based on feedback,"reflective exercises based on input
reflective exercises based on self-evaluation processes
self-evaluation reflection techniques",,"Self-evaluation and reflection processes based on 360-degree feedback from subordinates, colleagues, and supervisors that support personal and professional growth.",,knowledge,cross-sector,released,2024-03-01T12:13:27.122Z,ESCO,1.2.1,HR,http://data.europa.eu/esco/occupation/068370e0-9c27-4814-87d0-44fbb3140815|http://data.europa.eu/esco/occupation/d3e32e5e-7f24-48e3-b939-e4f800eb62fb,recruitment consultant|human resources officer,optional|optional,PENDING,
http://data.europa.eu/esco/skill/b04f377b-ee80-4b38-aca1-19d266a23b17,analyse business requirements,"analyze business requirements
analyse customer product risks
business requirements analysis",,Study clients' needs and expectations for a product or service in order to identify and resolve inconsistencies and possible disagreements of involved stakeholders.,,skill/competence,cross-sector,released,2016-08-04T12:24:52Z,ESCO,1.2.1,"IT,BUSINESS",http://data.europa.eu/esco/occupation/349ee6f6-c295-4c38-9b98-48765b55280e|http://data.europa.eu/esco/occupation/57b459d4-655c-4053-b189-3c249ce33faf|http://data.europa.eu/esco/occupation/fe0fa514-b48d-4a53-9757-a283c0baacf0,cloud engineer|ICT business development manager|ICT business analyst,essential|essential|essential,PENDING,
http://data.europa.eu/esco/skill/b0560439-14eb-41d1-aa53-1938efc24123,content marketing strategy,"content marketing plan
content marketing proposal
content marketing blueprint
content marketing strategies
a contents marketing strategy
contents marketing strategy",,The process of creation and share of media and publishing content in order to acquire customers.,,knowledge,cross-sector,released,2024-02-09T17:29:11.47Z,ESCO,1.2.1,BUSINESS,http://data.europa.eu/esco/occupation/6fcf4638-e7c7-4978-9302-9a7b63a3d57c,marketing manager,essential,PENDING,
http://data.europa.eu/esco/skill/b0a3bb25-a02f-43ed-ab1f-994fa66a424a,online analytical processing,"OLAP databases
Cube databases
OLAP",,"The online tools which analyse, aggregate and present multi-dimensional data enabling users to interactively and selectively extract and view data from specific points of view.",,knowledge,sector-specific,released,2024-02-09T17:29:15.235Z,ESCO,1.2.1,IT,http://data.europa.eu/esco/occupation/258e46f9-0075-4a2e-adae-1ff0477e0f30|http://data.europa.eu/esco/occupation/d3edb8f8-3a06-47a0-8fb9-9b212c006aa2,data scientist|data analyst,essential|optional,PENDING,
http://data.europa.eu/esco/skill/b105ec9b-0857-41d6-8d07-a83e58b73d90,ICT system programming,"network programming
server side programming",,"The methods and tools required to develop system software, specifications of system architectures and interfacing techniques between network and system modules and components.",,knowledge,sector-specific,released,2025-04-16T11:51:55.651Z,ESCO,1.2.1,IT,http://data.europa.eu/esco/occupation/349ee6f6-c295-4c38-9b98-48765b55280e,cloud engineer,essential,PENDING,
http://data.europa.eu/esco/skill/b1272de4-1f5f-408b-8b26-061f2550fc72,e-commerce systems,"e-commerce system
e-commercial systems
e commerce organisation
e commerce structure
e-commerce scheme
e-commerce arrangement
e-commercial system",Shopify,"Basic digital architecture and commercial transactions for trading products or services conducted via Internet, e-mail, mobile devices, social media, etc.",,knowledge,sector-specific,released,2025-02-27T12:45:08.961Z,ESCO,1.2.1,BUSINESS,http://data.europa.eu/esco/occupation/6fcf4638-e7c7-4978-9302-9a7b63a3d57c,marketing manager,optional,PENDING,
http://data.europa.eu/esco/skill/b16200f4-4f39-4b8b-aa9d-3568054d6bdb,Open source model,,JSON,"The open source model consists of principles and fundamentals of service-oriented modelling for business and software systems that allow the design and specification of service-oriented business systems within a variety of architectural styles, such as enterprise architecture.",,knowledge,sector-specific,released,2025-02-27T12:45:08.961Z,ESCO,1.2.1,IT,http://data.europa.eu/esco/occupation/7754d570-9519-48c2-b1c9-8e165f8bca0f,cybersecurity risk manager,optional,PENDING,
http://data.europa.eu/esco/skill/b16bcbcb-1d3f-42b3-a6a5-b91348a72b70,WildFly,Jboss,,The open-source application server JBoss is a Linux based platform which supports Java applications and large websites.,,knowledge,sector-specific,released,2023-08-11T14:24:02.475Z,ESCO,1.2.1,IT,http://data.europa.eu/esco/occupation/c40a2919-48a9-40ea-b506-1f34f693496d,web developer,optional,PENDING,
http://data.europa.eu/esco/skill/b17f4305-741a-4a1c-8fe8-6f11cb3d5c0a,business communication,business communication process,,The process of effectively communicating within the workplace and to external bodies to achieve organisational goals.,,knowledge,cross-sector,released,2023-10-26T10:55:26.356Z,ESCO,1.2.1,"BUSINESS,HR",http://data.europa.eu/esco/occupation/068370e0-9c27-4814-87d0-44fbb3140815|http://data.europa.eu/esco/occupation/60082a99-d8ef-4e84-9290-78902681b6ed|http://data.europa.eu/esco/occupation/d3e32e5e-7f24-48e3-b939-e4f800eb62fb,recruitment consultant|business analyst|human resources officer,optional|essential|optional,PENDING,
http://data.europa.eu/esco/skill/b216d9a2-7d4e-4312-8d05-e375f4ab44d8,ensure cross-department cooperation,"build effective cross-group cooperation
ensure cooperation cross-department
ensure cross-departmental cooperation
communicate effectively across teams",,"Guarantee communication and cooperation with all the entities and teams in a given organisation, according to the company strategy.",,skill/competence,cross-sector,released,2024-02-09T17:29:15.968Z,ESCO,1.2.1,BUSINESS,http://data.europa.eu/esco/occupation/6fcf4638-e7c7-4978-9302-9a7b63a3d57c,marketing manager,optional,PENDING,
http://data.europa.eu/esco/skill/b22e46d7-1c5f-4837-943f-7f75531acc26,identify necessary human resources,"determine necessary human resources
verify necessary human resources
ascertain necessary human resources
identify human resources
identifying necessary human resources",,"Determine the number of employees needed for the realisation of a project and their allocation in the creation, production, communication or administration team.",,skill/competence,cross-sector,released,2024-02-09T17:29:09.009Z,ESCO,1.2.1,HR,http://data.europa.eu/esco/occupation/d3e32e5e-7f24-48e3-b939-e4f800eb62fb|http://data.europa.eu/esco/occupation/f605bcd2-90b6-45a0-a558-d05016d68a77,human resources officer|human resources manager,optional|essential,PENDING,
http://data.europa.eu/esco/skill/b363bb5f-2c79-40af-94da-33e06f9dee9f,apply blended learning,"combine face-to-face and online learning
integrate blended learning
implement mixed learning approaches
employ blended learning
implement blended learning",,"Be familiar with blended learning tools by combining traditional face-to-face and online learning, using digital tools, online technologies, and e-learning methods.",,skill/competence,cross-sector,released,2024-03-01T11:32:09.941Z,ESCO,1.2.1,IT,http://data.europa.eu/esco/occupation/258e46f9-0075-4a2e-adae-1ff0477e0f30,data scientist,optional,PENDING,
http://data.europa.eu/esco/skill/b3f22ab4-b553-439d-80a2-5b8ae6d11e0d,labour law,"labour laws
workers' law
labour statutes
labour rules and regulations, workers' law
labor law",,"The field of law that is concerned with the regulation of the relationship between employers, employees, trade unions, and the government.",,knowledge,sector-specific,released,2024-02-09T14:51:53.203Z,ESCO,1.2.1,HR,http://data.europa.eu/esco/occupation/f605bcd2-90b6-45a0-a558-d05016d68a77,human resources manager,essential,PENDING,
http://data.europa.eu/esco/skill/b4832996-b36c-40b2-b54e-780325b2546e,adapt training to labour market,"adapt instruction to labor market
adjust instruction to labour market
adapting instruction to labour market
adapt instruction to labour markets
update instruction to labour market
modify instruction to labour market
adapting instruction to labour markets",,Identify developments in the labour market and recognise their relevance to the training of students.,,skill/competence,cross-sector,released,2020-07-09T10:26:25.488Z,ESCO,1.2.1,HR,http://data.europa.eu/esco/occupation/f605bcd2-90b6-45a0-a558-d05016d68a77,human resources manager,optional,PENDING,
http://data.europa.eu/esco/skill/b4dc6e4f-dc7d-445f-8ce2-d7b9d225e282,AJAX,"AJAX technology
AJAX software
AJAX techniques",,"The techniques and principles of software development, such as analysis, algorithms, coding, testing and compiling of programming paradigms in AJAX.",,knowledge,sector-specific,released,2025-06-25T08:20:05.218Z,ESCO,1.2.1,IT,http://data.europa.eu/esco/occupation/106f79e4-6264-45f1-9e7a-297435cd684b|http://data.europa.eu/esco/occupation/57af9090-55b4-4911-b2d0-86db01c00b02|http://data.europa.eu/esco/occupation/c40a2919-48a9-40ea-b506-1f34f693496d,software tester|embedded systems software developer|web developer,optional|optional|optional,PENDING,
http://data.europa.eu/esco/skill/b5cb259e-83e7-48f5-950e-245d5b5fd6d0,draft accounting procedures,"drafting accounting procedure
write up accounting procedures
draft accounting procedure
draft procedures for accounting
establish accounting procedures",,"Lay down standard methods and guidelines to regulate bookkeeping and accounting operations, including determining the bookkeeping system used to record financial transactions.",,skill/competence,cross-sector,released,2024-02-09T17:29:12.952Z,ESCO,1.2.1,BUSINESS,http://data.europa.eu/esco/occupation/04f39bfa-bc03-4480-98bc-b18ce4fe4b4b,accounting manager,essential,PENDING,
http://data.europa.eu/esco/skill/b633eb55-8f1f-4ae6-ab4c-2022ffe2cb7f,C++,"C++ software
C++ framework",,"The techniques and principles of software development, such as analysis, algorithms, coding, testing and compiling of programming paradigms in C++.",,knowledge,sector-specific,released,2025-06-25T08:20:05.218Z,ESCO,1.2.1,IT,http://data.europa.eu/esco/occupation/106f79e4-6264-45f1-9e7a-297435cd684b|http://data.europa.eu/esco/occupation/57af9090-55b4-4911-b2d0-86db01c00b02|http://data.europa.eu/esco/occupation/c40a2919-48a9-40ea-b506-1f34f693496d,software tester|embedded systems software developer|web developer,optional|optional|optional,PENDING,
http://data.europa.eu/esco/skill/b679ef35-eebf-4da8-8e45-fee6841c3214,collaborate in the development of marketing strategies,"work together in the development of marketing strategies
team up with in the development of marketing strategies
collaborating in the development of marketing strategy
collaborate in the development of marketing strategy
cooperate in the development of marketing strategies
collaborate in marketing strategies development",,Work together with a group of professionals to develop marketing strategies performing market analysis and financial viability while staying aligned with the company's goals.,,skill/competence,cross-sector,released,2024-02-09T17:29:16.725Z,ESCO,1.2.1,BUSINESS,http://data.europa.eu/esco/occupation/6fcf4638-e7c7-4978-9302-9a7b63a3d57c,marketing manager,essential,PENDING,
http://data.europa.eu/esco/skill/b78f324d-e16c-43f8-97d2-50d3a7cd1fb3,work with virtual learning environments,"working with virtual learning environments
use virtual learning environments
works with virtual learning environments
engage with virtual learning environments
employ virtual learning environments
work with virtual learning environment",,Incorporate the use of online learning environments and platforms into the process of instruction.,,skill/competence,cross-sector,released,2024-02-09T17:29:09.851Z,ESCO,1.2.1,HR,http://data.europa.eu/esco/occupation/f605bcd2-90b6-45a0-a558-d05016d68a77,human resources manager,optional,PENDING,
http://data.europa.eu/esco/skill/b7c8f418-08d5-45d6-b697-ab26c6ecbfb4,ensure client orientation,"be friendly with customers
enable customer focus
demonstrate customer orientation
ensure customer orientation
demonstrate service-oriented attitude
enjoy dealing with customers
assure client orientation
ensuring client orientation
ensure customer focus
secure client orientation
provide customer services
provide client orientation
ensure clients orientation
enable client orientation
provide client support services",,"Take actions which support business activities by considering client needs and satisfaction. This involves understanding what customers want, providing advices, selling products and services or processing complaints, while adopting a positive attitude.",,skill/competence,cross-sector,released,2023-01-11T12:00:07.51Z,ESCO,1.2.1,BUSINESS,http://data.europa.eu/esco/occupation/6fcf4638-e7c7-4978-9302-9a7b63a3d57c,marketing manager,optional,PENDING,
http://data.europa.eu/esco/skill/b8271c8a-cba6-4baa-80f5-6361af3f07e3,ensure adherence to organisational ICT standards,"guarantee adherence to organisational ICT standards
enforce adherence to corporate ICT regulations
guarantee compliance with company IT standards",,"Guarantee that the state of events is in accordance with the ICT rules and procedures described by an organisation for their products, services and solutions.",,skill/competence,sector-specific,released,2024-03-01T08:49:27.513Z,ESCO,1.2.1,IT,http://data.europa.eu/esco/occupation/7754d570-9519-48c2-b1c9-8e165f8bca0f,cybersecurity risk manager,essential,PENDING,
http://data.europa.eu/esco/skill/b8656b5c-e3f0-4418-82ff-87b5f677f9e8,disseminate information on tax legislation,"inform on tax legislation
disseminating information on tax legislation
make recommendations on tax legislation
disseminate tax legislation information
advise on tax legislation",,Provide advise on the possible implications for companies or individuals on decisions regarding tax declaration based on tax legislation. Advise on the favourable tax strategies that could be followed depending on the needs of the client.,,skill/competence,cross-sector,released,2024-02-09T17:29:09.851Z,ESCO,1.2.1,BUSINESS,http://data.europa.eu/esco/occupation/04f39bfa-bc03-4480-98bc-b18ce4fe4b4b,accounting manager,optional,PENDING,
http://data.europa.eu/esco/skill/b99aa3b8-0066-46b2-a027-30afae444ad8,implement sales strategies,"create sales strategies
develop sales strategies
build sales strategy
design sales strategy",,Carry out the plan to gain competitive advantage on the market by positioning the company's brand or product and by targeting the right audience to sell this brand or product to.,,skill/competence,sector-specific,released,2025-06-25T12:15:04.406Z,ESCO,1.2.1,BUSINESS,http://data.europa.eu/esco/occupation/6fcf4638-e7c7-4978-9302-9a7b63a3d57c,marketing manager,optional,PENDING,
http://data.europa.eu/esco/skill/b9bb1f03-15e2-4079-943e-7e483b21725b,give constructive feedback,"propose constructive feedback
offer constructive feedback
giving constructive feedback
provide constructive feedback
gives constructive feedback",,"Provide founded feedback through both criticism and praise in a respectful, clear, and consistent manner. Highlight achievements as well as mistakes and set up methods of formative assessment to evaluate work.",,skill/competence,cross-sector,released,2024-02-09T17:29:12.215Z,ESCO,1.2.1,HR,http://data.europa.eu/esco/occupation/f605bcd2-90b6-45a0-a558-d05016d68a77,human resources manager,optional,PENDING,
http://data.europa.eu/esco/skill/b9bf9e17-ae47-417b-bbb1-e8b7c263ccac,identify legal requirements,identify legal and normative requirements and standards,,"Conduct research for applicable legal and normative procedures and standards, analyse and derive legal requirements that apply to the organisation, its policies and products.",,skill/competence,cross-sector,released,2024-02-09T17:29:09.851Z,ESCO,1.2.1,BUSINESS,http://data.europa.eu/esco/occupation/bea99fea-0383-4c63-b944-70d4799de2c5|http://data.europa.eu/esco/occupation/fe0fa514-b48d-4a53-9757-a283c0baacf0,project manager|ICT business analyst,essential|essential,PENDING,
http://data.europa.eu/esco/skill/b9f16465-56a9-426b-a047-0f9f1f95ec92,address problems critically,"think critically about problems
thinking critically about problems
thinking about problems critically
think about problems critically
critically addressing problems
addressing problems critically
critically address problems",,"Identify the strengths and weaknesses of various abstract, rational concepts, such as issues, opinions, and approaches related to a specific problematic situation in order to formulate solutions and alternative methods of tackling the situation.",,skill/competence,cross-sector,released,2024-02-09T17:29:15.968Z,ESCO,1.2.1,IT,http://data.europa.eu/esco/occupation/106f79e4-6264-45f1-9e7a-297435cd684b,software tester,essential,PENDING,
http://data.europa.eu/esco/skill/ba1b0441-a6b8-4e57-8ccc-871012f63e42,trading software,"trading application
trading software solution","Multifonds
Kondor+
Murex",The finance and trading integrated software solutions.,,knowledge,sector-specific,released,2024-02-08T11:56:53.573Z,ESCO,1.2.1,IT,http://data.europa.eu/esco/occupation/106f79e4-6264-45f1-9e7a-297435cd684b|http://data.europa.eu/esco/occupation/57af9090-55b4-4911-b2d0-86db01c00b02,software tester|embedded systems software developer,optional|optional,PENDING,
http://data.europa.eu/esco/skill/ba9260ba-1c8d-495e-94f1-f7cab7e73cea,social security law,"welfare legislation
social security rules
welfare statutes
social security statutes
welfare regulations
social security legislation
welfare rules
social security regulations",,"Legislation concerning the protection of individuals and the provision of aid and benefits, such as health insurance benefits, unemployment benefits, welfare programs and other government-provided social security.",,knowledge,cross-sector,released,2024-02-09T17:29:15.235Z,ESCO,1.2.1,HR,http://data.europa.eu/esco/occupation/f605bcd2-90b6-45a0-a558-d05016d68a77,human resources manager,optional,PENDING,
http://data.europa.eu/esco/skill/bb2b4485-2bad-402f-8517-44bf7d9afff4,implement anti-virus software,"load malware protection
loading malware protection
installing anti-malware software
install anti-virus software
anti-virus software installing
install anti-malware software
anti-malware software installing
implementing anti-virus software
anti-virus software implementing
installing anti-virus software",,"Download, install and update software to prevent, detect and remove malicious software, such as computer viruses.",,skill/competence,sector-specific,released,2024-02-09T17:29:13.7Z,ESCO,1.2.1,IT,http://data.europa.eu/esco/occupation/7754d570-9519-48c2-b1c9-8e165f8bca0f|http://data.europa.eu/esco/occupation/c40a2919-48a9-40ea-b506-1f34f693496d,cybersecurity risk manager|web developer,optional|optional,PENDING,
http://data.europa.eu/esco/skill/bb663409-5c88-4e3a-bc16-01aa1c8ce171,plan health and safety procedures,"fix health and hygiene standards
programme health and safety procedures
fix health and safety standards
set hygiene and safety standards
set health and security standards
set hygiene and security standards
organise health and safety processes
plan procedures of health and safety
establish environment and safety standards
set health and safety standards
establish environment and health standards
fix health and security standards",,Set up procedures for maintaining and improving health and safety in the establishment or workplace.,,skill/competence,cross-sector,released,2025-02-27T12:45:08.961Z,ESCO,1.2.1,BUSINESS,http://data.europa.eu/esco/occupation/04f39bfa-bc03-4480-98bc-b18ce4fe4b4b,accounting manager,optional,PENDING,
http://data.europa.eu/esco/skill/bb99af26-71ff-4dca-bde7-1eb1f6194426,SAP R3,"SAP R/3
SAP R/3 Enterprise Edition
SAP S/4 HANA
SAP R/1
SAP ERP
SAP R/2
SAP R/3 Enterprise Central Component
SAP ERP 6.0: Enhancement Packages",,"The techniques and principles of software development, such as analysis, algorithms, coding, testing and compiling of programming paradigms in SAP R3.",,knowledge,sector-specific,released,2024-02-09T17:29:11.47Z,ESCO,1.2.1,IT,http://data.europa.eu/esco/occupation/106f79e4-6264-45f1-9e7a-297435cd684b|http://data.europa.eu/esco/occupation/57af9090-55b4-4911-b2d0-86db01c00b02|http://data.europa.eu/esco/occupation/c40a2919-48a9-40ea-b506-1f34f693496d,software tester|embedded systems software developer|web developer,optional|optional|optional,PENDING,
http://data.europa.eu/esco/skill/bd14968e-e409-45af-b362-3495ed7b10e0,cloud technologies,"cloud computing
edge computing",AWS,"The technologies which enable access to hardware, software, data and services through remote servers and software networks irrespective of their location and architecture.",,knowledge,sector-specific,released,2025-02-27T12:45:08.961Z,ESCO,1.2.1,"IT,BUSINESS",http://data.europa.eu/esco/occupation/2079755f-d809-49e6-8037-4de6180e54c0|http://data.europa.eu/esco/occupation/349ee6f6-c295-4c38-9b98-48765b55280e|http://data.europa.eu/esco/occupation/d3edb8f8-3a06-47a0-8fb9-9b212c006aa2|http://data.europa.eu/esco/occupation/fe0fa514-b48d-4a53-9757-a283c0baacf0,data engineer|cloud engineer|data analyst|ICT business analyst,essential|essential|optional|optional,PENDING,
http://data.europa.eu/esco/skill/bd2bb675-b745-48d5-88eb-e27273781bfa,engage artistic staff,"engaging artistic staff
recruit artistic staff
hire artistic staff
employ artistic staff",,Search for and engage appropriate staff for upcoming artistic events and productions by recruiting talented and competent employees in order to carry out high-quality artistic projects.,,skill/competence,occupation-specific,released,2024-02-09T17:29:11.47Z,ESCO,1.2.1,HR,http://data.europa.eu/esco/occupation/a6e8a6bf-9209-4d19-a131-a8b6431e0f75,talent acquisition manager,optional,PENDING,
http://data.europa.eu/esco/skill/bd698bbe-7003-4508-b422-46c2ff4d5e95,business strategy concepts,"strategic business operations
strategic and operational business mindset
business strategy level
business strategy tiers",,"The terminology related to the design and implementation of major trends and aims which are taken by an organisation's executives, while keeping in mind its resources, competition and environments.",,knowledge,cross-sector,released,2025-06-25T08:20:05.218Z,ESCO,1.2.1,BUSINESS,http://data.europa.eu/esco/occupation/57b459d4-655c-4053-b189-3c249ce33faf|http://data.europa.eu/esco/occupation/60082a99-d8ef-4e84-9290-78902681b6ed|http://data.europa.eu/esco/occupation/fe0fa514-b48d-4a53-9757-a283c0baacf0,ICT business development manager|business analyst|ICT business analyst,essential|optional|optional,PENDING,
http://data.europa.eu/esco/skill/bdf5ca62-9053-4652-b5e4-4eb95c271945,organisational learning,organisational learning process,,The process for continuous improvement of an organisation through obtaining experience to be used to generate knowledge with the aim of sharing it within the organisation itself.,,knowledge,occupation-specific,released,2024-01-29T11:26:42.472Z,ESCO,1.2.1,BUSINESS,http://data.europa.eu/esco/occupation/60082a99-d8ef-4e84-9290-78902681b6ed,business analyst,optional,PENDING,
http://data.europa.eu/esco/skill/be0ff6d8-5e61-4021-9c89-e40cf0b75cc6,measure software usability,"usability evaluation
perform software usability testing",,Check the convenience of the software product for the end user. Identify user problems and make adjustments to improve usability practice. Collect input data on how users evaluate software products.,,skill/competence,sector-specific,released,2024-02-09T17:29:09.009Z,ESCO,1.2.1,IT,http://data.europa.eu/esco/occupation/106f79e4-6264-45f1-9e7a-297435cd684b,software tester,optional,PENDING,
http://data.europa.eu/esco/skill/be20d05c-f6b4-4580-9fcf-f00f4baab562,make data-driven decisions,take decisions based on data,,Collect data such as Key Performance Indicators (KPIs) for an organisation and use the information to formulate actions and strategies.,,skill/competence,cross-sector,released,2023-10-26T09:58:48.512Z,ESCO,1.2.1,IT,http://data.europa.eu/esco/occupation/258e46f9-0075-4a2e-adae-1ff0477e0f30|http://data.europa.eu/esco/occupation/d3edb8f8-3a06-47a0-8fb9-9b212c006aa2,data scientist|data analyst,optional|optional,PENDING,
http://data.europa.eu/esco/skill/be252635-341e-4b1c-b94f-aef362b645ed,business loans,"business allowance
business mortgage
firm loans
enterprise loans
business investment
company loans",,"Loans which are intended for business purposes and which can either be secured or unsecured depending on whether a collateral is involved. The different types of business loans such as bank loans, mezzanine finance, asset-based finance, and invoice finance.",,knowledge,cross-sector,released,2024-02-09T17:29:15.968Z,ESCO,1.2.1,HR,http://data.europa.eu/esco/occupation/1fce1be0-bf52-449b-9a2b-3f2cc710290a,compensation analyst,optional,PENDING,
http://data.europa.eu/esco/skill/be80acfc-b6f2-4411-9b8d-b19d9cd2556a,Swift (computer programming),"Swift programming paradigms
Swift software development techniques
Swift software development principles
Swift
Swift algorithms",,"The techniques and principles of software development, such as analysis, algorithms, coding, testing and compiling of programming paradigms in Swift.",,knowledge,sector-specific,released,2024-02-26T09:15:55.843Z,ESCO,1.2.1,IT,http://data.europa.eu/esco/occupation/106f79e4-6264-45f1-9e7a-297435cd684b|http://data.europa.eu/esco/occupation/57af9090-55b4-4911-b2d0-86db01c00b02|http://data.europa.eu/esco/occupation/c40a2919-48a9-40ea-b506-1f34f693496d,software tester|embedded systems software developer|web developer,optional|optional|optional,PENDING,
http://data.europa.eu/esco/skill/bec4359e-cb92-468f-a997-8fb28e32fba9,ICT project management methodologies,"Code and fix development
Benefits realization management
Agile
Scrum
structured methodology
prince2
Extreme project management
agile
Critical chain project management
software development methodologies
project management framework
project management software","Benefits realization management
Jira
Kanban
Critical chain project management
Code and fix development
Extreme project management
Scrum","The methodologies or models for planning, managing and overseeing of ICT resources in order to meet specific goals, such methodologies are Waterfall, Incremental, V-Model, Scrum or Agile and using project management ICT tools.",,knowledge,sector-specific,released,2025-04-17T13:04:43.31Z,ESCO,1.2.1,IT,http://data.europa.eu/esco/occupation/106f79e4-6264-45f1-9e7a-297435cd684b,software tester,optional,PENDING,
http://data.europa.eu/esco/skill/bf12b461-1c53-4d81-a395-8ba77f7483c4,investment analysis,"pre-investment analysis
post-investment analysis
post-investment review",,The methods and tools for analysis of an investment compared to its potential return. Identification and calculation of profitability ratio and financial indicators in relation to associated risks to guide decision on investment.,,knowledge,sector-specific,released,2025-06-25T08:20:05.218Z,ESCO,1.2.1,"IT,BUSINESS",http://data.europa.eu/esco/occupation/57b459d4-655c-4053-b189-3c249ce33faf|http://data.europa.eu/esco/occupation/7754d570-9519-48c2-b1c9-8e165f8bca0f,ICT business development manager|cybersecurity risk manager,optional|optional,PENDING,
http://data.europa.eu/esco/skill/bf40aa7c-1e99-40bb-a718-1e1492aaf00f,identify market niches,"identify a market niche
analyse market niches
classify market niches
diagnose market niches
establish market niches",,"Analyse the composition of the markets, segment these into groups, and highlight the opportunities that each one of these niches represent in terms of new products.",,skill/competence,cross-sector,released,2024-02-09T17:29:17.515Z,ESCO,1.2.1,BUSINESS,http://data.europa.eu/esco/occupation/6fcf4638-e7c7-4978-9302-9a7b63a3d57c,marketing manager,optional,PENDING,
http://data.europa.eu/esco/skill/bf5d77ad-e18c-48d8-83f0-bc79c011c74a,develop professional network,"build professional network
develop professional networks
create professional network
develop pro network
developing professional network",,Reach out to and meet up with people in a professional context. Find common ground and use your contacts for mutual benefit. Keep track of the people in your personal professional network and stay up to date on their activities.,,skill/competence,cross-sector,released,2024-02-09T17:29:14.494Z,ESCO,1.2.1,HR,http://data.europa.eu/esco/occupation/068370e0-9c27-4814-87d0-44fbb3140815|http://data.europa.eu/esco/occupation/d3e32e5e-7f24-48e3-b939-e4f800eb62fb|http://data.europa.eu/esco/occupation/f605bcd2-90b6-45a0-a558-d05016d68a77,recruitment consultant|human resources officer|human resources manager,essential|essential|optional,PENDING,
http://data.europa.eu/esco/skill/c0799f81-9955-463a-b071-4f1c82719aa8,manage the handling of promotional materials,"oversee the handling of promotional materials
managing the handling of promotional materials
manage the handling of promotional material
supervise the handling of promotional materials
manage promotional materials handling",,"Plan and prepare the production of promotional materials with third parties by contacting printing companies, agreeing on logistics and delivery, and making sure that deadlines are met.",,skill/competence,cross-sector,released,2024-02-09T17:29:11.47Z,ESCO,1.2.1,BUSINESS,http://data.europa.eu/esco/occupation/6fcf4638-e7c7-4978-9302-9a7b63a3d57c,marketing manager,optional,PENDING,
http://data.europa.eu/esco/skill/c1388df1-47bd-4fd5-8b71-dce7886ef21b,sales department processes,"sales processes
sales department procedures
sales department methods
sales department process
processes of sales department",,"The different processes, duties, jargon, role in an organisation, and other specificities of the sales department within an organisation.",,knowledge,cross-sector,released,2024-02-09T17:29:13.7Z,ESCO,1.2.1,BUSINESS,http://data.europa.eu/esco/occupation/6fcf4638-e7c7-4978-9302-9a7b63a3d57c,marketing manager,optional,PENDING,
http://data.europa.eu/esco/skill/c13fb093-5ffb-491a-b8b7-fa2d42a57e2e,implement cloud security and compliance,cloud security and compliance,,Implement and manage security policies and access controls on cloud. Differentiate between the roles and responsibilities within the shared responsibility model.,,skill/competence,sector-specific,released,2023-04-13T13:38:13.208Z,ESCO,1.2.1,IT,http://data.europa.eu/esco/occupation/349ee6f6-c295-4c38-9b98-48765b55280e|http://data.europa.eu/esco/occupation/7754d570-9519-48c2-b1c9-8e165f8bca0f,cloud engineer|cybersecurity risk manager,essential|optional,PENDING,
http://data.europa.eu/esco/skill/c2617b44-886a-485e-8393-bc0fc6339539,management consulting,business management consulting,,The process of giving paid advice with the aim of improving businesses performance and promote their growth.,,knowledge,sector-specific,released,2023-10-26T15:34:33.107Z,ESCO,1.2.1,BUSINESS,http://data.europa.eu/esco/occupation/60082a99-d8ef-4e84-9290-78902681b6ed,business analyst,essential,PENDING,
http://data.europa.eu/esco/skill/c2999f0c-eb37-4cdf-b9b0-82107b628794,style sheet languages,"Formatted Output Specification Instance
Extensible Stylesheet Language
cascading style sheets
CSS
SMIL Timesheets
Document Style Semantics and Specification Language","Formatted Output Specification Instance
SMIL Timesheets
Document Style Semantics and Specification Language
Extensible Stylesheet Language","The field of computer language that conveys the presentation of structured documents such as Cascading Style Sheets (CSS). These documents have to adhere to style sheets, a set of stylistic rules such as font, color and layout.",,knowledge,cross-sector,released,2024-02-09T17:29:15.968Z,ESCO,1.2.1,IT,http://data.europa.eu/esco/occupation/c40a2919-48a9-40ea-b506-1f34f693496d,web developer,essential,PENDING,
http://data.europa.eu/esco/skill/c2cbbccf-4ffd-4626-86e7-505b39c872a0,implement spam protection,"implementing email spam filter
install spam filter
implement email spam filter
installing spam filter
implementing spam protection
spam protection implementing
load spam filter",,Install and configure software that supports email-users to filter messages that contain malware or that are unsolicited.,,skill/competence,sector-specific,released,2024-02-09T17:29:12.215Z,ESCO,1.2.1,IT,http://data.europa.eu/esco/occupation/7754d570-9519-48c2-b1c9-8e165f8bca0f,cybersecurity risk manager,optional,PENDING,
http://data.europa.eu/esco/skill/c32ad607-0c4d-4e34-b73f-668298f7bf13,apply technical communication skills,"application of technical communication skills
implement technical communication skills
utilise technical communication skills
employ technical communication skills
applying technical communication skills
administer technical communication skills",,"Explain technical details to non-technical customers, stakeholders, or any other interested parties in a clear and concise manner.",,skill/competence,cross-sector,released,2024-02-09T17:29:09.009Z,ESCO,1.2.1,HR,http://data.europa.eu/esco/occupation/f605bcd2-90b6-45a0-a558-d05016d68a77,human resources manager,optional,PENDING,
http://data.europa.eu/esco/skill/c3687b34-fe53-4db2-ad1b-5055a6c5b6fd,organise project meetings,"plan project meetings
handle project meetings logistic
schedule project sessions
manage project meetings
arrange project sessions",,"Organise project meetings such as the project kick-off meeting and the project review meeting. Plan the meeting agenda, set up conference calls, address any logistical needs and prepare documentation or hand-outs needed for the meeting. Ensure the participation of the project team, the project client and other relevant stakeholders. Draft and circulate the meeting minutes.",,skill/competence,cross-sector,released,2024-02-29T15:42:09.773Z,ESCO,1.2.1,BUSINESS,http://data.europa.eu/esco/occupation/bea99fea-0383-4c63-b944-70d4799de2c5,project manager,essential,PENDING,
http://data.europa.eu/esco/skill/c3a03c5a-c260-4c26-9b9a-873abb396f4d,MATLAB,"MATLAB software development principles
MATLAB coding techniques
MATLAB algorithms
MATLAB software development techniques
MATLAB programming paradigms",,"The techniques and principles of software development, such as analysis, algorithms, coding, testing and compiling of programming paradigms in MATLAB.",,knowledge,sector-specific,released,2025-06-25T08:20:05.218Z,ESCO,1.2.1,IT,http://data.europa.eu/esco/occupation/106f79e4-6264-45f1-9e7a-297435cd684b|http://data.europa.eu/esco/occupation/57af9090-55b4-4911-b2d0-86db01c00b02|http://data.europa.eu/esco/occupation/c40a2919-48a9-40ea-b506-1f34f693496d,software tester|embedded systems software developer|web developer,optional|optional|optional,PENDING,
http://data.europa.eu/esco/skill/c3c2420c-ce9a-4371-8eed-1db479c3a562,write scientific publications,"scientific paper writing
draw up scientific papers
draft scientific papers",,"Present the hypothesis, findings, and conclusions of your scientific research in your field of expertise in a professional publication.",,skill/competence,cross-sector,released,2024-02-09T17:29:14.494Z,ESCO,1.2.1,IT,http://data.europa.eu/esco/occupation/258e46f9-0075-4a2e-adae-1ff0477e0f30,data scientist,essential,PENDING,
http://data.europa.eu/esco/skill/c3e36d05-8ae8-447f-bb2b-6f9409f85389,deliver visual presentation of data,"create data visualisation
visualise data",,Create visual representations of data such as charts or diagrams for easier understanding.,,skill/competence,cross-sector,released,2024-02-09T17:29:14.494Z,ESCO,1.2.1,IT,http://data.europa.eu/esco/occupation/258e46f9-0075-4a2e-adae-1ff0477e0f30|http://data.europa.eu/esco/occupation/d3edb8f8-3a06-47a0-8fb9-9b212c006aa2,data scientist|data analyst,essential|optional,PENDING,
http://data.europa.eu/esco/skill/c4272323-cce6-4535-ac71-4f6841f4f89a,organisational structure,"organisational role allocation
organisational blueprint
organisational structures
organisational plan
organizational structure
organisation structures
organisational framework
an organisational structure",,"Framework of the different departments within the organisation, as well its people, their roles and responsibilities.",,knowledge,cross-sector,released,2016-12-20T20:51:55Z,ESCO,1.2.1,HR,http://data.europa.eu/esco/occupation/f605bcd2-90b6-45a0-a558-d05016d68a77,human resources manager,optional,PENDING,
http://data.europa.eu/esco/skill/c4b1f326-224a-420a-b8b3-814a8f13b6cb,implement front-end website design,"provide front-end website design
design and develop front-end website",,Develop website layout and enhance user experience based on provided design concepts.,,skill/competence,sector-specific,released,2025-06-25T12:15:04.406Z,ESCO,1.2.1,IT,http://data.europa.eu/esco/occupation/c40a2919-48a9-40ea-b506-1f34f693496d,web developer,essential,PENDING,
http://data.europa.eu/esco/skill/c4b626c1-e71c-44ec-9f88-042766f37fcc,application usability,software usability,,"The process through which the learnability, efficiency, usefulness and ease of use of a software application can be defined and measured.",,knowledge,sector-specific,released,2024-02-09T17:29:09.009Z,ESCO,1.2.1,IT,http://data.europa.eu/esco/occupation/106f79e4-6264-45f1-9e7a-297435cd684b,software tester,optional,PENDING,
http://data.europa.eu/esco/skill/c544a9f3-5945-4b54-afed-de0697852817,report analysis results,use data reporting,,"Produce research documents or give presentations to report the results of a conducted research and analysis project, indicating the analysis procedures and methods which led to the results, as well as potential interpretations of the results.",,skill/competence,cross-sector,released,2024-02-09T17:29:14.494Z,ESCO,1.2.1,"IT,BUSINESS",http://data.europa.eu/esco/occupation/258e46f9-0075-4a2e-adae-1ff0477e0f30|http://data.europa.eu/esco/occupation/60082a99-d8ef-4e84-9290-78902681b6ed|http://data.europa.eu/esco/occupation/d3edb8f8-3a06-47a0-8fb9-9b212c006aa2,data scientist|business analyst|data analyst,essential|optional|optional,PENDING,
http://data.europa.eu/esco/skill/c55caed2-de9e-4a25-819e-a0b0e83fba1b,give live presentation,"giving live presentations
give a live presentation
give live presentations
arrange live presentation
convey live presentation
deliver live presentation",,"Deliver a speech or talk in which a new product, service, idea, or piece of work is demonstrated and explained to an audience.",,skill/competence,cross-sector,released,2024-02-09T17:29:09.851Z,ESCO,1.2.1,BUSINESS,http://data.europa.eu/esco/occupation/57b459d4-655c-4053-b189-3c249ce33faf,ICT business development manager,essential,PENDING,
http://data.europa.eu/esco/skill/c5a135be-218d-48e6-a422-5225a576dcd8,manage project metrics,"handle project metrics
manage metrics of project
oversee project metrics
managing project metrics",,"Gather, report, analyse and create key metrics for a project to help measure its success.",,skill/competence,cross-sector,released,2024-02-09T17:29:09.009Z,ESCO,1.2.1,BUSINESS,http://data.europa.eu/esco/occupation/bea99fea-0383-4c63-b944-70d4799de2c5,project manager,essential,PENDING,
http://data.europa.eu/esco/skill/c5b90c0c-3af0-4c8c-a06c-cc3ced02242c,perform cost accounting activities,"do cost accounting activities
performing cost accounting activities
perform activities for cost accounting
conduct cost accounting activities
perform cost accounting activity",,"Execute the cost related activities and operations within the accounting activities such as standard cost development, average pricing analysis, margin and cost ratio analysis, inventory control, and variance analysis. Report the results to management and advise on possible courses of action to control and reduce the costs.",,skill/competence,cross-sector,released,2024-02-09T17:29:12.215Z,ESCO,1.2.1,BUSINESS,http://data.europa.eu/esco/occupation/04f39bfa-bc03-4480-98bc-b18ce4fe4b4b,accounting manager,optional,PENDING,
http://data.europa.eu/esco/skill/c5d018ca-f6fa-4cc0-b209-43df46e56d48,analyse customer service surveys,"evaluate customer surveys
evaluate customer service questionnaires
analyse client surveys
analyze customer service surveys
analyse customer service questionnaires
conduct analysis on customer surveys
assess results of customers surveys
develop conclusions from results of customer surveys
analyse customer surveys
carry out analysis of the results of customer surveys
evaluate customer service surveys
make assessments of the results of customer surveys
identify trends in results of customer surveys",,Analyse results from surveys completed by passengers/customer. Analyse results to identify trends and draw conclusions.,,skill/competence,cross-sector,released,2016-12-20T21:12:08Z,ESCO,1.2.1,BUSINESS,http://data.europa.eu/esco/occupation/6fcf4638-e7c7-4978-9302-9a7b63a3d57c,marketing manager,essential,PENDING,
http://data.europa.eu/esco/skill/c5e8abde-d2ba-4e8e-a65e-720b71180666,unstructured data,types of unstructured data,,The information that is not arranged in a pre-defined manner or does not have a pre-defined data model and is difficult to understand and find patterns in without using techniques such as data mining.,,knowledge,sector-specific,released,2025-04-16T12:01:10.304Z,ESCO,1.2.1,"IT,BUSINESS",http://data.europa.eu/esco/occupation/106f79e4-6264-45f1-9e7a-297435cd684b|http://data.europa.eu/esco/occupation/2079755f-d809-49e6-8037-4de6180e54c0|http://data.europa.eu/esco/occupation/258e46f9-0075-4a2e-adae-1ff0477e0f30|http://data.europa.eu/esco/occupation/d3edb8f8-3a06-47a0-8fb9-9b212c006aa2|http://data.europa.eu/esco/occupation/fe0fa514-b48d-4a53-9757-a283c0baacf0,software tester|data engineer|data scientist|data analyst|ICT business analyst,optional|essential|optional|essential|optional,PENDING,
http://data.europa.eu/esco/skill/c6e308b4-8799-4461-a9bd-560bdecb0dbb,human resources department processes,"HR department processes
human resources processes
human resources department procedures
human resources department's processes
human resources department process
human resources department methods",,"The different processes, duties, jargon, role in an organisation, and other specificities of the human resources department within an organisation such as recruitment, pension systems, and personnel development programs.",,knowledge,cross-sector,released,2024-02-09T17:29:15.968Z,ESCO,1.2.1,HR,http://data.europa.eu/esco/occupation/1fce1be0-bf52-449b-9a2b-3f2cc710290a|http://data.europa.eu/esco/occupation/a6e8a6bf-9209-4d19-a131-a8b6431e0f75|http://data.europa.eu/esco/occupation/d3e32e5e-7f24-48e3-b939-e4f800eb62fb|http://data.europa.eu/esco/occupation/f605bcd2-90b6-45a0-a558-d05016d68a77,compensation analyst|talent acquisition manager|human resources officer|human resources manager,optional|essential|optional|essential,PENDING,
http://data.europa.eu/esco/skill/c73ea1b8-e121-4f91-b8f0-dee4ee28d6ec,plan schedule,"write schedule
rig work scheduling
schedule rig work
rig work schedules planning
create rig work schedule
programme rig work
plan rig work schedules
prepare rig work plan
plan the schedule
set up a schedule
develop a schedule
plan a schedule
develop schedule",,"Develop the schedule including procedures, appointments and working hours.",,skill/competence,cross-sector,released,2024-01-17T16:56:30.338Z,ESCO,1.2.1,BUSINESS,http://data.europa.eu/esco/occupation/bea99fea-0383-4c63-b944-70d4799de2c5,project manager,optional,PENDING,
http://data.europa.eu/esco/skill/c7451027-8249-405a-bb1b-342ff0f3fb3b,Salt (tools for software configuration management),Salt,,"The tool Salt is a software program to perform configuration identification, control, status accounting and audit.",,knowledge,sector-specific,released,2022-07-05T14:33:28.658Z,ESCO,1.2.1,IT,http://data.europa.eu/esco/occupation/57af9090-55b4-4911-b2d0-86db01c00b02|http://data.europa.eu/esco/occupation/c40a2919-48a9-40ea-b506-1f34f693496d,embedded systems software developer|web developer,optional|optional,PENDING,
http://data.europa.eu/esco/skill/c7cc6dc5-d56b-4323-8e5c-47c4022f615f,quality assurance methodologies,"quality assurance plans
quality assurance methodology
quality assurance approaches
quality assurance arrangements
quality assurance processes",,"Quality assurance principles, standard requirements, and the set of processes and activities used for measuring, controlling and ensuring the quality of products and processes.",,knowledge,cross-sector,released,2024-02-09T17:29:12.952Z,ESCO,1.2.1,BUSINESS,http://data.europa.eu/esco/occupation/bea99fea-0383-4c63-b944-70d4799de2c5,project manager,optional,PENDING,
http://data.europa.eu/esco/skill/c7d24594-0c11-4b27-9039-fe0bb903da8e,LINQ,Language Integrated Query,,The computer language LINQ is a query language for retrieval of information from a database and of documents containing the needed information. It is developed by the software company Microsoft.,,knowledge,sector-specific,released,2024-02-09T17:29:16.725Z,ESCO,1.2.1,IT,http://data.europa.eu/esco/occupation/106f79e4-6264-45f1-9e7a-297435cd684b|http://data.europa.eu/esco/occupation/258e46f9-0075-4a2e-adae-1ff0477e0f30|http://data.europa.eu/esco/occupation/d3edb8f8-3a06-47a0-8fb9-9b212c006aa2,software tester|data scientist|data analyst,optional|optional|optional,PENDING,
http://data.europa.eu/esco/skill/c881ddd2-9c0e-4743-bd24-36be650493dd,manage several projects,"maintain several projects
managing several projects
handle several projects
oversee several projects",,Oversee and direct the development of several projects running independently. Ensure coherence and leveraging forces among projects in order to secure an overall success and profitability.,,skill/competence,cross-sector,released,2025-04-16T12:01:29.869Z,ESCO,1.2.1,BUSINESS,http://data.europa.eu/esco/occupation/bea99fea-0383-4c63-b944-70d4799de2c5,project manager,optional,PENDING,
http://data.europa.eu/esco/skill/c927ec6e-9082-4b22-afd3-0c4e219eaf73,ensure equipment maintenance,"ensuring equipment maintenance
perform equipment maintenance
performing equipment maintenance
perform maintenance of equipment
ensure maintenance of equipment
equipment maintenance ensuring
performing maintenance of equipment
equipment maintenance performing
ensuring maintenance of equipment",,"Ensure that the equipment required for operations is regularly checked for faults, that routine maintenance tasks are performed, and that repairs are scheduled and performed in the case of damage or flaws.",,skill/competence,cross-sector,released,2024-02-09T17:29:13.7Z,ESCO,1.2.1,BUSINESS,http://data.europa.eu/esco/occupation/bea99fea-0383-4c63-b944-70d4799de2c5,project manager,essential,PENDING,
http://data.europa.eu/esco/skill/c9e96450-421d-48af-9ee6-d9c50e29afc2,ICT recovery techniques,"ICT recovery techniques for corrupted software components
ICT recovery techniques for hardware
ICT recovery techniques for corrupted data
ICT recovery methods
ICT recovery techniques for damaged and corrupted software components",,"The techniques for recovering hardware or software components and data, after failure, corruption or damage.",,knowledge,sector-specific,released,2025-06-25T08:20:05.218Z,ESCO,1.2.1,IT,http://data.europa.eu/esco/occupation/7754d570-9519-48c2-b1c9-8e165f8bca0f,cybersecurity risk manager,optional,PENDING,
http://data.europa.eu/esco/skill/c9f4efcd-e16a-4515-a0cb-60c6c479853d,actuarial science,"bookkeeping science
scientific financial analysis
actuarial sciences",,"The rules of applying mathematical and statistical techniques to determine potential or existing risks in various industries, such as finance or insurance.",,knowledge,sector-specific,released,2024-02-09T17:29:14.494Z,ESCO,1.2.1,HR,http://data.europa.eu/esco/occupation/1fce1be0-bf52-449b-9a2b-3f2cc710290a,compensation analyst,optional,PENDING,
http://data.europa.eu/esco/skill/ca73ac82-867a-4afa-9732-834aebe896ff,ICT system user requirements,"analysis of user requirement in ICT systems
analysis of user requirements in ICT systems",,"The process intended to match user and organisation's needs with system components and services, by taking into consideration the available technologies and the techniques required to elicit and specify requirements, interrogating users to establish symptoms of problem and analysing symptoms.",,knowledge,sector-specific,released,2025-06-25T08:20:05.218Z,ESCO,1.2.1,IT,http://data.europa.eu/esco/occupation/7754d570-9519-48c2-b1c9-8e165f8bca0f,cybersecurity risk manager,optional,PENDING,
http://data.europa.eu/esco/skill/cb059032-dd34-4761-a786-98cfb9d0efe3,explain accounting records,"give an explanation of accounting records
describe accounting records
explaining accounting records
explain accounting record
explain account records
clarify accounting records",,"Provide additional explanation and disclosure to staff, vendors, auditors, and to any other instance about the way accounts were recorded and treated in the financial records.",,skill/competence,cross-sector,released,2024-02-09T17:29:15.968Z,ESCO,1.2.1,BUSINESS,http://data.europa.eu/esco/occupation/04f39bfa-bc03-4480-98bc-b18ce4fe4b4b,accounting manager,essential,PENDING,
http://data.europa.eu/esco/skill/cbdce1f8-affe-4013-a519-283fa8ec1f6e,set sales goals,"setting sales gols
fix sales goals
settle sales goals
establish sales goals
apply sales goals
setting a sales gol
set a sales gol",,Set sales goals and objectives to be reached by a sales team within a period of time such as the target amount of sales made and new customers found.,,skill/competence,sector-specific,released,2024-02-09T17:29:14.494Z,ESCO,1.2.1,BUSINESS,http://data.europa.eu/esco/occupation/6fcf4638-e7c7-4978-9302-9a7b63a3d57c,marketing manager,optional,PENDING,
http://data.europa.eu/esco/skill/cbe2c304-1e7d-489a-97d9-a7d3e37a9db6,apply ICT systems theory,"follow the theoretical principles for ICT systems
implement theoretical notions for ICT systems
follow the principles of ICT systems theory
implement principles for ICT systems
implement theoretical principless for ICT systems",,Implement principles of ICT systems theory in order to explain and document system characteristics that can be applied universally to other systems.,,skill/competence,sector-specific,released,2025-06-25T12:15:04.406Z,ESCO,1.2.1,IT,http://data.europa.eu/esco/occupation/349ee6f6-c295-4c38-9b98-48765b55280e,cloud engineer,optional,PENDING,
http://data.europa.eu/esco/skill/cc3b901c-4d66-48f8-90b9-41883be1e1ed,plan medium to long term objectives,"plan medium and long term objectives
plan objectives of medium to long term
schedule medium to long term business goals
determine medium to long term objectives",,Schedule long term objectives and immediate to short term objectives through effective medium-term planning and reconciliation processes.,,skill/competence,cross-sector,released,2024-02-09T17:29:10.678Z,ESCO,1.2.1,HR,http://data.europa.eu/esco/occupation/f605bcd2-90b6-45a0-a558-d05016d68a77,human resources manager,essential,PENDING,
http://data.europa.eu/esco/skill/cc61f9e5-d4fc-470e-8606-1ce865ff8386,develop professional network with researchers and scientists,"cultivate a professional circle in academia
foster relationships with researchers and scientists
establish connections with researchers and scientists",,"Develop alliances, contacts or partnerships, and exchange information with others. Foster integrated and open collaborations where different stakeholders co-create shared value research and innovations. Develop your personal profile or brand and make yourself visible and available in face-to-face and online networking environments.",,skill/competence,cross-sector,released,2024-03-01T12:37:18.21Z,ESCO,1.2.1,IT,http://data.europa.eu/esco/occupation/258e46f9-0075-4a2e-adae-1ff0477e0f30,data scientist,essential,PENDING,
http://data.europa.eu/esco/skill/cc7370dd-69fa-4c67-a96f-d4d135d38700,data quality assessment,"data quality analysis
analyse data quality",,"The process of revealing data issues using ​quality indicators, measures and metrics in order to plan data cleansing and data enrichment strategies according to data quality criteria.",,knowledge,sector-specific,released,2024-02-09T17:29:12.952Z,ESCO,1.2.1,IT,http://data.europa.eu/esco/occupation/258e46f9-0075-4a2e-adae-1ff0477e0f30|http://data.europa.eu/esco/occupation/d3edb8f8-3a06-47a0-8fb9-9b212c006aa2,data scientist|data analyst,optional|essential,PENDING,
http://data.europa.eu/esco/skill/ccb2e5f2-4279-48fd-9d85-a1db42ff1e13,project configuration management,"project deliverables management
project setup control
effective management process
project setup management",,"The process for the effective management of the key project artefacts and deliverables, ensuring that the correct versions are delivered to the project requestor and allowing project managers to identify the latest state of project artefacts and be able to gather all sources, documents, and other information for the project, prevent unauthorised changes, guarantee artefacts traceability and return to previous versions. It comprises the identification of project configuration items (CIs), their attributes and status codes, the establishment of baselines, the definition of roles and responsibilities for authorised changes to CIs, and the maintenance and control of a project repository.",,knowledge,cross-sector,released,2024-03-01T11:07:44.496Z,ESCO,1.2.1,BUSINESS,http://data.europa.eu/esco/occupation/bea99fea-0383-4c63-b944-70d4799de2c5,project manager,optional,PENDING,
http://data.europa.eu/esco/skill/ccbd0898-e225-4abc-8992-57a23b0e2eec,support implementation of quality management systems,"supporting quality management systems implementation
assist implementation of quality management systems
aid implementation of quality management systems
implementation support for quality management systems
quality management systems implementation support
help implementation of quality management systems
facilitate implementation of quality management systems",,"Advocate the introduction of new business processes to help achieve quality standards, such as the improvement of the organisational structure or the development of new procedures in case of quality defects.",,skill/competence,cross-sector,released,2024-02-09T17:29:09.851Z,ESCO,1.2.1,BUSINESS,http://data.europa.eu/esco/occupation/60082a99-d8ef-4e84-9290-78902681b6ed,business analyst,optional,PENDING,
http://data.europa.eu/esco/skill/ccd0a1d9-afda-43d9-b901-96344886e14d,Python (computer programming),"Python 3K
Python",Python 3K,"The techniques and principles of software development, such as analysis, algorithms, coding, testing and compiling of programming paradigms in Python.",,knowledge,sector-specific,released,2024-02-09T17:29:12.215Z,ESCO,1.2.1,IT,http://data.europa.eu/esco/occupation/106f79e4-6264-45f1-9e7a-297435cd684b|http://data.europa.eu/esco/occupation/349ee6f6-c295-4c38-9b98-48765b55280e|http://data.europa.eu/esco/occupation/57af9090-55b4-4911-b2d0-86db01c00b02|http://data.europa.eu/esco/occupation/c40a2919-48a9-40ea-b506-1f34f693496d,software tester|cloud engineer|embedded systems software developer|web developer,optional|optional|optional|optional,PENDING,
http://data.europa.eu/esco/skill/ccdbd9bb-4faf-403c-a968-e8bf487f8a53,business ICT systems,business IT systems,,"The software packages, hardware devices and new technologies used in supporting business processes such as enterprise resource planning (ERP), customer relationship management (CRM), mobile devices and network solutions.",,knowledge,sector-specific,released,2024-02-09T17:29:12.952Z,ESCO,1.2.1,BUSINESS,http://data.europa.eu/esco/occupation/57b459d4-655c-4053-b189-3c249ce33faf|http://data.europa.eu/esco/occupation/fe0fa514-b48d-4a53-9757-a283c0baacf0,ICT business development manager|ICT business analyst,essential|optional,PENDING,
http://data.europa.eu/esco/skill/cd50d616-1f8b-481e-983f-68d2674ff82d,integrate gender dimension in research,"account for gender characteristics in scientific research
promote inclusion in research",,Take into account in the whole research process the biological characteristics and the evolving social and cultural features of women and men (gender).,,skill/competence,cross-sector,released,2022-08-25T12:53:49.834Z,ESCO,1.2.1,IT,http://data.europa.eu/esco/occupation/258e46f9-0075-4a2e-adae-1ff0477e0f30,data scientist,essential,PENDING,
http://data.europa.eu/esco/skill/cd5efa8c-e44d-4cbc-91c6-796018dbed68,perform project management,"perform management of projects
performing project management
manage projects
do project management
conduct project management
perform projects management",,"Manage and plan various resources, such as human resources, budget, deadline, results, and quality necessary for a specific project, and monitor the project's progress in order to achieve a specific goal within a set time and budget.",,skill/competence,cross-sector,released,2024-02-09T17:29:12.215Z,ESCO,1.2.1,"IT,BUSINESS",http://data.europa.eu/esco/occupation/258e46f9-0075-4a2e-adae-1ff0477e0f30|http://data.europa.eu/esco/occupation/6fcf4638-e7c7-4978-9302-9a7b63a3d57c|http://data.europa.eu/esco/occupation/bea99fea-0383-4c63-b944-70d4799de2c5,data scientist|marketing manager|project manager,essential|essential|essential,PENDING,
http://data.europa.eu/esco/skill/cdd2b6cc-b4a9-42a0-824b-766f52176fd3,write inspection reports,"prepare inspection reports
write monitoring reports
write down inspection reports
maintain monitoring records
keep inspection records
prepare monitoring reports
write an evaluation reports
maintain inspection records
produce inspection reports
write an inspection report",,"Write the results and conclusions of the inspection in a clear and intelligible way. Log the inspection's processes such as contact, outcome, and steps taken.",,skill/competence,cross-sector,released,2024-02-09T17:29:15.968Z,ESCO,1.2.1,HR,http://data.europa.eu/esco/occupation/f605bcd2-90b6-45a0-a558-d05016d68a77,human resources manager,optional,PENDING,
http://data.europa.eu/esco/skill/cdd8b6b2-2fd9-453c-8d62-8a1dc6efcd49,systems theory,systems fundamentals,,"The principles that can be applied to all types of systems at all hierarchical levels, which describe the system's internal organisation, its mechanisms of maintaining identity and stability and achieving adaptation and self-regulation and its dependencies and interaction with the environment.",,knowledge,sector-specific,released,2025-06-25T08:20:05.218Z,ESCO,1.2.1,IT,http://data.europa.eu/esco/occupation/349ee6f6-c295-4c38-9b98-48765b55280e,cloud engineer,essential,PENDING,
http://data.europa.eu/esco/skill/ce5b1446-b5e3-4f05-a5ac-83f2ee142a44,analyse external factors of companies,"scrutinize
analyze external factors of companies
review external factors of companies
evaluate external factors of companies
analysing external factors of companies
examine external factors of companies
study external factors of companies
analyse external factors of company",,"Perform research and analysis of the external factor pertaining to companies such as consumers, position in the market, competitors, and political situation.",,skill/competence,cross-sector,released,2016-12-20T18:07:21Z,ESCO,1.2.1,BUSINESS,http://data.europa.eu/esco/occupation/60082a99-d8ef-4e84-9290-78902681b6ed|http://data.europa.eu/esco/occupation/6fcf4638-e7c7-4978-9302-9a7b63a3d57c,business analyst|marketing manager,essential|essential,PENDING,
http://data.europa.eu/esco/skill/ce8ae6ca-61d8-4174-b457-641de96cbff4,automate cloud tasks,"evaluate cloud automation alternatives
automation of cloud tasks
optimise cloud workflows",,Automate manual or repeatable processes to minimize management overhead. Evaluate cloud automation alternatives for network deployments and tool-based alternatives for network operations and management.,,skill/competence,sector-specific,released,2024-02-29T16:57:50.138Z,ESCO,1.2.1,IT,http://data.europa.eu/esco/occupation/349ee6f6-c295-4c38-9b98-48765b55280e,cloud engineer,essential,PENDING,
http://data.europa.eu/esco/skill/cef5c0f8-1e40-4c09-b6a7-aa7811849e5d,ethics,"the study of moral principles
moral studies",,"The philosophical study that deals with solving questions of human morality; it defines and systemises concepts such as right, wrong, and crime.",,knowledge,cross-sector,released,2024-02-09T17:29:12.215Z,ESCO,1.2.1,IT,http://data.europa.eu/esco/occupation/349ee6f6-c295-4c38-9b98-48765b55280e,cloud engineer,optional,PENDING,
http://data.europa.eu/esco/skill/cf22d572-a77f-410d-83e4-3a627cc8df77,supervise sales activities,"watch over sales activities
monitor sales activities
supervision of sales activities
manage sales activities
supervising sales activities
supervise sales activity
oversee sales activities",,"Monitor and oversee the activities related to the ongoing sales in the shop to ensure that sales goals are met, assess areas for improvement, and identify or solve problems that customers could encounter.",,skill/competence,sector-specific,released,2024-02-09T17:29:15.968Z,ESCO,1.2.1,BUSINESS,http://data.europa.eu/esco/occupation/6fcf4638-e7c7-4978-9302-9a7b63a3d57c,marketing manager,optional,PENDING,
http://data.europa.eu/esco/skill/cf532795-a1fd-43bd-8407-6e43f877e6e3,mobile device management,"BYOD
cell phone device management
mobile terminals
bring your own device",,"The methods for managing the use of mobile devices within an organisation, while ensuring security.",,knowledge,sector-specific,released,2023-05-05T16:18:59.031Z,ESCO,1.2.1,IT,http://data.europa.eu/esco/occupation/7754d570-9519-48c2-b1c9-8e165f8bca0f,cybersecurity risk manager,optional,PENDING,
http://data.europa.eu/esco/skill/d0c425c6-e3de-465e-923d-d4d30ec4be9b,national generally accepted accounting principles,"national accounting principles which are generally accepted
national accepted accounting principles
national generally accepted accounting theories
national generally accepted accounting principle
national generally accepted accountancy principles",,The accounting standard accepted in a region or country specifying the rules and procedures to disclose financial data.,,knowledge,cross-sector,released,2024-02-09T17:29:13.7Z,ESCO,1.2.1,BUSINESS,http://data.europa.eu/esco/occupation/04f39bfa-bc03-4480-98bc-b18ce4fe4b4b,accounting manager,essential,PENDING,
http://data.europa.eu/esco/skill/d0f48427-7987-4f86-b24d-709837a37fd2,assist employee health programmes,"employee health programme assistance
supporting medical staff
support medical staff
assistance to employee health programmes
giving support to health programmes
assisting employee health programmes
support implementation of health programmes
give support to health programmes
assist employee health programs
assist in employee health programmes",,Support and provide assistance to health and safety staff in implementing programmes targeted at the health and well-being of employees.,,skill/competence,cross-sector,released,2021-02-09T11:09:09.325Z,ESCO,1.2.1,HR,http://data.europa.eu/esco/occupation/d3e32e5e-7f24-48e3-b939-e4f800eb62fb,human resources officer,optional,PENDING,
http://data.europa.eu/esco/skill/d15ba5cb-9212-4a90-85af-2c560da59925,perform product planning,"perform a product plan
product planning performance
implement product planning
undertake product planning
complete product planning
performing product planning",,"Identify and articulate market requirements that define a product’s feature set. Product planning serves as the basis for decisions about price, distribution and promotion.",,skill/competence,sector-specific,released,2024-02-09T17:29:11.47Z,ESCO,1.2.1,BUSINESS,http://data.europa.eu/esco/occupation/6fcf4638-e7c7-4978-9302-9a7b63a3d57c,marketing manager,optional,PENDING,
http://data.europa.eu/esco/skill/d207a30b-2f80-4138-9b77-f88d549b8768,identify new business opportunities,"identifying new business opportunities
diagnose new business opportunities
identify a new business opportunity
analyse new business opportunities
identifying a new business opportunity
determine new business opportunities
classify new business opportunities",,Pursue potential customers or products in order to generate additional sales and ensure growth.,,skill/competence,cross-sector,released,2024-02-09T17:29:09.851Z,ESCO,1.2.1,BUSINESS,http://data.europa.eu/esco/occupation/57b459d4-655c-4053-b189-3c249ce33faf,ICT business development manager,essential,PENDING,
http://data.europa.eu/esco/skill/d2a9f2d0-9de7-44ce-a168-590b85234f20,teach corporate skills,"educate on corporate skills
teaching corporate skills
explain corporate skills
provide instruction on corporate skills
teaches corporate skills",,"Teach the skills necessary for operating in an organisation to the employees of an institution. Educate them on general or technical skills, ranging from computer skills to interpersonal skills.",,skill/competence,cross-sector,released,2024-02-09T17:29:10.678Z,ESCO,1.2.1,HR,http://data.europa.eu/esco/occupation/f605bcd2-90b6-45a0-a558-d05016d68a77,human resources manager,optional,PENDING,
http://data.europa.eu/esco/skill/d2adb565-a865-424d-aeb5-9fbcbf2afe2a,Joomla,Joomla software,,"The open-source web-based software system written in PHP, used for creating, editing, publishing and archiving blogs, articles, corporate or small business websites, social networking websites or press releases.",,knowledge,sector-specific,released,2024-01-10T14:54:00.284Z,ESCO,1.2.1,IT,http://data.europa.eu/esco/occupation/c40a2919-48a9-40ea-b506-1f34f693496d,web developer,essential,PENDING,
http://data.europa.eu/esco/skill/d2dc31f1-720c-4757-bc1b-9e563d264dcf,advise on organisational culture,"comment on organisational climate
recommend organisational culture policy
help with organisational culture
advise on organization climate
help with organisational climate
comment on organisational culture
recommend organisational climate policy",,"Advise organisations on their internal culture and work environment as experienced by employees, and the factors which may influence the behaviour of employees.",,skill/competence,cross-sector,released,2020-06-25T08:33:10.784Z,ESCO,1.2.1,"BUSINESS,HR",http://data.europa.eu/esco/occupation/60082a99-d8ef-4e84-9290-78902681b6ed|http://data.europa.eu/esco/occupation/f605bcd2-90b6-45a0-a558-d05016d68a77,business analyst|human resources manager,optional|optional,PENDING,
http://data.europa.eu/esco/skill/d31fab87-2a7d-485c-b699-2901ca294b15,use functional programming,apply functional programming principles,,"Utilise specialised ICT tools to create computer code which treats computation as the evaluation of mathematical functions and seeks to avoid state and mutable data. Use programming languages which support this method such as LISP, PROLOG and Haskell.",,skill/competence,sector-specific,released,2025-06-25T08:45:06.159Z,ESCO,1.2.1,IT,http://data.europa.eu/esco/occupation/57af9090-55b4-4911-b2d0-86db01c00b02|http://data.europa.eu/esco/occupation/c40a2919-48a9-40ea-b506-1f34f693496d,embedded systems software developer|web developer,optional|optional,PENDING,
http://data.europa.eu/esco/skill/d3286405-49f8-4e8a-8046-a4376b4e7963,manage cloud data and storage,"manage cloud data encryption
manage cloud data retention
cloud storage and data management
implement cloud data protection
create cloud data retention",,"Create and manage cloud data retention. Identify and implement data protection, encryption, and capacity planning needs.",,skill/competence,sector-specific,released,2024-02-23T09:02:38.545Z,ESCO,1.2.1,IT,http://data.europa.eu/esco/occupation/349ee6f6-c295-4c38-9b98-48765b55280e|http://data.europa.eu/esco/occupation/d3edb8f8-3a06-47a0-8fb9-9b212c006aa2,cloud engineer|data analyst,essential|optional,PENDING,
http://data.europa.eu/esco/skill/d32db06e-bd06-4415-a7ab-1b0ee68caa9a,ICT encryption,"TLS
symmetric-key algorithm
asymmetric cryptography
public-key cryptography
transport layer security
SSL
secure sockets layer",,"The conversion of electronic data into a format which is readable only by authorized parties which use key encryption techniques, such as Public Key Infrastructure (PKI) and Secure Socket Layer (SSL).",,knowledge,sector-specific,released,2024-02-09T17:29:16.725Z,ESCO,1.2.1,IT,http://data.europa.eu/esco/occupation/7754d570-9519-48c2-b1c9-8e165f8bca0f,cybersecurity risk manager,optional,PENDING,
http://data.europa.eu/esco/skill/d38871eb-b988-495e-8fca-345677b597a8,state estimation,"state inference
energy state estimation
state estimation and prediction",,The process of fusing input data measurements and a mathematical model to determine the internal state of an energy system.,,knowledge,cross-sector,released,2023-10-26T10:18:56.934Z,ESCO,1.2.1,IT,http://data.europa.eu/esco/occupation/258e46f9-0075-4a2e-adae-1ff0477e0f30,data scientist,optional,PENDING,
http://data.europa.eu/esco/skill/d3e585e9-3a73-4511-b533-90f095e5aa09,marketing mix,marketing mixes,,"Principle of marketing that describes the four fundamental elements in marketing strategies which are the product, the place, the price and the promotion.",,knowledge,cross-sector,released,2024-02-09T17:29:12.215Z,ESCO,1.2.1,BUSINESS,http://data.europa.eu/esco/occupation/6fcf4638-e7c7-4978-9302-9a7b63a3d57c,marketing manager,essential,PENDING,
http://data.europa.eu/esco/skill/d4199178-81a1-40dd-a8c8-0f91b0489913,negotiate settlements,"arrange settlements
negotiate payment
mediate settlements
negotiate agreements
negotiate deals",,"Negotiate with insurance companies and insurance claimants in order to facilitate agreement on a settlement which the insurance company has to provide for the claimant, such as covering repair costs for damages, taking into account the appraisal reports and the coverage assessment.",,skill/competence,sector-specific,released,2024-02-09T17:29:16.725Z,ESCO,1.2.1,HR,http://data.europa.eu/esco/occupation/f605bcd2-90b6-45a0-a558-d05016d68a77,human resources manager,optional,PENDING,
http://data.europa.eu/esco/skill/d5111703-c344-484d-bef1-9565a278166a,market pricing,"market values
market costs
market estimates
pricing a market
pricing marketing
market appraisals
marketing pricing",,"Price volatility according to market and price elasticity, and the factors which influence pricing trends and changes in the market in the long and short term.",,knowledge,sector-specific,released,2024-02-09T17:29:14.494Z,ESCO,1.2.1,BUSINESS,http://data.europa.eu/esco/occupation/6fcf4638-e7c7-4978-9302-9a7b63a3d57c,marketing manager,essential,PENDING,
http://data.europa.eu/esco/skill/d5145a9a-602e-40bf-b3e1-f04cf9c3ef86,leadership principles,"scope of management principles
principles of management
scope of leadership principles
range of leadership principles
principles of leadership
range of management principles
literature on leadership principles
literature on management principles",,"Set of traits and values which guide the actions of a leader with her/his employees and the company and provide direction throughout her/his career. These principles are also an important tool for self-evaluation to identify strengths and weaknesses, and seek self-improvement.",,knowledge,cross-sector,released,2023-02-20T15:11:57.557Z,ESCO,1.2.1,HR,http://data.europa.eu/esco/occupation/f605bcd2-90b6-45a0-a558-d05016d68a77,human resources manager,optional,PENDING,
http://data.europa.eu/esco/skill/d53b04fb-1bbb-4a25-92f8-8ceb308d276f,define organisational standards,"define organisational standard
write up organisational standards
defining organisational standards
define standards for the organisation
define organizational standards
set organisational standards",,"Write, implement and foster the internal standards of the company as part of the business plans for the operations and levels of performance that the company intends to achieve.",,skill/competence,cross-sector,released,2016-12-20T18:10:14Z,ESCO,1.2.1,BUSINESS,http://data.europa.eu/esco/occupation/60082a99-d8ef-4e84-9290-78902681b6ed,business analyst,optional,PENDING,
http://data.europa.eu/esco/skill/d56fc2b5-4b0a-4e7e-9bde-a33736f6ff18,Scratch (computer programming),Scratch,,"The techniques and principles of software development, such as analysis, algorithms, coding, testing and compiling of programming paradigms in Scratch.",,knowledge,sector-specific,released,2022-07-05T14:34:33.959Z,ESCO,1.2.1,IT,http://data.europa.eu/esco/occupation/106f79e4-6264-45f1-9e7a-297435cd684b|http://data.europa.eu/esco/occupation/57af9090-55b4-4911-b2d0-86db01c00b02|http://data.europa.eu/esco/occupation/c40a2919-48a9-40ea-b506-1f34f693496d,software tester|embedded systems software developer|web developer,optional|optional|optional,PENDING,
http://data.europa.eu/esco/skill/d5a59ca8-2e91-472e-8571-d12ce4478679,Process-based management,process-based project management methodology,,"The process-based management approach is a methodology for planning, managing and overseeing of ICT resources in order to meet specific goals and using project management ICT tools.",,knowledge,sector-specific,released,2025-06-25T08:20:05.218Z,ESCO,1.2.1,IT,http://data.europa.eu/esco/occupation/106f79e4-6264-45f1-9e7a-297435cd684b,software tester,optional,PENDING,
http://data.europa.eu/esco/skill/d63f49de-cb72-4ce3-9553-a374a4f32f52,analyse data about clients,"analyse clients interests
analyse customer interests
analyse guests interests
analyse data about visitors
analyze data about clients
analyse data on clients
analyse data about customers
undertake customer analysis
analyse data about guests
analyse client data",,"Study data about clients, visitors, customers or guests. Gather, process and analyse data about their characteristics, needs and buying behaviours.",,skill/competence,cross-sector,released,2017-02-10T12:54:12Z,ESCO,1.2.1,BUSINESS,http://data.europa.eu/esco/occupation/6fcf4638-e7c7-4978-9302-9a7b63a3d57c,marketing manager,optional,PENDING,
http://data.europa.eu/esco/skill/d669af41-756c-48d9-a286-1443253f54b1,tax legislation,"tax laws
tax regulations
fiscal laws
fiscal statutes
fiscal regulations
tax rules
fiscal rules
tax statutes",,"Tax legislation applicable to a specific area of specialisation, such as import tax, government tax, etc.",,knowledge,cross-sector,released,2024-02-09T17:29:09.009Z,ESCO,1.2.1,BUSINESS,http://data.europa.eu/esco/occupation/04f39bfa-bc03-4480-98bc-b18ce4fe4b4b,accounting manager,essential,PENDING,
http://data.europa.eu/esco/skill/d6e78d9a-deca-4bcb-b08d-011b2616758d,ensure compliance with accounting conventions,"ensure compliance with accounting convention
ensuring compliance with accounting conventions
guarantee compliance with accounting conventions
ensure accounting conventions compliance
certify compliance with accounting conventions",,"Exercise accounting management and abidance by generally accepted accounting conventions such as recording transactions at the current price, quantifying goods, separating personal accounts of managers from those of the company, making effective the transfer of legal ownership of assets in its realisation time, and ensuring the principle of materiality.",,skill/competence,cross-sector,released,2024-02-09T17:29:10.678Z,ESCO,1.2.1,BUSINESS,http://data.europa.eu/esco/occupation/04f39bfa-bc03-4480-98bc-b18ce4fe4b4b,accounting manager,essential,PENDING,
http://data.europa.eu/esco/skill/d77d7685-04fb-43a4-a1ac-09a10811f646,corporate law,"corporation statutes
corporation law
corporation regulation
corporate regulation
corporate statutes
corporate rules
corporation rules",,"The legal rules that govern how corporate stakeholders (such as shareholders, employees, directors, consumers, etc) interact with one another, and the responsibilities corporations have to their stakeholders.",,knowledge,cross-sector,released,2024-02-09T17:29:14.494Z,ESCO,1.2.1,"BUSINESS,HR",http://data.europa.eu/esco/occupation/60082a99-d8ef-4e84-9290-78902681b6ed|http://data.europa.eu/esco/occupation/f605bcd2-90b6-45a0-a558-d05016d68a77,business analyst|human resources manager,optional|optional,PENDING,
http://data.europa.eu/esco/skill/d7e4a9fa-cfc2-45f9-96eb-13dc6e48c86c,video conferencing tool,video conferencing software,"Google Meet
Google Hangout
Cisco Webex
Microsoft Teams
Skype
Zoom",The software that are used to enable virtual meetings between people through internet with real-time multidirectional video and audio streaming.,,knowledge,sector-specific,released,2023-11-29T16:27:11.852Z,ESCO,1.2.1,HR,http://data.europa.eu/esco/occupation/068370e0-9c27-4814-87d0-44fbb3140815,recruitment consultant,essential,PENDING,
http://data.europa.eu/esco/skill/d96bfb0f-e771-4fec-abca-c38f48e02318,negotiate with employment agencies,"handle negotiations with employment agencies
negotiate with employment companies
negotiate with job placement agencies
negotiating with employment agencies
handle negotiations with job placement agencies
negotiate with employment agency
negotiate with job placement companies
handle negotiations with employment companies
handle negotiations with job placement companies
negotiate with agencies of employment",,Establish arrangements with employment agencies to organise recruiting activities. Maintain communication with these agencies in order to ensure efficient and productive recruitment with high potential candidates as an outcome.,,skill/competence,sector-specific,released,2024-02-09T17:29:14.494Z,ESCO,1.2.1,HR,http://data.europa.eu/esco/occupation/a6e8a6bf-9209-4d19-a131-a8b6431e0f75|http://data.europa.eu/esco/occupation/d3e32e5e-7f24-48e3-b939-e4f800eb62fb|http://data.europa.eu/esco/occupation/f605bcd2-90b6-45a0-a558-d05016d68a77,talent acquisition manager|human resources officer|human resources manager,optional|optional|essential,PENDING,
http://data.europa.eu/esco/skill/d9a3cb06-d6e0-4a64-88a6-9a8e11a99c93,labour market,"labour markets
labor market
job market
employment market",,"The trends, functioning, and fluctuations of the labour market, career options, wages, unions, working population and the supply and demand of certain professions in a sector.",,knowledge,cross-sector,released,2016-12-20T18:28:10Z,ESCO,1.2.1,HR,http://data.europa.eu/esco/occupation/1fce1be0-bf52-449b-9a2b-3f2cc710290a,compensation analyst,essential,PENDING,
http://data.europa.eu/esco/skill/d9e5349e-8791-49c2-8ba4-839fdd1606c2,define technical requirements,"write up a list of technical specifications
gather technical requirements
jot down technical specifications in a list
write up a technical specifications' list
write technical specifications
write up technical specifications in a list
make a list of technical aspects",,"Specify technical properties of goods, materials, methods, processes, services, systems, software and functionalities by identifying and responding to the particular needs that are to be satisfied according to customer requirements.",,skill/competence,cross-sector,released,2024-01-22T12:28:26.281Z,ESCO,1.2.1,BUSINESS,http://data.europa.eu/esco/occupation/fe0fa514-b48d-4a53-9757-a283c0baacf0,ICT business analyst,essential,PENDING,
http://data.europa.eu/esco/skill/d9eaf831-9348-4330-a83e-b7c099cdc8f6,Teradata Database,"Teradata
Teradata Integrated Data Warehouse",,"The computer program Teradata Database is a tool for creating, updating and managing databases, developed by the software company Teradata Corporation.",,knowledge,sector-specific,released,2024-02-09T17:29:15.235Z,ESCO,1.2.1,IT,http://data.europa.eu/esco/occupation/2079755f-d809-49e6-8037-4de6180e54c0,data engineer,optional,PENDING,
http://data.europa.eu/esco/skill/da629999-d226-4ff3-9e1a-01788132664f,ensure compliance with disclosure criteria of accounting information,"ensuring compliance with disclosure criteria of accounting information
ensure compliance with disclosure criteria of account information
ensure compliance with accounting information disclosure criteria
make sure disclosure criteria of accounting information is compliant
certify compliance with disclosure criteria of accounting information
guarantee compliance with disclosure criteria of accounting information",,"Revise the accounting information of the company to make sure it meets the commonly agreed criteria for its disclosure such as understandability, relevance, consistency, comparability, reliability, and objectivity.",,skill/competence,cross-sector,released,2024-02-09T17:29:15.968Z,ESCO,1.2.1,BUSINESS,http://data.europa.eu/esco/occupation/04f39bfa-bc03-4480-98bc-b18ce4fe4b4b,accounting manager,essential,PENDING,
http://data.europa.eu/esco/skill/da6393d5-a53c-4863-abc7-51f36281d74e,lean project management,"lean project management approach
Lean Six Sigma
lean project methodology",,"The lean project management approach is a methodology for planning, managing and overseeing of ICT resources in order to meet specific goals and using project management ICT tools.",,knowledge,sector-specific,released,2025-04-16T10:06:45.846Z,ESCO,1.2.1,"IT,BUSINESS",http://data.europa.eu/esco/occupation/106f79e4-6264-45f1-9e7a-297435cd684b|http://data.europa.eu/esco/occupation/bea99fea-0383-4c63-b944-70d4799de2c5,software tester|project manager,optional|optional,PENDING,
http://data.europa.eu/esco/skill/da930e2f-6047-4616-a598-bba8ecef3039,manage open publications,"manage open-source content
manage open-source publications
handle open-source content
handle open publications
handle open-source publications",,"Be familiar with Open Publication strategies, with the use of information technology to support research, and with the development and management of CRIS (current research information systems) and institutional repositories. Provide licensing and copyright advice, use bibliometric indicators, and measure and report research impact.",,skill/competence,cross-sector,released,2024-02-23T15:21:32.989Z,ESCO,1.2.1,IT,http://data.europa.eu/esco/occupation/258e46f9-0075-4a2e-adae-1ff0477e0f30,data scientist,essential,PENDING,
http://data.europa.eu/esco/skill/dc417e19-edb4-4401-883a-2375f67a162f,manage the general ledger,"manage general ledgers
managing the general ledger
maintain the general ledger
oversee the general ledger",,"Enter data and revise the adequate maintenance of general ledgers in order to follow up on the financial transactions of the company, and other non routine transactions such as depreciation.",,skill/competence,cross-sector,released,2024-02-09T17:29:09.009Z,ESCO,1.2.1,BUSINESS,http://data.europa.eu/esco/occupation/04f39bfa-bc03-4480-98bc-b18ce4fe4b4b,accounting manager,optional,PENDING,
http://data.europa.eu/esco/skill/dc72ad0a-c5dc-4abd-bc0d-ca43e82162e1,build business relationships,"assemble business relationships
build a business relationship
set up business relationships
produce business relationships
devise business relationships
construct business relationships
building business relationships",,"Establish a positive, long-term relationship between organisations and interested third parties such as suppliers, distributors, shareholders and other stakeholders in order to inform them of the organisation and its objectives.",,skill/competence,cross-sector,released,2024-02-09T17:29:09.851Z,ESCO,1.2.1,BUSINESS,http://data.europa.eu/esco/occupation/57b459d4-655c-4053-b189-3c249ce33faf|http://data.europa.eu/esco/occupation/60082a99-d8ef-4e84-9290-78902681b6ed|http://data.europa.eu/esco/occupation/bea99fea-0383-4c63-b944-70d4799de2c5,ICT business development manager|business analyst|project manager,optional|essential|essential,PENDING,
http://data.europa.eu/esco/skill/dcdd5ddf-82a6-4ac3-8edc-d4b23cae9a88,VBScript,"VBScript for web-based scripting
VBScript programming paradigms
VBScript coding techniques
VBScript scripting techniques
VBScript algorithms",,"The techniques and principles of software development, such as analysis, algorithms, coding, testing and compiling of programming paradigms in VBScript.",,knowledge,sector-specific,released,2025-06-25T08:20:05.218Z,ESCO,1.2.1,IT,http://data.europa.eu/esco/occupation/106f79e4-6264-45f1-9e7a-297435cd684b|http://data.europa.eu/esco/occupation/57af9090-55b4-4911-b2d0-86db01c00b02|http://data.europa.eu/esco/occupation/c40a2919-48a9-40ea-b506-1f34f693496d,software tester|embedded systems software developer|web developer,optional|optional|optional,PENDING,
http://data.europa.eu/esco/skill/dd7c9dfd-6e2c-46fd-aefc-369402d0200c,create a financial report,"create financial reports
create a finance report
write a financial report
prepare financial reports",,"Finalise project accounting. Prepare an actual budget, compare the discrepancy between the planned and actual budget, and draw final conclusions.",,skill/competence,sector-specific,released,2024-02-09T17:29:12.215Z,ESCO,1.2.1,BUSINESS,http://data.europa.eu/esco/occupation/bea99fea-0383-4c63-b944-70d4799de2c5,project manager,optional,PENDING,
http://data.europa.eu/esco/skill/ddb65832-91a7-4157-9488-719a0e2ad87b,lead disaster recovery exercises,"supervise disaster recovery trainings
supervise disaster recovery exercises
conduct disaster recovery trainings",,"Head exercises which educate people on what to do in case of an unforeseen disastrous event in the functioning or security of ICT systems, such as on recovery of data, protection of identity and information and which steps to take in order to prevent further problems.",,skill/competence,sector-specific,released,2025-11-26T10:29:16.846Z,ESCO,1.2.1,IT,http://data.europa.eu/esco/occupation/7754d570-9519-48c2-b1c9-8e165f8bca0f,cybersecurity risk manager,optional,PENDING,
http://data.europa.eu/esco/skill/de03f4fd-c147-4477-a048-7109e5ba2d6f,marketing principles,"customer relationship management
principles of marketing
methods in customer relationship management
management of customer relationships
types of marketing principles
range of marketing principles
techniques in customer relationship management
typology of marketing principles",,The principles of managing the relationship between consumers and products or services for the purpose of increasing sales and improving advertising techniques.,,knowledge,cross-sector,released,2024-02-09T17:29:12.215Z,ESCO,1.2.1,BUSINESS,http://data.europa.eu/esco/occupation/6fcf4638-e7c7-4978-9302-9a7b63a3d57c,marketing manager,essential,PENDING,
http://data.europa.eu/esco/skill/de2f0ce8-f8d6-48c5-a213-4d065251cecf,communicate by telephone,"communicate through telephone
communicate by phone
interact using the telephone
use the telephone",,"Liaise via telephone by making and answering calls in a timely, professional and polite manner.",,skill/competence,cross-sector,released,2024-02-09T17:29:14.494Z,ESCO,1.2.1,HR,http://data.europa.eu/esco/occupation/068370e0-9c27-4814-87d0-44fbb3140815|http://data.europa.eu/esco/occupation/d3e32e5e-7f24-48e3-b939-e4f800eb62fb,recruitment consultant|human resources officer,essential|optional,PENDING,
http://data.europa.eu/esco/skill/def007fa-5fed-4a5f-91a2-b0d7e3db1be1,COBOL,"COBOL programming language
Cobol
COBOL applications
COBOL software",,"The techniques and principles of software development, such as analysis, algorithms, coding, testing and compiling of programming paradigms in COBOL.",,knowledge,sector-specific,released,2025-06-25T08:20:05.218Z,ESCO,1.2.1,IT,http://data.europa.eu/esco/occupation/106f79e4-6264-45f1-9e7a-297435cd684b|http://data.europa.eu/esco/occupation/57af9090-55b4-4911-b2d0-86db01c00b02|http://data.europa.eu/esco/occupation/c40a2919-48a9-40ea-b506-1f34f693496d,software tester|embedded systems software developer|web developer,optional|optional|optional,PENDING,
http://data.europa.eu/esco/skill/dfff95c6-9758-4c04-a228-7eaa88dec6cd,design for organisational complexity,"design cross-account authentication for complex organisations
implement cloud environment for complex organisations
design an access strategy for complex organisations
design cloud environment for complex organisations
design access strategies for complex organisations",,"Determine cross-account authentication and access strategy for complex organizations (for example, an organization with varying compliance requirements, multiple business units, and varying scalability requirements). Design networks and multi-account cloud environments for complex organizations.",,skill/competence,sector-specific,released,2024-02-23T15:42:13.199Z,ESCO,1.2.1,IT,http://data.europa.eu/esco/occupation/349ee6f6-c295-4c38-9b98-48765b55280e|http://data.europa.eu/esco/occupation/7754d570-9519-48c2-b1c9-8e165f8bca0f,cloud engineer|cybersecurity risk manager,essential|optional,PENDING,
http://data.europa.eu/esco/skill/e1f09038-b493-4771-ae29-a2d3e7ea013a,document interviews,"write down interviews
register interviews
documenting interviews
document interview
record interviews",,"Record, write, and capture answers and information collected during interviews for processing and analysis using shorthand or technical equipment.",,skill/competence,cross-sector,released,2024-02-09T17:29:15.235Z,ESCO,1.2.1,HR,http://data.europa.eu/esco/occupation/068370e0-9c27-4814-87d0-44fbb3140815|http://data.europa.eu/esco/occupation/a6e8a6bf-9209-4d19-a131-a8b6431e0f75|http://data.europa.eu/esco/occupation/d3e32e5e-7f24-48e3-b939-e4f800eb62fb,recruitment consultant|talent acquisition manager|human resources officer,essential|optional|essential,PENDING,
http://data.europa.eu/esco/skill/e1f5c539-7c93-49ee-917d-a24e0d887686,control of expenses,"controlling expenses
supervise expenses
expenses controls
administer expenses
control expenses
oversee expenses",,"Monitor and maintain effective cost controls, in regards to efficiencies, waste, overtime and staffing. Assessing excesses and strives for efficiency and productivity.",,skill/competence,cross-sector,released,2024-02-09T17:29:12.215Z,ESCO,1.2.1,BUSINESS,http://data.europa.eu/esco/occupation/bea99fea-0383-4c63-b944-70d4799de2c5,project manager,essential,PENDING,
http://data.europa.eu/esco/skill/e207163b-7963-4c3e-9494-7a4bb000211b,estimate duration of work,time estimation of work,,Produce accurate calculations on time necessary to fulfil future technical tasks based on past and present information and observations or plan the estimated duration of individual tasks in a given project.,,skill/competence,cross-sector,released,2024-02-09T17:29:16.725Z,ESCO,1.2.1,BUSINESS,http://data.europa.eu/esco/occupation/bea99fea-0383-4c63-b944-70d4799de2c5,project manager,essential,PENDING,
http://data.europa.eu/esco/skill/e2482d6f-90c8-4b93-997b-7d2556d2579d,identify if a company is a going concern,"identify company's going concerns
identify the going concerns of a company
find the going concern of a company
identifying the going concern of a company
identify the going concern of companies
pinpoint the going concern of a company
idenfify if a company is a going concern
determine the going concern of a company",,"Analyse financial statements, financial information and the outlook of the company in order to determine the going concern of the company.",,skill/competence,sector-specific,released,2020-06-29T16:04:14.328Z,ESCO,1.2.1,BUSINESS,http://data.europa.eu/esco/occupation/04f39bfa-bc03-4480-98bc-b18ce4fe4b4b,accounting manager,essential,PENDING,
http://data.europa.eu/esco/skill/e2e15494-65b9-4af5-8b86-53fb51e7e022,manage accounts,"administer accounts
maintain financial records
oversee financial records
oversee accounts
maintain accounts
administer financial records",,"Manage the accounts and financial activities of an organisation, supervising that all the documents are correctly maintained, that all the information and calculations are correct, and that proper decisions are being made.",,skill/competence,cross-sector,released,2024-02-09T17:29:09.009Z,ESCO,1.2.1,BUSINESS,http://data.europa.eu/esco/occupation/04f39bfa-bc03-4480-98bc-b18ce4fe4b4b|http://data.europa.eu/esco/occupation/6fcf4638-e7c7-4978-9302-9a7b63a3d57c,accounting manager|marketing manager,essential|optional,PENDING,
http://data.europa.eu/esco/skill/e437eba1-3e22-41f2-8703-741e94785cba,human resource management,"human resource administration
HR management
human resources management
HR
human resource control
HRM
human resource supervision",,The function in an organisation concerned with the recruitment of employees and the optimisation of employee performance.,,knowledge,cross-sector,released,2024-02-09T17:29:14.494Z,ESCO,1.2.1,HR,http://data.europa.eu/esco/occupation/068370e0-9c27-4814-87d0-44fbb3140815|http://data.europa.eu/esco/occupation/1fce1be0-bf52-449b-9a2b-3f2cc710290a|http://data.europa.eu/esco/occupation/a6e8a6bf-9209-4d19-a131-a8b6431e0f75|http://data.europa.eu/esco/occupation/d3e32e5e-7f24-48e3-b939-e4f800eb62fb|http://data.europa.eu/esco/occupation/f605bcd2-90b6-45a0-a558-d05016d68a77,recruitment consultant|compensation analyst|talent acquisition manager|human resources officer|human resources manager,essential|essential|essential|optional|essential,PENDING,
http://data.europa.eu/esco/skill/e46291c7-52b9-4174-bd59-178884861038,Hadoop,Apache Hadoop,,"The open-source data storing, analysis and processing framework which consists mainly in the MapReduce and Hadoop distributed file system (HDFS) components and it is used to provide support for managing and analysing large datasets.",,knowledge,sector-specific,released,2025-06-25T08:20:05.218Z,ESCO,1.2.1,IT,http://data.europa.eu/esco/occupation/258e46f9-0075-4a2e-adae-1ff0477e0f30|http://data.europa.eu/esco/occupation/d3edb8f8-3a06-47a0-8fb9-9b212c006aa2,data scientist|data analyst,optional|optional,PENDING,
http://data.europa.eu/esco/skill/e464363b-8346-421d-9035-52118b76d8c8,computational biology,biological computing,,The interdisciplinary scientific field that focus on employing data analytics and theories to investigate biological systems obtained through experiments.,,knowledge,sector-specific,released,2023-11-29T16:24:23.882Z,ESCO,1.2.1,IT,http://data.europa.eu/esco/occupation/258e46f9-0075-4a2e-adae-1ff0477e0f30,data scientist,optional,PENDING,
http://data.europa.eu/esco/skill/e49c4d19-dea6-42a1-bde2-30d69dc0ca24,profile people,"profiling people
categorize people based on traits or tendencies
characterize people based on traits or tendencies",,"Create a profile of someone, by outlining this person's characteristics, personality, skills and motives, often by the use of information obtained from an interview or questionnaire.",,skill/competence,sector-specific,released,2024-02-09T17:29:15.968Z,ESCO,1.2.1,HR,http://data.europa.eu/esco/occupation/068370e0-9c27-4814-87d0-44fbb3140815|http://data.europa.eu/esco/occupation/d3e32e5e-7f24-48e3-b939-e4f800eb62fb,recruitment consultant|human resources officer,essential|essential,PENDING,
http://data.europa.eu/esco/skill/e4a7d2be-9cdd-43c6-ab43-8060fe5ad5c8,monitor organisation climate,"audit organisational culture
audit organisational climate
monitor organization climate
regulate organisational climate
supervise organisational climate
supervise organisational culture
regulate organisational culture",,Monitor the work environment and the behaviour of employees in an organisation to assess how the organisation culture is perceived by the employees and identify the factors which influence behaviour and which may facilitate a positive work environment.,,skill/competence,sector-specific,released,2016-12-20T20:14:51Z,ESCO,1.2.1,HR,http://data.europa.eu/esco/occupation/f605bcd2-90b6-45a0-a558-d05016d68a77,human resources manager,optional,PENDING,
http://data.europa.eu/esco/skill/e54ff029-1ce9-447d-a5b2-eb7283a23e6e,train employees,"instruct employees
upskill employees
train an employee
training employees
teach employees",,Lead and guide employees through a process in which they are taught the necessary skills for the perspective job. Organise activities aimed at introducing the work and systems or improving the performance of individuals and groups in organisational settings.,,skill/competence,cross-sector,released,2024-02-09T17:29:12.952Z,ESCO,1.2.1,"BUSINESS,HR",http://data.europa.eu/esco/occupation/bea99fea-0383-4c63-b944-70d4799de2c5|http://data.europa.eu/esco/occupation/d3e32e5e-7f24-48e3-b939-e4f800eb62fb,project manager|human resources officer,essential|optional,PENDING,
http://data.europa.eu/esco/skill/e5609f89-0daf-40bb-bd6b-94f5d7498131,ICT market,ICT market trends,,"The processes, stakeholders and the dynamics of the chain of goods and services in the ICT market sector.",,knowledge,sector-specific,released,2025-06-25T08:20:05.218Z,ESCO,1.2.1,BUSINESS,http://data.europa.eu/esco/occupation/57b459d4-655c-4053-b189-3c249ce33faf|http://data.europa.eu/esco/occupation/fe0fa514-b48d-4a53-9757-a283c0baacf0,ICT business development manager|ICT business analyst,essential|optional,PENDING,
http://data.europa.eu/esco/skill/e5635e02-2d34-4a8c-b8ca-556d45e9b20e,identify potential markets for companies,"notice potential markets for companies
find potential markets for companies
identify potential markets
identify potential market for companies
identifying potential market for companies
locate potential markets for companies",,Observe and analyse market research findings in order to determine promising and profitable markets. Consider the firm's specific advantage and match it with markets where such value proposition is missing.,,skill/competence,cross-sector,released,2024-02-09T17:29:15.968Z,ESCO,1.2.1,BUSINESS,http://data.europa.eu/esco/occupation/6fcf4638-e7c7-4978-9302-9a7b63a3d57c,marketing manager,essential,PENDING,
http://data.europa.eu/esco/skill/e5a6e1e0-1b07-4432-83ba-77d593b2cb47,SAS Data Management,SAS Data Management software,,"The computer program SAS Data Management is a tool for integration of information from multiple applications, created and maintained by organisations, into one consistent and transparent data structure, developed by the software company SAS.",,knowledge,sector-specific,released,2025-06-25T08:20:05.218Z,ESCO,1.2.1,IT,http://data.europa.eu/esco/occupation/2079755f-d809-49e6-8037-4de6180e54c0,data engineer,optional,PENDING,
http://data.europa.eu/esco/skill/e5b5053e-0ef6-4c4e-a3f2-42f955f4322c,implement a firewall,"installing a network security firewall
install a network security firewall
implementing network firewall
install a firewall
implementing a firewall
firewall implementing
implement network firewall
network firewall implementing
installing a firewall",,"Download, install and update a network security system designed to prevent unauthorized access to a private network.",,skill/competence,sector-specific,released,2024-02-09T17:29:12.215Z,ESCO,1.2.1,IT,http://data.europa.eu/esco/occupation/7754d570-9519-48c2-b1c9-8e165f8bca0f,cybersecurity risk manager,optional,PENDING,
http://data.europa.eu/esco/skill/e5beeff8-7c98-490a-ae2c-16fbb6a87305,manage keys for data protection,manage data protection keys,,"Select appropriate authentication and authorization mechanisms. Design, implement and troubleshoot key management and use. Design and implement a data encryption solution for data at rest and data in transit.",,skill/competence,sector-specific,released,2025-04-16T12:05:43.358Z,ESCO,1.2.1,IT,http://data.europa.eu/esco/occupation/349ee6f6-c295-4c38-9b98-48765b55280e|http://data.europa.eu/esco/occupation/7754d570-9519-48c2-b1c9-8e165f8bca0f,cloud engineer|cybersecurity risk manager,essential|optional,PENDING,
http://data.europa.eu/esco/skill/e5d1f825-60ed-4bdd-872a-e748c387f777,CSS,Cascading Style Sheets,,"The computer language CSS is a style sheet language that conveys the presentation of structured documents. These documents have to adhere to style sheets, a set of stylistic rules such as font, color and layout.",,knowledge,sector-specific,released,2024-02-09T17:29:13.7Z,ESCO,1.2.1,IT,http://data.europa.eu/esco/occupation/c40a2919-48a9-40ea-b506-1f34f693496d,web developer,optional,PENDING,
http://data.europa.eu/esco/skill/e717b036-2c0c-4c11-99e9-0cb4ce084fed,perform account allocation,"perform accounts allocation
conduct account allocation
performing account allocation
handle account allocation
perform allocation of accounts",,"Allocate transactions on an account by matching the total value, only a part of it or a group of transactions to the original invoice, and by posting financial information such as discounts, taxes or currency exchange differences.",,skill/competence,cross-sector,released,2024-02-09T17:29:09.009Z,ESCO,1.2.1,BUSINESS,http://data.europa.eu/esco/occupation/04f39bfa-bc03-4480-98bc-b18ce4fe4b4b,accounting manager,optional,PENDING,
http://data.europa.eu/esco/skill/e71c6cee-7247-49f4-829a-141c880ae938,advice on security risk management,"offer suggestions on security risk management
advising on security risk management
advise on security risks
make recommendations about security risk management
advise on management of security risks",,"Provide advice on security risk management policies and prevention strategies and their implementation, being aware of the different kinds of security risks a specific organisation faces.",,skill/competence,sector-specific,released,2024-02-09T17:29:17.515Z,ESCO,1.2.1,IT,http://data.europa.eu/esco/occupation/7754d570-9519-48c2-b1c9-8e165f8bca0f,cybersecurity risk manager,essential,PENDING,
http://data.europa.eu/esco/skill/e7219848-a27a-4bf4-8775-d367707be7c9,sales strategies,"strategies for sales
sales scenarios
sales plans
sales policies
sales blueprints
a sales strategy
sales strategy",,The principles concerning customer behaviour and target markets with the aim of promotion and sales of a product or a service.,,knowledge,sector-specific,released,2024-02-09T17:29:15.235Z,ESCO,1.2.1,BUSINESS,http://data.europa.eu/esco/occupation/6fcf4638-e7c7-4978-9302-9a7b63a3d57c,marketing manager,optional,PENDING,
http://data.europa.eu/esco/skill/e74f4f21-8d45-412c-b5c3-652e6167ee32,content development processes,"content production techniques
content production processes",,"The specialised techniques used to design, write, compile, edit and organise digital content, such as text, graphics and videos for publishing purposes.",,knowledge,cross-sector,released,2025-06-25T08:20:05.218Z,ESCO,1.2.1,"IT,BUSINESS",http://data.europa.eu/esco/occupation/6fcf4638-e7c7-4978-9302-9a7b63a3d57c|http://data.europa.eu/esco/occupation/c40a2919-48a9-40ea-b506-1f34f693496d,marketing manager|web developer,optional|essential,PENDING,
http://data.europa.eu/esco/skill/e8b89eb6-51e8-4c3a-babb-88b2e110376b,Pascal (computer programming),Pascal,,"The techniques and principles of software development, such as analysis, algorithms, coding, testing and compiling of programming paradigms in Pascal.",,knowledge,sector-specific,released,2022-07-05T14:34:33.959Z,ESCO,1.2.1,IT,http://data.europa.eu/esco/occupation/106f79e4-6264-45f1-9e7a-297435cd684b|http://data.europa.eu/esco/occupation/57af9090-55b4-4911-b2d0-86db01c00b02|http://data.europa.eu/esco/occupation/c40a2919-48a9-40ea-b506-1f34f693496d,software tester|embedded systems software developer|web developer,optional|optional|optional,PENDING,
http://data.europa.eu/esco/skill/e8d9ce55-7bc3-4f09-8412-0a393d4b5b96,compose description for web elements,"create content for web elements
write description for web elements",,"Create texts to convey the message of a web element, such as images or frames, even in cases when it cannot be displayed to the user.",,skill/competence,occupation-specific,released,2024-02-09T17:29:16.725Z,ESCO,1.2.1,IT,http://data.europa.eu/esco/occupation/c40a2919-48a9-40ea-b506-1f34f693496d,web developer,optional,PENDING,
http://data.europa.eu/esco/skill/e9030465-13c5-46d2-bdae-c2c1a9dbec86,attach accounting certificates to accounting transactions,"attaching accounting certificates to accounting transactions
attach certificates to accounting transactions
affix accounting certificates to accounting transactions
attach accounting certificate to accounting transactions",,"Collate and link documents such as invoices, contracts, and payment certificates in order to back up the transactions made in the accounting of the company.",,skill/competence,cross-sector,released,2024-02-09T17:29:14.494Z,ESCO,1.2.1,BUSINESS,http://data.europa.eu/esco/occupation/04f39bfa-bc03-4480-98bc-b18ce4fe4b4b,accounting manager,optional,PENDING,
http://data.europa.eu/esco/skill/e9575f7f-053a-439e-8074-f93df3334e92,data ethics,principles of data ethics,,"The subfield of ethics that assess whether data practices are considerable ethical. It assesses processes such as collecting, analysing and disseminating structured and unstructured data that might negatively impact the society.",,knowledge,cross-sector,released,2024-01-29T11:16:01.318Z,ESCO,1.2.1,IT,http://data.europa.eu/esco/occupation/258e46f9-0075-4a2e-adae-1ff0477e0f30|http://data.europa.eu/esco/occupation/d3edb8f8-3a06-47a0-8fb9-9b212c006aa2,data scientist|data analyst,essential|essential,PENDING,
http://data.europa.eu/esco/skill/ea412de3-9d7a-4943-8d8c-c6d3c7495d0e,execute integration testing,test interface between software components,,"Perform testing of system or software components grouped in multiple ways to evaluate their ability to interconnect, their interface and their ability to provide global functionality.",,skill/competence,sector-specific,released,2024-02-09T17:29:14.494Z,ESCO,1.2.1,IT,http://data.europa.eu/esco/occupation/106f79e4-6264-45f1-9e7a-297435cd684b,software tester,optional,PENDING,
http://data.europa.eu/esco/skill/ead58f22-0af5-467c-ac1e-b750e4e1ac6a,develop business plans,"create business plans
develop plans for business
produce business plans
developing business plans
develop business plan
generate business plans",,"Plan, write and collaborate in the implement business plans. Include and foresee in the business plan the market strategy, the competitive analysis of the company, the design and the development of the plan, the operations and the management aspects and the financial forecast of the business plan.",,skill/competence,sector-specific,released,2024-02-09T17:29:15.968Z,ESCO,1.2.1,BUSINESS,http://data.europa.eu/esco/occupation/6fcf4638-e7c7-4978-9302-9a7b63a3d57c|http://data.europa.eu/esco/occupation/bea99fea-0383-4c63-b944-70d4799de2c5,marketing manager|project manager,optional|optional,PENDING,
http://data.europa.eu/esco/skill/eade4171-3d57-4fb2-9518-44d5a1da4ff5,build trust,"build a trusting relationship
build a culture of trust
nurture trusted relationships
create trust
foster trust and confidence
build credibility
inspire trust and confidence",,"Express intentions and behaviour in a coherent and transparent manner, inviting reciprocity and establishing the grounds for a trusting and reliable connection between people and teams.",,skill/competence,cross-sector,released,2025-06-25T12:15:04.406Z,ESCO,1.2.1,HR,http://data.europa.eu/esco/occupation/d3e32e5e-7f24-48e3-b939-e4f800eb62fb|http://data.europa.eu/esco/occupation/f605bcd2-90b6-45a0-a558-d05016d68a77,human resources officer|human resources manager,essential|essential,PENDING,
http://data.europa.eu/esco/skill/eb0e5615-1575-4a86-a1a2-7d39595033c5,ABAP,"ABAP Programming Techniques
ABAP software development
ABAP programming techniques
ABAP software techniques",,"The techniques and principles of software development, such as analysis, algorithms, coding, testing and compiling of programming paradigms in ABAP.",,knowledge,sector-specific,released,2025-06-25T08:20:05.218Z,ESCO,1.2.1,IT,http://data.europa.eu/esco/occupation/106f79e4-6264-45f1-9e7a-297435cd684b|http://data.europa.eu/esco/occupation/57af9090-55b4-4911-b2d0-86db01c00b02|http://data.europa.eu/esco/occupation/c40a2919-48a9-40ea-b506-1f34f693496d,software tester|embedded systems software developer|web developer,optional|optional|optional,PENDING,
http://data.europa.eu/esco/skill/eb3aa8c1-fb14-47b4-a352-b7975abd2480,replicate customer software issues,"simulate customer software problems
analyse customer software problems
replicate customer software problems
simulate customer software issues
analyse customer software issues",,Use specialised tools to replicate and analyse the conditions that caused the set of software states or outputs reported by the customer in order to provide adequate solutions.,,skill/competence,sector-specific,released,2025-06-25T12:15:04.406Z,ESCO,1.2.1,IT,http://data.europa.eu/esco/occupation/106f79e4-6264-45f1-9e7a-297435cd684b,software tester,essential,PENDING,
http://data.europa.eu/esco/skill/ebff1a39-7261-49cd-9cb2-88f565e8dc26,develop corporate training programmes,"develops corporate training programmes
develop corporate training program
developing corporate training programmes
write corporate training programmes
generate corporate training programmes
develop corporate training programs
create corporate training programmes",,"Design, create and review new corporate training programmes to meet the developmental demands of a certain organisation. Analyse the efficiency of these educational modules and apply changes to it if necessary.",,skill/competence,cross-sector,released,2016-12-20T18:28:04Z,ESCO,1.2.1,HR,http://data.europa.eu/esco/occupation/f605bcd2-90b6-45a0-a558-d05016d68a77,human resources manager,essential,PENDING,
http://data.europa.eu/esco/skill/ed392b45-1087-44a7-89a9-d514224639ff,conduct mobile marketing,"organise mobile marketing
conduct cell phone marketing
mobile marketing conducting
manage mobile marketing
undertake mobile marketing
carry out mobile marketing
conducting mobile marketing
conduct mobile marketing campaign",,Conduct mobile marketing using a mobile device e.g. tablet or smartphone. Gather personalised information and transfer it to customers in order to promote services or goods.,,skill/competence,cross-sector,released,2022-07-05T14:38:06.701Z,ESCO,1.2.1,BUSINESS,http://data.europa.eu/esco/occupation/6fcf4638-e7c7-4978-9302-9a7b63a3d57c,marketing manager,optional,PENDING,
http://data.europa.eu/esco/skill/ed39edd3-44d0-4a16-9796-bfb99f92baf3,ICT performance analysis methods,performance analysis techniques,,"The methods used to analyse software, ICT system and network performance which provide guidance to root causes of issues within information systems. The methods can analyse resource bottlenecks, application times, wait latencies and benchmarking results.",,knowledge,sector-specific,released,2024-02-09T17:29:14.494Z,ESCO,1.2.1,IT,http://data.europa.eu/esco/occupation/106f79e4-6264-45f1-9e7a-297435cd684b|http://data.europa.eu/esco/occupation/7754d570-9519-48c2-b1c9-8e165f8bca0f,software tester|cybersecurity risk manager,optional|essential,PENDING,
http://data.europa.eu/esco/skill/ed3f3dba-3a35-4ed5-b113-67f4d10ef4c8,scientific research methodology,"research methodology
methods of research
scientific methods
process of scientific research
theoretical methodology in scientific research",,"The theoretical methodology used in scientific research involving doing background research, constructing an hypothesis, testing it, analysing data and concluding the results.",,knowledge,cross-sector,released,2024-02-09T17:29:14.494Z,ESCO,1.2.1,BUSINESS,http://data.europa.eu/esco/occupation/60082a99-d8ef-4e84-9290-78902681b6ed,business analyst,essential,PENDING,
http://data.europa.eu/esco/skill/ed8de897-adbe-4f0e-b4d2-534953e64c72,integrate system components,"setup system
assemble system",,Select and use integration techniques and tools to plan and implement integration of hardware and software modules and components in a system.,,skill/competence,sector-specific,released,2024-02-09T17:29:15.968Z,ESCO,1.2.1,IT,http://data.europa.eu/esco/occupation/57af9090-55b4-4911-b2d0-86db01c00b02,embedded systems software developer,optional,PENDING,
http://data.europa.eu/esco/skill/eda4d727-4374-49af-ace4-118c7c906835,search engine optimisation,"search engine marketing
SEM
Search marketing
search engine optimization",,The marketing approach which promotes webpage presentation by affecting the specific structures of the website which impact its visibility in unpaid search results.,,knowledge,sector-specific,released,2022-07-05T14:34:46.63Z,ESCO,1.2.1,BUSINESS,http://data.europa.eu/esco/occupation/6fcf4638-e7c7-4978-9302-9a7b63a3d57c,marketing manager,optional,PENDING,
http://data.europa.eu/esco/skill/edebd83d-35f6-4ed5-a940-6c203d178c01,data science,"data science process
science of data",,The field of study that deals with big amount of data using AI techniques such as machine learning algorithms to predict patterns and obtain useful information to make business decisions.,,knowledge,cross-sector,released,2023-11-29T16:23:08.607Z,ESCO,1.2.1,IT,http://data.europa.eu/esco/occupation/258e46f9-0075-4a2e-adae-1ff0477e0f30|http://data.europa.eu/esco/occupation/d3edb8f8-3a06-47a0-8fb9-9b212c006aa2,data scientist|data analyst,essential|essential,PENDING,
http://data.europa.eu/esco/skill/ee7f90cc-922e-4da7-a7ae-83c2688fed10,align efforts towards business development,"align efforts towards business growth
align effort towards business development
aligning efforts towards business development
align business development efforts
coordinate efforts towards business development",,"Synchronise the efforts, plans, strategies, and actions carried out in departments of companies towards the growth of business and its turnover. Keep business development as the ultimate outcome of any effort of the company.",,skill/competence,cross-sector,released,2024-02-09T17:29:16.725Z,ESCO,1.2.1,BUSINESS,http://data.europa.eu/esco/occupation/60082a99-d8ef-4e84-9290-78902681b6ed|http://data.europa.eu/esco/occupation/6fcf4638-e7c7-4978-9302-9a7b63a3d57c,business analyst|marketing manager,essential|essential,PENDING,
http://data.europa.eu/esco/skill/eff1bb34-b454-4482-8c29-65f820619f3c,insourcing strategy,insourcing planning strategy,,"The high level planning for managing and optimising business processes internally, usually in order to maintain control of critical aspects of work.",,knowledge,sector-specific,released,2025-06-25T08:20:05.218Z,ESCO,1.2.1,BUSINESS,http://data.europa.eu/esco/occupation/57b459d4-655c-4053-b189-3c249ce33faf|http://data.europa.eu/esco/occupation/bea99fea-0383-4c63-b944-70d4799de2c5,ICT business development manager|project manager,optional|optional,PENDING,
http://data.europa.eu/esco/skill/f0393af3-bcd9-41af-a36e-0cfb83b60081,manage standard enterprise resource planning system,"oversee standard enterprise resource planning system
managing standard enterprise resource planning system
maintain standard enterprise resource planning system
manage standard enterprise resource planning systems
supervise standard enterprise resource planning system
standard enterprise resource planning system management
regulate standard enterprise resource planning system",,"Collect, manage and interpret data relevant for companies related to shipping, payment, inventory, resources and manufacturing using specific business management software. Such software as Microsoft Dynamics​, SAP ERP, Oracle ERP.",,skill/competence,sector-specific,released,2024-02-09T17:29:12.952Z,ESCO,1.2.1,BUSINESS,http://data.europa.eu/esco/occupation/bea99fea-0383-4c63-b944-70d4799de2c5,project manager,optional,PENDING,
http://data.europa.eu/esco/skill/f049d050-12da-4e40-813a-2b5eb6df6b51,Internet of Things,"Information appliances
IoT
smart devices
Pervasive systems
Ubiquitous computing",,"The general principles, categories, requirements, limitations and vulnerabilities of smart connected devices (most of them with intended internet connectivity).",,knowledge,sector-specific,released,2024-02-09T17:29:15.235Z,ESCO,1.2.1,IT,http://data.europa.eu/esco/occupation/57af9090-55b4-4911-b2d0-86db01c00b02|http://data.europa.eu/esco/occupation/7754d570-9519-48c2-b1c9-8e165f8bca0f,embedded systems software developer|cybersecurity risk manager,essential|optional,PENDING,
http://data.europa.eu/esco/skill/f0b45409-42ca-42bc-a701-041e594d0657,ensure gender equality in the workplace,"deliver gender equality strategies
monitor gender equality indicators
monitor gender equality practices",,"Deliver a fair and transparent strategy focussed on maintaining equality with regard to matters of promotion, pay, training opportunities, flexible working and family support. Adopt gender equality objectives and monitor and evaluate the implementation of gender equality practices in the workplace.",,skill/competence,cross-sector,released,2021-01-20T15:27:59.279Z,ESCO,1.2.1,HR,http://data.europa.eu/esco/occupation/068370e0-9c27-4814-87d0-44fbb3140815|http://data.europa.eu/esco/occupation/d3e32e5e-7f24-48e3-b939-e4f800eb62fb|http://data.europa.eu/esco/occupation/f605bcd2-90b6-45a0-a558-d05016d68a77,recruitment consultant|human resources officer|human resources manager,essential|optional|essential,PENDING,
http://data.europa.eu/esco/skill/f1155d3f-fbca-4298-a31c-f6955653bacf,shape organisational teams based on competencies,"shape organisational team based on competencies
shape competency-based organisational teams
put organisational teams together based on competencies
shaping organisational teams based on competencies
shape organisational teams based on competency
form organisational teams based on competencies
shape organizational teams based on competencies",,Study the profiles of collaborators and decide the best place for directors and collaborators following an strategic mindset and serving to the goals of the company.,,skill/competence,cross-sector,released,2016-12-20T18:08:58Z,ESCO,1.2.1,BUSINESS,http://data.europa.eu/esco/occupation/60082a99-d8ef-4e84-9290-78902681b6ed,business analyst,optional,PENDING,
http://data.europa.eu/esco/skill/f14ff4b7-be1e-4b55-b39b-520005f8a97e,liaise with managers,"work with managers
liaising with managers
liaise with a manager
cooperate with managers
collaborate with managers
work together with managers",,"Liaise with managers of other departments ensuring effective service and communication, i.e. sales, planning, purchasing, trading, distribution and technical.",,skill/competence,cross-sector,released,2024-02-09T17:29:11.47Z,ESCO,1.2.1,BUSINESS,http://data.europa.eu/esco/occupation/04f39bfa-bc03-4480-98bc-b18ce4fe4b4b|http://data.europa.eu/esco/occupation/60082a99-d8ef-4e84-9290-78902681b6ed|http://data.europa.eu/esco/occupation/6fcf4638-e7c7-4978-9302-9a7b63a3d57c|http://data.europa.eu/esco/occupation/bea99fea-0383-4c63-b944-70d4799de2c5,accounting manager|business analyst|marketing manager|project manager,optional|essential|optional|essential,PENDING,
http://data.europa.eu/esco/skill/f17f94f1-88cb-4815-873a-2a9639f10729,draft project documentation,"prepare project documentation
formulate project documents
write project documentation",,"Prepare project documentation such as project charters, work plans, project handbooks, progress reports, deliverables and stakeholder matrices.",,skill/competence,cross-sector,released,2024-03-01T11:51:07.513Z,ESCO,1.2.1,BUSINESS,http://data.europa.eu/esco/occupation/bea99fea-0383-4c63-b944-70d4799de2c5,project manager,essential,PENDING,
http://data.europa.eu/esco/skill/f206e732-110c-47ce-a53f-f00c9d97c90d,talent management strategies,talent management,,"The ways right talents are selected for a company and their growth paths are optimized in line with company objectives. They aim towards best recruiting and retaining talented employees, improving their skills, and incentivising them to achieve high performance.",,knowledge,occupation-specific,released,2024-01-29T11:35:27.654Z,ESCO,1.2.1,HR,http://data.europa.eu/esco/occupation/d3e32e5e-7f24-48e3-b939-e4f800eb62fb|http://data.europa.eu/esco/occupation/f605bcd2-90b6-45a0-a558-d05016d68a77,human resources officer|human resources manager,essential|essential,PENDING,
http://data.europa.eu/esco/skill/f28617ad-afdd-4041-814c-216153a38998,analyse software specifications,"assess software specifications
examine software requirements
assess software systems
evaluate software design specification
analyse software or system specifications",,"Assess the specifications of a software product or system to be developed by identifying functional and non-functional requirements, constraints and possible sets of use cases which illustrate interactions between the software and its users.",,skill/competence,sector-specific,released,2024-02-28T14:21:37.239Z,ESCO,1.2.1,IT,http://data.europa.eu/esco/occupation/349ee6f6-c295-4c38-9b98-48765b55280e|http://data.europa.eu/esco/occupation/57af9090-55b4-4911-b2d0-86db01c00b02|http://data.europa.eu/esco/occupation/c40a2919-48a9-40ea-b506-1f34f693496d,cloud engineer|embedded systems software developer|web developer,essential|essential|essential,PENDING,
http://data.europa.eu/esco/skill/f28c3e9b-8666-48d4-a5e4-542ac193879b,advise on social security benefits,"instruct on welfare benefits
help with on welfare benefits
welfare benefits recommendation
instruct on social security benefits
social security benefits recommendation
help with on social security benefits",,"Advise citizens on government-regulated benefits they are eligible for, such as unemployment benefits, family benefits, and other social security benefits.",,skill/competence,cross-sector,released,2024-02-09T17:29:09.009Z,ESCO,1.2.1,HR,http://data.europa.eu/esco/occupation/f605bcd2-90b6-45a0-a558-d05016d68a77,human resources manager,optional,PENDING,
http://data.europa.eu/esco/skill/f2d57f41-43b4-4f5b-8100-3df5c21eda50,process data,"data processing
analyse data
processing of data
handle data
measure data
convert data
processing data
refine data",,"Enter information into a data storage and data retrieval system via processes such as scanning, manual keying or electronic data transfer in order to process large amounts of data.",,skill/competence,cross-sector,released,2024-02-09T17:29:16.725Z,ESCO,1.2.1,IT,http://data.europa.eu/esco/occupation/2079755f-d809-49e6-8037-4de6180e54c0,data engineer,essential,PENDING,
http://data.europa.eu/esco/skill/f3c5fae0-c0e3-4410-bc09-62bd82d4cecc,support employability of people with disabilities,"assist people with disabilities in the work environment
integrate people with disabilities in the workplace
promote employment of people with disabilities",,Ensure employment opportunities for people with disabilities by making appropriate adjustments to accommodate within reason in line with national legislation and policies on accessibility. Ensure their full integration into the work environment by promoting a culture of acceptance within the organisation and fighting potential stereotypes and prejudices.,,skill/competence,cross-sector,released,2021-01-20T15:31:24.719Z,ESCO,1.2.1,HR,http://data.europa.eu/esco/occupation/068370e0-9c27-4814-87d0-44fbb3140815|http://data.europa.eu/esco/occupation/d3e32e5e-7f24-48e3-b939-e4f800eb62fb|http://data.europa.eu/esco/occupation/f605bcd2-90b6-45a0-a558-d05016d68a77,recruitment consultant|human resources officer|human resources manager,essential|optional|essential,PENDING,
http://data.europa.eu/esco/skill/f47a1998-0beb-43be-9f46-380aa4d183da,Jenkins (tools for software configuration management),"Jenkins Continuous Integration server
Jenkins
Jenkins CI",,"The tool Jenkins is a software program to perform configuration identification, control, status accounting and audit of software during its development and maintenance.",,knowledge,sector-specific,released,2022-07-05T14:33:44.716Z,ESCO,1.2.1,IT,http://data.europa.eu/esco/occupation/57af9090-55b4-4911-b2d0-86db01c00b02|http://data.europa.eu/esco/occupation/c40a2919-48a9-40ea-b506-1f34f693496d,embedded systems software developer|web developer,optional|optional,PENDING,
http://data.europa.eu/esco/skill/f5308e60-d763-4ead-be95-88c96fb3e02b,adapt to changes in technological development plans,"adapt development activities of technological projects
adapt the design of technological projects
meet organisational needs for technological projects
adapt to changes in strategies for technological projects",,Modify the current design and development activities of technological projects to meet changes in requests or strategies. Ensure that the organisation's or client's needs are met and that any sudden requests which were not previously planned are implemented.,,skill/competence,sector-specific,released,2025-06-25T12:15:04.406Z,ESCO,1.2.1,IT,http://data.europa.eu/esco/occupation/57af9090-55b4-4911-b2d0-86db01c00b02|http://data.europa.eu/esco/occupation/c40a2919-48a9-40ea-b506-1f34f693496d,embedded systems software developer|web developer,optional|optional,PENDING,
http://data.europa.eu/esco/skill/f5652e8e-7e25-4f3a-bd31-509c8406213f,supervise accounting operations,"supervising accounting operations
oversee accounting operations
supervise account operations
manage accounting operations accounting operations
supervise accounting operation",,"Coordinate, commission, and monitor operations in accounting departments in order to ensure the accurate record and eventual reporting of the financial operations of the company.",,skill/competence,cross-sector,released,2024-02-09T17:29:14.494Z,ESCO,1.2.1,BUSINESS,http://data.europa.eu/esco/occupation/04f39bfa-bc03-4480-98bc-b18ce4fe4b4b,accounting manager,essential,PENDING,
http://data.europa.eu/esco/skill/f597f772-24d3-4cec-813c-cf5a7027c794,N1QL,"Couchbase Query Language
Non-first Normal Form Query Language",,The computer language N1QL is a query language for retrieval of information from a database and of documents containing the needed information. It is developed by the software company Couchbase.,,knowledge,sector-specific,released,2024-02-09T17:29:16.725Z,ESCO,1.2.1,IT,http://data.europa.eu/esco/occupation/106f79e4-6264-45f1-9e7a-297435cd684b|http://data.europa.eu/esco/occupation/258e46f9-0075-4a2e-adae-1ff0477e0f30|http://data.europa.eu/esco/occupation/d3edb8f8-3a06-47a0-8fb9-9b212c006aa2,software tester|data scientist|data analyst,optional|optional|optional,PENDING,
http://data.europa.eu/esco/skill/f5dd06b8-5d17-4932-9d03-957d0c4f5051,perform resource planning,"create resource plans
lead the resource planning process
improve resource planning
conduct resource planning
manage resource schedules
build resource plan
develop resource plans
design resource planning
lead on resource planning",,"Estimate the expected input in terms of time, human and financial resources necessary to achieve the project objectives.",,skill/competence,cross-sector,released,2025-06-25T12:15:04.406Z,ESCO,1.2.1,BUSINESS,http://data.europa.eu/esco/occupation/bea99fea-0383-4c63-b944-70d4799de2c5,project manager,essential,PENDING,
http://data.europa.eu/esco/skill/f5f5b244-6cea-4fbc-8a50-8f712791bc09,follow company standards,"follow the company standards
follow a company standard
follow company codes
follow company rules
follow company measures
follow company requirements
following company standards",,Lead and manage according to the organisation's code of conduct.,,skill/competence,cross-sector,released,2024-02-09T17:29:12.952Z,ESCO,1.2.1,BUSINESS,http://data.europa.eu/esco/occupation/04f39bfa-bc03-4480-98bc-b18ce4fe4b4b|http://data.europa.eu/esco/occupation/bea99fea-0383-4c63-b944-70d4799de2c5,accounting manager|project manager,essential|essential,PENDING,
http://data.europa.eu/esco/skill/f60c9e52-95fc-4ca1-a73c-18a491153b63,make strategic business decisions,"PPC
make strategic business choices
make tactical business decisions
pay per click",,"Analyse business information and consult directors for decision making purposes in a varied array of aspects affecting the prospect, productivity and sustainable operation of a company. Consider the options and alternatives to a challenge and make sound rational decisions based on analysis and experience.",,skill/competence,cross-sector,released,2024-02-09T17:29:11.47Z,ESCO,1.2.1,BUSINESS,http://data.europa.eu/esco/occupation/04f39bfa-bc03-4480-98bc-b18ce4fe4b4b|http://data.europa.eu/esco/occupation/60082a99-d8ef-4e84-9290-78902681b6ed,accounting manager|business analyst,optional|essential,PENDING,
http://data.europa.eu/esco/skill/f6ac6241-adb2-4ce2-b35f-09832cbb11ea,empirical analysis,empirical data analysis,,The evidence-based method that is used to analyse and interpret information with the aim of drawing conclusions about a specific issue.,,knowledge,cross-sector,released,2023-10-30T09:16:29.844Z,ESCO,1.2.1,IT,http://data.europa.eu/esco/occupation/258e46f9-0075-4a2e-adae-1ff0477e0f30,data scientist,essential,PENDING,
http://data.europa.eu/esco/skill/f715be1d-5fc4-49d3-82a5-0b8090d12849,synthesise information,"synthesise complex information
summarise information
interpret complex information
critically summarise information
write synthesis essays",,"Critically read, interpret, and summarise new and complex information from diverse sources.",,skill/competence,cross-sector,released,2024-02-29T15:53:23.476Z,ESCO,1.2.1,IT,http://data.europa.eu/esco/occupation/258e46f9-0075-4a2e-adae-1ff0477e0f30,data scientist,essential,PENDING,
http://data.europa.eu/esco/skill/f75b740c-b36c-495e-bc67-efe347bbc6b5,company policies,"company policy
employer's policies
policies of a company
corporation's policies",,The set of rules that govern the activity of a company.,,knowledge,sector-specific,released,2024-02-09T17:29:13.7Z,ESCO,1.2.1,HR,http://data.europa.eu/esco/occupation/068370e0-9c27-4814-87d0-44fbb3140815|http://data.europa.eu/esco/occupation/1fce1be0-bf52-449b-9a2b-3f2cc710290a|http://data.europa.eu/esco/occupation/f605bcd2-90b6-45a0-a558-d05016d68a77,recruitment consultant|compensation analyst|human resources manager,essential|essential|optional,PENDING,
http://data.europa.eu/esco/skill/f77b73f0-8c65-4389-a3ae-3a57a73ad148,develop employee retention programs,"develop retention programs for employees
create employee retention programs
developing employee retention programs
come up with employee retention programs
generate employee retention programs
develop employee retention program",,"Plan, develop, and implement programs aimed at keeping the satisfaction of the employees in the best levels. Consequently, assuring the loyalty of employees.",,skill/competence,sector-specific,released,2024-02-09T17:29:10.678Z,ESCO,1.2.1,HR,http://data.europa.eu/esco/occupation/068370e0-9c27-4814-87d0-44fbb3140815|http://data.europa.eu/esco/occupation/1fce1be0-bf52-449b-9a2b-3f2cc710290a|http://data.europa.eu/esco/occupation/d3e32e5e-7f24-48e3-b939-e4f800eb62fb|http://data.europa.eu/esco/occupation/f605bcd2-90b6-45a0-a558-d05016d68a77,recruitment consultant|compensation analyst|human resources officer|human resources manager,optional|optional|optional|essential,PENDING,
http://data.europa.eu/esco/skill/f78d5c04-a440-4068-90c2-fab03409a911,manage government policy implementation,"supervise government policy execution
oversee government policy implementation
regulate government policy implementation
monitor government policy implementation
regulate government policy execution
administer government policy implementation
administer government policy execution
oversee government policy execution
supervise government policy implementation",,Manage the operations of the implementation of new government policies or changes in existing policies on a national or regional level as well as the staff involved in the implementation procedure.,,skill/competence,cross-sector,released,2024-02-09T17:29:14.494Z,ESCO,1.2.1,HR,http://data.europa.eu/esco/occupation/f605bcd2-90b6-45a0-a558-d05016d68a77,human resources manager,optional,PENDING,
http://data.europa.eu/esco/skill/f7b071bf-4882-4cfc-ae0a-7e0e0ab94c61,conduct research across disciplines,"work across disciplines
work across functional boundaries
conduct interdisciplinary research
use research findings across disciplines
use research findings across functional boundaries",,Work and use research findings and data across disciplinary and/or functional boundaries.,,skill/competence,cross-sector,released,2024-02-26T08:09:43.582Z,ESCO,1.2.1,IT,http://data.europa.eu/esco/occupation/258e46f9-0075-4a2e-adae-1ff0477e0f30,data scientist,essential,PENDING,
http://data.europa.eu/esco/skill/f7b5d916-52f0-4865-b6a6-e1a3b711cb5e,implement strategic planning,"implementing a strategic plan
utilise strategic planning
introduce strategic planning
implementing strategic planning
strategic planning implementation
execute strategic planning
administer strategic planning",,Take action on the goals and procedures defined at a strategic level in order to mobilise resources and pursue the established strategies.,,skill/competence,cross-sector,released,2024-02-09T17:29:15.235Z,ESCO,1.2.1,BUSINESS,http://data.europa.eu/esco/occupation/fe0fa514-b48d-4a53-9757-a283c0baacf0,ICT business analyst,essential,PENDING,
http://data.europa.eu/esco/skill/f84a433f-34f1-4083-b0a3-24802623509c,web services,web services systems,,XML-based information systems that allows for direct interactions between applications through Internet. It is a set of protocols for transferring data between applications and systems.,,knowledge,sector-specific,released,2023-11-29T16:27:01.553Z,ESCO,1.2.1,IT,http://data.europa.eu/esco/occupation/349ee6f6-c295-4c38-9b98-48765b55280e|http://data.europa.eu/esco/occupation/c40a2919-48a9-40ea-b506-1f34f693496d,cloud engineer|web developer,essential|essential,PENDING,
http://data.europa.eu/esco/skill/f9670490-8aa4-4540-b121-d440a8294aab,develop data processing applications,"build data processing applications
design data processing applications
design data processing software
develop data processing software
create data processing applications",,Create a customised software for processing data by selecting and using the appropriate computer programming language in order for an ICT system to produce demanded output based on expected input.,,skill/competence,occupation-specific,released,2025-06-25T12:15:04.406Z,ESCO,1.2.1,IT,http://data.europa.eu/esco/occupation/2079755f-d809-49e6-8037-4de6180e54c0|http://data.europa.eu/esco/occupation/258e46f9-0075-4a2e-adae-1ff0477e0f30,data engineer|data scientist,essential|essential,PENDING,
http://data.europa.eu/esco/skill/f975091a-e5a5-4472-ac17-11680e53e98f,seek innovation in current practices,"innovate
seek an innovative current practice
identify innovation
seek innovative current practices",,"Search for improvements and present innovative solutions, creativity and alternative thinking to develop new technologies, methods or ideas for and answers to work-related problems.",,skill/competence,cross-sector,released,2025-07-25T08:55:01.796Z,ESCO,1.2.1,BUSINESS,http://data.europa.eu/esco/occupation/57b459d4-655c-4053-b189-3c249ce33faf|http://data.europa.eu/esco/occupation/60082a99-d8ef-4e84-9290-78902681b6ed,ICT business development manager|business analyst,essential|optional,PENDING,
http://data.europa.eu/esco/skill/f9a6f35b-01a7-40c9-8b61-b6ee46f97272,operating systems,"OS architecture
AS400
WIN/NT
Novell
VMS","MacOS
Android
Ubuntu
Linux
IOS
Windows","The features, restrictions, architectures and other characteristics of operating systems such Linux, Windows, MacOS, etc.",,knowledge,sector-specific,released,2025-06-25T08:20:05.218Z,ESCO,1.2.1,IT,http://data.europa.eu/esco/occupation/349ee6f6-c295-4c38-9b98-48765b55280e,cloud engineer,essential,PENDING,
http://data.europa.eu/esco/skill/fa465db3-56e8-4b5d-a781-e2a313a4ed2d,conduct qualitative research,apply qualitative research methods,,"Gather relevant information by applying systematic methods, such as interviews, focus groups, text analysis, observations and case studies.",,skill/competence,cross-sector,released,2025-06-25T08:45:06.159Z,ESCO,1.2.1,BUSINESS,http://data.europa.eu/esco/occupation/60082a99-d8ef-4e84-9290-78902681b6ed,business analyst,essential,PENDING,
http://data.europa.eu/esco/skill/fa642fc3-5cc5-41cf-8926-6617a8b976a7,promote the participation of citizens in scientific and research activities,"encourage civic engagement in research
engage public in research
engage citizens in scientific and research activities
foster public involvement in scientific research
promote citizens participation in research",,"Engage citizens in scientific and research activities and promote their contribution in terms of knowledge, time or resources invested.",,skill/competence,cross-sector,released,2024-02-29T16:10:45.52Z,ESCO,1.2.1,IT,http://data.europa.eu/esco/occupation/258e46f9-0075-4a2e-adae-1ff0477e0f30,data scientist,essential,PENDING,
http://data.europa.eu/esco/skill/fafe0b9d-dbd9-46bd-b770-26299539ce66,ICT process quality models,"Quality maturity models
CMMI (Capability Maturity Model Integrated)
software process quality
CMM",,"The quality models for ICT services which address the maturity of the processes, the adoption of recommended practices and their definition and institutionalisation that allow the organisation to reliably and sustainably produce required outcomes. It includes models in a lot of ICT areas.",,knowledge,sector-specific,released,2024-02-09T17:29:11.47Z,ESCO,1.2.1,IT,http://data.europa.eu/esco/occupation/7754d570-9519-48c2-b1c9-8e165f8bca0f,cybersecurity risk manager,optional,PENDING,
http://data.europa.eu/esco/skill/fb7aee4d-f6c6-4a87-8e9d-8e542b3771f8,software metrics,software measurement metrics,,The metrics that measure a characteristic of the software system in order to determine the development of the software and evaluate it.,,knowledge,sector-specific,released,2025-06-25T08:20:05.218Z,ESCO,1.2.1,IT,http://data.europa.eu/esco/occupation/106f79e4-6264-45f1-9e7a-297435cd684b,software tester,essential,PENDING,
http://data.europa.eu/esco/skill/fb9c12af-ec45-498a-8e52-891371191557,mentor individual employees,"individual employee supporting
support individual employees
mentoring employees individually
supporting employees individually
support employees individually
mentor employees individually
mentoring individual employees
individual employee mentoring
supporting individual employees",,Mentor and support individual employees with regard to identified training needs.,,skill/competence,sector-specific,released,2024-02-09T17:29:10.678Z,ESCO,1.2.1,HR,http://data.europa.eu/esco/occupation/068370e0-9c27-4814-87d0-44fbb3140815|http://data.europa.eu/esco/occupation/d3e32e5e-7f24-48e3-b939-e4f800eb62fb,recruitment consultant|human resources officer,optional|optional,PENDING,
http://data.europa.eu/esco/skill/fbafa41f-cd05-4109-a649-8b44d306d779,create data models,manage data models,,"Use specific techniques and methodologies to analyse the data requirements of an organisation's business processes in order to create models for these data, such as conceptual, logical and physical models. These models have a specific structure and format.",,skill/competence,sector-specific,released,2024-02-09T17:29:12.215Z,ESCO,1.2.1,IT,http://data.europa.eu/esco/occupation/2079755f-d809-49e6-8037-4de6180e54c0|http://data.europa.eu/esco/occupation/258e46f9-0075-4a2e-adae-1ff0477e0f30|http://data.europa.eu/esco/occupation/d3edb8f8-3a06-47a0-8fb9-9b212c006aa2,data engineer|data scientist|data analyst,optional|optional|optional,PENDING,
http://data.europa.eu/esco/skill/fbdfc3bf-56a0-4454-a17d-2f513fe57b53,manage stress in the work place,"manage stress in organization
deal with stress in an organization
handle stress in organizations
cope with stress in organisation
cope with pressure in the work place
manage stress in an organisation
handle stressful situations in an organisation
manage stress in organisations",,"Cope with sources of stress and cross-pressure in one's own professional life, such as occupational, managerial, institutional and personal stress, and help others do the same so as to promote the well-being of your colleagues and avoid burn-out.",,skill/competence,cross-sector,released,2023-05-04T10:16:31.864Z,ESCO,1.2.1,HR,http://data.europa.eu/esco/occupation/f605bcd2-90b6-45a0-a558-d05016d68a77,human resources manager,optional,PENDING,
http://data.europa.eu/esco/skill/fc54bd7f-0c03-4fdd-af8c-5eb4021e716d,identify with the company's goals,"identify with the company's mission
identify with the company's vision and goals
make the company's goals one's own
understand and pursue the company's goals",,Act for the benefit of the company and for the achievement of its targets.,,skill/competence,cross-sector,released,2024-02-09T17:29:14.494Z,ESCO,1.2.1,HR,http://data.europa.eu/esco/occupation/d3e32e5e-7f24-48e3-b939-e4f800eb62fb|http://data.europa.eu/esco/occupation/f605bcd2-90b6-45a0-a558-d05016d68a77,human resources officer|human resources manager,essential|essential,PENDING,
http://data.europa.eu/esco/skill/fce3268c-c944-4a5f-8b9c-034a72d5df13,types of insurance,"insurance typology
categories of insurance types
types of insurance products
insurance types
insurance categories",,"The various types of risk or loss transfer policies that exist and their characteristics, such as health insurance, car insurance or life insurance.",,knowledge,cross-sector,released,2024-02-09T17:29:15.968Z,ESCO,1.2.1,HR,http://data.europa.eu/esco/occupation/f605bcd2-90b6-45a0-a558-d05016d68a77,human resources manager,optional,PENDING,
http://data.europa.eu/esco/skill/fd33c66c-70c4-40e6-b87c-5495bd3bf26e,design user interface,"design user interface specifications
design user interfaces",,"Create software or device components which enable interaction between humans and systems or machines, using appropriate techniques, languages and tools so as to streamline interaction while using the system or machine.",,skill/competence,sector-specific,released,2025-06-25T12:15:04.406Z,ESCO,1.2.1,IT,http://data.europa.eu/esco/occupation/57af9090-55b4-4911-b2d0-86db01c00b02|http://data.europa.eu/esco/occupation/c40a2919-48a9-40ea-b506-1f34f693496d,embedded systems software developer|web developer,optional|optional,PENDING,
http://data.europa.eu/esco/skill/fd6d2981-3d4a-4ce2-9741-cfc98c5b74bd,implement data warehousing techniques,implement data warehousing solutions,,"Apply models and tools such as online analytical processing (OLAP) and Online transaction processing (OLTP), to integrate structured or unstructured data from sources, in order to create a central depository of historical and current data.",,skill/competence,sector-specific,released,2025-06-25T08:45:06.159Z,ESCO,1.2.1,IT,http://data.europa.eu/esco/occupation/2079755f-d809-49e6-8037-4de6180e54c0,data engineer,essential,PENDING,
http://data.europa.eu/esco/skill/fe0bd9ea-9334-43f8-8eee-3390a259f117,liaise with distribution channel managers,"liaising with distribution channel managers
collaborate with distribution channel managers
liaise managers for distribution channel
cooperate with distribution channel managers
liaise with distribution channel manager
work together with distribution channel managers",,Liaise with managers in distribution points in order to plan and agree with them promotional events aimed at promoting the brands and products that those distribution channels sell.,,skill/competence,cross-sector,released,2024-02-09T17:29:15.968Z,ESCO,1.2.1,BUSINESS,http://data.europa.eu/esco/occupation/6fcf4638-e7c7-4978-9302-9a7b63a3d57c,marketing manager,optional,PENDING,
http://data.europa.eu/esco/skill/fe1c2b32-7fe9-4668-affa-07ff658a68cf,identify ICT security risks,"identify ICT security risks and threats
model ICT threats",,"Apply methods and techniques to identify potential security threats, security breaches and risk factors using ICT tools for surveying ICT systems, analysing risks, vulnerabilities and threats and evaluating contingency plans.",,skill/competence,sector-specific,released,2025-02-27T12:45:08.961Z,ESCO,1.2.1,IT,http://data.europa.eu/esco/occupation/7754d570-9519-48c2-b1c9-8e165f8bca0f,cybersecurity risk manager,optional,PENDING,
http://data.europa.eu/esco/skill/fe30a4b0-1a99-4fc7-afff-b162b8c834ba,communication principles,"communication principle
communication theories
principles of communication
communication ideals",,"The set of commonly shared principles in regards with communication such as active listening, establish rapport, adjusting the register, and respecting the intervention of others.",,knowledge,cross-sector,released,2024-02-09T17:29:12.952Z,ESCO,1.2.1,BUSINESS,http://data.europa.eu/esco/occupation/6fcf4638-e7c7-4978-9302-9a7b63a3d57c|http://data.europa.eu/esco/occupation/bea99fea-0383-4c63-b944-70d4799de2c5,marketing manager|project manager,optional|essential,PENDING,
http://data.europa.eu/esco/skill/fe39d4db-4cb5-4299-bb9f-896c8fd6ab13,perform market research,"complete market research
performing market research
implement market research
market research performance
undertake market research",,"Gather, assess and represent data about target market and customers in order to facilitate strategic development and feasibility studies. Identify market trends.",,skill/competence,cross-sector,released,2024-02-09T17:29:12.215Z,ESCO,1.2.1,BUSINESS,http://data.europa.eu/esco/occupation/57b459d4-655c-4053-b189-3c249ce33faf|http://data.europa.eu/esco/occupation/6fcf4638-e7c7-4978-9302-9a7b63a3d57c,ICT business development manager|marketing manager,essential|essential,PENDING,
http://data.europa.eu/esco/skill/fecf8a0d-62c4-4e71-9b03-0f4fc2ad7bf5,data models,data modelling,,"The techniques and existing systems used for structuring data elements and showing relationships between them, as well as methods for interpreting the data structures and relationships.",,knowledge,sector-specific,released,2025-06-25T08:20:05.218Z,ESCO,1.2.1,IT,http://data.europa.eu/esco/occupation/2079755f-d809-49e6-8037-4de6180e54c0|http://data.europa.eu/esco/occupation/258e46f9-0075-4a2e-adae-1ff0477e0f30|http://data.europa.eu/esco/occupation/d3edb8f8-3a06-47a0-8fb9-9b212c006aa2,data engineer|data scientist|data analyst,essential|essential|essential,PENDING,
http://data.europa.eu/esco/skill/ff25cbf0-6978-4c4c-887e-d4b185410d74,perform software recovery testing,perform software crash and recovery testing,,Execute testing using specialised software tools to force failure of software in a variety of ways and checking how fast and better the software can recover against any type of crash or failure.,,skill/competence,sector-specific,released,2024-02-09T17:29:10.678Z,ESCO,1.2.1,IT,http://data.europa.eu/esco/occupation/106f79e4-6264-45f1-9e7a-297435cd684b,software tester,optional,PENDING,
http://data.europa.eu/esco/skill/ff599c4c-f7bc-44fc-b75f-eea4b7178692,management systems standards,management systems principles,,The standards that improve the performance of an organisation by outlining activities that helps to achieve goals and objectives. They also help to create an organisational culture that provides ground for continuous self-evaluation and improvement of the business operations.,,knowledge,sector-specific,released,2024-01-29T11:24:15.71Z,ESCO,1.2.1,BUSINESS,http://data.europa.eu/esco/occupation/60082a99-d8ef-4e84-9290-78902681b6ed,business analyst,essential,PENDING,
http://data.europa.eu/esco/skill/ff64e9fc-36dd-4035-872a-83aa41dc1ad9,communicate with a non-scientific audience,"engage in public awareness of research
communicate scientific results to the public
support public understanding of science findings
communicate publicly about scientific findings",,"Communicate about scientific findings to a non-scientific audience, including the general public. Tailor the communication of scientific concepts, debates, findings to the audience, using a variety of methods for different target groups, including visual presentations.",,skill/competence,cross-sector,released,2021-04-09T07:47:30.899Z,ESCO,1.2.1,IT,http://data.europa.eu/esco/occupation/258e46f9-0075-4a2e-adae-1ff0477e0f30,data scientist,essential,PENDING,
http://data.europa.eu/esco/skill/ff862044-d49e-4417-bf65-1ae2c0a47e5a,analyse work-related written reports,"analyse job-related written reports
evaluate work-related written reports
conduct analysis of written reports
conduct analysis of the content of job-related written reports
assess work-related written reports
conduct analysis of content of work-related written reports
assess job-related written reports
conduct analysis of written reports and apply findings to work operations
evaluate job-related written reports
analyze work-related written reports
conduct analysis of the content of written reports",,"Read and comprehend job-related reports, analyse the content of reports and apply findings to daily work operations.",,skill/competence,cross-sector,released,2016-12-20T21:12:46Z,ESCO,1.2.1,BUSINESS,http://data.europa.eu/esco/occupation/6fcf4638-e7c7-4978-9302-9a7b63a3d57c,marketing manager,essential,PENDING,
http://data.europa.eu/esco/skill/ffddfc7c-a9dd-449f-9e96-882dc447c8b6,Scala,Scala Programming Language,,"The techniques and principles of software development, such as analysis, algorithms, coding, testing and compiling of programming paradigms in Scala.",,knowledge,sector-specific,released,2025-06-25T08:20:05.218Z,ESCO,1.2.1,IT,http://data.europa.eu/esco/occupation/106f79e4-6264-45f1-9e7a-297435cd684b|http://data.europa.eu/esco/occupation/57af9090-55b4-4911-b2d0-86db01c00b02|http://data.europa.eu/esco/occupation/c40a2919-48a9-40ea-b506-1f34f693496d,software tester|embedded systems software developer|web developer,optional|optional|optional,PENDING,
