source,source_version,source_id,onet_element_id,preferred_name,description,associated_role_ids,associated_role_names,technology_example,hot_technology,in_demand,review_status,review_notes
ONET,08/2023,,2.E.5.b,Document management software,,11-2021.00|11-2032.00|11-3031.00|13-1071.00|13-1111.00|15-1252.00|15-1253.00|15-1254.00|15-1299.09,Marketing Managers|Public Relations Managers|Financial Managers|Human Resources Specialists|Management Analysts|Software Developers|Software Quality Assurance Analysts and Testers|Web Developers|Information Technology Project Managers,Adobe Acrobat,Y,N,PENDING_REVIEW,
ONET,08/2023,,2.E.5.b,Document management software,,11-2021.00,Marketing Managers,Adobe Acrobat Reader,N,N,PENDING_REVIEW,
ONET,08/2023,,2.E.7.b,Development environment software,,11-2021.00|13-1111.00|15-1212.00|15-1252.00|15-1253.00|15-1254.00|15-1299.09,Marketing Managers|Management Analysts|Information Security Analysts|Software Developers|Software Quality Assurance Analysts and Testers|Web Developers|Information Technology Project Managers,Adobe ActionScript,N,N,PENDING_REVIEW,
ONET,08/2023,,2.E.4.c,Video creation and editing software,,11-2021.00|11-2032.00|15-1252.00|15-1253.00|15-1254.00,Marketing Managers|Public Relations Managers|Software Developers|Software Quality Assurance Analysts and Testers|Web Developers,Adobe After Effects,Y,N,PENDING_REVIEW,
ONET,08/2023,,2.E.4.b,Graphics or photo imaging software,,11-2021.00|11-2032.00|13-1071.00|15-1252.00|15-1253.00|15-1254.00|15-1299.09,Marketing Managers|Public Relations Managers|Human Resources Specialists|Software Developers|Software Quality Assurance Analysts and Testers|Web Developers|Information Technology Project Managers,Adobe Creative Cloud software,Y,N,PENDING_REVIEW,
ONET,08/2023,,2.E.4.g,Web page creation and editing software,,11-2021.00|11-2032.00|11-3111.00|13-1071.00|13-1111.00|15-1252.00|15-1253.00|15-1254.00|15-1299.09,Marketing Managers|Public Relations Managers|Compensation and Benefits Managers|Human Resources Specialists|Management Analysts|Software Developers|Software Quality Assurance Analysts and Testers|Web Developers|Information Technology Project Managers,Adobe Dreamweaver,N,N,PENDING_REVIEW,
ONET,08/2023,,2.E.4.b,Graphics or photo imaging software,,11-2021.00|11-2032.00|11-3111.00|13-1071.00|15-1252.00|15-1253.00|15-1254.00|15-1299.09,Marketing Managers|Public Relations Managers|Compensation and Benefits Managers|Human Resources Specialists|Software Developers|Software Quality Assurance Analysts and Testers|Web Developers|Information Technology Project Managers,Adobe Illustrator,Y,N,PENDING_REVIEW,
ONET,08/2023,,2.E.4.k,Desktop publishing software,,11-2021.00|11-2032.00|13-1071.00|13-1111.00|15-1252.00|15-1253.00|15-1254.00|15-1299.09,Marketing Managers|Public Relations Managers|Human Resources Specialists|Management Analysts|Software Developers|Software Quality Assurance Analysts and Testers|Web Developers|Information Technology Project Managers,Adobe InDesign,Y,N,PENDING_REVIEW,
ONET,08/2023,,2.E.4.b,Graphics or photo imaging software,,11-2021.00|11-2032.00|11-3111.00|13-1071.00|15-1252.00|15-1253.00|15-1254.00|15-1299.09,Marketing Managers|Public Relations Managers|Compensation and Benefits Managers|Human Resources Specialists|Software Developers|Software Quality Assurance Analysts and Testers|Web Developers|Information Technology Project Managers,Adobe Photoshop,Y,N,PENDING_REVIEW,
ONET,08/2023,,2.E.6.f,Data base user interface and query software,,11-2021.00,Marketing Managers,AdSense Tracker,N,N,PENDING_REVIEW,
ONET,08/2023,,2.E.6.f,Data base user interface and query software,,11-2021.00,Marketing Managers,AEC Software FastTrack Schedule,N,N,PENDING_REVIEW,
ONET,08/2023,,2.E.6.f,Data base user interface and query software,,11-2021.00|11-2032.00|13-1071.00|13-1111.00|15-1252.00|15-1253.00|15-1254.00|15-1299.09,Marketing Managers|Public Relations Managers|Human Resources Specialists|Management Analysts|Software Developers|Software Quality Assurance Analysts and Testers|Web Developers|Information Technology Project Managers,Airtable,N,N,PENDING_REVIEW,
ONET,08/2023,,2.E.6.f,Data base user interface and query software,,11-2021.00|13-1111.00|15-1212.00|15-1221.00|15-1252.00|15-1253.00|15-1254.00|15-1299.09|15-2051.00,Marketing Managers|Management Analysts|Information Security Analysts|Computer and Information Research Scientists|Software Developers|Software Quality Assurance Analysts and Testers|Web Developers|Information Technology Project Managers|Data Scientists,Amazon Redshift,Y,N,PENDING_REVIEW,
ONET,08/2023,,2.E.6.f,Data base user interface and query software,,11-2021.00|13-1111.00|15-1212.00|15-1221.00|15-1252.00|15-1253.00|15-1254.00|15-1299.09|15-2051.00,Marketing Managers|Management Analysts|Information Security Analysts|Computer and Information Research Scientists|Software Developers|Software Quality Assurance Analysts and Testers|Web Developers|Information Technology Project Managers|Data Scientists,Amazon Web Services AWS software,Y,Y,PENDING_REVIEW,
ONET,08/2023,,2.E.6.d,Data base management system software,,11-2021.00|13-1111.00|15-1212.00|15-1221.00|15-1252.00|15-1253.00|15-1254.00|15-1299.09|15-2051.00,Marketing Managers|Management Analysts|Information Security Analysts|Computer and Information Research Scientists|Software Developers|Software Quality Assurance Analysts and Testers|Web Developers|Information Technology Project Managers|Data Scientists,Apache Cassandra,Y,N,PENDING_REVIEW,
ONET,08/2023,,2.E.6.d,Data base management system software,,11-2021.00|13-1111.00|15-1212.00|15-1221.00|15-1252.00|15-1253.00|15-1254.00|15-1299.09|15-2051.00,Marketing Managers|Management Analysts|Information Security Analysts|Computer and Information Research Scientists|Software Developers|Software Quality Assurance Analysts and Testers|Web Developers|Information Technology Project Managers|Data Scientists,Apache Hadoop,Y,Y,PENDING_REVIEW,
ONET,08/2023,,2.E.6.d,Data base management system software,,11-2021.00|13-1111.00|15-1212.00|15-1254.00|15-1299.09|15-2051.00,Marketing Managers|Management Analysts|Information Security Analysts|Web Developers|Information Technology Project Managers|Data Scientists,Apache Hive,Y,N,PENDING_REVIEW,
ONET,08/2023,,2.E.6.d,Data base management system software,,11-2021.00|13-1111.00|15-1212.00|15-1221.00|15-1252.00|15-1253.00|15-1254.00|15-1299.09|15-2051.00,Marketing Managers|Management Analysts|Information Security Analysts|Computer and Information Research Scientists|Software Developers|Software Quality Assurance Analysts and Testers|Web Developers|Information Technology Project Managers|Data Scientists,Apache Pig,N,N,PENDING_REVIEW,
ONET,08/2023,,2.E.6.d,Data base management system software,,11-2021.00|13-1111.00|15-1212.00|15-1221.00|15-1252.00|15-1253.00|15-1254.00|15-1299.09,Marketing Managers|Management Analysts|Information Security Analysts|Computer and Information Research Scientists|Software Developers|Software Quality Assurance Analysts and Testers|Web Developers|Information Technology Project Managers,Apache Solr,N,N,PENDING_REVIEW,
ONET,08/2023,,2.E.4.c,Video creation and editing software,,11-2021.00|11-2032.00|13-1071.00|15-1254.00|15-1299.09,Marketing Managers|Public Relations Managers|Human Resources Specialists|Web Developers|Information Technology Project Managers,Apple Final Cut Pro,N,N,PENDING_REVIEW,
ONET,08/2023,,2.E.4.f,Presentation software,,11-2021.00|15-1254.00,Marketing Managers|Web Developers,Apple Keynote,N,N,PENDING_REVIEW,
ONET,08/2023,,2.E.13.c,Operating system software,,11-2021.00|13-1071.00|13-1111.00|15-1212.00|15-1252.00|15-1253.00|15-1254.00|15-1299.09,Marketing Managers|Human Resources Specialists|Management Analysts|Information Security Analysts|Software Developers|Software Quality Assurance Analysts and Testers|Web Developers|Information Technology Project Managers,Apple macOS,Y,N,PENDING_REVIEW,
ONET,08/2023,,2.E.6.l,Transaction server software,,11-2021.00,Marketing Managers,Armand Morin MultiTrack Generator,N,N,PENDING_REVIEW,
ONET,08/2023,,2.E.16.i,Cloud-based data access and sharing software,,11-2021.00,Marketing Managers,Asana,Y,N,PENDING_REVIEW,
ONET,08/2023,,2.E.1.e,Project management software,,11-2021.00|13-1111.00|15-1212.00|15-1252.00|15-1253.00|15-1254.00|15-1299.09|15-2051.00,Marketing Managers|Management Analysts|Information Security Analysts|Software Developers|Software Quality Assurance Analysts and Testers|Web Developers|Information Technology Project Managers|Data Scientists,Atlassian Confluence,Y,Y,PENDING_REVIEW,
ONET,08/2023,,2.E.5.a,Content workflow software,,11-2021.00|13-1111.00|15-1212.00|15-1252.00|15-1254.00|15-2051.00,Marketing Managers|Management Analysts|Information Security Analysts|Software Developers|Web Developers|Data Scientists,Atlassian JIRA,Y,Y,PENDING_REVIEW,
ONET,08/2023,,2.E.6.c,Customer relationship management CRM software,,11-2021.00|11-2032.00|11-3031.00|13-1071.00|13-1111.00|15-1252.00|15-1253.00|15-1299.09,Marketing Managers|Public Relations Managers|Financial Managers|Human Resources Specialists|Management Analysts|Software Developers|Software Quality Assurance Analysts and Testers|Information Technology Project Managers,Blackbaud The Raiser's Edge,N,N,PENDING_REVIEW,
ONET,08/2023,,2.E.7.b,Development environment software,,11-2021.00|13-1111.00|15-1212.00|15-1221.00|15-1252.00|15-1253.00|15-1254.00|15-1299.09|15-2051.00,Marketing Managers|Management Analysts|Information Security Analysts|Computer and Information Research Scientists|Software Developers|Software Quality Assurance Analysts and Testers|Web Developers|Information Technology Project Managers|Data Scientists,C,Y,Y,PENDING_REVIEW,
ONET,08/2023,,2.E.4.b,Graphics or photo imaging software,,11-2021.00|11-2032.00,Marketing Managers|Public Relations Managers,Canva,Y,N,PENDING_REVIEW,
ONET,08/2023,,2.E.7.h,Web platform development software,,11-2021.00|13-1111.00|15-1252.00|15-1253.00|15-1254.00|15-1299.09,Marketing Managers|Management Analysts|Software Developers|Software Quality Assurance Analysts and Testers|Web Developers|Information Technology Project Managers,Cascading style sheets CSS,Y,Y,PENDING_REVIEW,
ONET,08/2023,,2.E.12.a,Access software,,11-2021.00|13-1111.00|15-1212.00|15-1252.00|15-1253.00|15-1299.09,Marketing Managers|Management Analysts|Information Security Analysts|Software Developers|Software Quality Assurance Analysts and Testers|Information Technology Project Managers,Citrix cloud computing software,N,N,PENDING_REVIEW,
ONET,08/2023,,2.E.6.f,Data base user interface and query software,,11-2021.00,Marketing Managers,ClearEDGE,N,N,PENDING_REVIEW,
ONET,08/2023,,2.E.6.c,Customer relationship management CRM software,,11-2021.00,Marketing Managers,Constant Contact,N,N,PENDING_REVIEW,
ONET,08/2023,,2.E.6.e,Data base reporting software,,11-2021.00,Marketing Managers,Database reporting software,N,N,PENDING_REVIEW,
ONET,08/2023,,2.E.6.f,Data base user interface and query software,,11-2021.00|11-3031.00|13-1071.00|13-1111.00|43-4161.00,"Marketing Managers|Financial Managers|Human Resources Specialists|Management Analysts|Human Resources Assistants, Except Payroll and Timekeeping",Database software,N,N,PENDING_REVIEW,
ONET,08/2023,,2.E.6.f,Data base user interface and query software,,11-2021.00,Marketing Managers,Databox,N,N,PENDING_REVIEW,
ONET,08/2023,,2.E.2.d,Financial analysis software,,11-2021.00|11-3031.00|13-1111.00|15-1212.00|15-1252.00|15-1253.00|15-1254.00|15-1299.09,Marketing Managers|Financial Managers|Management Analysts|Information Security Analysts|Software Developers|Software Quality Assurance Analysts and Testers|Web Developers|Information Technology Project Managers,Delphi Technology,N,N,PENDING_REVIEW,
ONET,08/2023,,2.E.16.i,Cloud-based data access and sharing software,,11-2021.00|13-1111.00|15-1252.00|15-1253.00|15-1254.00,Marketing Managers|Management Analysts|Software Developers|Software Quality Assurance Analysts and Testers|Web Developers,Dropbox,N,N,PENDING_REVIEW,
ONET,08/2023,,2.E.7.h,Web platform development software,,11-2021.00|11-2032.00|13-1071.00|13-1111.00|15-1212.00|15-1252.00|15-1253.00|15-1254.00|15-1299.09,Marketing Managers|Public Relations Managers|Human Resources Specialists|Management Analysts|Information Security Analysts|Software Developers|Software Quality Assurance Analysts and Testers|Web Developers|Information Technology Project Managers,Drupal,N,N,PENDING_REVIEW,
ONET,08/2023,,2.E.7.h,Web platform development software,,11-2021.00|13-1111.00|15-1252.00|15-1253.00|15-1254.00|15-1299.09,Marketing Managers|Management Analysts|Software Developers|Software Quality Assurance Analysts and Testers|Web Developers|Information Technology Project Managers,Dynamic hypertext markup language DHTML,N,N,PENDING_REVIEW,
ONET,08/2023,,2.E.10.b,Desktop communications software,,11-2021.00|13-1111.00,Marketing Managers|Management Analysts,Eko,N,N,PENDING_REVIEW,
ONET,08/2023,,2.E.6.d,Data base management system software,,11-2021.00|13-1111.00|15-1212.00|15-1221.00|15-1252.00|15-1253.00|15-1254.00|15-1299.09|15-2051.00,Marketing Managers|Management Analysts|Information Security Analysts|Computer and Information Research Scientists|Software Developers|Software Quality Assurance Analysts and Testers|Web Developers|Information Technology Project Managers|Data Scientists,Elasticsearch,Y,N,PENDING_REVIEW,
ONET,08/2023,,2.E.4.d,Word processing software,,11-2021.00|13-1071.00|15-1252.00|15-1253.00|15-1254.00,Marketing Managers|Human Resources Specialists|Software Developers|Software Quality Assurance Analysts and Testers|Web Developers,Evernote,N,N,PENDING_REVIEW,
ONET,08/2023,,2.E.7.h,Web platform development software,,11-2021.00|13-1111.00|15-1212.00|15-1252.00|15-1253.00|15-1254.00|15-1299.09,Marketing Managers|Management Analysts|Information Security Analysts|Software Developers|Software Quality Assurance Analysts and Testers|Web Developers|Information Technology Project Managers,Extensible hypertext markup language XHTML,N,N,PENDING_REVIEW,
ONET,08/2023,,2.E.7.c,Enterprise application integration software,,11-2021.00|13-1071.00|13-1111.00|15-1212.00|15-1221.00|15-1252.00|15-1253.00|15-1254.00|15-1299.09,Marketing Managers|Human Resources Specialists|Management Analysts|Information Security Analysts|Computer and Information Research Scientists|Software Developers|Software Quality Assurance Analysts and Testers|Web Developers|Information Technology Project Managers,Extensible markup language XML,Y,N,PENDING_REVIEW,
ONET,08/2023,,2.E.4.g,Web page creation and editing software,,11-2021.00|11-2032.00|11-3121.00|13-1071.00|15-1254.00|15-1299.09,Marketing Managers|Public Relations Managers|Human Resources Managers|Human Resources Specialists|Web Developers|Information Technology Project Managers,Facebook,Y,N,PENDING_REVIEW,
ONET,08/2023,,2.E.7.d,Graphical user interface development software,,11-2021.00|15-1252.00|15-1254.00,Marketing Managers|Software Developers|Web Developers,Figma,Y,N,PENDING_REVIEW,
ONET,08/2023,,2.E.6.f,Data base user interface and query software,,11-2021.00|11-2032.00|11-3031.00|13-1071.00|13-1111.00|15-1252.00|15-1253.00|15-1254.00|15-1299.09|43-4161.00,"Marketing Managers|Public Relations Managers|Financial Managers|Human Resources Specialists|Management Analysts|Software Developers|Software Quality Assurance Analysts and Testers|Web Developers|Information Technology Project Managers|Human Resources Assistants, Except Payroll and Timekeeping",FileMaker Pro,N,N,PENDING_REVIEW,
ONET,08/2023,,2.E.4.c,Video creation and editing software,,11-2021.00|11-2032.00|15-1252.00|15-1253.00|15-1254.00,Marketing Managers|Public Relations Managers|Software Developers|Software Quality Assurance Analysts and Testers|Web Developers,Flipgrid,N,N,PENDING_REVIEW,
ONET,08/2023,,2.E.2.a,Accounting software,,11-2021.00|11-2032.00|11-3031.00|13-1111.00,Marketing Managers|Public Relations Managers|Financial Managers|Management Analysts,Fund accounting software,N,N,PENDING_REVIEW,
ONET,08/2023,,2.E.10.a,Application server software,,11-2021.00|13-1071.00|13-1111.00|15-1212.00|15-1221.00|15-1252.00|15-1253.00|15-1254.00|15-1299.09|15-2051.00,Marketing Managers|Human Resources Specialists|Management Analysts|Information Security Analysts|Computer and Information Research Scientists|Software Developers|Software Quality Assurance Analysts and Testers|Web Developers|Information Technology Project Managers|Data Scientists,GitHub,Y,Y,PENDING_REVIEW,
ONET,08/2023,,2.E.1.l,Sales and marketing software,,11-2021.00|11-2032.00|13-1071.00|15-1221.00|15-1254.00|15-1299.09,Marketing Managers|Public Relations Managers|Human Resources Specialists|Computer and Information Research Scientists|Web Developers|Information Technology Project Managers,Google Ads,N,N,PENDING_REVIEW,
ONET,08/2023,,2.E.6.g,Data mining software,,11-2021.00|11-2032.00|13-1071.00|13-1111.00|15-1221.00|15-1252.00|15-1253.00|15-1254.00|15-1299.09,Marketing Managers|Public Relations Managers|Human Resources Specialists|Management Analysts|Computer and Information Research Scientists|Software Developers|Software Quality Assurance Analysts and Testers|Web Developers|Information Technology Project Managers,Google Analytics,Y,N,PENDING_REVIEW,
ONET,08/2023,,2.E.4.d,Word processing software,,11-2021.00|11-2032.00|13-1071.00|13-1111.00|15-1252.00|15-1253.00|15-1254.00|15-1299.09|43-4161.00,"Marketing Managers|Public Relations Managers|Human Resources Specialists|Management Analysts|Software Developers|Software Quality Assurance Analysts and Testers|Web Developers|Information Technology Project Managers|Human Resources Assistants, Except Payroll and Timekeeping",Google Docs,Y,N,PENDING_REVIEW,
ONET,08/2023,,2.E.16.i,Cloud-based data access and sharing software,,11-2021.00|11-2032.00|13-1071.00|13-1111.00|15-1252.00|15-1253.00|15-1254.00|15-1299.09,Marketing Managers|Public Relations Managers|Human Resources Specialists|Management Analysts|Software Developers|Software Quality Assurance Analysts and Testers|Web Developers|Information Technology Project Managers,Google Drive,N,N,PENDING_REVIEW,
ONET,08/2023,,2.E.6.m,Business intelligence and data analysis software,,11-2021.00|15-1252.00|15-2051.00,Marketing Managers|Software Developers|Data Scientists,Google Looker Analytics,Y,N,PENDING_REVIEW,
ONET,08/2023,,2.E.16.b,Video conferencing software,,11-2021.00|13-1071.00|13-1111.00|15-1252.00|15-1253.00|15-1254.00|15-1299.09,Marketing Managers|Human Resources Specialists|Management Analysts|Software Developers|Software Quality Assurance Analysts and Testers|Web Developers|Information Technology Project Managers,Google Meet,N,N,PENDING_REVIEW,
ONET,08/2023,,2.E.4.f,Presentation software,,11-2021.00|13-1071.00|13-1111.00|15-1252.00|15-1253.00|15-1254.00,Marketing Managers|Human Resources Specialists|Management Analysts|Software Developers|Software Quality Assurance Analysts and Testers|Web Developers,Google Slides,N,N,PENDING_REVIEW,
ONET,08/2023,,2.E.1.l,Sales and marketing software,,11-2021.00|11-2032.00|15-1254.00,Marketing Managers|Public Relations Managers|Web Developers,HubSpot software,Y,N,PENDING_REVIEW,
ONET,08/2023,,2.E.7.h,Web platform development software,,11-2021.00|11-2032.00|13-1071.00|13-1111.00|15-1212.00|15-1252.00|15-1253.00|15-1254.00|15-1299.09,Marketing Managers|Public Relations Managers|Human Resources Specialists|Management Analysts|Information Security Analysts|Software Developers|Software Quality Assurance Analysts and Testers|Web Developers|Information Technology Project Managers,Hypertext markup language HTML,Y,Y,PENDING_REVIEW,
ONET,08/2023,,2.E.6.m,Business intelligence and data analysis software,,11-2021.00|11-3031.00|11-3121.00|13-1071.00|13-1111.00|13-1141.00|15-1212.00|15-1221.00|15-1252.00|15-1253.00|15-1254.00|15-1299.09,"Marketing Managers|Financial Managers|Human Resources Managers|Human Resources Specialists|Management Analysts|Compensation, Benefits, and Job Analysis Specialists|Information Security Analysts|Computer and Information Research Scientists|Software Developers|Software Quality Assurance Analysts and Testers|Web Developers|Information Technology Project Managers",IBM Cognos Impromptu,N,N,PENDING_REVIEW,
ONET,08/2023,,2.E.12.b,Communications server software,,11-2021.00|13-1071.00|13-1111.00|15-1212.00|15-1221.00|15-1252.00|15-1253.00|15-1254.00|15-1299.09,Marketing Managers|Human Resources Specialists|Management Analysts|Information Security Analysts|Computer and Information Research Scientists|Software Developers|Software Quality Assurance Analysts and Testers|Web Developers|Information Technology Project Managers,IBM Domino,N,N,PENDING_REVIEW,
ONET,08/2023,,2.E.7.c,Enterprise application integration software,,11-2021.00|13-1071.00|13-1111.00|15-1221.00|15-1252.00|15-1253.00|15-1254.00|15-1299.09,Marketing Managers|Human Resources Specialists|Management Analysts|Computer and Information Research Scientists|Software Developers|Software Quality Assurance Analysts and Testers|Web Developers|Information Technology Project Managers,IBM InfoSphere DataStage,N,N,PENDING_REVIEW,
ONET,08/2023,,2.E.16.a,Electronic mail software,,11-2021.00|11-2032.00|11-3031.00|11-3111.00|11-3121.00|13-1071.00|13-1111.00|15-1212.00|15-1252.00|15-1253.00|15-1254.00|15-1299.09,Marketing Managers|Public Relations Managers|Financial Managers|Compensation and Benefits Managers|Human Resources Managers|Human Resources Specialists|Management Analysts|Information Security Analysts|Software Developers|Software Quality Assurance Analysts and Testers|Web Developers|Information Technology Project Managers,IBM Notes,N,N,PENDING_REVIEW,
ONET,08/2023,,2.E.17.a,Enterprise system management software,,11-2021.00|11-3031.00|13-1071.00|13-1111.00|15-1212.00|15-1252.00|15-1253.00|15-1254.00|15-1299.09,Marketing Managers|Financial Managers|Human Resources Specialists|Management Analysts|Information Security Analysts|Software Developers|Software Quality Assurance Analysts and Testers|Web Developers|Information Technology Project Managers,IBM Power Systems software,N,N,PENDING_REVIEW,
ONET,08/2023,,2.E.9.d,Analytical or scientific software,,11-2021.00|11-3031.00|11-3121.00|13-1071.00|13-1111.00|13-1141.00|15-1221.00|15-1252.00|15-1253.00|15-1254.00|15-1299.09|15-2051.00,"Marketing Managers|Financial Managers|Human Resources Managers|Human Resources Specialists|Management Analysts|Compensation, Benefits, and Job Analysis Specialists|Computer and Information Research Scientists|Software Developers|Software Quality Assurance Analysts and Testers|Web Developers|Information Technology Project Managers|Data Scientists",IBM SPSS Statistics,Y,N,PENDING_REVIEW,
ONET,08/2023,,2.E.4.g,Web page creation and editing software,,11-2021.00,Marketing Managers,Instagram,N,N,PENDING_REVIEW,
ONET,08/2023,,2.E.2.a,Accounting software,,11-2021.00|11-3031.00|11-3111.00|11-3121.00|13-1071.00,Marketing Managers|Financial Managers|Compensation and Benefits Managers|Human Resources Managers|Human Resources Specialists,Intuit QuickBooks,Y,N,PENDING_REVIEW,
ONET,08/2023,,2.E.4.b,Graphics or photo imaging software,,11-2021.00|15-1252.00|15-1253.00|15-1254.00|15-1299.09,Marketing Managers|Software Developers|Software Quality Assurance Analysts and Testers|Web Developers|Information Technology Project Managers,JamBoard,N,N,PENDING_REVIEW,
ONET,08/2023,,2.E.7.h,Web platform development software,,11-2021.00|13-1111.00|15-1212.00|15-1221.00|15-1252.00|15-1253.00|15-1254.00|15-1299.09|15-2051.00,Marketing Managers|Management Analysts|Information Security Analysts|Computer and Information Research Scientists|Software Developers|Software Quality Assurance Analysts and Testers|Web Developers|Information Technology Project Managers|Data Scientists,JavaScript,Y,Y,PENDING_REVIEW,
ONET,08/2023,,2.E.7.e,Object or component oriented development software,,11-2021.00|13-1111.00|15-1221.00|15-1252.00|15-1253.00|15-1254.00|15-1299.09,Marketing Managers|Management Analysts|Computer and Information Research Scientists|Software Developers|Software Quality Assurance Analysts and Testers|Web Developers|Information Technology Project Managers,Jupyter Notebook,N,N,PENDING_REVIEW,
ONET,08/2023,,2.E.4.c,Video creation and editing software,,11-2021.00|15-1254.00,Marketing Managers|Web Developers,Kapwing,N,N,PENDING_REVIEW,
ONET,08/2023,,2.E.7.h,Web platform development software,,11-2021.00|15-1212.00|15-1252.00|15-1253.00|15-1254.00|15-1299.09,Marketing Managers|Information Security Analysts|Software Developers|Software Quality Assurance Analysts and Testers|Web Developers|Information Technology Project Managers,LAMP Stack,N,N,PENDING_REVIEW,
ONET,08/2023,,2.E.6.h,Information retrieval or search software,,11-2021.00|11-3031.00|13-1071.00|13-1111.00|15-1212.00|15-1252.00|15-1253.00|15-1299.09,Marketing Managers|Financial Managers|Human Resources Specialists|Management Analysts|Information Security Analysts|Software Developers|Software Quality Assurance Analysts and Testers|Information Technology Project Managers,LexisNexis,N,N,PENDING_REVIEW,
ONET,08/2023,,2.E.4.g,Web page creation and editing software,,11-2021.00|11-2032.00|11-3111.00|11-3121.00|13-1111.00|13-1141.00|15-1252.00|15-1253.00|15-1254.00|43-4161.00,"Marketing Managers|Public Relations Managers|Compensation and Benefits Managers|Human Resources Managers|Management Analysts|Compensation, Benefits, and Job Analysis Specialists|Software Developers|Software Quality Assurance Analysts and Testers|Web Developers|Human Resources Assistants, Except Payroll and Timekeeping",LinkedIn,N,N,PENDING_REVIEW,
ONET,08/2023,,2.E.16.b,Video conferencing software,,11-2021.00|13-1111.00|15-1252.00|15-1253.00|15-1299.09,Marketing Managers|Management Analysts|Software Developers|Software Quality Assurance Analysts and Testers|Information Technology Project Managers,LogMeIn GoToMeeting,N,N,PENDING_REVIEW,
ONET,08/2023,,2.E.16.c,Network conferencing software,,11-2021.00|15-1252.00|15-1253.00,Marketing Managers|Software Developers|Software Quality Assurance Analysts and Testers,LogMeIn GoToWebinar,N,N,PENDING_REVIEW,
ONET,08/2023,,2.E.9.d,Analytical or scientific software,,11-2021.00,Marketing Managers,Lyris HQ Web-Analytics Solution,N,N,PENDING_REVIEW,
ONET,08/2023,,2.E.1.l,Sales and marketing software,,11-2021.00|11-2032.00|11-3031.00|13-1071.00|13-1111.00|15-1252.00|15-1254.00|15-1299.09,Marketing Managers|Public Relations Managers|Financial Managers|Human Resources Specialists|Management Analysts|Software Developers|Web Developers|Information Technology Project Managers,Marketo Marketing Automation,Y,N,PENDING_REVIEW,
ONET,08/2023,,2.E.6.c,Customer relationship management CRM software,,11-2021.00,Marketing Managers,MarketSharp,N,N,PENDING_REVIEW,
ONET,08/2023,,2.E.14.d,Transaction security and virus protection software,,11-2021.00|13-1111.00|15-1212.00|15-1252.00|15-1253.00|15-1299.09,Marketing Managers|Management Analysts|Information Security Analysts|Software Developers|Software Quality Assurance Analysts and Testers|Information Technology Project Managers,McAfee,N,N,PENDING_REVIEW,
ONET,08/2023,,2.E.4.f,Presentation software,,11-2021.00|11-2032.00|11-3121.00|13-1111.00,Marketing Managers|Public Relations Managers|Human Resources Managers|Management Analysts,Mentimeter,N,N,PENDING_REVIEW,
ONET,08/2023,,2.E.6.f,Data base user interface and query software,,11-2021.00|11-2032.00|11-3031.00|11-3111.00|11-3121.00|13-1071.00|13-1111.00|13-1141.00|15-1212.00|15-1252.00|15-1253.00|15-1254.00|15-1299.09|15-2051.00|43-4161.00,"Marketing Managers|Public Relations Managers|Financial Managers|Compensation and Benefits Managers|Human Resources Managers|Human Resources Specialists|Management Analysts|Compensation, Benefits, and Job Analysis Specialists|Information Security Analysts|Software Developers|Software Quality Assurance Analysts and Testers|Web Developers|Information Technology Project Managers|Data Scientists|Human Resources Assistants, Except Payroll and Timekeeping",Microsoft Access,Y,N,PENDING_REVIEW,
ONET,08/2023,,2.E.7.b,Development environment software,,11-2021.00|13-1111.00|15-1212.00|15-1221.00|15-1252.00|15-1253.00|15-1254.00|15-1299.09|15-2051.00,Marketing Managers|Management Analysts|Information Security Analysts|Computer and Information Research Scientists|Software Developers|Software Quality Assurance Analysts and Testers|Web Developers|Information Technology Project Managers|Data Scientists,Microsoft Azure software,Y,Y,PENDING_REVIEW,
ONET,08/2023,,2.E.2.b,Enterprise resource planning ERP software,,11-2021.00|11-2032.00|11-3031.00|11-3121.00|13-1071.00|13-1111.00|13-1141.00|15-1212.00|15-1221.00|15-1252.00|15-1253.00|15-1254.00|15-1299.09,"Marketing Managers|Public Relations Managers|Financial Managers|Human Resources Managers|Human Resources Specialists|Management Analysts|Compensation, Benefits, and Job Analysis Specialists|Information Security Analysts|Computer and Information Research Scientists|Software Developers|Software Quality Assurance Analysts and Testers|Web Developers|Information Technology Project Managers",Microsoft Dynamics,N,N,PENDING_REVIEW,
ONET,08/2023,,2.E.4.i,Spreadsheet software,,11-2021.00|11-2032.00|11-3031.00|11-3111.00|11-3121.00|13-1071.00|13-1111.00|13-1141.00|15-1212.00|15-1221.00|15-1252.00|15-1253.00|15-1254.00|15-1299.09|15-2051.00|43-4161.00,"Marketing Managers|Public Relations Managers|Financial Managers|Compensation and Benefits Managers|Human Resources Managers|Human Resources Specialists|Management Analysts|Compensation, Benefits, and Job Analysis Specialists|Information Security Analysts|Computer and Information Research Scientists|Software Developers|Software Quality Assurance Analysts and Testers|Web Developers|Information Technology Project Managers|Data Scientists|Human Resources Assistants, Except Payroll and Timekeeping",Microsoft Excel,Y,Y,PENDING_REVIEW,
ONET,08/2023,,2.E.1.k,Office suite software,,11-2021.00|11-2032.00|11-3031.00|11-3111.00|11-3121.00|13-1071.00|13-1111.00|13-1141.00|15-1212.00|15-1221.00|15-1252.00|15-1253.00|15-1254.00|15-1299.09|15-2051.00|43-4161.00,"Marketing Managers|Public Relations Managers|Financial Managers|Compensation and Benefits Managers|Human Resources Managers|Human Resources Specialists|Management Analysts|Compensation, Benefits, and Job Analysis Specialists|Information Security Analysts|Computer and Information Research Scientists|Software Developers|Software Quality Assurance Analysts and Testers|Web Developers|Information Technology Project Managers|Data Scientists|Human Resources Assistants, Except Payroll and Timekeeping",Microsoft Office software,Y,Y,PENDING_REVIEW,
ONET,08/2023,,2.E.16.a,Electronic mail software,,11-2021.00|11-2032.00|11-3031.00|11-3111.00|11-3121.00|13-1071.00|13-1111.00|13-1141.00|15-1252.00|15-1253.00|15-1299.09|43-4161.00,"Marketing Managers|Public Relations Managers|Financial Managers|Compensation and Benefits Managers|Human Resources Managers|Human Resources Specialists|Management Analysts|Compensation, Benefits, and Job Analysis Specialists|Software Developers|Software Quality Assurance Analysts and Testers|Information Technology Project Managers|Human Resources Assistants, Except Payroll and Timekeeping",Microsoft Outlook,Y,Y,PENDING_REVIEW,
ONET,08/2023,,2.E.4.f,Presentation software,,11-2021.00|11-2032.00|11-3031.00|11-3111.00|11-3121.00|13-1071.00|13-1111.00|13-1141.00|15-1212.00|15-1221.00|15-1252.00|15-1253.00|15-1299.09|15-2051.00|43-4161.00,"Marketing Managers|Public Relations Managers|Financial Managers|Compensation and Benefits Managers|Human Resources Managers|Human Resources Specialists|Management Analysts|Compensation, Benefits, and Job Analysis Specialists|Information Security Analysts|Computer and Information Research Scientists|Software Developers|Software Quality Assurance Analysts and Testers|Information Technology Project Managers|Data Scientists|Human Resources Assistants, Except Payroll and Timekeeping",Microsoft PowerPoint,Y,Y,PENDING_REVIEW,
ONET,08/2023,,2.E.1.e,Project management software,,11-2021.00|11-2032.00|11-3031.00|11-3111.00|11-3121.00|13-1071.00|13-1111.00|13-1141.00|15-1212.00|15-1221.00|15-1252.00|15-1253.00|15-1254.00|15-1299.09,"Marketing Managers|Public Relations Managers|Financial Managers|Compensation and Benefits Managers|Human Resources Managers|Human Resources Specialists|Management Analysts|Compensation, Benefits, and Job Analysis Specialists|Information Security Analysts|Computer and Information Research Scientists|Software Developers|Software Quality Assurance Analysts and Testers|Web Developers|Information Technology Project Managers",Microsoft Project,Y,N,PENDING_REVIEW,
ONET,08/2023,,2.E.4.k,Desktop publishing software,,11-2021.00|11-2032.00|11-3121.00|13-1071.00|13-1111.00|15-1252.00|15-1253.00|15-1254.00|15-1299.09|43-4161.00,"Marketing Managers|Public Relations Managers|Human Resources Managers|Human Resources Specialists|Management Analysts|Software Developers|Software Quality Assurance Analysts and Testers|Web Developers|Information Technology Project Managers|Human Resources Assistants, Except Payroll and Timekeeping",Microsoft Publisher,N,N,PENDING_REVIEW,
ONET,08/2023,,2.E.5.b,Document management software,,11-2021.00|11-2032.00|11-3031.00|11-3111.00|13-1071.00|13-1111.00|13-1141.00|15-1212.00|15-1252.00|15-1253.00|15-1254.00|15-1299.09|43-4161.00,"Marketing Managers|Public Relations Managers|Financial Managers|Compensation and Benefits Managers|Human Resources Specialists|Management Analysts|Compensation, Benefits, and Job Analysis Specialists|Information Security Analysts|Software Developers|Software Quality Assurance Analysts and Testers|Web Developers|Information Technology Project Managers|Human Resources Assistants, Except Payroll and Timekeeping",Microsoft SharePoint,Y,Y,PENDING_REVIEW,
ONET,08/2023,,2.E.6.f,Data base user interface and query software,,11-2021.00|11-3031.00|11-3111.00|13-1071.00|13-1111.00|13-1141.00|15-1212.00|15-1221.00|15-1252.00|15-1253.00|15-1254.00|15-1299.09|15-2051.00,"Marketing Managers|Financial Managers|Compensation and Benefits Managers|Human Resources Specialists|Management Analysts|Compensation, Benefits, and Job Analysis Specialists|Information Security Analysts|Computer and Information Research Scientists|Software Developers|Software Quality Assurance Analysts and Testers|Web Developers|Information Technology Project Managers|Data Scientists",Microsoft SQL Server,Y,N,PENDING_REVIEW,
ONET,08/2023,,2.E.1.e,Project management software,,11-2021.00|13-1111.00|15-1212.00|15-1252.00|15-1253.00|15-1299.09,Marketing Managers|Management Analysts|Information Security Analysts|Software Developers|Software Quality Assurance Analysts and Testers|Information Technology Project Managers,Microsoft Teams,Y,N,PENDING_REVIEW,
ONET,08/2023,,2.E.1.p,Process mapping and design software,,11-2021.00|11-3031.00|11-3111.00|11-3121.00|13-1071.00|13-1111.00|15-1212.00|15-1252.00|15-1253.00|15-1254.00|15-1299.09|43-4161.00,"Marketing Managers|Financial Managers|Compensation and Benefits Managers|Human Resources Managers|Human Resources Specialists|Management Analysts|Information Security Analysts|Software Developers|Software Quality Assurance Analysts and Testers|Web Developers|Information Technology Project Managers|Human Resources Assistants, Except Payroll and Timekeeping",Microsoft Visio,Y,Y,PENDING_REVIEW,
ONET,08/2023,,2.E.7.b,Development environment software,,11-2021.00|11-3031.00|13-1071.00|13-1111.00|13-1141.00|15-1212.00|15-1221.00|15-1252.00|15-1253.00|15-1254.00|15-1299.09,"Marketing Managers|Financial Managers|Human Resources Specialists|Management Analysts|Compensation, Benefits, and Job Analysis Specialists|Information Security Analysts|Computer and Information Research Scientists|Software Developers|Software Quality Assurance Analysts and Testers|Web Developers|Information Technology Project Managers",Microsoft Visual Basic,Y,N,PENDING_REVIEW,
ONET,08/2023,,2.E.7.b,Development environment software,,11-2021.00|11-3031.00|13-1071.00|13-1111.00|15-1212.00|15-1221.00|15-1252.00|15-1253.00|15-1254.00|15-1299.09,Marketing Managers|Financial Managers|Human Resources Specialists|Management Analysts|Information Security Analysts|Computer and Information Research Scientists|Software Developers|Software Quality Assurance Analysts and Testers|Web Developers|Information Technology Project Managers,Microsoft Visual Basic for Applications VBA,Y,N,PENDING_REVIEW,
ONET,08/2023,,2.E.7.b,Development environment software,,11-2021.00|13-1111.00|15-1212.00|15-1221.00|15-1252.00|15-1253.00|15-1254.00|15-1299.09,Marketing Managers|Management Analysts|Information Security Analysts|Computer and Information Research Scientists|Software Developers|Software Quality Assurance Analysts and Testers|Web Developers|Information Technology Project Managers,Microsoft Visual Basic Scripting Edition VBScript,N,N,PENDING_REVIEW,
ONET,08/2023,,2.E.4.d,Word processing software,,11-2021.00|11-2032.00|11-3031.00|11-3111.00|11-3121.00|13-1071.00|13-1111.00|13-1141.00|15-1212.00|15-1252.00|15-1253.00|15-1299.09|43-4161.00,"Marketing Managers|Public Relations Managers|Financial Managers|Compensation and Benefits Managers|Human Resources Managers|Human Resources Specialists|Management Analysts|Compensation, Benefits, and Job Analysis Specialists|Information Security Analysts|Software Developers|Software Quality Assurance Analysts and Testers|Information Technology Project Managers|Human Resources Assistants, Except Payroll and Timekeeping",Microsoft Word,Y,Y,PENDING_REVIEW,
ONET,08/2023,,2.E.6.m,Business intelligence and data analysis software,,11-2021.00|11-2032.00|11-3031.00|13-1071.00|13-1111.00|13-1141.00|15-1212.00|15-1221.00|15-1252.00|15-1253.00|15-1254.00|15-1299.09,"Marketing Managers|Public Relations Managers|Financial Managers|Human Resources Specialists|Management Analysts|Compensation, Benefits, and Job Analysis Specialists|Information Security Analysts|Computer and Information Research Scientists|Software Developers|Software Quality Assurance Analysts and Testers|Web Developers|Information Technology Project Managers",MicroStrategy,N,N,PENDING_REVIEW,
ONET,08/2023,,2.E.9.d,Analytical or scientific software,,11-2021.00|13-1111.00|15-1221.00|15-1252.00|15-1253.00|15-1299.09,Marketing Managers|Management Analysts|Computer and Information Research Scientists|Software Developers|Software Quality Assurance Analysts and Testers|Information Technology Project Managers,Minitab,N,N,PENDING_REVIEW,
ONET,08/2023,,2.E.6.f,Data base user interface and query software,,11-2021.00|13-1111.00|15-1252.00,Marketing Managers|Management Analysts|Software Developers,MySQL,Y,N,PENDING_REVIEW,
ONET,08/2023,,2.E.8.e,Multi-media educational software,,11-2021.00|11-3121.00,Marketing Managers|Human Resources Managers,Nearpod,N,N,PENDING_REVIEW,
ONET,08/2023,,2.E.9.d,Analytical or scientific software,,11-2021.00,Marketing Managers,Nedstat Sitestat,N,N,PENDING_REVIEW,
ONET,08/2023,,2.E.2.b,Enterprise resource planning ERP software,,11-2021.00|11-3031.00|13-1071.00|13-1111.00|15-1252.00|15-1253.00|15-1254.00|15-1299.09,Marketing Managers|Financial Managers|Human Resources Specialists|Management Analysts|Software Developers|Software Quality Assurance Analysts and Testers|Web Developers|Information Technology Project Managers,NetSuite ERP,N,N,PENDING_REVIEW,
ONET,08/2023,,2.E.14.d,Transaction security and virus protection software,,11-2021.00|13-1111.00|15-1212.00|15-1252.00|15-1253.00|15-1254.00|15-1299.09,Marketing Managers|Management Analysts|Information Security Analysts|Software Developers|Software Quality Assurance Analysts and Testers|Web Developers|Information Technology Project Managers,NortonLifeLock cybersecurity software,N,N,PENDING_REVIEW,
ONET,08/2023,,2.E.6.d,Data base management system software,,11-2021.00|13-1111.00|15-1212.00|15-1221.00|15-1252.00|15-1253.00|15-1254.00|15-1299.09|15-2051.00,Marketing Managers|Management Analysts|Information Security Analysts|Computer and Information Research Scientists|Software Developers|Software Quality Assurance Analysts and Testers|Web Developers|Information Technology Project Managers|Data Scientists,NoSQL,Y,Y,PENDING_REVIEW,
ONET,08/2023,,2.E.9.d,Analytical or scientific software,,11-2021.00,Marketing Managers,Online advertising reporting software,N,N,PENDING_REVIEW,
ONET,08/2023,,2.E.1.i,Expert system software,,11-2021.00,Marketing Managers,Oracle Beehive,N,N,PENDING_REVIEW,
ONET,08/2023,,2.E.6.m,Business intelligence and data analysis software,,11-2021.00|11-3031.00|11-3121.00|13-1071.00|13-1111.00|15-1212.00|15-1221.00|15-1252.00|15-1253.00|15-1254.00|15-1299.09,Marketing Managers|Financial Managers|Human Resources Managers|Human Resources Specialists|Management Analysts|Information Security Analysts|Computer and Information Research Scientists|Software Developers|Software Quality Assurance Analysts and Testers|Web Developers|Information Technology Project Managers,Oracle Business Intelligence Enterprise Edition,N,N,PENDING_REVIEW,
ONET,08/2023,,2.E.6.f,Data base user interface and query software,,11-2021.00|11-3031.00|13-1071.00|13-1111.00|15-1212.00|15-1253.00|15-1254.00|15-1299.09,Marketing Managers|Financial Managers|Human Resources Specialists|Management Analysts|Information Security Analysts|Software Quality Assurance Analysts and Testers|Web Developers|Information Technology Project Managers,Oracle Database,Y,N,PENDING_REVIEW,
ONET,08/2023,,2.E.2.d,Financial analysis software,,11-2021.00|11-3031.00|11-3121.00|13-1071.00|13-1111.00|15-1212.00|15-1252.00|15-1253.00|15-1299.09,Marketing Managers|Financial Managers|Human Resources Managers|Human Resources Specialists|Management Analysts|Information Security Analysts|Software Developers|Software Quality Assurance Analysts and Testers|Information Technology Project Managers,Oracle E-Business Suite Financials,N,N,PENDING_REVIEW,
ONET,08/2023,,2.E.6.c,Customer relationship management CRM software,,11-2021.00|11-2032.00|13-1071.00|13-1111.00|15-1252.00|15-1253.00|15-1254.00|15-1299.09,Marketing Managers|Public Relations Managers|Human Resources Specialists|Management Analysts|Software Developers|Software Quality Assurance Analysts and Testers|Web Developers|Information Technology Project Managers,Oracle Eloqua,N,N,PENDING_REVIEW,
ONET,08/2023,,2.E.2.b,Enterprise resource planning ERP software,,11-2021.00|11-3031.00|11-3121.00|13-1071.00|13-1111.00|13-1141.00|15-1212.00|15-1252.00|15-1253.00|15-1254.00|15-1299.09,"Marketing Managers|Financial Managers|Human Resources Managers|Human Resources Specialists|Management Analysts|Compensation, Benefits, and Job Analysis Specialists|Information Security Analysts|Software Developers|Software Quality Assurance Analysts and Testers|Web Developers|Information Technology Project Managers",Oracle Fusion Applications,N,N,PENDING_REVIEW,
ONET,08/2023,,2.E.2.b,Enterprise resource planning ERP software,,11-2021.00|11-3031.00|11-3111.00|13-1071.00|13-1111.00|15-1212.00|15-1252.00|15-1253.00|15-1299.09,Marketing Managers|Financial Managers|Compensation and Benefits Managers|Human Resources Specialists|Management Analysts|Information Security Analysts|Software Developers|Software Quality Assurance Analysts and Testers|Information Technology Project Managers,Oracle Hyperion,N,N,PENDING_REVIEW,
ONET,08/2023,,2.E.7.h,Web platform development software,,11-2021.00|13-1111.00|15-1212.00|15-1252.00|15-1253.00|15-1254.00|15-1299.09,Marketing Managers|Management Analysts|Information Security Analysts|Software Developers|Software Quality Assurance Analysts and Testers|Web Developers|Information Technology Project Managers,Oracle JavaServer Pages JSP,N,N,PENDING_REVIEW,
ONET,08/2023,,2.E.2.b,Enterprise resource planning ERP software,,11-2021.00|11-3031.00|11-3111.00|11-3121.00|13-1071.00|13-1111.00|13-1141.00|15-1212.00|15-1252.00|15-1253.00|15-1299.09|43-4161.00,"Marketing Managers|Financial Managers|Compensation and Benefits Managers|Human Resources Managers|Human Resources Specialists|Management Analysts|Compensation, Benefits, and Job Analysis Specialists|Information Security Analysts|Software Developers|Software Quality Assurance Analysts and Testers|Information Technology Project Managers|Human Resources Assistants, Except Payroll and Timekeeping",Oracle PeopleSoft,Y,N,PENDING_REVIEW,
ONET,08/2023,,2.E.2.b,Enterprise resource planning ERP software,,11-2021.00|11-2032.00|11-3031.00|13-1071.00|13-1111.00|15-1212.00|15-1252.00|15-1253.00|15-1299.09,Marketing Managers|Public Relations Managers|Financial Managers|Human Resources Specialists|Management Analysts|Information Security Analysts|Software Developers|Software Quality Assurance Analysts and Testers|Information Technology Project Managers,Oracle PeopleSoft Financials,N,N,PENDING_REVIEW,
ONET,08/2023,,2.E.6.d,Data base management system software,,11-2021.00|13-1111.00|15-1212.00|15-1252.00|15-1253.00|15-1254.00|15-1299.09,Marketing Managers|Management Analysts|Information Security Analysts|Software Developers|Software Quality Assurance Analysts and Testers|Web Developers|Information Technology Project Managers,Oracle PL/SQL,Y,N,PENDING_REVIEW,
ONET,08/2023,,2.E.6.c,Customer relationship management CRM software,,11-2021.00|11-2032.00,Marketing Managers|Public Relations Managers,Oracle Siebel Server Sync,N,N,PENDING_REVIEW,
ONET,08/2023,,2.E.8.b,Computer based training software,,11-2021.00,Marketing Managers,Padlet,N,N,PENDING_REVIEW,
ONET,08/2023,,2.E.7.h,Web platform development software,,11-2021.00|13-1111.00|15-1212.00|15-1221.00|15-1252.00|15-1253.00|15-1254.00|15-1299.09,Marketing Managers|Management Analysts|Information Security Analysts|Computer and Information Research Scientists|Software Developers|Software Quality Assurance Analysts and Testers|Web Developers|Information Technology Project Managers,PHP,Y,Y,PENDING_REVIEW,
ONET,08/2023,,2.E.7.e,Object or component oriented development software,,11-2021.00|13-1111.00|15-1212.00|15-1221.00|15-1252.00|15-1253.00|15-1254.00|15-1299.09|15-2051.00,Marketing Managers|Management Analysts|Information Security Analysts|Computer and Information Research Scientists|Software Developers|Software Quality Assurance Analysts and Testers|Web Developers|Information Technology Project Managers|Data Scientists,Python,Y,Y,PENDING_REVIEW,
ONET,08/2023,,2.E.6.c,Customer relationship management CRM software,,11-2021.00,Marketing Managers,QAD Marketing Automation,N,N,PENDING_REVIEW,
ONET,08/2023,,2.E.6.m,Business intelligence and data analysis software,,11-2021.00|11-3031.00|13-1071.00|13-1111.00|15-1212.00|15-1221.00|15-1252.00|15-1253.00|15-1254.00|15-1299.09|15-2051.00,Marketing Managers|Financial Managers|Human Resources Specialists|Management Analysts|Information Security Analysts|Computer and Information Research Scientists|Software Developers|Software Quality Assurance Analysts and Testers|Web Developers|Information Technology Project Managers|Data Scientists,Qlik Tech QlikView,N,N,PENDING_REVIEW,
ONET,08/2023,,2.E.7.e,Object or component oriented development software,,11-2021.00|11-3031.00|13-1111.00|15-1221.00|15-1252.00|15-1253.00|15-1254.00|15-1299.09|15-2051.00,Marketing Managers|Financial Managers|Management Analysts|Computer and Information Research Scientists|Software Developers|Software Quality Assurance Analysts and Testers|Web Developers|Information Technology Project Managers|Data Scientists,R,Y,Y,PENDING_REVIEW,
ONET,08/2023,,2.E.7.b,Development environment software,,11-2021.00|13-1111.00|15-1212.00|15-1221.00|15-1252.00|15-1253.00|15-1254.00|15-1299.09|15-2051.00,Marketing Managers|Management Analysts|Information Security Analysts|Computer and Information Research Scientists|Software Developers|Software Quality Assurance Analysts and Testers|Web Developers|Information Technology Project Managers|Data Scientists,Ruby,Y,N,PENDING_REVIEW,
ONET,08/2023,,2.E.7.h,Web platform development software,,11-2021.00|13-1111.00|15-1212.00|15-1252.00|15-1253.00|15-1254.00|15-1299.09,Marketing Managers|Management Analysts|Information Security Analysts|Software Developers|Software Quality Assurance Analysts and Testers|Web Developers|Information Technology Project Managers,Ruby on Rails,N,N,PENDING_REVIEW,
ONET,08/2023,,2.E.6.c,Customer relationship management CRM software,,11-2021.00,Marketing Managers,Sage SalesLogix,N,N,PENDING_REVIEW,
ONET,08/2023,,2.E.6.c,Customer relationship management CRM software,,11-2021.00|11-2032.00|11-3031.00|13-1071.00|13-1111.00|15-1212.00|15-1252.00|15-1253.00|15-1254.00|15-1299.09,Marketing Managers|Public Relations Managers|Financial Managers|Human Resources Specialists|Management Analysts|Information Security Analysts|Software Developers|Software Quality Assurance Analysts and Testers|Web Developers|Information Technology Project Managers,Salesforce software,Y,Y,PENDING_REVIEW,
ONET,08/2023,,2.E.6.c,Customer relationship management CRM software,,11-2021.00,Marketing Managers,Salesforce.com Salesforce CRM,N,N,PENDING_REVIEW,
ONET,08/2023,,2.E.2.b,Enterprise resource planning ERP software,,11-2021.00|11-3031.00|13-1071.00|13-1111.00|15-1221.00|15-1252.00|15-1253.00|15-1254.00|15-1299.09,Marketing Managers|Financial Managers|Human Resources Specialists|Management Analysts|Computer and Information Research Scientists|Software Developers|Software Quality Assurance Analysts and Testers|Web Developers|Information Technology Project Managers,SAP Business Objects,N,N,PENDING_REVIEW,
ONET,08/2023,,2.E.2.b,Enterprise resource planning ERP software,,11-2021.00|11-3031.00|11-3111.00|11-3121.00|13-1071.00|13-1111.00|13-1141.00|15-1212.00|15-1252.00|15-1253.00|15-1254.00|15-1299.09,"Marketing Managers|Financial Managers|Compensation and Benefits Managers|Human Resources Managers|Human Resources Specialists|Management Analysts|Compensation, Benefits, and Job Analysis Specialists|Information Security Analysts|Software Developers|Software Quality Assurance Analysts and Testers|Web Developers|Information Technology Project Managers",SAP software,Y,Y,PENDING_REVIEW,
ONET,08/2023,,2.E.9.d,Analytical or scientific software,,11-2021.00|11-3031.00|13-1071.00|13-1111.00|13-1141.00|15-1212.00|15-1221.00|15-1252.00|15-1253.00|15-1254.00|15-1299.09|15-2051.00,"Marketing Managers|Financial Managers|Human Resources Specialists|Management Analysts|Compensation, Benefits, and Job Analysis Specialists|Information Security Analysts|Computer and Information Research Scientists|Software Developers|Software Quality Assurance Analysts and Testers|Web Developers|Information Technology Project Managers|Data Scientists",SAS,Y,Y,PENDING_REVIEW,
ONET,08/2023,,2.E.4.c,Video creation and editing software,,11-2021.00|15-1254.00|15-1299.09,Marketing Managers|Web Developers|Information Technology Project Managers,Screencast-O-Matic,N,N,PENDING_REVIEW,
ONET,08/2023,,2.E.4.c,Video creation and editing software,,11-2021.00|13-1111.00|15-1252.00|15-1253.00|15-1254.00,Marketing Managers|Management Analysts|Software Developers|Software Quality Assurance Analysts and Testers|Web Developers,Screencastify,N,N,PENDING_REVIEW,
ONET,08/2023,,2.E.16.i,Cloud-based data access and sharing software,,11-2021.00|11-2032.00|13-1071.00|15-1252.00|15-1253.00|15-1254.00|15-1299.09,Marketing Managers|Public Relations Managers|Human Resources Specialists|Software Developers|Software Quality Assurance Analysts and Testers|Web Developers|Information Technology Project Managers,Slack,Y,N,PENDING_REVIEW,
ONET,08/2023,,2.E.4.b,Graphics or photo imaging software,,11-2021.00|11-2032.00|13-1071.00|13-1111.00|15-1252.00|15-1253.00|15-1254.00,Marketing Managers|Public Relations Managers|Human Resources Specialists|Management Analysts|Software Developers|Software Quality Assurance Analysts and Testers|Web Developers,SmugMug Flickr,N,N,PENDING_REVIEW,
ONET,08/2023,,2.E.4.g,Web page creation and editing software,,11-2021.00|11-2032.00|11-3121.00|13-1071.00|15-1252.00|15-1253.00|15-1254.00,Marketing Managers|Public Relations Managers|Human Resources Managers|Human Resources Specialists|Software Developers|Software Quality Assurance Analysts and Testers|Web Developers,Social media sites,N,N,PENDING_REVIEW,
ONET,08/2023,,2.E.16.i,Cloud-based data access and sharing software,,11-2021.00,Marketing Managers,Software as a service SaaS,N,N,PENDING_REVIEW,
ONET,08/2023,,2.E.11.e,Cloud-based management software,,11-2021.00|13-1111.00|15-1212.00|15-1221.00|15-1252.00|15-1253.00|15-1254.00|15-1299.09,Marketing Managers|Management Analysts|Information Security Analysts|Computer and Information Research Scientists|Software Developers|Software Quality Assurance Analysts and Testers|Web Developers|Information Technology Project Managers,Splunk Enterprise,Y,Y,PENDING_REVIEW,
ONET,08/2023,,2.E.9.d,Analytical or scientific software,,11-2021.00|13-1071.00|13-1111.00|15-1221.00|15-1252.00|15-1253.00|15-1299.09|15-2051.00,Marketing Managers|Human Resources Specialists|Management Analysts|Computer and Information Research Scientists|Software Developers|Software Quality Assurance Analysts and Testers|Information Technology Project Managers|Data Scientists,StataCorp Stata,N,N,PENDING_REVIEW,
ONET,08/2023,,2.E.6.f,Data base user interface and query software,,11-2021.00|11-3031.00|11-3111.00|13-1111.00|13-1141.00|15-1212.00|15-1221.00|15-1252.00|15-1253.00|15-1254.00|15-1299.09|15-2051.00,"Marketing Managers|Financial Managers|Compensation and Benefits Managers|Management Analysts|Compensation, Benefits, and Job Analysis Specialists|Information Security Analysts|Computer and Information Research Scientists|Software Developers|Software Quality Assurance Analysts and Testers|Web Developers|Information Technology Project Managers|Data Scientists",Structured query language SQL,Y,Y,PENDING_REVIEW,
ONET,08/2023,,2.E.7.e,Object or component oriented development software,,11-2021.00|13-1111.00|15-1212.00|15-1252.00|15-1253.00|15-1254.00|15-1299.09,Marketing Managers|Management Analysts|Information Security Analysts|Software Developers|Software Quality Assurance Analysts and Testers|Web Developers|Information Technology Project Managers,Swift,Y,N,PENDING_REVIEW,
ONET,08/2023,,2.E.6.m,Business intelligence and data analysis software,,11-2021.00|11-3031.00|13-1071.00|13-1111.00|15-1212.00|15-1221.00|15-1252.00|15-1253.00|15-1254.00|15-1299.09|15-2051.00,Marketing Managers|Financial Managers|Human Resources Specialists|Management Analysts|Information Security Analysts|Computer and Information Research Scientists|Software Developers|Software Quality Assurance Analysts and Testers|Web Developers|Information Technology Project Managers|Data Scientists,Tableau,Y,Y,PENDING_REVIEW,
ONET,08/2023,,2.E.2.a,Accounting software,,11-2021.00|11-3031.00|13-1071.00|13-1111.00|15-1253.00|15-1299.09,Marketing Managers|Financial Managers|Human Resources Specialists|Management Analysts|Software Quality Assurance Analysts and Testers|Information Technology Project Managers,Tax software,N,N,PENDING_REVIEW,
ONET,08/2023,,2.E.6.d,Data base management system software,,11-2021.00|11-2032.00|11-3031.00|13-1071.00|13-1111.00|15-1212.00|15-1221.00|15-1252.00|15-1253.00|15-1254.00|15-1299.09|15-2051.00,Marketing Managers|Public Relations Managers|Financial Managers|Human Resources Specialists|Management Analysts|Information Security Analysts|Computer and Information Research Scientists|Software Developers|Software Quality Assurance Analysts and Testers|Web Developers|Information Technology Project Managers|Data Scientists,Teradata Database,Y,N,PENDING_REVIEW,
ONET,08/2023,,2.E.9.d,Analytical or scientific software,,11-2021.00|13-1111.00|15-1212.00|15-1221.00|15-1252.00|15-1253.00|15-1254.00|15-1299.09|15-2051.00,Marketing Managers|Management Analysts|Information Security Analysts|Computer and Information Research Scientists|Software Developers|Software Quality Assurance Analysts and Testers|Web Developers|Information Technology Project Managers|Data Scientists,The MathWorks MATLAB,Y,Y,PENDING_REVIEW,
ONET,08/2023,,2.E.4.c,Video creation and editing software,,11-2021.00|11-2032.00,Marketing Managers|Public Relations Managers,TikTok,Y,N,PENDING_REVIEW,
ONET,08/2023,,2.E.10.e,Internet browser software,,11-2021.00|11-2032.00|11-3111.00|11-3121.00|13-1071.00|13-1111.00|15-1253.00,Marketing Managers|Public Relations Managers|Compensation and Benefits Managers|Human Resources Managers|Human Resources Specialists|Management Analysts|Software Quality Assurance Analysts and Testers,Web browser software,N,N,PENDING_REVIEW,
ONET,08/2023,,2.E.4.c,Video creation and editing software,,11-2021.00|11-2032.00,Marketing Managers|Public Relations Managers,WeVideo,N,N,PENDING_REVIEW,
ONET,08/2023,,2.E.4.g,Web page creation and editing software,,11-2021.00|11-2032.00|15-1252.00|15-1254.00,Marketing Managers|Public Relations Managers|Software Developers|Web Developers,WordPress,Y,Y,PENDING_REVIEW,
ONET,08/2023,,2.E.6.f,Data base user interface and query software,,11-2021.00|11-2032.00|11-3031.00,Marketing Managers|Public Relations Managers|Financial Managers,Yardi software,Y,N,PENDING_REVIEW,
ONET,08/2023,,2.E.4.c,Video creation and editing software,,11-2021.00|11-2032.00|11-3121.00|13-1071.00|15-1252.00|15-1253.00|15-1254.00,Marketing Managers|Public Relations Managers|Human Resources Managers|Human Resources Specialists|Software Developers|Software Quality Assurance Analysts and Testers|Web Developers,YouTube,N,N,PENDING_REVIEW,
ONET,08/2023,,2.E.4.k,Desktop publishing software,,11-2032.00,Public Relations Managers,Adobe Distiller,N,N,PENDING_REVIEW,
ONET,08/2023,,2.E.4.k,Desktop publishing software,,11-2032.00|11-3111.00,Public Relations Managers|Compensation and Benefits Managers,Adobe PageMaker,N,N,PENDING_REVIEW,
ONET,08/2023,,2.E.4.c,Video creation and editing software,,11-2032.00,Public Relations Managers,Apple iDVD,N,N,PENDING_REVIEW,
ONET,08/2023,,2.E.4.c,Video creation and editing software,,11-2032.00|11-3111.00,Public Relations Managers|Compensation and Benefits Managers,Apple iMovie,N,N,PENDING_REVIEW,
ONET,08/2023,,2.E.6.c,Customer relationship management CRM software,,11-2032.00,Public Relations Managers,Blackbaud eTapestry,N,N,PENDING_REVIEW,
ONET,08/2023,,2.E.1.k,Office suite software,,11-2032.00|11-3121.00|43-4161.00,"Public Relations Managers|Human Resources Managers|Human Resources Assistants, Except Payroll and Timekeeping",Corel WordPerfect Office Suite,N,N,PENDING_REVIEW,
ONET,08/2023,,2.E.16.a,Electronic mail software,,11-2032.00|15-1252.00|15-1253.00,Public Relations Managers|Software Developers|Software Quality Assurance Analysts and Testers,Google Gmail,N,N,PENDING_REVIEW,
ONET,08/2023,,2.E.1.k,Office suite software,,11-2032.00,Public Relations Managers,Google Workspace software,Y,N,PENDING_REVIEW,
ONET,08/2023,,2.E.1.c,Human resources software,,11-2032.00|11-3031.00|11-3111.00|11-3121.00|13-1071.00|13-1111.00|13-1141.00|15-1212.00|15-1253.00|15-1299.09|43-4161.00,"Public Relations Managers|Financial Managers|Compensation and Benefits Managers|Human Resources Managers|Human Resources Specialists|Management Analysts|Compensation, Benefits, and Job Analysis Specialists|Information Security Analysts|Software Quality Assurance Analysts and Testers|Information Technology Project Managers|Human Resources Assistants, Except Payroll and Timekeeping",Human resource management software HRMS,N,N,PENDING_REVIEW,
ONET,08/2023,,2.E.16.a,Electronic mail software,,11-2032.00|13-1111.00,Public Relations Managers|Management Analysts,MicroFocus GroupWise,N,N,PENDING_REVIEW,
ONET,08/2023,,2.E.1.l,Sales and marketing software,,11-2032.00,Public Relations Managers,MightyScout,N,N,PENDING_REVIEW,
ONET,08/2023,,2.E.4.k,Desktop publishing software,,11-2032.00,Public Relations Managers,QuarkXPress,N,N,PENDING_REVIEW,
ONET,08/2023,,2.E.1.e,Project management software,,11-2032.00,Public Relations Managers,zkipster,N,N,PENDING_REVIEW,
ONET,08/2023,,2.E.16.b,Video conferencing software,,11-2032.00|13-1071.00|15-1252.00|15-1253.00,Public Relations Managers|Human Resources Specialists|Software Developers|Software Quality Assurance Analysts and Testers,Zoom,Y,N,PENDING_REVIEW,
ONET,08/2023,,2.E.2.a,Accounting software,,11-3031.00,Financial Managers,Accounts receivable software,N,N,PENDING_REVIEW,
ONET,08/2023,,2.E.1.c,Human resources software,,11-3031.00|11-3111.00|11-3121.00|13-1071.00|13-1111.00|13-1141.00|43-4161.00,"Financial Managers|Compensation and Benefits Managers|Human Resources Managers|Human Resources Specialists|Management Analysts|Compensation, Benefits, and Job Analysis Specialists|Human Resources Assistants, Except Payroll and Timekeeping",ADP Workforce Now,N,N,PENDING_REVIEW,
ONET,08/2023,,2.E.6.m,Business intelligence and data analysis software,,11-3031.00|13-1111.00|15-1252.00|15-2051.00,Financial Managers|Management Analysts|Software Developers|Data Scientists,Alteryx software,Y,N,PENDING_REVIEW,
ONET,08/2023,,2.E.2.d,Financial analysis software,,11-3031.00,Financial Managers,ARES Corporation PRISM Project Estimator,N,N,PENDING_REVIEW,
ONET,08/2023,,2.E.2.d,Financial analysis software,,11-3031.00,Financial Managers,Credit management software,N,N,PENDING_REVIEW,
ONET,08/2023,,2.E.9.i,Medical software,,11-3031.00|11-3111.00|13-1111.00|13-1141.00|15-1299.09,"Financial Managers|Compensation and Benefits Managers|Management Analysts|Compensation, Benefits, and Job Analysis Specialists|Information Technology Project Managers",Healthcare common procedure coding system HCPCS,N,N,PENDING_REVIEW,
ONET,08/2023,,2.E.1.c,Human resources software,,11-3031.00|11-3111.00|11-3121.00|13-1071.00|13-1141.00|43-4161.00,"Financial Managers|Compensation and Benefits Managers|Human Resources Managers|Human Resources Specialists|Compensation, Benefits, and Job Analysis Specialists|Human Resources Assistants, Except Payroll and Timekeeping",Human resource information system (HRIS),N,N,PENDING_REVIEW,
ONET,08/2023,,2.E.2.b,Enterprise resource planning ERP software,,11-3031.00|11-3111.00|11-3121.00|13-1071.00|13-1111.00|15-1252.00|15-1253.00|15-1299.09,Financial Managers|Compensation and Benefits Managers|Human Resources Managers|Human Resources Specialists|Management Analysts|Software Developers|Software Quality Assurance Analysts and Testers|Information Technology Project Managers,Microsoft Dynamics GP,N,N,PENDING_REVIEW,
ONET,08/2023,,2.E.16.a,Electronic mail software,,11-3031.00|13-1111.00|15-1212.00|15-1252.00|15-1253.00|15-1299.09,Financial Managers|Management Analysts|Information Security Analysts|Software Developers|Software Quality Assurance Analysts and Testers|Information Technology Project Managers,Microsoft Exchange,N,N,PENDING_REVIEW,
ONET,08/2023,,2.E.13.c,Operating system software,,11-3031.00|13-1071.00|13-1111.00|15-1212.00|15-1252.00|15-1253.00|15-1254.00|15-1299.09,Financial Managers|Human Resources Specialists|Management Analysts|Information Security Analysts|Software Developers|Software Quality Assurance Analysts and Testers|Web Developers|Information Technology Project Managers,Microsoft Windows,Y,N,PENDING_REVIEW,
ONET,08/2023,,2.E.4.i,Spreadsheet software,,11-3031.00,Financial Managers,Moody's KMV FAMAS,N,N,PENDING_REVIEW,
ONET,08/2023,,2.E.2.b,Enterprise resource planning ERP software,,11-3031.00|11-3111.00|13-1071.00|13-1111.00|15-1212.00|15-1252.00|15-1253.00|15-1254.00|15-1299.09,Financial Managers|Compensation and Benefits Managers|Human Resources Specialists|Management Analysts|Information Security Analysts|Software Developers|Software Quality Assurance Analysts and Testers|Web Developers|Information Technology Project Managers,Oracle JD Edwards EnterpriseOne,N,N,PENDING_REVIEW,
ONET,08/2023,,2.E.1.e,Project management software,,11-3031.00|13-1071.00|13-1111.00|15-1252.00|15-1253.00|15-1299.09,Financial Managers|Human Resources Specialists|Management Analysts|Software Developers|Software Quality Assurance Analysts and Testers|Information Technology Project Managers,Oracle Primavera Enterprise Project Portfolio Management,Y,N,PENDING_REVIEW,
ONET,08/2023,,2.E.2.a,Accounting software,,11-3031.00|11-3121.00|13-1071.00|13-1111.00,Financial Managers|Human Resources Managers|Human Resources Specialists|Management Analysts,Sage 50 Accounting,N,N,PENDING_REVIEW,
ONET,08/2023,,2.E.6.e,Data base reporting software,,11-3031.00|13-1071.00|13-1111.00|13-1141.00|15-1212.00|15-1252.00|15-1253.00|15-1254.00|15-1299.09,"Financial Managers|Human Resources Specialists|Management Analysts|Compensation, Benefits, and Job Analysis Specialists|Information Security Analysts|Software Developers|Software Quality Assurance Analysts and Testers|Web Developers|Information Technology Project Managers",SAP Crystal Reports,N,N,PENDING_REVIEW,
ONET,08/2023,,2.E.9.e,Compliance software,,11-3031.00,Financial Managers,Tax compliance property tax management software,N,N,PENDING_REVIEW,
ONET,08/2023,,2.E.2.b,Enterprise resource planning ERP software,,11-3031.00|11-3111.00|11-3121.00|13-1071.00|13-1141.00|15-1252.00,"Financial Managers|Compensation and Benefits Managers|Human Resources Managers|Human Resources Specialists|Compensation, Benefits, and Job Analysis Specialists|Software Developers",Workday software,Y,Y,PENDING_REVIEW,
ONET,08/2023,,2.E.1.c,Human resources software,,11-3111.00,Compensation and Benefits Managers,!Trak-it Solutions !Trak-it HR,N,N,PENDING_REVIEW,
ONET,08/2023,,2.E.1.c,Human resources software,,11-3111.00,Compensation and Benefits Managers,ADP Employease,N,N,PENDING_REVIEW,
ONET,08/2023,,2.E.1.c,Human resources software,,11-3111.00|11-3121.00,Compensation and Benefits Managers|Human Resources Managers,ADP HR/Benefits Solution,N,N,PENDING_REVIEW,
ONET,08/2023,,2.E.6.e,Data base reporting software,,11-3111.00,Compensation and Benefits Managers,AdRelevance,N,N,PENDING_REVIEW,
ONET,08/2023,,2.E.1.c,Human resources software,,11-3111.00,Compensation and Benefits Managers,Apex Business Software iHR,N,N,PENDING_REVIEW,
ONET,08/2023,,2.E.1.c,Human resources software,,11-3111.00|13-1141.00,"Compensation and Benefits Managers|Compensation, Benefits, and Job Analysis Specialists",Ascentis HR,N,N,PENDING_REVIEW,
ONET,08/2023,,2.E.1.c,Human resources software,,11-3111.00,Compensation and Benefits Managers,ASL HR Director,N,N,PENDING_REVIEW,
ONET,08/2023,,2.E.1.c,Human resources software,,11-3111.00,Compensation and Benefits Managers,Asure Software HCM,N,N,PENDING_REVIEW,
ONET,08/2023,,2.E.5.b,Document management software,,11-3111.00|11-3121.00,Compensation and Benefits Managers|Human Resources Managers,Atlas Business Solutions Staff Files,N,N,PENDING_REVIEW,
ONET,08/2023,,2.E.1.c,Human resources software,,11-3111.00,Compensation and Benefits Managers,Auxillium West HRnetSource,N,N,PENDING_REVIEW,
ONET,08/2023,,2.E.1.c,Human resources software,,11-3111.00,Compensation and Benefits Managers,Blue Chip Computer Consultants HumaNET,N,N,PENDING_REVIEW,
ONET,08/2023,,2.E.2.b,Enterprise resource planning ERP software,,11-3111.00,Compensation and Benefits Managers,Brainworks,N,N,PENDING_REVIEW,
ONET,08/2023,,2.E.9.d,Analytical or scientific software,,11-3111.00,Compensation and Benefits Managers,Business analysis software,N,N,PENDING_REVIEW,
ONET,08/2023,,2.E.1.c,Human resources software,,11-3111.00|11-3121.00|13-1111.00|13-1141.00,"Compensation and Benefits Managers|Human Resources Managers|Management Analysts|Compensation, Benefits, and Job Analysis Specialists",Ceridian Dayforce enterprise HCM,N,N,PENDING_REVIEW,
ONET,08/2023,,2.E.1.c,Human resources software,,11-3111.00,Compensation and Benefits Managers,Consultants in Data Processing HRnet,N,N,PENDING_REVIEW,
ONET,08/2023,,2.E.1.c,Human resources software,,11-3111.00,Compensation and Benefits Managers,Datamatics V-Core HR,N,N,PENDING_REVIEW,
ONET,08/2023,,2.E.2.a,Accounting software,,11-3111.00,Compensation and Benefits Managers,Deltek Costpoint,N,N,PENDING_REVIEW,
ONET,08/2023,,2.E.1.c,Human resources software,,11-3111.00,Compensation and Benefits Managers,DenoSys HRiStragegy,N,N,PENDING_REVIEW,
ONET,08/2023,,2.E.5.b,Document management software,,11-3111.00|13-1141.00|15-1252.00|15-1253.00|15-1299.09|43-4161.00,"Compensation and Benefits Managers|Compensation, Benefits, and Job Analysis Specialists|Software Developers|Software Quality Assurance Analysts and Testers|Information Technology Project Managers|Human Resources Assistants, Except Payroll and Timekeeping",Document management system software,N,N,PENDING_REVIEW,
ONET,08/2023,,2.E.2.f,Billing and invoicing software,,11-3111.00,Compensation and Benefits Managers,e-MDs Bill,N,N,PENDING_REVIEW,
ONET,08/2023,,2.E.1.e,Project management software,,11-3111.00,Compensation and Benefits Managers,Experience in Software Webplanner,N,N,PENDING_REVIEW,
ONET,08/2023,,2.E.1.c,Human resources software,,11-3111.00,Compensation and Benefits Managers,FSC Business Solutions Department Managers' Toolkit,N,N,PENDING_REVIEW,
ONET,08/2023,,2.E.1.c,Human resources software,,11-3111.00,Compensation and Benefits Managers,Genesys PeopleComeFirst,N,N,PENDING_REVIEW,
ONET,08/2023,,2.E.1.c,Human resources software,,11-3111.00,Compensation and Benefits Managers,Global Groupware Solutions Limited Smiles ERM On-Demand,N,N,PENDING_REVIEW,
ONET,08/2023,,2.E.1.c,Human resources software,,11-3111.00,Compensation and Benefits Managers,HarrisData Human Resources Information System HRIS,N,N,PENDING_REVIEW,
ONET,08/2023,,2.E.1.c,Human resources software,,11-3111.00,Compensation and Benefits Managers,HR-ease,N,N,PENDING_REVIEW,
ONET,08/2023,,2.E.1.c,Human resources software,,11-3111.00,Compensation and Benefits Managers,HRMS Solutions iVantage,N,N,PENDING_REVIEW,
ONET,08/2023,,2.E.1.c,Human resources software,,11-3111.00,Compensation and Benefits Managers,hSenid Business Solutions HRM Enterprise,N,N,PENDING_REVIEW,
ONET,08/2023,,2.E.1.c,Human resources software,,11-3111.00|13-1141.00,"Compensation and Benefits Managers|Compensation, Benefits, and Job Analysis Specialists",Humanic Design Human Resources Management System,N,N,PENDING_REVIEW,
ONET,08/2023,,2.E.1.c,Human resources software,,11-3111.00,Compensation and Benefits Managers,iEmployee,N,N,PENDING_REVIEW,
ONET,08/2023,,2.E.1.c,Human resources software,,11-3111.00,Compensation and Benefits Managers,Jenss & Associates CompKeeper,N,N,PENDING_REVIEW,
ONET,08/2023,,2.E.1.c,Human resources software,,11-3111.00|11-3121.00|13-1071.00,Compensation and Benefits Managers|Human Resources Managers|Human Resources Specialists,Lawson Human Resource Management,N,N,PENDING_REVIEW,
ONET,08/2023,,2.E.6.f,Data base user interface and query software,,11-3111.00,Compensation and Benefits Managers,Microsoft Dynamics Marketing,N,N,PENDING_REVIEW,
ONET,08/2023,,2.E.1.c,Human resources software,,11-3111.00,Compensation and Benefits Managers,NOW Solutions emPath,N,N,PENDING_REVIEW,
ONET,08/2023,,2.E.1.c,Human resources software,,11-3111.00,Compensation and Benefits Managers,Nuview Systems Cort HCM,N,N,PENDING_REVIEW,
ONET,08/2023,,2.E.1.c,Human resources software,,11-3111.00,Compensation and Benefits Managers,NuView Systems NuViewHR,N,N,PENDING_REVIEW,
ONET,08/2023,,2.E.2.b,Enterprise resource planning ERP software,,11-3111.00,Compensation and Benefits Managers,Oracle E-Business Suite,N,N,PENDING_REVIEW,
ONET,08/2023,,2.E.1.c,Human resources software,,11-3111.00|11-3121.00|13-1071.00|13-1141.00|43-4161.00,"Compensation and Benefits Managers|Human Resources Managers|Human Resources Specialists|Compensation, Benefits, and Job Analysis Specialists|Human Resources Assistants, Except Payroll and Timekeeping",Oracle HRIS,N,Y,PENDING_REVIEW,
ONET,08/2023,,2.E.1.c,Human resources software,,11-3111.00,Compensation and Benefits Managers,OrangeHRM,N,N,PENDING_REVIEW,
ONET,08/2023,,2.E.6.f,Data base user interface and query software,,11-3111.00,Compensation and Benefits Managers,PaloAlto Advertising Plan Pro,N,N,PENDING_REVIEW,
ONET,08/2023,,2.E.1.c,Human resources software,,11-3111.00,Compensation and Benefits Managers,PDS Vista,N,N,PENDING_REVIEW,
ONET,08/2023,,2.E.1.c,Human resources software,,11-3111.00,Compensation and Benefits Managers,People-Trak HR Essentials,N,N,PENDING_REVIEW,
ONET,08/2023,,2.E.1.c,Human resources software,,11-3111.00,Compensation and Benefits Managers,PerfectSoftware PerfectHR,N,N,PENDING_REVIEW,
ONET,08/2023,,2.E.1.c,Human resources software,,11-3111.00,Compensation and Benefits Managers,Piney Creek Digital Protocol System,N,N,PENDING_REVIEW,
ONET,08/2023,,2.E.1.c,Human resources software,,11-3111.00,Compensation and Benefits Managers,PSTek,N,N,PENDING_REVIEW,
ONET,08/2023,,2.E.1.c,Human resources software,,11-3111.00,Compensation and Benefits Managers,Quadkey HR Server,N,N,PENDING_REVIEW,
ONET,08/2023,,2.E.4.k,Desktop publishing software,,11-3111.00,Compensation and Benefits Managers,Quark enterprise publishing software,N,N,PENDING_REVIEW,
ONET,08/2023,,2.E.9.d,Analytical or scientific software,,11-3111.00,Compensation and Benefits Managers,Relex Weibull,N,N,PENDING_REVIEW,
ONET,08/2023,,2.E.1.c,Human resources software,,11-3111.00|11-3121.00,Compensation and Benefits Managers|Human Resources Managers,Sage HRMS,N,N,PENDING_REVIEW,
ONET,08/2023,,2.E.1.c,Human resources software,,11-3111.00,Compensation and Benefits Managers,Saigun Technologies EmpXtrack,N,N,PENDING_REVIEW,
ONET,08/2023,,2.E.1.c,Human resources software,,11-3111.00,Compensation and Benefits Managers,Sentient Online MarketPrice,N,N,PENDING_REVIEW,
ONET,08/2023,,2.E.1.c,Human resources software,,11-3111.00,Compensation and Benefits Managers,Trigon Road Forte Leave Management,N,N,PENDING_REVIEW,
ONET,08/2023,,2.E.1.c,Human resources software,,11-3111.00|11-3121.00,Compensation and Benefits Managers|Human Resources Managers,UCN inContact Workforce Management Software WFM,N,N,PENDING_REVIEW,
ONET,08/2023,,2.E.1.c,Human resources software,,11-3111.00,Compensation and Benefits Managers,Ultimate Software UltiPro,N,N,PENDING_REVIEW,
ONET,08/2023,,2.E.1.c,Human resources software,,11-3111.00,Compensation and Benefits Managers,Vantage Point Software HRA,N,N,PENDING_REVIEW,
ONET,08/2023,,2.E.4.e,Charting software,,11-3121.00,Human Resources Managers,AASoftTech Web Organization Chart,N,N,PENDING_REVIEW,
ONET,08/2023,,2.E.2.a,Accounting software,,11-3121.00,Human Resources Managers,AccountantsWorld Payroll Relief,N,N,PENDING_REVIEW,
ONET,08/2023,,2.E.1.c,Human resources software,,11-3121.00|43-4161.00,"Human Resources Managers|Human Resources Assistants, Except Payroll and Timekeeping",ADP Enterprise HR,N,N,PENDING_REVIEW,
ONET,08/2023,,2.E.2.e,Time accounting software,,11-3121.00,Human Resources Managers,ADP ezLaborManager,N,N,PENDING_REVIEW,
ONET,08/2023,,2.E.1.c,Human resources software,,11-3121.00,Human Resources Managers,ADP HR/Profile,N,N,PENDING_REVIEW,
ONET,08/2023,,2.E.2.e,Time accounting software,,11-3121.00,Human Resources Managers,ADP Pay eXpert,N,N,PENDING_REVIEW,
ONET,08/2023,,2.E.1.c,Human resources software,,11-3121.00,Human Resources Managers,AllNetic Working Time Tracker,N,N,PENDING_REVIEW,
ONET,08/2023,,2.E.1.c,Human resources software,,11-3121.00|13-1071.00|43-4161.00,"Human Resources Managers|Human Resources Specialists|Human Resources Assistants, Except Payroll and Timekeeping",Applicant tracking software,N,Y,PENDING_REVIEW,
ONET,08/2023,,2.E.1.c,Human resources software,,11-3121.00,Human Resources Managers,Arrow Electronics N/Compass,N,N,PENDING_REVIEW,
ONET,08/2023,,2.E.1.c,Human resources software,,11-3121.00,Human Resources Managers,Authoria Adviser,N,N,PENDING_REVIEW,
ONET,08/2023,,2.E.6.f,Data base user interface and query software,,11-3121.00,Human Resources Managers,Automation Centre Personnel Tracker,N,N,PENDING_REVIEW,
ONET,08/2023,,2.E.2.e,Time accounting software,,11-3121.00,Human Resources Managers,Data Management TimeClock Plus,N,N,PENDING_REVIEW,
ONET,08/2023,,2.E.1.c,Human resources software,,11-3121.00,Human Resources Managers,Defense Travel System,N,N,PENDING_REVIEW,
ONET,08/2023,,2.E.2.b,Enterprise resource planning ERP software,,11-3121.00,Human Resources Managers,Deltek Vision,N,N,PENDING_REVIEW,
ONET,08/2023,,2.E.2.e,Time accounting software,,11-3121.00,Human Resources Managers,Exact Software Macola ES Labor Performance,N,N,PENDING_REVIEW,
ONET,08/2023,,2.E.1.c,Human resources software,,11-3121.00,Human Resources Managers,Fidelity HR/Payroll,N,N,PENDING_REVIEW,
ONET,08/2023,,2.E.1.c,Human resources software,,11-3121.00,Human Resources Managers,Halogen e360,N,N,PENDING_REVIEW,
ONET,08/2023,,2.E.1.c,Human resources software,,11-3121.00,Human Resources Managers,Halogen ePraisal,N,N,PENDING_REVIEW,
ONET,08/2023,,2.E.1.c,Human resources software,,11-3121.00,Human Resources Managers,Harpers Payroll Services HR la Carte,N,N,PENDING_REVIEW,
ONET,08/2023,,2.E.4.i,Spreadsheet software,,11-3121.00,Human Resources Managers,IBM Lotus 1-2-3,N,N,PENDING_REVIEW,
ONET,08/2023,,2.E.1.c,Human resources software,,11-3121.00,Human Resources Managers,Inception Technologies InfiniTime,N,N,PENDING_REVIEW,
ONET,08/2023,,2.E.2.b,Enterprise resource planning ERP software,,11-3121.00,Human Resources Managers,Infor ERP SyteLine,N,N,PENDING_REVIEW,
ONET,08/2023,,2.E.1.c,Human resources software,,11-3121.00,Human Resources Managers,Infor SSA Human Capital Management,N,N,PENDING_REVIEW,
ONET,08/2023,,2.E.2.e,Time accounting software,,11-3121.00,Human Resources Managers,Infotronics Attendance Enterprise,N,N,PENDING_REVIEW,
ONET,08/2023,,2.E.1.c,Human resources software,,11-3121.00,Human Resources Managers,interactive Personnel Electronic Records Management System iPERMS,N,N,PENDING_REVIEW,
ONET,08/2023,,2.E.2.e,Time accounting software,,11-3121.00,Human Resources Managers,iSystems Evolution Payroll and Tax Management,N,N,PENDING_REVIEW,
ONET,08/2023,,2.E.2.e,Time accounting software,,11-3121.00,Human Resources Managers,Jantek Electronics Jupiter Time & Attendance,N,N,PENDING_REVIEW,
ONET,08/2023,,2.E.2.b,Enterprise resource planning ERP software,,11-3121.00,Human Resources Managers,Kronos Enterprise Workforce Management,N,N,PENDING_REVIEW,
ONET,08/2023,,2.E.2.e,Time accounting software,,11-3121.00|13-1071.00|13-1141.00,"Human Resources Managers|Human Resources Specialists|Compensation, Benefits, and Job Analysis Specialists",Kronos Workforce Timekeeper,Y,N,PENDING_REVIEW,
ONET,08/2023,,2.E.1.c,Human resources software,,11-3121.00,Human Resources Managers,Lawson Human Resources Suite,N,N,PENDING_REVIEW,
ONET,08/2023,,2.E.5.b,Document management software,,11-3121.00,Human Resources Managers,Microsoft SharePoint Server,N,N,PENDING_REVIEW,
ONET,08/2023,,2.E.1.c,Human resources software,,11-3121.00,Human Resources Managers,Midrange Software XpertHire,N,N,PENDING_REVIEW,
ONET,08/2023,,2.E.2.a,Accounting software,,11-3121.00,Human Resources Managers,New World Systems Logos.NET,N,N,PENDING_REVIEW,
ONET,08/2023,,2.E.2.e,Time accounting software,,11-3121.00,Human Resources Managers,Norchard Solutions Succession Wizard,N,N,PENDING_REVIEW,
ONET,08/2023,,2.E.4.d,Word processing software,,11-3121.00,Human Resources Managers,Nuvosoft Rwiz,N,N,PENDING_REVIEW,
ONET,08/2023,,2.E.1.c,Human resources software,,11-3121.00|13-1071.00|13-1111.00|13-1141.00|15-1299.09|43-4161.00,"Human Resources Managers|Human Resources Specialists|Management Analysts|Compensation, Benefits, and Job Analysis Specialists|Information Technology Project Managers|Human Resources Assistants, Except Payroll and Timekeeping",Oracle Taleo,N,N,PENDING_REVIEW,
ONET,08/2023,,2.E.1.c,Human resources software,,11-3121.00,Human Resources Managers,Paychex payroll software,N,N,PENDING_REVIEW,
ONET,08/2023,,2.E.1.c,Human resources software,,11-3121.00,Human Resources Managers,Paycor payroll management,N,N,PENDING_REVIEW,
ONET,08/2023,,2.E.2.e,Time accounting software,,11-3121.00,Human Resources Managers,Paylocity Web Pay,N,N,PENDING_REVIEW,
ONET,08/2023,,2.E.5.b,Document management software,,11-3121.00,Human Resources Managers,PDF readers,N,N,PENDING_REVIEW,
ONET,08/2023,,2.E.1.c,Human resources software,,11-3121.00,Human Resources Managers,People-Trak software,N,N,PENDING_REVIEW,
ONET,08/2023,,2.E.1.c,Human resources software,,11-3121.00,Human Resources Managers,peoplefluent Performance,N,N,PENDING_REVIEW,
ONET,08/2023,,2.E.1.c,Human resources software,,11-3121.00,Human Resources Managers,peoplefluent Recruiting,N,N,PENDING_REVIEW,
ONET,08/2023,,2.E.1.c,Human resources software,,11-3121.00,Human Resources Managers,Pereless Systems software,N,N,PENDING_REVIEW,
ONET,08/2023,,2.E.2.e,Time accounting software,,11-3121.00,Human Resources Managers,Qqest TimeForce,N,N,PENDING_REVIEW,
ONET,08/2023,,2.E.1.c,Human resources software,,11-3121.00,Human Resources Managers,QuestionMark,N,N,PENDING_REVIEW,
ONET,08/2023,,2.E.6.e,Data base reporting software,,11-3121.00,Human Resources Managers,SAP BusinessObjects Crystal Reports,N,N,PENDING_REVIEW,
ONET,08/2023,,2.E.1.c,Human resources software,,11-3121.00,Human Resources Managers,Savitr RecruitX,N,N,PENDING_REVIEW,
ONET,08/2023,,2.E.2.e,Time accounting software,,11-3121.00,Human Resources Managers,Soft Trac Microix Timesheet,N,N,PENDING_REVIEW,
ONET,08/2023,,2.E.1.c,Human resources software,,11-3121.00,Human Resources Managers,Standard Installation and Division Personnel Reporting System SIDPERS,N,N,PENDING_REVIEW,
ONET,08/2023,,2.E.9.e,Compliance software,,11-3121.00,Human Resources Managers,Stratitec TimeIPS,N,N,PENDING_REVIEW,
ONET,08/2023,,2.E.2.e,Time accounting software,,11-3121.00,Human Resources Managers,Stromberg Enterprise,N,N,PENDING_REVIEW,
ONET,08/2023,,2.E.1.c,Human resources software,,11-3121.00,Human Resources Managers,Tesseract Benefits Manager,N,N,PENDING_REVIEW,
ONET,08/2023,,2.E.1.c,Human resources software,,11-3121.00,Human Resources Managers,Tesseract Human Resources Manager,N,N,PENDING_REVIEW,
ONET,08/2023,,2.E.1.c,Human resources software,,11-3121.00,Human Resources Managers,Total Officer Personnel Management Information System TOPMIS,N,N,PENDING_REVIEW,
ONET,08/2023,,2.E.8.b,Computer based training software,,11-3121.00,Human Resources Managers,Training software,N,N,PENDING_REVIEW,
ONET,08/2023,,2.E.2.b,Enterprise resource planning ERP software,,11-3121.00,Human Resources Managers,Tyler Technologies MUNIS,N,N,PENDING_REVIEW,
ONET,08/2023,,2.E.1.c,Human resources software,,11-3121.00|13-1141.00|43-4161.00,"Human Resources Managers|Compensation, Benefits, and Job Analysis Specialists|Human Resources Assistants, Except Payroll and Timekeeping",Ultimate Software UltiPro Workplace,N,N,PENDING_REVIEW,
ONET,08/2023,,2.E.1.c,Human resources software,,11-3121.00,Human Resources Managers,Unicorn HRO Open4,N,N,PENDING_REVIEW,
ONET,08/2023,,2.E.1.c,Human resources software,,11-3121.00,Human Resources Managers,UniFocus Watson Human Resources Manager,N,N,PENDING_REVIEW,
ONET,08/2023,,2.E.1.c,Human resources software,,11-3121.00,Human Resources Managers,WhizLabs,N,N,PENDING_REVIEW,
ONET,08/2023,,2.E.5.b,Document management software,,11-3121.00,Human Resources Managers,WinOcular,N,N,PENDING_REVIEW,
ONET,08/2023,,2.E.1.c,Human resources software,,13-1071.00,Human Resources Specialists,Adobe Human Capital Application Solution Accelerator,N,N,PENDING_REVIEW,
ONET,08/2023,,2.E.5.b,Document management software,,13-1071.00,Human Resources Specialists,Adobe LifeCycle Enterprise Suite,N,N,PENDING_REVIEW,
ONET,08/2023,,2.E.7.e,Object or component oriented development software,,13-1071.00|13-1111.00|15-1212.00|15-1252.00|15-1253.00|15-1254.00|15-1299.09,Human Resources Specialists|Management Analysts|Information Security Analysts|Software Developers|Software Quality Assurance Analysts and Testers|Web Developers|Information Technology Project Managers,Advanced business application programming ABAP,N,N,PENDING_REVIEW,
ONET,08/2023,,2.E.1.c,Human resources software,,13-1071.00,Human Resources Specialists,ApplicantPro iApplicants,N,N,PENDING_REVIEW,
ONET,08/2023,,2.E.1.c,Human resources software,,13-1071.00,Human Resources Specialists,Arbita OnePost,N,N,PENDING_REVIEW,
ONET,08/2023,,2.E.1.c,Human resources software,,13-1071.00,Human Resources Specialists,Arbita OneWorld,N,N,PENDING_REVIEW,
ONET,08/2023,,2.E.9.d,Analytical or scientific software,,13-1071.00,Human Resources Specialists,Assessment software,N,N,PENDING_REVIEW,
ONET,08/2023,,2.E.1.c,Human resources software,,13-1071.00,Human Resources Specialists,AST Staff Matrix,N,N,PENDING_REVIEW,
ONET,08/2023,,2.E.1.c,Human resources software,,13-1071.00,Human Resources Specialists,Background checking software,N,N,PENDING_REVIEW,
ONET,08/2023,,2.E.6.f,Data base user interface and query software,,13-1071.00|13-1111.00|15-1212.00|15-1252.00|15-1253.00|15-1254.00,Human Resources Specialists|Management Analysts|Information Security Analysts|Software Developers|Software Quality Assurance Analysts and Testers|Web Developers,Blackboard software,N,N,PENDING_REVIEW,
ONET,08/2023,,2.E.1.c,Human resources software,,13-1071.00,Human Resources Specialists,Blackdog,N,N,PENDING_REVIEW,
ONET,08/2023,,2.E.1.c,Human resources software,,13-1071.00,Human Resources Specialists,BlackDog Recruiting,N,N,PENDING_REVIEW,
ONET,08/2023,,2.E.1.c,Human resources software,,13-1071.00,Human Resources Specialists,Bond International Adapt Staffing,N,N,PENDING_REVIEW,
ONET,08/2023,,2.E.1.c,Human resources software,,13-1071.00,Human Resources Specialists,Bond International Software Bond StaffSuite,N,N,PENDING_REVIEW,
ONET,08/2023,,2.E.1.c,Human resources software,,13-1071.00,Human Resources Specialists,BrightMove Applicant Tracking System,N,N,PENDING_REVIEW,
ONET,08/2023,,2.E.1.c,Human resources software,,13-1071.00,Human Resources Specialists,Bullhorn Applicant Tracking System,N,N,PENDING_REVIEW,
ONET,08/2023,,2.E.1.c,Human resources software,,13-1071.00,Human Resources Specialists,Candidate screening software,N,N,PENDING_REVIEW,
ONET,08/2023,,2.E.1.c,Human resources software,,13-1071.00,Human Resources Specialists,Candidate tracking software,N,N,PENDING_REVIEW,
ONET,08/2023,,2.E.1.c,Human resources software,,13-1071.00,Human Resources Specialists,Careerbuilder.com,N,N,PENDING_REVIEW,
ONET,08/2023,,2.E.16.b,Video conferencing software,,13-1071.00|13-1111.00|15-1252.00|15-1253.00|15-1254.00|15-1299.09,Human Resources Specialists|Management Analysts|Software Developers|Software Quality Assurance Analysts and Testers|Web Developers|Information Technology Project Managers,Cisco Webex,Y,N,PENDING_REVIEW,
ONET,08/2023,,2.E.1.c,Human resources software,,13-1071.00,Human Resources Specialists,Cluen Encore,N,N,PENDING_REVIEW,
ONET,08/2023,,2.E.1.c,Human resources software,,13-1071.00,Human Resources Specialists,Cluen executive recruitment software,N,N,PENDING_REVIEW,
ONET,08/2023,,2.E.1.c,Human resources software,,13-1071.00,Human Resources Specialists,COATSsql,N,N,PENDING_REVIEW,
ONET,08/2023,,2.E.1.c,Human resources software,,13-1071.00,Human Resources Specialists,CVTracer,N,N,PENDING_REVIEW,
ONET,08/2023,,2.E.6.f,Data base user interface and query software,,13-1071.00,Human Resources Specialists,Data entry software,N,N,PENDING_REVIEW,
ONET,08/2023,,2.E.1.c,Human resources software,,13-1071.00,Human Resources Specialists,Data Frenzy,N,N,PENDING_REVIEW,
ONET,08/2023,,2.E.1.c,Human resources software,,13-1071.00,Human Resources Specialists,DGCC.com RecruitTrack,N,N,PENDING_REVIEW,
ONET,08/2023,,2.E.1.c,Human resources software,,13-1071.00,Human Resources Specialists,Ellucian Banner Human Resources,N,N,PENDING_REVIEW,
ONET,08/2023,,2.E.7.h,Web platform development software,,13-1071.00|13-1111.00|15-1212.00|15-1252.00|15-1253.00|15-1254.00|15-1299.09,Human Resources Specialists|Management Analysts|Information Security Analysts|Software Developers|Software Quality Assurance Analysts and Testers|Web Developers|Information Technology Project Managers,Enterprise JavaBeans,N,N,PENDING_REVIEW,
ONET,08/2023,,2.E.1.c,Human resources software,,13-1071.00,Human Resources Specialists,eQuest,N,N,PENDING_REVIEW,
ONET,08/2023,,2.E.8.h,Geographic information system,,13-1071.00|13-1111.00|15-1212.00|15-1221.00|15-1253.00|15-1254.00|15-1299.09,Human Resources Specialists|Management Analysts|Information Security Analysts|Computer and Information Research Scientists|Software Quality Assurance Analysts and Testers|Web Developers|Information Technology Project Managers,ESRI ArcGIS software,Y,N,PENDING_REVIEW,
ONET,08/2023,,2.E.16.b,Video conferencing software,,13-1071.00|15-1252.00|15-1253.00,Human Resources Specialists|Software Developers|Software Quality Assurance Analysts and Testers,FaceTime,N,N,PENDING_REVIEW,
ONET,08/2023,,2.E.1.c,Human resources software,,13-1071.00,Human Resources Specialists,GoBackgrounds,N,N,PENDING_REVIEW,
ONET,08/2023,,2.E.6.f,Data base user interface and query software,,13-1071.00,Human Resources Specialists,Google,N,N,PENDING_REVIEW,
ONET,08/2023,,2.E.1.c,Human resources software,,13-1071.00,Human Resources Specialists,HireAbility ResumeParser,N,N,PENDING_REVIEW,
ONET,08/2023,,2.E.1.c,Human resources software,,13-1071.00,Human Resources Specialists,HireLogic PowerPlace,N,N,PENDING_REVIEW,
ONET,08/2023,,2.E.1.c,Human resources software,,13-1071.00,Human Resources Specialists,HRM Direct,N,N,PENDING_REVIEW,
ONET,08/2023,,2.E.1.c,Human resources software,,13-1071.00,Human Resources Specialists,ICIMS,N,N,PENDING_REVIEW,
ONET,08/2023,,2.E.1.c,Human resources software,,13-1071.00,Human Resources Specialists,Industrial Code Recruitpoint.net,N,N,PENDING_REVIEW,
ONET,08/2023,,2.E.1.c,Human resources software,,13-1071.00,Human Resources Specialists,Intelius,N,N,PENDING_REVIEW,
ONET,08/2023,,2.E.1.c,Human resources software,,13-1071.00,Human Resources Specialists,Intelligent Algorithms InfoGIST Platinum Recruiter,N,N,PENDING_REVIEW,
ONET,08/2023,,2.E.1.c,Human resources software,,13-1071.00,Human Resources Specialists,Job posting software,N,N,PENDING_REVIEW,
ONET,08/2023,,2.E.1.c,Human resources software,,13-1071.00,Human Resources Specialists,Kronos Workforce HR,N,N,PENDING_REVIEW,
ONET,08/2023,,2.E.2.e,Time accounting software,,13-1071.00,Human Resources Specialists,Kronos Workforce Payroll,N,N,PENDING_REVIEW,
ONET,08/2023,,2.E.6.f,Data base user interface and query software,,13-1071.00,Human Resources Specialists,LinkedIn,N,N,PENDING_REVIEW,
ONET,08/2023,,2.E.4.c,Video creation and editing software,,13-1071.00|15-1252.00|15-1253.00,Human Resources Specialists|Software Developers|Software Quality Assurance Analysts and Testers,Loom,N,N,PENDING_REVIEW,
ONET,08/2023,,2.E.1.c,Human resources software,,13-1071.00,Human Resources Specialists,Main Sequence Technologies PCRecruiter,N,N,PENDING_REVIEW,
ONET,08/2023,,2.E.1.c,Human resources software,,13-1071.00,Human Resources Specialists,Main Sequence Technologies PCRecruiter Resume Inhaler,N,N,PENDING_REVIEW,
ONET,08/2023,,2.E.9.i,Medical software,,13-1071.00|13-1111.00,Human Resources Specialists|Management Analysts,MEDITECH software,Y,N,PENDING_REVIEW,
ONET,08/2023,,2.E.1.c,Human resources software,,13-1071.00,Human Resources Specialists,Micro J Systems PcHunter,N,N,PENDING_REVIEW,
ONET,08/2023,,2.E.10.e,Internet browser software,,13-1071.00|13-1141.00|15-1253.00|43-4161.00,"Human Resources Specialists|Compensation, Benefits, and Job Analysis Specialists|Software Quality Assurance Analysts and Testers|Human Resources Assistants, Except Payroll and Timekeeping",Microsoft Internet Explorer,N,N,PENDING_REVIEW,
ONET,08/2023,,2.E.6.e,Data base reporting software,,13-1071.00|13-1111.00|15-1212.00|15-1252.00|15-1253.00|15-1254.00|15-1299.09,Human Resources Specialists|Management Analysts|Information Security Analysts|Software Developers|Software Quality Assurance Analysts and Testers|Web Developers|Information Technology Project Managers,Microsoft SQL Server Reporting Services SSRS,Y,N,PENDING_REVIEW,
ONET,08/2023,,2.E.2.e,Time accounting software,,13-1071.00,Human Resources Specialists,MPAY Millennium,N,N,PENDING_REVIEW,
ONET,08/2023,,2.E.6.f,Data base user interface and query software,,13-1071.00,Human Resources Specialists,Online databases,N,N,PENDING_REVIEW,
ONET,08/2023,,2.E.2.b,Enterprise resource planning ERP software,,13-1071.00,Human Resources Specialists,Oracle PeopleSoft Human Capital Management,N,N,PENDING_REVIEW,
ONET,08/2023,,2.E.13.c,Operating system software,,13-1071.00|13-1111.00|15-1212.00|15-1221.00|15-1252.00|15-1253.00|15-1254.00|15-1299.09,Human Resources Specialists|Management Analysts|Information Security Analysts|Computer and Information Research Scientists|Software Developers|Software Quality Assurance Analysts and Testers|Web Developers|Information Technology Project Managers,Oracle Solaris,N,N,PENDING_REVIEW,
ONET,08/2023,,2.E.10.a,Application server software,,13-1071.00|13-1111.00|15-1212.00|15-1252.00|15-1253.00|15-1254.00|15-1299.09,Human Resources Specialists|Management Analysts|Information Security Analysts|Software Developers|Software Quality Assurance Analysts and Testers|Web Developers|Information Technology Project Managers,Oracle WebLogic Server,N,N,PENDING_REVIEW,
ONET,08/2023,,2.E.7.a,Configuration management software,,13-1071.00|13-1111.00|15-1212.00|15-1252.00|15-1253.00|15-1254.00|15-1299.09,Human Resources Specialists|Management Analysts|Information Security Analysts|Software Developers|Software Quality Assurance Analysts and Testers|Web Developers|Information Technology Project Managers,Perforce Helix software,N,N,PENDING_REVIEW,
ONET,08/2023,,2.E.1.c,Human resources software,,13-1071.00,Human Resources Specialists,Post Once,N,N,PENDING_REVIEW,
ONET,08/2023,,2.E.1.c,Human resources software,,13-1071.00,Human Resources Specialists,PostingPal,N,N,PENDING_REVIEW,
ONET,08/2023,,2.E.1.c,Human resources software,,13-1071.00,Human Resources Specialists,PowerPlace Professional,N,N,PENDING_REVIEW,
ONET,08/2023,,2.E.1.c,Human resources software,,13-1071.00,Human Resources Specialists,Recruit Wizard,N,N,PENDING_REVIEW,
ONET,08/2023,,2.E.1.c,Human resources software,,13-1071.00,Human Resources Specialists,Recruitment management software,N,N,PENDING_REVIEW,
ONET,08/2023,,2.E.1.c,Human resources software,,13-1071.00,Human Resources Specialists,Recruitpoint.net,N,N,PENDING_REVIEW,
ONET,08/2023,,2.E.1.c,Human resources software,,13-1071.00,Human Resources Specialists,RecruitTrack,N,N,PENDING_REVIEW,
ONET,08/2023,,2.E.1.c,Human resources software,,13-1071.00,Human Resources Specialists,Resource Edge TalentHook Sphere,N,N,PENDING_REVIEW,
ONET,08/2023,,2.E.1.c,Human resources software,,13-1071.00,Human Resources Specialists,Resume converter software,N,N,PENDING_REVIEW,
ONET,08/2023,,2.E.1.c,Human resources software,,13-1071.00,Human Resources Specialists,Resume extraction and search software,N,N,PENDING_REVIEW,
ONET,08/2023,,2.E.1.c,Human resources software,,13-1071.00,Human Resources Specialists,Resume processing software,N,N,PENDING_REVIEW,
ONET,08/2023,,2.E.1.c,Human resources software,,13-1071.00,Human Resources Specialists,ResumeRobot,N,N,PENDING_REVIEW,
ONET,08/2023,,2.E.1.c,Human resources software,,13-1071.00,Human Resources Specialists,Safari Software Products Safari,N,N,PENDING_REVIEW,
ONET,08/2023,,2.E.1.c,Human resources software,,13-1071.00,Human Resources Specialists,SAP ERP Human Capital Management,N,N,PENDING_REVIEW,
ONET,08/2023,,2.E.1.c,Human resources software,,13-1071.00,Human Resources Specialists,Sendouts Recruiting,N,N,PENDING_REVIEW,
ONET,08/2023,,2.E.1.c,Human resources software,,13-1071.00,Human Resources Specialists,Silk Road technology OpenHire,N,N,PENDING_REVIEW,
ONET,08/2023,,2.E.10.b,Desktop communications software,,13-1071.00|13-1111.00|15-1252.00|15-1253.00|15-1254.00|15-1299.09,Human Resources Specialists|Management Analysts|Software Developers|Software Quality Assurance Analysts and Testers|Web Developers|Information Technology Project Managers,Skype,N,N,PENDING_REVIEW,
ONET,08/2023,,2.E.1.c,Human resources software,,13-1071.00,Human Resources Specialists,Staffing Solutions Enterprises Staff Matrix,N,N,PENDING_REVIEW,
ONET,08/2023,,2.E.1.c,Human resources software,,13-1071.00,Human Resources Specialists,StaffingSoft Staffing Edition,N,N,PENDING_REVIEW,
ONET,08/2023,,2.E.1.c,Human resources software,,13-1071.00,Human Resources Specialists,Talent Technology HireDesk,N,N,PENDING_REVIEW,
ONET,08/2023,,2.E.1.c,Human resources software,,13-1071.00,Human Resources Specialists,Talent Technology Resume Mirror,N,N,PENDING_REVIEW,
ONET,08/2023,,2.E.1.c,Human resources software,,13-1071.00,Human Resources Specialists,Talent Technology Talemetry,N,N,PENDING_REVIEW,
ONET,08/2023,,2.E.1.c,Human resources software,,13-1071.00,Human Resources Specialists,TalentHook,N,N,PENDING_REVIEW,
ONET,08/2023,,2.E.1.c,Human resources software,,13-1071.00,Human Resources Specialists,Technomedia Hodes iQ,N,N,PENDING_REVIEW,
ONET,08/2023,,2.E.1.c,Human resources software,,13-1071.00,Human Resources Specialists,TempWorks recruiting and staffing software,N,N,PENDING_REVIEW,
ONET,08/2023,,2.E.1.c,Human resources software,,13-1071.00,Human Resources Specialists,VCG Pointwing,N,N,PENDING_REVIEW,
ONET,08/2023,,2.E.6.c,Customer relationship management CRM software,,13-1071.00,Human Resources Specialists,Vendor management system software,N,N,PENDING_REVIEW,
ONET,08/2023,,2.E.4.d,Word processing software,,13-1111.00|15-1212.00|15-1252.00|15-1253.00|15-1254.00|15-1299.09,Management Analysts|Information Security Analysts|Software Developers|Software Quality Assurance Analysts and Testers|Web Developers|Information Technology Project Managers,3M Post-it App,N,N,PENDING_REVIEW,
ONET,08/2023,,2.E.7.h,Web platform development software,,13-1111.00|15-1212.00|15-1252.00|15-1253.00|15-1254.00|15-1299.09,Management Analysts|Information Security Analysts|Software Developers|Software Quality Assurance Analysts and Testers|Web Developers|Information Technology Project Managers,AJAX,Y,N,PENDING_REVIEW,
ONET,08/2023,,2.E.6.f,Data base user interface and query software,,13-1111.00|15-1212.00|15-1221.00|15-1252.00|15-1253.00|15-1254.00|15-1299.09|15-2051.00,Management Analysts|Information Security Analysts|Computer and Information Research Scientists|Software Developers|Software Quality Assurance Analysts and Testers|Web Developers|Information Technology Project Managers|Data Scientists,Amazon Elastic Compute Cloud EC2,Y,N,PENDING_REVIEW,
ONET,08/2023,,2.E.1.i,Expert system software,,13-1111.00|15-1212.00|15-1221.00|15-1252.00|15-1253.00|15-1254.00|15-1299.09,Management Analysts|Information Security Analysts|Computer and Information Research Scientists|Software Developers|Software Quality Assurance Analysts and Testers|Web Developers|Information Technology Project Managers,Ansible software,Y,Y,PENDING_REVIEW,
ONET,08/2023,,2.E.7.b,Development environment software,,13-1111.00|15-1212.00|15-1252.00|15-1253.00|15-1254.00|15-1299.09,Management Analysts|Information Security Analysts|Software Developers|Software Quality Assurance Analysts and Testers|Web Developers|Information Technology Project Managers,Apache Ant,N,N,PENDING_REVIEW,
ONET,08/2023,,2.E.7.e,Object or component oriented development software,,13-1111.00|15-1212.00|15-1252.00|15-1253.00|15-1254.00|15-1299.09,Management Analysts|Information Security Analysts|Software Developers|Software Quality Assurance Analysts and Testers|Web Developers|Information Technology Project Managers,Apache Groovy,N,N,PENDING_REVIEW,
ONET,08/2023,,2.E.6.k,Portal server software,,13-1111.00|15-1212.00|15-1221.00|15-1252.00|15-1253.00|15-1254.00|15-1299.09,Management Analysts|Information Security Analysts|Computer and Information Research Scientists|Software Developers|Software Quality Assurance Analysts and Testers|Web Developers|Information Technology Project Managers,Apache HTTP Server,N,N,PENDING_REVIEW,
ONET,08/2023,,2.E.7.b,Development environment software,,13-1111.00|15-1212.00|15-1221.00|15-1252.00|15-1253.00|15-1254.00|15-1299.09|15-2051.00,Management Analysts|Information Security Analysts|Computer and Information Research Scientists|Software Developers|Software Quality Assurance Analysts and Testers|Web Developers|Information Technology Project Managers|Data Scientists,Apache Kafka,Y,Y,PENDING_REVIEW,
ONET,08/2023,,2.E.7.b,Development environment software,,13-1111.00|15-1212.00|15-1252.00|15-1253.00|15-1254.00|15-1299.09,Management Analysts|Information Security Analysts|Software Developers|Software Quality Assurance Analysts and Testers|Web Developers|Information Technology Project Managers,Apache Maven,Y,N,PENDING_REVIEW,
ONET,08/2023,,2.E.6.m,Business intelligence and data analysis software,,13-1111.00|15-1212.00|15-1221.00|15-1299.09|15-2051.00,Management Analysts|Information Security Analysts|Computer and Information Research Scientists|Information Technology Project Managers|Data Scientists,Apache Spark,Y,Y,PENDING_REVIEW,
ONET,08/2023,,2.E.7.h,Web platform development software,,13-1111.00|15-1212.00|15-1252.00|15-1253.00|15-1254.00|15-1299.09,Management Analysts|Information Security Analysts|Software Developers|Software Quality Assurance Analysts and Testers|Web Developers|Information Technology Project Managers,Apache Struts,N,N,PENDING_REVIEW,
ONET,08/2023,,2.E.5.c,File versioning software,,13-1111.00|15-1212.00|15-1221.00|15-1252.00|15-1299.09,Management Analysts|Information Security Analysts|Computer and Information Research Scientists|Software Developers|Information Technology Project Managers,Apache Subversion SVN,Y,N,PENDING_REVIEW,
ONET,08/2023,,2.E.7.h,Web platform development software,,13-1111.00|15-1212.00|15-1252.00|15-1253.00|15-1254.00|15-1299.09,Management Analysts|Information Security Analysts|Software Developers|Software Quality Assurance Analysts and Testers|Web Developers|Information Technology Project Managers,Apache Tomcat,Y,N,PENDING_REVIEW,
ONET,08/2023,,2.E.7.c,Enterprise application integration software,,13-1111.00|15-1212.00|15-1252.00|15-1253.00|15-1254.00|15-1299.09,Management Analysts|Information Security Analysts|Software Developers|Software Quality Assurance Analysts and Testers|Web Developers|Information Technology Project Managers,Atlassian Bamboo,N,N,PENDING_REVIEW,
ONET,08/2023,,2.E.7.h,Web platform development software,,13-1111.00|15-1252.00|15-1253.00|15-1254.00|15-1299.09,Management Analysts|Software Developers|Software Quality Assurance Analysts and Testers|Web Developers|Information Technology Project Managers,Backbone.js,N,N,PENDING_REVIEW,
ONET,08/2023,,2.E.13.c,Operating system software,,13-1111.00|15-1212.00|15-1221.00|15-1252.00|15-1253.00|15-1254.00|15-1299.09|15-2051.00,Management Analysts|Information Security Analysts|Computer and Information Research Scientists|Software Developers|Software Quality Assurance Analysts and Testers|Web Developers|Information Technology Project Managers|Data Scientists,Bash,Y,Y,PENDING_REVIEW,
ONET,08/2023,,2.E.7.e,Object or component oriented development software,,13-1111.00|15-1212.00|15-1221.00|15-1252.00|15-1253.00|15-1254.00|15-1299.09|15-2051.00,Management Analysts|Information Security Analysts|Computer and Information Research Scientists|Software Developers|Software Quality Assurance Analysts and Testers|Web Developers|Information Technology Project Managers|Data Scientists,C#,Y,Y,PENDING_REVIEW,
ONET,08/2023,,2.E.7.e,Object or component oriented development software,,13-1111.00|15-1212.00|15-1221.00|15-1252.00|15-1253.00|15-1254.00|15-1299.09|15-2051.00,Management Analysts|Information Security Analysts|Computer and Information Research Scientists|Software Developers|Software Quality Assurance Analysts and Testers|Web Developers|Information Technology Project Managers|Data Scientists,C++,Y,Y,PENDING_REVIEW,
ONET,08/2023,,2.E.7.a,Configuration management software,,13-1111.00|15-1212.00|15-1221.00|15-1252.00|15-1253.00|15-1254.00|15-1299.09,Management Analysts|Information Security Analysts|Computer and Information Research Scientists|Software Developers|Software Quality Assurance Analysts and Testers|Web Developers|Information Technology Project Managers,Chef,Y,N,PENDING_REVIEW,
ONET,08/2023,,2.E.7.b,Development environment software,,13-1111.00|15-1212.00|15-1252.00|15-1253.00|15-1254.00|15-1299.09,Management Analysts|Information Security Analysts|Software Developers|Software Quality Assurance Analysts and Testers|Web Developers|Information Technology Project Managers,Common business oriented language COBOL,N,N,PENDING_REVIEW,
ONET,08/2023,,2.E.6.l,Transaction server software,,13-1111.00|15-1212.00|15-1252.00|15-1253.00|15-1254.00|15-1299.09,Management Analysts|Information Security Analysts|Software Developers|Software Quality Assurance Analysts and Testers|Web Developers|Information Technology Project Managers,Customer information control system CICS,N,N,PENDING_REVIEW,
ONET,08/2023,,2.E.7.b,Development environment software,,13-1111.00|15-1212.00|15-1221.00|15-1252.00|15-1253.00|15-1254.00|15-1299.09,Management Analysts|Information Security Analysts|Computer and Information Research Scientists|Software Developers|Software Quality Assurance Analysts and Testers|Web Developers|Information Technology Project Managers,Eclipse IDE,Y,N,PENDING_REVIEW,
ONET,08/2023,,2.E.9.i,Medical software,,13-1111.00|15-1212.00|15-1253.00|15-1254.00|15-1299.09,Management Analysts|Information Security Analysts|Software Quality Assurance Analysts and Testers|Web Developers|Information Technology Project Managers,Epic Systems,Y,N,PENDING_REVIEW,
ONET,08/2023,,2.E.7.h,Web platform development software,,13-1111.00|15-1252.00|15-1253.00|15-1254.00|15-1299.09,Management Analysts|Software Developers|Software Quality Assurance Analysts and Testers|Web Developers|Information Technology Project Managers,Ext JS,N,N,PENDING_REVIEW,
ONET,08/2023,,2.E.8.h,Geographic information system,,13-1111.00|15-1212.00|15-1221.00|15-1253.00|15-1254.00|15-1299.09,Management Analysts|Information Security Analysts|Computer and Information Research Scientists|Software Quality Assurance Analysts and Testers|Web Developers|Information Technology Project Managers,Geographic information system GIS software,N,N,PENDING_REVIEW,
ONET,08/2023,,2.E.5.c,File versioning software,,13-1111.00|15-1212.00|15-1221.00|15-1252.00|15-1253.00|15-1254.00|15-1299.09|15-2051.00,Management Analysts|Information Security Analysts|Computer and Information Research Scientists|Software Developers|Software Quality Assurance Analysts and Testers|Web Developers|Information Technology Project Managers|Data Scientists,Git,Y,Y,PENDING_REVIEW,
ONET,08/2023,,2.E.7.b,Development environment software,,13-1111.00|15-1212.00|15-1221.00|15-1252.00|15-1253.00|15-1254.00|15-1299.09|15-2051.00,Management Analysts|Information Security Analysts|Computer and Information Research Scientists|Software Developers|Software Quality Assurance Analysts and Testers|Web Developers|Information Technology Project Managers|Data Scientists,Go,Y,Y,PENDING_REVIEW,
ONET,08/2023,,2.E.7.h,Web platform development software,,13-1111.00|15-1212.00|15-1252.00|15-1253.00|15-1254.00|15-1299.09,Management Analysts|Information Security Analysts|Software Developers|Software Quality Assurance Analysts and Testers|Web Developers|Information Technology Project Managers,Google Angular,Y,Y,PENDING_REVIEW,
ONET,08/2023,,2.E.13.c,Operating system software,,13-1111.00|15-1212.00|15-1252.00|15-1253.00|15-1254.00|15-1299.09,Management Analysts|Information Security Analysts|Software Developers|Software Quality Assurance Analysts and Testers|Web Developers|Information Technology Project Managers,Hewlett Packard HP-UX,N,N,PENDING_REVIEW,
ONET,08/2023,,2.E.7.f,Program testing software,,13-1111.00|15-1252.00|15-1253.00|15-1254.00|15-1299.09,Management Analysts|Software Developers|Software Quality Assurance Analysts and Testers|Web Developers|Information Technology Project Managers,Hewlett Packard LoadRunner,N,N,PENDING_REVIEW,
ONET,08/2023,,2.E.6.j,Object oriented data base management software,,13-1111.00|15-1252.00|15-1253.00|15-1254.00|15-1299.09,Management Analysts|Software Developers|Software Quality Assurance Analysts and Testers|Web Developers|Information Technology Project Managers,Hibernate ORM,Y,N,PENDING_REVIEW,
ONET,08/2023,,2.E.2.b,Enterprise resource planning ERP software,,13-1111.00,Management Analysts,IBM Cognos ReportNet,N,N,PENDING_REVIEW,
ONET,08/2023,,2.E.7.g,Requirements analysis and system architecture software,,13-1111.00|15-1252.00|15-1253.00,Management Analysts|Software Developers|Software Quality Assurance Analysts and Testers,IBM Rational RequisitePro,N,N,PENDING_REVIEW,
ONET,08/2023,,2.E.11.e,Cloud-based management software,,13-1111.00|15-1212.00|15-1252.00|15-1253.00|15-1254.00|15-1299.09,Management Analysts|Information Security Analysts|Software Developers|Software Quality Assurance Analysts and Testers|Web Developers|Information Technology Project Managers,IBM WebSphere,N,N,PENDING_REVIEW,
ONET,08/2023,,2.E.6.e,Data base reporting software,,13-1111.00,Management Analysts,Information Builders WebFOCUS,N,N,PENDING_REVIEW,
ONET,08/2023,,2.E.7.b,Development environment software,,13-1111.00|15-1212.00|15-1221.00|15-1252.00|15-1253.00|15-1254.00|15-1299.09,Management Analysts|Information Security Analysts|Computer and Information Research Scientists|Software Developers|Software Quality Assurance Analysts and Testers|Web Developers|Information Technology Project Managers,Integrated development environment IDE software,N,N,PENDING_REVIEW,
ONET,08/2023,,2.E.7.h,Web platform development software,,13-1111.00|15-1212.00|15-1252.00|15-1253.00|15-1254.00|15-1299.09|15-2051.00,Management Analysts|Information Security Analysts|Software Developers|Software Quality Assurance Analysts and Testers|Web Developers|Information Technology Project Managers|Data Scientists,JavaScript Object Notation JSON,Y,Y,PENDING_REVIEW,
ONET,08/2023,,2.E.13.c,Operating system software,,13-1111.00|15-1212.00|15-1252.00|15-1253.00|15-1254.00|15-1299.09,Management Analysts|Information Security Analysts|Software Developers|Software Quality Assurance Analysts and Testers|Web Developers|Information Technology Project Managers,Job control language JCL,N,N,PENDING_REVIEW,
ONET,08/2023,,2.E.7.e,Object or component oriented development software,,13-1111.00|15-1252.00|15-1253.00|15-1254.00|15-1299.09,Management Analysts|Software Developers|Software Quality Assurance Analysts and Testers|Web Developers|Information Technology Project Managers,jQuery,Y,Y,PENDING_REVIEW,
ONET,08/2023,,2.E.7.f,Program testing software,,13-1111.00|15-1252.00|15-1253.00|15-1254.00|15-1299.09,Management Analysts|Software Developers|Software Quality Assurance Analysts and Testers|Web Developers|Information Technology Project Managers,JUnit,Y,N,PENDING_REVIEW,
ONET,08/2023,,2.E.13.c,Operating system software,,13-1111.00|15-1212.00|15-1252.00|15-1253.00|15-1254.00|15-1299.09,Management Analysts|Information Security Analysts|Software Developers|Software Quality Assurance Analysts and Testers|Web Developers|Information Technology Project Managers,KornShell,N,N,PENDING_REVIEW,
ONET,08/2023,,2.E.13.c,Operating system software,,13-1111.00|15-1212.00|15-1221.00|15-1252.00|15-1253.00|15-1254.00|15-1299.09|15-2051.00,Management Analysts|Information Security Analysts|Computer and Information Research Scientists|Software Developers|Software Quality Assurance Analysts and Testers|Web Developers|Information Technology Project Managers|Data Scientists,Linux,Y,Y,PENDING_REVIEW,
ONET,08/2023,,2.E.9.i,Medical software,,13-1111.00|13-1141.00,"Management Analysts|Compensation, Benefits, and Job Analysis Specialists",Medical condition coding software,N,N,PENDING_REVIEW,
ONET,08/2023,,2.E.9.i,Medical software,,13-1111.00|13-1141.00,"Management Analysts|Compensation, Benefits, and Job Analysis Specialists",Medical procedure coding software,N,N,PENDING_REVIEW,
ONET,08/2023,,2.E.7.b,Development environment software,,13-1111.00|15-1212.00|15-1252.00|15-1253.00|15-1254.00|15-1299.09,Management Analysts|Information Security Analysts|Software Developers|Software Quality Assurance Analysts and Testers|Web Developers|Information Technology Project Managers,Microsoft .NET Framework,Y,N,PENDING_REVIEW,
ONET,08/2023,,2.E.7.h,Web platform development software,,13-1111.00|15-1212.00|15-1252.00|15-1253.00|15-1254.00|15-1299.09,Management Analysts|Information Security Analysts|Software Developers|Software Quality Assurance Analysts and Testers|Web Developers|Information Technology Project Managers,Microsoft Active Server Pages ASP,Y,N,PENDING_REVIEW,
ONET,08/2023,,2.E.7.e,Object or component oriented development software,,13-1111.00|15-1221.00|15-1252.00|15-1253.00|15-1254.00|15-1299.09,Management Analysts|Computer and Information Research Scientists|Software Developers|Software Quality Assurance Analysts and Testers|Web Developers|Information Technology Project Managers,Microsoft ActiveX,N,N,PENDING_REVIEW,
ONET,08/2023,,2.E.7.h,Web platform development software,,13-1111.00|15-1212.00|15-1252.00|15-1253.00|15-1254.00|15-1299.09,Management Analysts|Information Security Analysts|Software Developers|Software Quality Assurance Analysts and Testers|Web Developers|Information Technology Project Managers,Microsoft ASP.NET,Y,N,PENDING_REVIEW,
ONET,08/2023,,2.E.7.h,Web platform development software,,13-1111.00|15-1252.00|15-1253.00|15-1254.00|15-1299.09,Management Analysts|Software Developers|Software Quality Assurance Analysts and Testers|Web Developers|Information Technology Project Managers,Microsoft ASP.NET Core MVC,N,N,PENDING_REVIEW,
ONET,08/2023,,2.E.2.b,Enterprise resource planning ERP software,,13-1111.00,Management Analysts,Microsoft Business Intelligence BI,N,N,PENDING_REVIEW,
ONET,08/2023,,2.E.4.d,Word processing software,,13-1111.00|15-1252.00|15-1253.00|15-1299.09,Management Analysts|Software Developers|Software Quality Assurance Analysts and Testers|Information Technology Project Managers,Microsoft OneNote,N,N,PENDING_REVIEW,
ONET,08/2023,,2.E.6.m,Business intelligence and data analysis software,,13-1111.00|15-1221.00|15-1252.00|15-2051.00,Management Analysts|Computer and Information Research Scientists|Software Developers|Data Scientists,Microsoft Power BI,Y,Y,PENDING_REVIEW,
ONET,08/2023,,2.E.7.b,Development environment software,,13-1111.00|15-1212.00|15-1252.00|15-1253.00|15-1254.00|15-1299.09,Management Analysts|Information Security Analysts|Software Developers|Software Quality Assurance Analysts and Testers|Web Developers|Information Technology Project Managers,Microsoft PowerShell,Y,Y,PENDING_REVIEW,
ONET,08/2023,,2.E.7.c,Enterprise application integration software,,13-1111.00|15-1212.00|15-1252.00|15-1253.00|15-1254.00|15-1299.09,Management Analysts|Information Security Analysts|Software Developers|Software Quality Assurance Analysts and Testers|Web Developers|Information Technology Project Managers,Microsoft SQL Server Integration Services SSIS,Y,N,PENDING_REVIEW,
ONET,08/2023,,2.E.1.e,Project management software,,13-1111.00|15-1252.00|15-1253.00,Management Analysts|Software Developers|Software Quality Assurance Analysts and Testers,Microsoft Team Foundation Server,Y,N,PENDING_REVIEW,
ONET,08/2023,,2.E.7.b,Development environment software,,13-1111.00|15-1212.00|15-1221.00|15-1252.00|15-1253.00|15-1254.00|15-1299.09,Management Analysts|Information Security Analysts|Computer and Information Research Scientists|Software Developers|Software Quality Assurance Analysts and Testers|Web Developers|Information Technology Project Managers,Microsoft Visual Studio,Y,N,PENDING_REVIEW,
ONET,08/2023,,2.E.6.d,Data base management system software,,13-1111.00|15-1212.00|15-1221.00|15-1252.00|15-1253.00|15-1254.00|15-1299.09|15-2051.00,Management Analysts|Information Security Analysts|Computer and Information Research Scientists|Software Developers|Software Quality Assurance Analysts and Testers|Web Developers|Information Technology Project Managers|Data Scientists,MongoDB,Y,Y,PENDING_REVIEW,
ONET,08/2023,,2.E.11.a,Network monitoring software,,13-1111.00|15-1212.00|15-1252.00|15-1253.00|15-1254.00|15-1299.09,Management Analysts|Information Security Analysts|Software Developers|Software Quality Assurance Analysts and Testers|Web Developers|Information Technology Project Managers,Nagios,N,N,PENDING_REVIEW,
ONET,08/2023,,2.E.7.h,Web platform development software,,13-1111.00|15-1212.00|15-1221.00|15-1252.00|15-1253.00|15-1254.00|15-1299.09,Management Analysts|Information Security Analysts|Computer and Information Research Scientists|Software Developers|Software Quality Assurance Analysts and Testers|Web Developers|Information Technology Project Managers,Node.js,Y,Y,PENDING_REVIEW,
ONET,08/2023,,2.E.2.b,Enterprise resource planning ERP software,,13-1111.00,Management Analysts,Oracle Agile Product Lifecycle Management PLM,N,N,PENDING_REVIEW,
ONET,08/2023,,2.E.2.b,Enterprise resource planning ERP software,,13-1111.00,Management Analysts,Oracle Business Intelligence Publisher,N,N,PENDING_REVIEW,
ONET,08/2023,,2.E.7.e,Object or component oriented development software,,13-1111.00|15-1212.00|15-1221.00|15-1252.00|15-1253.00|15-1254.00|15-1299.09|15-2051.00,Management Analysts|Information Security Analysts|Computer and Information Research Scientists|Software Developers|Software Quality Assurance Analysts and Testers|Web Developers|Information Technology Project Managers|Data Scientists,Oracle Java,Y,Y,PENDING_REVIEW,
ONET,08/2023,,2.E.6.f,Data base user interface and query software,,13-1111.00|15-1212.00|15-1252.00|15-1253.00|15-1254.00|15-1299.09,Management Analysts|Information Security Analysts|Software Developers|Software Quality Assurance Analysts and Testers|Web Developers|Information Technology Project Managers,Oracle JDBC,N,N,PENDING_REVIEW,
ONET,08/2023,,2.E.7.e,Object or component oriented development software,,13-1111.00|15-1212.00|15-1221.00|15-1252.00|15-1253.00|15-1254.00|15-1299.09|15-2051.00,Management Analysts|Information Security Analysts|Computer and Information Research Scientists|Software Developers|Software Quality Assurance Analysts and Testers|Web Developers|Information Technology Project Managers|Data Scientists,Perl,Y,N,PENDING_REVIEW,
ONET,08/2023,,2.E.6.j,Object oriented data base management software,,13-1111.00|15-1212.00|15-1221.00|15-1252.00|15-1253.00|15-1254.00|15-1299.09|15-2051.00,Management Analysts|Information Security Analysts|Computer and Information Research Scientists|Software Developers|Software Quality Assurance Analysts and Testers|Web Developers|Information Technology Project Managers|Data Scientists,PostgreSQL,Y,Y,PENDING_REVIEW,
ONET,08/2023,,2.E.7.a,Configuration management software,,13-1111.00|15-1212.00|15-1221.00|15-1252.00|15-1253.00|15-1254.00|15-1299.09,Management Analysts|Information Security Analysts|Computer and Information Research Scientists|Software Developers|Software Quality Assurance Analysts and Testers|Web Developers|Information Technology Project Managers,Puppet,Y,N,PENDING_REVIEW,
ONET,08/2023,,2.E.6.i,Metadata management software,,13-1111.00|15-1221.00|15-1252.00|15-1253.00|15-1254.00|15-1299.09,Management Analysts|Computer and Information Research Scientists|Software Developers|Software Quality Assurance Analysts and Testers|Web Developers|Information Technology Project Managers,Quest Erwin Data Modeler,N,N,PENDING_REVIEW,
ONET,08/2023,,2.E.13.c,Operating system software,,13-1111.00|15-1212.00|15-1252.00|15-1253.00|15-1254.00|15-1299.09,Management Analysts|Information Security Analysts|Software Developers|Software Quality Assurance Analysts and Testers|Web Developers|Information Technology Project Managers,Red Hat Enterprise Linux,Y,N,PENDING_REVIEW,
ONET,08/2023,,2.E.10.a,Application server software,,13-1111.00|15-1212.00|15-1252.00|15-1253.00|15-1254.00|15-1299.09,Management Analysts|Information Security Analysts|Software Developers|Software Quality Assurance Analysts and Testers|Web Developers|Information Technology Project Managers,Red Hat WildFly,N,N,PENDING_REVIEW,
ONET,08/2023,,2.E.6.d,Data base management system software,,13-1111.00|13-1141.00|15-1212.00|15-1221.00|15-1252.00|15-1253.00|15-1254.00|15-1299.09,"Management Analysts|Compensation, Benefits, and Job Analysis Specialists|Information Security Analysts|Computer and Information Research Scientists|Software Developers|Software Quality Assurance Analysts and Testers|Web Developers|Information Technology Project Managers",Relational database management software,N,N,PENDING_REVIEW,
ONET,08/2023,,2.E.7.d,Graphical user interface development software,,13-1111.00|15-1252.00|15-1253.00|15-1254.00|15-1299.09,Management Analysts|Software Developers|Software Quality Assurance Analysts and Testers|Web Developers|Information Technology Project Managers,Salesforce Visualforce,N,N,PENDING_REVIEW,
ONET,08/2023,,2.E.7.e,Object or component oriented development software,,13-1111.00|15-1212.00|15-1221.00|15-1252.00|15-1253.00|15-1254.00|15-1299.09|15-2051.00,Management Analysts|Information Security Analysts|Computer and Information Research Scientists|Software Developers|Software Quality Assurance Analysts and Testers|Web Developers|Information Technology Project Managers|Data Scientists,Scala,Y,Y,PENDING_REVIEW,
ONET,08/2023,,2.E.7.f,Program testing software,,13-1111.00|15-1212.00|15-1252.00|15-1253.00|15-1254.00|15-1299.09,Management Analysts|Information Security Analysts|Software Developers|Software Quality Assurance Analysts and Testers|Web Developers|Information Technology Project Managers,Selenium,Y,Y,PENDING_REVIEW,
ONET,08/2023,,2.E.13.c,Operating system software,,13-1111.00|15-1212.00|15-1221.00|15-1252.00|15-1253.00|15-1254.00|15-1299.09|15-2051.00,Management Analysts|Information Security Analysts|Computer and Information Research Scientists|Software Developers|Software Quality Assurance Analysts and Testers|Web Developers|Information Technology Project Managers|Data Scientists,Shell script,Y,N,PENDING_REVIEW,
ONET,08/2023,,2.E.16.c,Network conferencing software,,13-1111.00,Management Analysts,Slido interaction software,N,N,PENDING_REVIEW,
ONET,08/2023,,2.E.7.h,Web platform development software,,13-1111.00|15-1212.00|15-1252.00|15-1253.00|15-1254.00|15-1299.09,Management Analysts|Information Security Analysts|Software Developers|Software Quality Assurance Analysts and Testers|Web Developers|Information Technology Project Managers,Spring Framework,Y,Y,PENDING_REVIEW,
ONET,08/2023,,2.E.9.g,Industrial control software,,13-1111.00|15-1212.00|15-1253.00|15-1299.09,Management Analysts|Information Security Analysts|Software Quality Assurance Analysts and Testers|Information Technology Project Managers,Supervisory control and data acquisition SCADA software,N,N,PENDING_REVIEW,
ONET,08/2023,,2.E.6.f,Data base user interface and query software,,13-1111.00|15-1221.00|15-1252.00|15-1253.00|15-1254.00|15-1299.09,Management Analysts|Computer and Information Research Scientists|Software Developers|Software Quality Assurance Analysts and Testers|Web Developers|Information Technology Project Managers,Transact-SQL,Y,N,PENDING_REVIEW,
ONET,08/2023,,2.E.4.b,Graphics or photo imaging software,,13-1111.00|15-1252.00|15-1253.00|15-1254.00|15-1299.09,Management Analysts|Software Developers|Software Quality Assurance Analysts and Testers|Web Developers|Information Technology Project Managers,Trimble SketchUp Pro,Y,N,PENDING_REVIEW,
ONET,08/2023,,2.E.13.c,Operating system software,,13-1111.00|15-1212.00|15-1221.00|15-1252.00|15-1253.00|15-1254.00|15-1299.09,Management Analysts|Information Security Analysts|Computer and Information Research Scientists|Software Developers|Software Quality Assurance Analysts and Testers|Web Developers|Information Technology Project Managers,Ubuntu,N,N,PENDING_REVIEW,
ONET,08/2023,,2.E.7.g,Requirements analysis and system architecture software,,13-1111.00|15-1212.00|15-1221.00|15-1252.00|15-1253.00|15-1254.00|15-1299.09,Management Analysts|Information Security Analysts|Computer and Information Research Scientists|Software Developers|Software Quality Assurance Analysts and Testers|Web Developers|Information Technology Project Managers,Unified modeling language UML,N,N,PENDING_REVIEW,
ONET,08/2023,,2.E.13.c,Operating system software,,13-1111.00|15-1212.00|15-1221.00|15-1252.00|15-1253.00|15-1254.00|15-1299.09|15-2051.00,Management Analysts|Information Security Analysts|Computer and Information Research Scientists|Software Developers|Software Quality Assurance Analysts and Testers|Web Developers|Information Technology Project Managers|Data Scientists,UNIX,Y,Y,PENDING_REVIEW,
ONET,08/2023,,2.E.15.f,Backup or archival software,,13-1111.00|15-1212.00|15-1252.00|15-1253.00|15-1299.09,Management Analysts|Information Security Analysts|Software Developers|Software Quality Assurance Analysts and Testers|Information Technology Project Managers,Veritas NetBackup,N,N,PENDING_REVIEW,
ONET,08/2023,,2.E.14.c,Network security and virtual private network VPN equipment software,,13-1111.00|15-1212.00|15-1252.00|15-1253.00,Management Analysts|Information Security Analysts|Software Developers|Software Quality Assurance Analysts and Testers,Virtual private networking VPN software,N,N,PENDING_REVIEW,
ONET,08/2023,,2.E.6.b,Clustering software,,13-1111.00|15-1212.00|15-1252.00|15-1253.00|15-1299.09,Management Analysts|Information Security Analysts|Software Developers|Software Quality Assurance Analysts and Testers|Information Technology Project Managers,VMware,N,N,PENDING_REVIEW,
ONET,08/2023,,2.E.11.a,Network monitoring software,,13-1111.00|15-1212.00|15-1252.00|15-1253.00|15-1254.00|15-1299.09,Management Analysts|Information Security Analysts|Software Developers|Software Quality Assurance Analysts and Testers|Web Developers|Information Technology Project Managers,Wireshark,N,N,PENDING_REVIEW,
ONET,08/2023,,2.E.1.c,Human resources software,,13-1141.00,"Compensation, Benefits, and Job Analysis Specialists",Actuarial Systems Corporation AIM,N,N,PENDING_REVIEW,
ONET,08/2023,,2.E.1.c,Human resources software,,13-1141.00,"Compensation, Benefits, and Job Analysis Specialists",Actuarial Systems Corporation Compliance Testing System,N,N,PENDING_REVIEW,
ONET,08/2023,,2.E.1.c,Human resources software,,13-1141.00,"Compensation, Benefits, and Job Analysis Specialists",Actuarial Systems Corporation Defined Benefit System,N,N,PENDING_REVIEW,
ONET,08/2023,,2.E.5.b,Document management software,,13-1141.00,"Compensation, Benefits, and Job Analysis Specialists",Actuarial Systems Corporation Document Generation and Management System,N,N,PENDING_REVIEW,
ONET,08/2023,,2.E.1.c,Human resources software,,13-1141.00,"Compensation, Benefits, and Job Analysis Specialists",Actuarial Systems Corporation DV Direct,N,N,PENDING_REVIEW,
ONET,08/2023,,2.E.2.e,Time accounting software,,13-1141.00,"Compensation, Benefits, and Job Analysis Specialists",ADP Enterprise eTIME,N,N,PENDING_REVIEW,
ONET,08/2023,,2.E.1.c,Human resources software,,13-1141.00,"Compensation, Benefits, and Job Analysis Specialists",Apex Business Software iBenefits,N,N,PENDING_REVIEW,
ONET,08/2023,,2.E.1.c,Human resources software,,13-1141.00,"Compensation, Benefits, and Job Analysis Specialists",Ascentis Employee Self-Service,N,N,PENDING_REVIEW,
ONET,08/2023,,2.E.1.c,Human resources software,,13-1141.00,"Compensation, Benefits, and Job Analysis Specialists",Bargaining Power,N,N,PENDING_REVIEW,
ONET,08/2023,,2.E.1.c,Human resources software,,13-1141.00,"Compensation, Benefits, and Job Analysis Specialists",BEMAS PayDirect,N,N,PENDING_REVIEW,
ONET,08/2023,,2.E.1.c,Human resources software,,13-1141.00,"Compensation, Benefits, and Job Analysis Specialists",Benaissance COBRApoint,N,N,PENDING_REVIEW,
ONET,08/2023,,2.E.1.c,Human resources software,,13-1141.00,"Compensation, Benefits, and Job Analysis Specialists",BenAssist,N,N,PENDING_REVIEW,
ONET,08/2023,,2.E.1.c,Human resources software,,13-1141.00,"Compensation, Benefits, and Job Analysis Specialists",Benefit Plan Systems Corporation The Plan Administrator,N,N,PENDING_REVIEW,
ONET,08/2023,,2.E.1.c,Human resources software,,13-1141.00,"Compensation, Benefits, and Job Analysis Specialists",Benefit Software Fringe Facts,N,N,PENDING_REVIEW,
ONET,08/2023,,2.E.1.c,Human resources software,,13-1141.00,"Compensation, Benefits, and Job Analysis Specialists",BenefitFocus HR in Touch,N,N,PENDING_REVIEW,
ONET,08/2023,,2.E.1.c,Human resources software,,13-1141.00,"Compensation, Benefits, and Job Analysis Specialists",BeneLink Connect,N,N,PENDING_REVIEW,
ONET,08/2023,,2.E.1.c,Human resources software,,13-1141.00,"Compensation, Benefits, and Job Analysis Specialists",Benelogic,N,N,PENDING_REVIEW,
ONET,08/2023,,2.E.1.c,Human resources software,,13-1141.00,"Compensation, Benefits, and Job Analysis Specialists",BeneXL Technologies Pension Administration System,N,N,PENDING_REVIEW,
ONET,08/2023,,2.E.1.c,Human resources software,,13-1141.00,"Compensation, Benefits, and Job Analysis Specialists",Byrne Software Technologies Visual HCS,N,N,PENDING_REVIEW,
ONET,08/2023,,2.E.1.c,Human resources software,,13-1141.00,"Compensation, Benefits, and Job Analysis Specialists",Callidus TrueComp,N,N,PENDING_REVIEW,
ONET,08/2023,,2.E.6.f,Data base user interface and query software,,13-1141.00,"Compensation, Benefits, and Job Analysis Specialists",Clayton Wallis CompGeo Online Professional Forecast Library,N,N,PENDING_REVIEW,
ONET,08/2023,,2.E.1.c,Human resources software,,13-1141.00,"Compensation, Benefits, and Job Analysis Specialists",DataPath dpiSuite,N,N,PENDING_REVIEW,
ONET,08/2023,,2.E.1.c,Human resources software,,13-1141.00,"Compensation, Benefits, and Job Analysis Specialists",Ebenefits Solutions Benefits Management,N,N,PENDING_REVIEW,
ONET,08/2023,,2.E.1.c,Human resources software,,13-1141.00|43-4161.00,"Compensation, Benefits, and Job Analysis Specialists|Human Resources Assistants, Except Payroll and Timekeeping",Employee self-service software,N,N,PENDING_REVIEW,
ONET,08/2023,,2.E.1.c,Human resources software,,13-1141.00,"Compensation, Benefits, and Job Analysis Specialists",Halogen eCompensation,N,N,PENDING_REVIEW,
ONET,08/2023,,2.E.1.c,Human resources software,,13-1141.00,"Compensation, Benefits, and Job Analysis Specialists",Humanic Design Employmee Self-Service,N,N,PENDING_REVIEW,
ONET,08/2023,,2.E.1.c,Human resources software,,13-1141.00,"Compensation, Benefits, and Job Analysis Specialists",IBM Cognos,N,N,PENDING_REVIEW,
ONET,08/2023,,2.E.1.c,Human resources software,,13-1141.00,"Compensation, Benefits, and Job Analysis Specialists",Incentive management system software,N,N,PENDING_REVIEW,
ONET,08/2023,,2.E.1.c,Human resources software,,13-1141.00,"Compensation, Benefits, and Job Analysis Specialists",InfinityHR,N,N,PENDING_REVIEW,
ONET,08/2023,,2.E.2.b,Enterprise resource planning ERP software,,13-1141.00,"Compensation, Benefits, and Job Analysis Specialists",Lawson ERP,N,N,PENDING_REVIEW,
ONET,08/2023,,2.E.1.c,Human resources software,,13-1141.00,"Compensation, Benefits, and Job Analysis Specialists",Lynchval Systems Lvadmin,N,N,PENDING_REVIEW,
ONET,08/2023,,2.E.1.c,Human resources software,,13-1141.00,"Compensation, Benefits, and Job Analysis Specialists",Lynchval Systems Lvval,N,N,PENDING_REVIEW,
ONET,08/2023,,2.E.1.c,Human resources software,,13-1141.00,"Compensation, Benefits, and Job Analysis Specialists",Lynchval Systems Lvxact,N,N,PENDING_REVIEW,
ONET,08/2023,,2.E.1.c,Human resources software,,13-1141.00,"Compensation, Benefits, and Job Analysis Specialists",NPKTools Comp Analytics,N,N,PENDING_REVIEW,
ONET,08/2023,,2.E.1.c,Human resources software,,13-1141.00,"Compensation, Benefits, and Job Analysis Specialists",NPKTools CompXpert,N,N,PENDING_REVIEW,
ONET,08/2023,,2.E.6.f,Data base user interface and query software,,13-1141.00,"Compensation, Benefits, and Job Analysis Specialists",O*NET OnLine,N,N,PENDING_REVIEW,
ONET,08/2023,,2.E.1.c,Human resources software,,13-1141.00,"Compensation, Benefits, and Job Analysis Specialists",OnQue Technologies COBRA OnOne,N,N,PENDING_REVIEW,
ONET,08/2023,,2.E.1.c,Human resources software,,13-1141.00,"Compensation, Benefits, and Job Analysis Specialists",Oracle E-Business Suite Human Resources Management System,N,N,PENDING_REVIEW,
ONET,08/2023,,2.E.1.e,Project management software,,13-1141.00,"Compensation, Benefits, and Job Analysis Specialists",Project planning software,N,N,PENDING_REVIEW,
ONET,08/2023,,2.E.2.e,Time accounting software,,13-1141.00,"Compensation, Benefits, and Job Analysis Specialists",Sage HRMS,N,N,PENDING_REVIEW,
ONET,08/2023,,2.E.6.f,Data base user interface and query software,,13-1141.00,"Compensation, Benefits, and Job Analysis Specialists",Salary.com,N,N,PENDING_REVIEW,
ONET,08/2023,,2.E.2.b,Enterprise resource planning ERP software,,13-1141.00,"Compensation, Benefits, and Job Analysis Specialists",SAP ERP Human Capital Management,N,N,PENDING_REVIEW,
ONET,08/2023,,2.E.1.c,Human resources software,,13-1141.00,"Compensation, Benefits, and Job Analysis Specialists",SBC Systems Benefits Workstation,N,N,PENDING_REVIEW,
ONET,08/2023,,2.E.1.c,Human resources software,,13-1141.00,"Compensation, Benefits, and Job Analysis Specialists",Stroud & Associates Employee Benefits Administration System,N,N,PENDING_REVIEW,
ONET,08/2023,,2.E.1.c,Human resources software,,13-1141.00,"Compensation, Benefits, and Job Analysis Specialists",Survey Sense,N,N,PENDING_REVIEW,
ONET,08/2023,,2.E.1.c,Human resources software,,13-1141.00,"Compensation, Benefits, and Job Analysis Specialists",Transcend Technologies Group benefitsCONNECT,N,N,PENDING_REVIEW,
ONET,08/2023,,2.E.1.c,Human resources software,,13-1141.00,"Compensation, Benefits, and Job Analysis Specialists",Travis Software TravisFlex,N,N,PENDING_REVIEW,
ONET,08/2023,,2.E.1.c,Human resources software,,13-1141.00,"Compensation, Benefits, and Job Analysis Specialists",Vebnet FIX&FLEX,N,N,PENDING_REVIEW,
ONET,08/2023,,2.E.1.c,Human resources software,,13-1141.00,"Compensation, Benefits, and Job Analysis Specialists",Virtual Benefits Administrator,N,N,PENDING_REVIEW,
ONET,08/2023,,2.E.1.c,Human resources software,,13-1141.00,"Compensation, Benefits, and Job Analysis Specialists",Vitech Systems Group V3 Benefits Administration System,N,N,PENDING_REVIEW,
ONET,08/2023,,2.E.1.c,Human resources software,,13-1141.00,"Compensation, Benefits, and Job Analysis Specialists",VUE Benefits Manager,N,N,PENDING_REVIEW,
ONET,08/2023,,2.E.1.c,Human resources software,,13-1141.00,"Compensation, Benefits, and Job Analysis Specialists",VUE Compensation Management,N,N,PENDING_REVIEW,
ONET,08/2023,,2.E.1.c,Human resources software,,13-1141.00,"Compensation, Benefits, and Job Analysis Specialists",Watson Wyatt CompQuest On-Line,N,N,PENDING_REVIEW,
ONET,08/2023,,2.E.1.c,Human resources software,,13-1141.00,"Compensation, Benefits, and Job Analysis Specialists",Watson Wyatt Global Grading System,N,N,PENDING_REVIEW,
ONET,08/2023,,2.E.1.c,Human resources software,,13-1141.00,"Compensation, Benefits, and Job Analysis Specialists",Watson Wyatt Reward,N,N,PENDING_REVIEW,
ONET,08/2023,,2.E.1.c,Human resources software,,13-1141.00,"Compensation, Benefits, and Job Analysis Specialists",Workscape Outsourced Employee Benefits Administration,N,N,PENDING_REVIEW,
ONET,08/2023,,2.E.1.c,Human resources software,,13-1141.00,"Compensation, Benefits, and Job Analysis Specialists",Xactly Compel,N,N,PENDING_REVIEW,
ONET,08/2023,,2.E.12.a,Access software,,15-1212.00,Information Security Analysts,Access management software,N,N,PENDING_REVIEW,
ONET,08/2023,,2.E.11.a,Network monitoring software,,15-1212.00,Information Security Analysts,AccessData FTK,N,N,PENDING_REVIEW,
ONET,08/2023,,2.E.10.d,Internet directory services software,,15-1212.00,Information Security Analysts,Active directory software,N,N,PENDING_REVIEW,
ONET,08/2023,,2.E.6.d,Data base management system software,,15-1212.00|15-1221.00|15-1252.00|15-1253.00|15-1254.00|15-1299.09,Information Security Analysts|Computer and Information Research Scientists|Software Developers|Software Quality Assurance Analysts and Testers|Web Developers|Information Technology Project Managers,Amazon DynamoDB,Y,N,PENDING_REVIEW,
ONET,08/2023,,2.E.12.f,Storage networking software,,15-1212.00|15-1252.00|15-1253.00|15-1254.00|15-2051.00,Information Security Analysts|Software Developers|Software Quality Assurance Analysts and Testers|Web Developers|Data Scientists,Amazon Simple Storage Service S3,N,N,PENDING_REVIEW,
ONET,08/2023,,2.E.11.e,Cloud-based management software,,15-1212.00|15-1221.00|15-1252.00|15-1253.00|15-1254.00,Information Security Analysts|Computer and Information Research Scientists|Software Developers|Software Quality Assurance Analysts and Testers|Web Developers,Amazon Web Services AWS CloudFormation,Y,N,PENDING_REVIEW,
ONET,08/2023,,2.E.14.d,Transaction security and virus protection software,,15-1212.00,Information Security Analysts,Anti-phishing software,N,N,PENDING_REVIEW,
ONET,08/2023,,2.E.14.d,Transaction security and virus protection software,,15-1212.00|15-1253.00,Information Security Analysts|Software Quality Assurance Analysts and Testers,Anti-spyware software,N,N,PENDING_REVIEW,
ONET,08/2023,,2.E.14.d,Transaction security and virus protection software,,15-1212.00,Information Security Analysts,Anti-Trojan software,N,N,PENDING_REVIEW,
ONET,08/2023,,2.E.9.o,Risk management data and analysis software,,15-1212.00,Information Security Analysts,ArcSight Enterprise Threat and Risk Management,N,N,PENDING_REVIEW,
ONET,08/2023,,2.E.11.a,Network monitoring software,,15-1212.00,Information Security Analysts,Automated audit trail analysis software,N,N,PENDING_REVIEW,
ONET,08/2023,,2.E.7.a,Configuration management software,,15-1212.00|15-1252.00|15-1253.00,Information Security Analysts|Software Developers|Software Quality Assurance Analysts and Testers,Automated installation software,N,N,PENDING_REVIEW,
ONET,08/2023,,2.E.11.a,Network monitoring software,,15-1212.00,Information Security Analysts,Automated media tracking software,N,N,PENDING_REVIEW,
ONET,08/2023,,2.E.15.f,Backup or archival software,,15-1212.00|15-1252.00|15-1253.00,Information Security Analysts|Software Developers|Software Quality Assurance Analysts and Testers,Backup and archival software,N,N,PENDING_REVIEW,
ONET,08/2023,,2.E.10.d,Internet directory services software,,15-1212.00,Information Security Analysts,Berkeley Internet Domain Name BIND,N,N,PENDING_REVIEW,
ONET,08/2023,,2.E.16.d,Instant messaging software,,15-1212.00|15-1252.00|15-1253.00|15-1254.00,Information Security Analysts|Software Developers|Software Quality Assurance Analysts and Testers|Web Developers,Blink,N,N,PENDING_REVIEW,
ONET,08/2023,,2.E.12.g,Switch or router software,,15-1212.00|15-1252.00,Information Security Analysts|Software Developers,Border Gateway Protocol BGP,Y,N,PENDING_REVIEW,
ONET,08/2023,,2.E.14.d,Transaction security and virus protection software,,15-1212.00,Information Security Analysts,Check Point Next Generation Secure Web Gateway,N,N,PENDING_REVIEW,
ONET,08/2023,,2.E.11.c,Administration software,,15-1212.00,Information Security Analysts,Cisco Systems CiscoWorks,N,N,PENDING_REVIEW,
ONET,08/2023,,2.E.13.a,Filesystem software,,15-1212.00,Information Security Analysts,Computer forensic software,N,N,PENDING_REVIEW,
ONET,08/2023,,2.E.7.f,Program testing software,,15-1212.00,Information Security Analysts,Conformance and validation testing software,N,N,PENDING_REVIEW,
ONET,08/2023,,2.E.14.c,Network security and virtual private network VPN equipment software,,15-1212.00,Information Security Analysts,Cryptographic key management software,N,N,PENDING_REVIEW,
ONET,08/2023,,2.E.14.a,Authentication server software,,15-1212.00,Information Security Analysts,Diameter,N,N,PENDING_REVIEW,
ONET,08/2023,,2.E.7.h,Web platform development software,,15-1212.00|15-1221.00|15-1252.00|15-1253.00|15-1254.00|15-1299.09,Information Security Analysts|Computer and Information Research Scientists|Software Developers|Software Quality Assurance Analysts and Testers|Web Developers|Information Technology Project Managers,Django,Y,N,PENDING_REVIEW,
ONET,08/2023,,2.E.10.a,Application server software,,15-1212.00|15-1221.00|15-1252.00|15-1253.00|15-1254.00|15-1299.09|15-2051.00,Information Security Analysts|Computer and Information Research Scientists|Software Developers|Software Quality Assurance Analysts and Testers|Web Developers|Information Technology Project Managers|Data Scientists,Docker,Y,Y,PENDING_REVIEW,
ONET,08/2023,,2.E.10.d,Internet directory services software,,15-1212.00,Information Security Analysts,Domain name system DNS,N,N,PENDING_REVIEW,
ONET,08/2023,,2.E.9.o,Risk management data and analysis software,,15-1212.00,Information Security Analysts,eMASS,N,Y,PENDING_REVIEW,
ONET,08/2023,,2.E.14.d,Transaction security and virus protection software,,15-1212.00,Information Security Analysts,End-to-end encryption software,N,N,PENDING_REVIEW,
ONET,08/2023,,2.E.11.a,Network monitoring software,,15-1212.00,Information Security Analysts,Ethereal,N,N,PENDING_REVIEW,
ONET,08/2023,,2.E.14.c,Network security and virtual private network VPN equipment software,,15-1212.00|15-1252.00|15-1253.00,Information Security Analysts|Software Developers|Software Quality Assurance Analysts and Testers,Firewall software,N,Y,PENDING_REVIEW,
ONET,08/2023,,2.E.4.g,Web page creation and editing software,,15-1212.00|15-1252.00|15-1253.00|15-1254.00,Information Security Analysts|Software Developers|Software Quality Assurance Analysts and Testers|Web Developers,Google Sites,N,N,PENDING_REVIEW,
ONET,08/2023,,2.E.11.a,Network monitoring software,,15-1212.00,Information Security Analysts,Guidance Software EnCase Forensic,N,N,PENDING_REVIEW,
ONET,08/2023,,2.E.14.d,Transaction security and virus protection software,,15-1212.00,Information Security Analysts,Honeypot,N,N,PENDING_REVIEW,
ONET,08/2023,,2.E.14.b,Network security or virtual private network VPN management software,,15-1212.00,Information Security Analysts,HP Fortify,N,N,PENDING_REVIEW,
ONET,08/2023,,2.E.14.d,Transaction security and virus protection software,,15-1212.00,Information Security Analysts,HP WebInspect,N,N,PENDING_REVIEW,
ONET,08/2023,,2.E.11.a,Network monitoring software,,15-1212.00,Information Security Analysts,IBM QRadar SIEM,N,N,PENDING_REVIEW,
ONET,08/2023,,2.E.12.a,Access software,,15-1212.00,Information Security Analysts,IBM Tivoli Access Management TAM,N,N,PENDING_REVIEW,
ONET,08/2023,,2.E.14.a,Authentication server software,,15-1212.00,Information Security Analysts,IBM Tivoli Identity Management TIM,N,N,PENDING_REVIEW,
ONET,08/2023,,2.E.14.c,Network security and virtual private network VPN equipment software,,15-1212.00,Information Security Analysts,Imperva SecureSphere,N,N,PENDING_REVIEW,
ONET,08/2023,,2.E.11.a,Network monitoring software,,15-1212.00,Information Security Analysts,Integrity verification software,N,N,PENDING_REVIEW,
ONET,08/2023,,2.E.14.b,Network security or virtual private network VPN management software,,15-1212.00,Information Security Analysts,Intrusion detection system IDS,N,N,PENDING_REVIEW,
ONET,08/2023,,2.E.14.b,Network security or virtual private network VPN management software,,15-1212.00,Information Security Analysts,Intrusion prevention system IPS,N,N,PENDING_REVIEW,
ONET,08/2023,,2.E.14.c,Network security and virtual private network VPN equipment software,,15-1212.00,Information Security Analysts,IpFilter,N,N,PENDING_REVIEW,
ONET,08/2023,,2.E.14.c,Network security and virtual private network VPN equipment software,,15-1212.00,Information Security Analysts,IpTables,N,N,PENDING_REVIEW,
ONET,08/2023,,2.E.14.b,Network security or virtual private network VPN management software,,15-1212.00,Information Security Analysts,ISS RealSecure,N,N,PENDING_REVIEW,
ONET,08/2023,,2.E.14.c,Network security and virtual private network VPN equipment software,,15-1212.00,Information Security Analysts,Juniper Networks NetScreen-Security Manager,N,N,PENDING_REVIEW,
ONET,08/2023,,2.E.7.f,Program testing software,,15-1212.00,Information Security Analysts,Kali Linux,N,N,PENDING_REVIEW,
ONET,08/2023,,2.E.11.a,Network monitoring software,,15-1212.00,Information Security Analysts,Keystroke monitoring software,N,N,PENDING_REVIEW,
ONET,08/2023,,2.E.14.d,Transaction security and virus protection software,,15-1212.00,Information Security Analysts,Link encryption software,N,N,PENDING_REVIEW,
ONET,08/2023,,2.E.14.d,Transaction security and virus protection software,,15-1212.00,Information Security Analysts,McAfee VirusScan,N,N,PENDING_REVIEW,
ONET,08/2023,,2.E.14.d,Transaction security and virus protection software,,15-1212.00,Information Security Analysts,Metasploit,N,N,PENDING_REVIEW,
ONET,08/2023,,2.E.11.a,Network monitoring software,,15-1212.00,Information Security Analysts,Micro Focus OpenView,N,N,PENDING_REVIEW,
ONET,08/2023,,2.E.10.d,Internet directory services software,,15-1212.00|15-1252.00,Information Security Analysts|Software Developers,Microsoft Active Directory,Y,N,PENDING_REVIEW,
ONET,08/2023,,2.E.13.c,Operating system software,,15-1212.00,Information Security Analysts,Microsoft Hyper-V Server,N,N,PENDING_REVIEW,
ONET,08/2023,,2.E.13.c,Operating system software,,15-1212.00|15-1252.00|15-1253.00|15-1254.00|15-1299.09,Information Security Analysts|Software Developers|Software Quality Assurance Analysts and Testers|Web Developers|Information Technology Project Managers,Microsoft Windows Server,Y,N,PENDING_REVIEW,
ONET,08/2023,,2.E.7.f,Program testing software,,15-1212.00,Information Security Analysts,MITRE ATT&CK software,N,Y,PENDING_REVIEW,
ONET,08/2023,,2.E.6.d,Data base management system software,,15-1212.00|15-1221.00|15-1253.00|15-1254.00|15-1299.09,Information Security Analysts|Computer and Information Research Scientists|Software Quality Assurance Analysts and Testers|Web Developers|Information Technology Project Managers,MySQL,Y,Y,PENDING_REVIEW,
ONET,08/2023,,2.E.7.b,Development environment software,,15-1212.00|15-1221.00|15-1252.00|15-1253.00,Information Security Analysts|Computer and Information Research Scientists|Software Developers|Software Quality Assurance Analysts and Testers,National Instruments LabVIEW,N,N,PENDING_REVIEW,
ONET,08/2023,,2.E.14.b,Network security or virtual private network VPN management software,,15-1212.00,Information Security Analysts,Network and system vulnerability assessment software,N,N,PENDING_REVIEW,
ONET,08/2023,,2.E.10.d,Internet directory services software,,15-1212.00,Information Security Analysts,Network directory services software,N,N,PENDING_REVIEW,
ONET,08/2023,,2.E.11.a,Network monitoring software,,15-1212.00,Information Security Analysts,Network intrusion prevention systems NIPS,N,N,PENDING_REVIEW,
ONET,08/2023,,2.E.14.b,Network security or virtual private network VPN management software,,15-1212.00,Information Security Analysts,Network security auditing software,N,N,PENDING_REVIEW,
ONET,08/2023,,2.E.11.a,Network monitoring software,,15-1212.00,Information Security Analysts,"Network, hardware, and software auditing software",N,N,PENDING_REVIEW,
ONET,08/2023,,2.E.14.d,Transaction security and virus protection software,,15-1212.00,Information Security Analysts,Norton AntiVirus,N,N,PENDING_REVIEW,
ONET,08/2023,,2.E.7.e,Object or component oriented development software,,15-1212.00|15-1252.00|15-1253.00|15-1254.00|15-1299.09,Information Security Analysts|Software Developers|Software Quality Assurance Analysts and Testers|Web Developers|Information Technology Project Managers,Objective C,N,N,PENDING_REVIEW,
ONET,08/2023,,2.E.7.c,Enterprise application integration software,,15-1212.00|15-1252.00|15-1253.00|15-1254.00|15-1299.09,Information Security Analysts|Software Developers|Software Quality Assurance Analysts and Testers|Web Developers|Information Technology Project Managers,Oracle Fusion Middleware,N,N,PENDING_REVIEW,
ONET,08/2023,,2.E.11.a,Network monitoring software,,15-1212.00,Information Security Analysts,Oracle Net Manager,N,N,PENDING_REVIEW,
ONET,08/2023,,2.E.14.c,Network security and virtual private network VPN equipment software,,15-1212.00,Information Security Analysts,Palo Alto Networks Next-Generation Security Platform,N,N,PENDING_REVIEW,
ONET,08/2023,,2.E.14.d,Transaction security and virus protection software,,15-1212.00,Information Security Analysts,Password cracker software,N,N,PENDING_REVIEW,
ONET,08/2023,,2.E.14.a,Authentication server software,,15-1212.00,Information Security Analysts,Password management software,N,N,PENDING_REVIEW,
ONET,08/2023,,2.E.7.a,Configuration management software,,15-1212.00,Information Security Analysts,Patch and update management software,N,N,PENDING_REVIEW,
ONET,08/2023,,2.E.14.d,Transaction security and virus protection software,,15-1212.00,Information Security Analysts,Penetration testing software,N,N,PENDING_REVIEW,
ONET,08/2023,,2.E.14.d,Transaction security and virus protection software,,15-1212.00,Information Security Analysts,Ping Identity,N,N,PENDING_REVIEW,
ONET,08/2023,,2.E.14.d,Transaction security and virus protection software,,15-1212.00,Information Security Analysts,Portswigger BurP Suite,N,N,PENDING_REVIEW,
ONET,08/2023,,2.E.14.d,Transaction security and virus protection software,,15-1212.00,Information Security Analysts,Program checksumming software,N,N,PENDING_REVIEW,
ONET,08/2023,,2.E.14.e,Cloud-based protection or security software,,15-1212.00,Information Security Analysts,Qualys Cloud Platform,N,N,PENDING_REVIEW,
ONET,08/2023,,2.E.11.a,Network monitoring software,,15-1212.00,Information Security Analysts,Quest BigBrother,N,N,PENDING_REVIEW,
ONET,08/2023,,2.E.14.d,Transaction security and virus protection software,,15-1212.00,Information Security Analysts,Rapid7 Nexpose,N,N,PENDING_REVIEW,
ONET,08/2023,,2.E.10.a,Application server software,,15-1212.00|15-1252.00|15-1253.00|15-1254.00|15-1299.09,Information Security Analysts|Software Developers|Software Quality Assurance Analysts and Testers|Web Developers|Information Technology Project Managers,Red Hat OpenShift,Y,N,PENDING_REVIEW,
ONET,08/2023,,2.E.14.a,Authentication server software,,15-1212.00,Information Security Analysts,Remote authentication dial-in user service RADIUS software,N,N,PENDING_REVIEW,
ONET,08/2023,,2.E.14.d,Transaction security and virus protection software,,15-1212.00,Information Security Analysts,Root kit detection software,N,N,PENDING_REVIEW,
ONET,08/2023,,2.E.14.d,Transaction security and virus protection software,,15-1212.00,Information Security Analysts,Secure internet filtering software,N,N,PENDING_REVIEW,
ONET,08/2023,,2.E.10.b,Desktop communications software,,15-1212.00,Information Security Analysts,Secure shell SSH software,N,N,PENDING_REVIEW,
ONET,08/2023,,2.E.14.b,Network security or virtual private network VPN management software,,15-1212.00,Information Security Analysts,Security incident management software,N,N,PENDING_REVIEW,
ONET,08/2023,,2.E.14.d,Transaction security and virus protection software,,15-1212.00,Information Security Analysts,Security risk assessment software,N,N,PENDING_REVIEW,
ONET,08/2023,,2.E.9.j,Point of sale POS software,,15-1212.00,Information Security Analysts,Smart card management software,N,N,PENDING_REVIEW,
ONET,08/2023,,2.E.11.a,Network monitoring software,,15-1212.00,Information Security Analysts,Sniffer Investigator,N,N,PENDING_REVIEW,
ONET,08/2023,,2.E.11.a,Network monitoring software,,15-1212.00,Information Security Analysts,Snort,N,N,PENDING_REVIEW,
ONET,08/2023,,2.E.14.d,Transaction security and virus protection software,,15-1212.00,Information Security Analysts,Stack smashing protection SSP software,N,N,PENDING_REVIEW,
ONET,08/2023,,2.E.11.a,Network monitoring software,,15-1212.00,Information Security Analysts,Symantec Blue Coat Data Loss Prevention,N,N,PENDING_REVIEW,
ONET,08/2023,,2.E.14.d,Transaction security and virus protection software,,15-1212.00,Information Security Analysts,Symantec Endpoint Protection,N,N,PENDING_REVIEW,
ONET,08/2023,,2.E.15.f,Backup or archival software,,15-1212.00,Information Security Analysts,System and data disaster recovery software,N,N,PENDING_REVIEW,
ONET,08/2023,,2.E.7.f,Program testing software,,15-1212.00|15-1221.00|15-1252.00|15-1253.00,Information Security Analysts|Computer and Information Research Scientists|Software Developers|Software Quality Assurance Analysts and Testers,System testing software,N,N,PENDING_REVIEW,
ONET,08/2023,,2.E.11.a,Network monitoring software,,15-1212.00,Information Security Analysts,Tcpdump,N,N,PENDING_REVIEW,
ONET,08/2023,,2.E.14.d,Transaction security and virus protection software,,15-1212.00,Information Security Analysts,Tenable Nessus,N,Y,PENDING_REVIEW,
ONET,08/2023,,2.E.14.c,Network security and virtual private network VPN equipment software,,15-1212.00,Information Security Analysts,Trend Micro TippingPoint,N,N,PENDING_REVIEW,
ONET,08/2023,,2.E.13.c,Operating system software,,15-1212.00|15-1221.00|15-1252.00|15-1253.00|15-1254.00|15-1299.09,Information Security Analysts|Computer and Information Research Scientists|Software Developers|Software Quality Assurance Analysts and Testers|Web Developers|Information Technology Project Managers,UNIX Shell,Y,N,PENDING_REVIEW,
ONET,08/2023,,2.E.14.d,Transaction security and virus protection software,,15-1212.00,Information Security Analysts,Virus scanning software,N,N,PENDING_REVIEW,
ONET,08/2023,,2.E.11.d,Internet protocol IP multimedia subsystem software,,15-1212.00|15-1252.00|15-1253.00|15-1299.09,Information Security Analysts|Software Developers|Software Quality Assurance Analysts and Testers|Information Technology Project Managers,Voice over internet protocol VoIP system software,N,N,PENDING_REVIEW,
ONET,08/2023,,2.E.14.b,Network security or virtual private network VPN management software,,15-1212.00,Information Security Analysts,Websense Data Loss Prevention,N,N,PENDING_REVIEW,
ONET,08/2023,,2.E.5.c,File versioning software,,15-1212.00,Information Security Analysts,WinMerge,N,N,PENDING_REVIEW,
ONET,08/2023,,2.E.4.b,Graphics or photo imaging software,,15-1221.00,Computer and Information Research Scientists,3D graphics software,N,N,PENDING_REVIEW,
ONET,08/2023,,2.E.7.b,Development environment software,,15-1221.00|15-1252.00|15-1253.00,Computer and Information Research Scientists|Software Developers|Software Quality Assurance Analysts and Testers,Ada,N,N,PENDING_REVIEW,
ONET,08/2023,,2.E.9.d,Analytical or scientific software,,15-1221.00,Computer and Information Research Scientists,Advanced numerical software,N,N,PENDING_REVIEW,
ONET,08/2023,,2.E.9.d,Analytical or scientific software,,15-1221.00,Computer and Information Research Scientists,Algorithmic software,N,N,PENDING_REVIEW,
ONET,08/2023,,2.E.11.e,Cloud-based management software,,15-1221.00|15-2051.00,Computer and Information Research Scientists|Data Scientists,Amazon Web Services AWS SageMaker,N,Y,PENDING_REVIEW,
ONET,08/2023,,2.E.1.o,Procedure management software,,15-1221.00|15-1252.00|15-2051.00,Computer and Information Research Scientists|Software Developers|Data Scientists,Apache Airflow,Y,N,PENDING_REVIEW,
ONET,08/2023,,2.E.6.d,Data base management system software,,15-1221.00|15-1252.00|15-1253.00,Computer and Information Research Scientists|Software Developers|Software Quality Assurance Analysts and Testers,Apache Flume,N,N,PENDING_REVIEW,
ONET,08/2023,,2.E.6.f,Data base user interface and query software,,15-1221.00|15-1252.00|15-1253.00,Computer and Information Research Scientists|Software Developers|Software Quality Assurance Analysts and Testers,Apache Hive,Y,N,PENDING_REVIEW,
ONET,08/2023,,2.E.9.d,Analytical or scientific software,,15-1221.00,Computer and Information Research Scientists,Augmint,N,N,PENDING_REVIEW,
ONET,08/2023,,2.E.7.b,Development environment software,,15-1221.00,Computer and Information Research Scientists,Automated document generation software,N,N,PENDING_REVIEW,
ONET,08/2023,,2.E.9.d,Analytical or scientific software,,15-1221.00,Computer and Information Research Scientists,Bidirectional encoder representations from transformers (BERT),N,N,PENDING_REVIEW,
ONET,08/2023,,2.E.1.k,Office suite software,,15-1221.00,Computer and Information Research Scientists,Business software applications,N,N,PENDING_REVIEW,
ONET,08/2023,,2.E.7.e,Object or component oriented development software,,15-1221.00,Computer and Information Research Scientists,Charm++,N,N,PENDING_REVIEW,
ONET,08/2023,,2.E.9.g,Industrial control software,,15-1221.00,Computer and Information Research Scientists,Chatbot software,N,N,PENDING_REVIEW,
ONET,08/2023,,2.E.6.b,Clustering software,,15-1221.00,Computer and Information Research Scientists,Clustermatic,N,N,PENDING_REVIEW,
ONET,08/2023,,2.E.7.b,Development environment software,,15-1221.00,Computer and Information Research Scientists,CMake,N,N,PENDING_REVIEW,
ONET,08/2023,,2.E.9.d,Analytical or scientific software,,15-1221.00,Computer and Information Research Scientists,Computational statistics software,N,N,PENDING_REVIEW,
ONET,08/2023,,2.E.9.c,Computer aided design CAD software,,15-1221.00,Computer and Information Research Scientists,Computer aided design and drafting CADD software,N,N,PENDING_REVIEW,
ONET,08/2023,,2.E.9.d,Analytical or scientific software,,15-1221.00,Computer and Information Research Scientists,Data visualization software,N,N,PENDING_REVIEW,
ONET,08/2023,,2.E.7.b,Development environment software,,15-1221.00,Computer and Information Research Scientists,Doxygen,N,N,PENDING_REVIEW,
ONET,08/2023,,2.E.7.e,Object or component oriented development software,,15-1221.00|15-1252.00|15-1253.00,Computer and Information Research Scientists|Software Developers|Software Quality Assurance Analysts and Testers,Eiffel,N,N,PENDING_REVIEW,
ONET,08/2023,,2.E.7.b,Development environment software,,15-1221.00|15-1252.00|15-1253.00,Computer and Information Research Scientists|Software Developers|Software Quality Assurance Analysts and Testers,Embarcadero JBuilder,N,N,PENDING_REVIEW,
ONET,08/2023,,2.E.7.h,Web platform development software,,15-1221.00|15-1252.00|15-1253.00|15-1254.00,Computer and Information Research Scientists|Software Developers|Software Quality Assurance Analysts and Testers|Web Developers,Extensible stylesheet language transformations XSLT,N,N,PENDING_REVIEW,
ONET,08/2023,,2.E.7.b,Development environment software,,15-1221.00|15-1252.00|15-1253.00,Computer and Information Research Scientists|Software Developers|Software Quality Assurance Analysts and Testers,Formula translation/translator FORTRAN,N,N,PENDING_REVIEW,
ONET,08/2023,,2.E.10.a,Application server software,,15-1221.00|15-1252.00|15-1253.00,Computer and Information Research Scientists|Software Developers|Software Quality Assurance Analysts and Testers,GitLab,Y,N,PENDING_REVIEW,
ONET,08/2023,,2.E.7.d,Graphical user interface development software,,15-1221.00|15-1252.00,Computer and Information Research Scientists|Software Developers,Grafana Labs Grafana Cloud,Y,Y,PENDING_REVIEW,
ONET,08/2023,,2.E.4.b,Graphics or photo imaging software,,15-1221.00,Computer and Information Research Scientists,Graphics pipelines,N,N,PENDING_REVIEW,
ONET,08/2023,,2.E.7.i,Compiler and decompiler software,,15-1221.00,Computer and Information Research Scientists,Greenhills Ada compilers,N,N,PENDING_REVIEW,
ONET,08/2023,,2.E.7.b,Development environment software,,15-1221.00,Computer and Information Research Scientists,High-performance software libraries,N,N,PENDING_REVIEW,
ONET,08/2023,,2.E.7.b,Development environment software,,15-1221.00,Computer and Information Research Scientists,Hugging Face,N,Y,PENDING_REVIEW,
ONET,08/2023,,2.E.7.a,Configuration management software,,15-1221.00,Computer and Information Research Scientists,IBM Rational Apex,N,N,PENDING_REVIEW,
ONET,08/2023,,2.E.7.b,Development environment software,,15-1221.00|15-1252.00|15-1253.00|15-1254.00,Computer and Information Research Scientists|Software Developers|Software Quality Assurance Analysts and Testers|Web Developers,IBM Rational Rose XDE,N,N,PENDING_REVIEW,
ONET,08/2023,,2.E.7.a,Configuration management software,,15-1221.00|15-1252.00,Computer and Information Research Scientists|Software Developers,IBM Terraform,Y,Y,PENDING_REVIEW,
ONET,08/2023,,2.E.7.b,Development environment software,,15-1221.00,Computer and Information Research Scientists,Intel Integrated Performance Primitives,N,N,PENDING_REVIEW,
ONET,08/2023,,2.E.9.d,Analytical or scientific software,,15-1221.00,Computer and Information Research Scientists,Intel Math Kernel Library,N,N,PENDING_REVIEW,
ONET,08/2023,,2.E.7.c,Enterprise application integration software,,15-1221.00|15-1252.00|15-1253.00|15-1254.00|15-2051.00,Computer and Information Research Scientists|Software Developers|Software Quality Assurance Analysts and Testers|Web Developers|Data Scientists,Jenkins CI,Y,Y,PENDING_REVIEW,
ONET,08/2023,,2.E.10.a,Application server software,,15-1221.00|15-1252.00|15-1254.00|15-2051.00,Computer and Information Research Scientists|Software Developers|Web Developers|Data Scientists,Kubernetes,Y,Y,PENDING_REVIEW,
ONET,08/2023,,2.E.7.e,Object or component oriented development software,,15-1221.00,Computer and Information Research Scientists,LangChain,N,Y,PENDING_REVIEW,
ONET,08/2023,,2.E.7.b,Development environment software,,15-1221.00|15-1252.00|15-1253.00,Computer and Information Research Scientists|Software Developers|Software Quality Assurance Analysts and Testers,List processing language LISP,N,N,PENDING_REVIEW,
ONET,08/2023,,2.E.7.i,Compiler and decompiler software,,15-1221.00,Computer and Information Research Scientists,Low-level virtual machine LLVM compilers,N,N,PENDING_REVIEW,
ONET,08/2023,,2.E.9.d,Analytical or scientific software,,15-1221.00|15-2051.00,Computer and Information Research Scientists|Data Scientists,Mathematical software,N,N,PENDING_REVIEW,
ONET,08/2023,,2.E.7.e,Object or component oriented development software,,15-1221.00|15-1252.00|15-1253.00|15-1254.00,Computer and Information Research Scientists|Software Developers|Software Quality Assurance Analysts and Testers|Web Developers,Microsoft Visual Basic.NET,N,N,PENDING_REVIEW,
ONET,08/2023,,2.E.7.e,Object or component oriented development software,,15-1221.00|15-1252.00|15-1253.00|15-1254.00,Computer and Information Research Scientists|Software Developers|Software Quality Assurance Analysts and Testers|Web Developers,Microsoft Visual C# .NET,N,N,PENDING_REVIEW,
ONET,08/2023,,2.E.7.b,Development environment software,,15-1221.00,Computer and Information Research Scientists,Microsoft Visual Studio.NET,N,N,PENDING_REVIEW,
ONET,08/2023,,2.E.13.c,Operating system software,,15-1221.00,Computer and Information Research Scientists,Microsoft Windows XP,N,N,PENDING_REVIEW,
ONET,08/2023,,2.E.9.d,Analytical or scientific software,,15-1221.00,Computer and Information Research Scientists,Multisensory data representation software,N,N,PENDING_REVIEW,
ONET,08/2023,,2.E.7.e,Object or component oriented development software,,15-1221.00,Computer and Information Research Scientists,Object oriented development environment software,N,N,PENDING_REVIEW,
ONET,08/2023,,2.E.4.b,Graphics or photo imaging software,,15-1221.00|15-1252.00|15-1253.00,Computer and Information Research Scientists|Software Developers|Software Quality Assurance Analysts and Testers,Open Graphics Library OpenGL,N,N,PENDING_REVIEW,
ONET,08/2023,,2.E.7.b,Development environment software,,15-1221.00|15-1252.00|15-2051.00,Computer and Information Research Scientists|Software Developers|Data Scientists,OpenAI ChatGPT,N,N,PENDING_REVIEW,
ONET,08/2023,,2.E.9.d,Analytical or scientific software,,15-1221.00,Computer and Information Research Scientists,Optimization software,N,N,PENDING_REVIEW,
ONET,08/2023,,2.E.6.d,Data base management system software,,15-1221.00|15-1252.00,Computer and Information Research Scientists|Software Developers,Oracle Database,Y,N,PENDING_REVIEW,
ONET,08/2023,,2.E.7.b,Development environment software,,15-1221.00|15-1252.00|15-1253.00|15-1254.00|15-1299.09,Computer and Information Research Scientists|Software Developers|Software Quality Assurance Analysts and Testers|Web Developers|Information Technology Project Managers,Oracle Java 2 Platform Enterprise Edition J2EE,Y,N,PENDING_REVIEW,
ONET,08/2023,,2.E.6.f,Data base user interface and query software,,15-1221.00|15-2051.00,Computer and Information Research Scientists|Data Scientists,pandas,N,Y,PENDING_REVIEW,
ONET,08/2023,,2.E.6.b,Clustering software,,15-1221.00,Computer and Information Research Scientists,Parallel systems software,N,N,PENDING_REVIEW,
ONET,08/2023,,2.E.7.a,Configuration management software,,15-1221.00,Computer and Information Research Scientists,Perforce Software Configuration Management System,N,N,PENDING_REVIEW,
ONET,08/2023,,2.E.4.g,Web page creation and editing software,,15-1221.00,Computer and Information Research Scientists,Plug-in file software,N,N,PENDING_REVIEW,
ONET,08/2023,,2.E.7.i,Compiler and decompiler software,,15-1221.00,Computer and Information Research Scientists,Polaris parallelizing compilers,N,N,PENDING_REVIEW,
ONET,08/2023,,2.E.9.d,Analytical or scientific software,,15-1221.00,Computer and Information Research Scientists,Polhemus Fasttrack System,N,N,PENDING_REVIEW,
ONET,08/2023,,2.E.7.b,Development environment software,,15-1221.00|15-1252.00|15-1253.00,Computer and Information Research Scientists|Software Developers|Software Quality Assurance Analysts and Testers,Prolog,N,N,PENDING_REVIEW,
ONET,08/2023,,2.E.6.f,Data base user interface and query software,,15-1221.00|15-1252.00,Computer and Information Research Scientists|Software Developers,Prometheus,Y,Y,PENDING_REVIEW,
ONET,08/2023,,2.E.9.c,Computer aided design CAD software,,15-1221.00,Computer and Information Research Scientists,PTC Creo Parametric,N,N,PENDING_REVIEW,
ONET,08/2023,,2.E.6.f,Data base user interface and query software,,15-1221.00|15-1252.00|15-2051.00,Computer and Information Research Scientists|Software Developers|Data Scientists,PyTorch,Y,Y,PENDING_REVIEW,
ONET,08/2023,,2.E.6.d,Data base management system software,,15-1221.00|15-1252.00|15-1254.00,Computer and Information Research Scientists|Software Developers|Web Developers,Redis,Y,N,PENDING_REVIEW,
ONET,08/2023,,2.E.6.d,Data base management system software,,15-1221.00|15-1254.00,Computer and Information Research Scientists|Web Developers,Relational database management system software,N,N,PENDING_REVIEW,
ONET,08/2023,,2.E.9.d,Analytical or scientific software,,15-1221.00,Computer and Information Research Scientists,Rice Simulator for ILP Multiprocessors RSIM,N,N,PENDING_REVIEW,
ONET,08/2023,,2.E.7.b,Development environment software,,15-1221.00|15-2051.00,Computer and Information Research Scientists|Data Scientists,Scikit-learn,N,Y,PENDING_REVIEW,
ONET,08/2023,,2.E.9.d,Analytical or scientific software,,15-1221.00,Computer and Information Research Scientists,Simulation software,N,N,PENDING_REVIEW,
ONET,08/2023,,2.E.6.g,Data mining software,,15-1221.00|15-1252.00|15-2051.00,Computer and Information Research Scientists|Software Developers|Data Scientists,Snowflake,Y,Y,PENDING_REVIEW,
ONET,08/2023,,2.E.7.b,Development environment software,,15-1221.00|15-1252.00,Computer and Information Research Scientists|Software Developers,Software libraries,N,N,PENDING_REVIEW,
ONET,08/2023,,2.E.7.b,Development environment software,,15-1221.00,Computer and Information Research Scientists,Source code management SCM software,N,N,PENDING_REVIEW,
ONET,08/2023,,2.E.9.d,Analytical or scientific software,,15-1221.00|15-1252.00|15-2051.00,Computer and Information Research Scientists|Software Developers|Data Scientists,TensorFlow,Y,Y,PENDING_REVIEW,
ONET,08/2023,,2.E.6.d,Data base management system software,,15-1221.00,Computer and Information Research Scientists,Vector database software,N,Y,PENDING_REVIEW,
ONET,08/2023,,2.E.7.b,Development environment software,,15-1221.00|15-1252.00|15-1253.00,Computer and Information Research Scientists|Software Developers|Software Quality Assurance Analysts and Testers,Verilog,N,N,PENDING_REVIEW,
ONET,08/2023,,2.E.4.c,Video creation and editing software,,15-1221.00,Computer and Information Research Scientists,Video editing software,N,N,PENDING_REVIEW,
ONET,08/2023,,2.E.13.c,Operating system software,,15-1221.00,Computer and Information Research Scientists,VME PowerPC VxWorks,N,N,PENDING_REVIEW,
ONET,08/2023,,2.E.7.d,Graphical user interface development software,,15-1221.00,Computer and Information Research Scientists,Waikato Environment for Knowledge Analysis Weka,N,N,PENDING_REVIEW,
ONET,08/2023,,2.E.7.b,Development environment software,,15-1252.00|15-1253.00,Software Developers|Software Quality Assurance Analysts and Testers,A programming language APL,N,N,PENDING_REVIEW,
ONET,08/2023,,2.E.7.b,Development environment software,,15-1252.00|15-1253.00,Software Developers|Software Quality Assurance Analysts and Testers,ABC Compiler,N,N,PENDING_REVIEW,
ONET,08/2023,,2.E.7.e,Object or component oriented development software,,15-1252.00|15-1253.00,Software Developers|Software Quality Assurance Analysts and Testers,ABC: the AspectBench Compiler for AspectJ,N,N,PENDING_REVIEW,
ONET,08/2023,,2.E.6.f,Data base user interface and query software,,15-1252.00|15-1253.00,Software Developers|Software Quality Assurance Analysts and Testers,ADO.NET,N,N,PENDING_REVIEW,
ONET,08/2023,,2.E.7.h,Web platform development software,,15-1252.00|15-1253.00|15-1254.00,Software Developers|Software Quality Assurance Analysts and Testers|Web Developers,Adobe Flex,N,N,PENDING_REVIEW,
ONET,08/2023,,2.E.7.b,Development environment software,,15-1252.00|15-1253.00,Software Developers|Software Quality Assurance Analysts and Testers,Algorithmic language ALGOL,N,N,PENDING_REVIEW,
ONET,08/2023,,2.E.7.h,Web platform development software,,15-1252.00|15-1253.00,Software Developers|Software Quality Assurance Analysts and Testers,Allaire ColdFusion,N,N,PENDING_REVIEW,
ONET,08/2023,,2.E.6.d,Data base management system software,,15-1252.00|15-1253.00|15-1254.00|15-1299.09,Software Developers|Software Quality Assurance Analysts and Testers|Web Developers|Information Technology Project Managers,Amazon Kinesis,N,N,PENDING_REVIEW,
ONET,08/2023,,2.E.7.b,Development environment software,,15-1252.00|15-1253.00,Software Developers|Software Quality Assurance Analysts and Testers,American National Standards Institute ANSI C,N,N,PENDING_REVIEW,
ONET,08/2023,,2.E.6.h,Information retrieval or search software,,15-1252.00|15-1253.00,Software Developers|Software Quality Assurance Analysts and Testers,Apache Avro,N,N,PENDING_REVIEW,
ONET,08/2023,,2.E.6.d,Data base management system software,,15-1252.00|15-1253.00,Software Developers|Software Quality Assurance Analysts and Testers,Apache HBase,N,N,PENDING_REVIEW,
ONET,08/2023,,2.E.6.d,Data base management system software,,15-1252.00|15-1253.00,Software Developers|Software Quality Assurance Analysts and Testers,Apache Oozie,N,N,PENDING_REVIEW,
ONET,08/2023,,2.E.7.e,Object or component oriented development software,,15-1252.00|15-1253.00|15-1254.00,Software Developers|Software Quality Assurance Analysts and Testers|Web Developers,Apache Spark,Y,N,PENDING_REVIEW,
ONET,08/2023,,2.E.13.c,Operating system software,,15-1252.00,Software Developers,Apple iOS,Y,N,PENDING_REVIEW,
ONET,08/2023,,2.E.10.a,Application server software,,15-1252.00|15-1253.00|15-1254.00,Software Developers|Software Quality Assurance Analysts and Testers|Web Developers,Atlassian Bitbucket,Y,N,PENDING_REVIEW,
ONET,08/2023,,2.E.7.b,Development environment software,,15-1252.00|15-1253.00,Software Developers|Software Quality Assurance Analysts and Testers,AWK,N,N,PENDING_REVIEW,
ONET,08/2023,,2.E.7.b,Development environment software,,15-1252.00|15-1253.00,Software Developers|Software Quality Assurance Analysts and Testers,B-Method,N,N,PENDING_REVIEW,
ONET,08/2023,,2.E.7.b,Development environment software,,15-1252.00|15-1253.00,Software Developers|Software Quality Assurance Analysts and Testers,Beginner's all-purpose symbolic instruction code BASIC,N,N,PENDING_REVIEW,
ONET,08/2023,,2.E.7.b,Development environment software,,15-1252.00|15-1253.00,Software Developers|Software Quality Assurance Analysts and Testers,Bigloo Scheme,N,N,PENDING_REVIEW,
ONET,08/2023,,2.E.7.h,Web platform development software,,15-1252.00|15-1254.00,Software Developers|Web Developers,Bootstrap,Y,N,PENDING_REVIEW,
ONET,08/2023,,2.E.7.b,Development environment software,,15-1252.00|15-1253.00,Software Developers|Software Quality Assurance Analysts and Testers,Call-processing language CPL,N,N,PENDING_REVIEW,
ONET,08/2023,,2.E.7.b,Development environment software,,15-1252.00|15-1253.00,Software Developers|Software Quality Assurance Analysts and Testers,Canu,N,N,PENDING_REVIEW,
ONET,08/2023,,2.E.13.c,Operating system software,,15-1252.00|15-1253.00|15-1299.09,Software Developers|Software Quality Assurance Analysts and Testers|Information Technology Project Managers,Cisco IOS,N,N,PENDING_REVIEW,
ONET,08/2023,,2.E.7.e,Object or component oriented development software,,15-1252.00|15-1253.00,Software Developers|Software Quality Assurance Analysts and Testers,Collaborative Application Markup Language CAML,N,N,PENDING_REVIEW,
ONET,08/2023,,2.E.7.e,Object or component oriented development software,,15-1252.00|15-1253.00,Software Developers|Software Quality Assurance Analysts and Testers,Common Lisp Object System CLOS,N,N,PENDING_REVIEW,
ONET,08/2023,,2.E.7.e,Object or component oriented development software,,15-1252.00|15-1253.00,Software Developers|Software Quality Assurance Analysts and Testers,Component object model COM software,N,N,PENDING_REVIEW,
ONET,08/2023,,2.E.7.e,Object or component oriented development software,,15-1252.00|15-1253.00,Software Developers|Software Quality Assurance Analysts and Testers,Component-based Scalable Logical Architecture CSLA,N,N,PENDING_REVIEW,
ONET,08/2023,,2.E.6.d,Data base management system software,,15-1252.00|15-1253.00,Software Developers|Software Quality Assurance Analysts and Testers,Computer Associates integrated data management system CA-IDMS,N,N,PENDING_REVIEW,
ONET,08/2023,,2.E.7.b,Development environment software,,15-1252.00|15-1253.00,Software Developers|Software Quality Assurance Analysts and Testers,Computer On-line Real-time Applications Language CORAL 66,N,N,PENDING_REVIEW,
ONET,08/2023,,2.E.9.d,Analytical or scientific software,,15-1252.00|15-1253.00,Software Developers|Software Quality Assurance Analysts and Testers,Data analysis software,N,N,PENDING_REVIEW,
ONET,08/2023,,2.E.6.d,Data base management system software,,15-1252.00|15-1253.00,Software Developers|Software Quality Assurance Analysts and Testers,Data definition language DDL,N,N,PENDING_REVIEW,
ONET,08/2023,,2.E.6.d,Data base management system software,,15-1252.00|15-1253.00,Software Developers|Software Quality Assurance Analysts and Testers,Data manipulation language DML,N,N,PENDING_REVIEW,
ONET,08/2023,,2.E.6.e,Data base reporting software,,15-1252.00|15-1253.00,Software Developers|Software Quality Assurance Analysts and Testers,DataVision,N,N,PENDING_REVIEW,
ONET,08/2023,,2.E.7.f,Program testing software,,15-1252.00|15-1253.00,Software Developers|Software Quality Assurance Analysts and Testers,Defect tracking software,N,N,PENDING_REVIEW,
ONET,08/2023,,2.E.7.a,Configuration management software,,15-1252.00|15-1253.00,Software Developers|Software Quality Assurance Analysts and Testers,Deployment software,N,N,PENDING_REVIEW,
ONET,08/2023,,2.E.13.c,Operating system software,,15-1252.00|15-1253.00,Software Developers|Software Quality Assurance Analysts and Testers,Disk operating system DOS,N,N,PENDING_REVIEW,
ONET,08/2023,,2.E.7.e,Object or component oriented development software,,15-1252.00|15-1253.00,Software Developers|Software Quality Assurance Analysts and Testers,Distributed component object model DCOM software,N,N,PENDING_REVIEW,
ONET,08/2023,,2.E.6.d,Data base management system software,,15-1252.00|15-1253.00,Software Developers|Software Quality Assurance Analysts and Testers,Distributed database management software,N,N,PENDING_REVIEW,
ONET,08/2023,,2.E.7.e,Object or component oriented development software,,15-1252.00|15-1253.00,Software Developers|Software Quality Assurance Analysts and Testers,Document Object Model DOM Scripting,N,N,PENDING_REVIEW,
ONET,08/2023,,2.E.7.f,Program testing software,,15-1252.00|15-1253.00,Software Developers|Software Quality Assurance Analysts and Testers,Dynamic analysis software,N,N,PENDING_REVIEW,
ONET,08/2023,,2.E.9.d,Analytical or scientific software,,15-1252.00|15-1253.00,Software Developers|Software Quality Assurance Analysts and Testers,Dynamic modeling software,N,N,PENDING_REVIEW,
ONET,08/2023,,2.E.7.e,Object or component oriented development software,,15-1252.00|15-1253.00,Software Developers|Software Quality Assurance Analysts and Testers,E++ pattern language,N,N,PENDING_REVIEW,
ONET,08/2023,,2.E.7.h,Web platform development software,,15-1252.00,Software Developers,Eclipse Jersey,N,N,PENDING_REVIEW,
ONET,08/2023,,2.E.7.e,Object or component oriented development software,,15-1252.00|15-1253.00,Software Developers|Software Quality Assurance Analysts and Testers,Embarcadero Delphi,N,N,PENDING_REVIEW,
ONET,08/2023,,2.E.7.b,Development environment software,,15-1252.00|15-1253.00,Software Developers|Software Quality Assurance Analysts and Testers,Embedded systems development software,N,N,PENDING_REVIEW,
ONET,08/2023,,2.E.5.a,Content workflow software,,15-1252.00|15-1253.00,Software Developers|Software Quality Assurance Analysts and Testers,Emerald Software Group Emerald Green Office,N,N,PENDING_REVIEW,
ONET,08/2023,,2.E.14.d,Transaction security and virus protection software,,15-1252.00|15-1253.00,Software Developers|Software Quality Assurance Analysts and Testers,Encryption software,N,N,PENDING_REVIEW,
ONET,08/2023,,2.E.7.c,Enterprise application integration software,,15-1252.00|15-1253.00,Software Developers|Software Quality Assurance Analysts and Testers,Enterprise application integration EAI software,N,N,PENDING_REVIEW,
ONET,08/2023,,2.E.16.e,Map creation software,,15-1252.00,Software Developers,ESRI ArcGIS software,Y,N,PENDING_REVIEW,
ONET,08/2023,,2.E.7.b,Development environment software,,15-1252.00|15-1253.00,Software Developers|Software Quality Assurance Analysts and Testers,Event-driven State-machines Programming,N,N,PENDING_REVIEW,
ONET,08/2023,,2.E.7.f,Program testing software,,15-1252.00|15-1253.00,Software Developers|Software Quality Assurance Analysts and Testers,Fault testing software,N,N,PENDING_REVIEW,
ONET,08/2023,,2.E.13.a,Filesystem software,,15-1252.00|15-1253.00,Software Developers|Software Quality Assurance Analysts and Testers,File server software,N,N,PENDING_REVIEW,
ONET,08/2023,,2.E.7.b,Development environment software,,15-1252.00|15-1253.00,Software Developers|Software Quality Assurance Analysts and Testers,Forth,N,N,PENDING_REVIEW,
ONET,08/2023,,2.E.7.f,Program testing software,,15-1252.00|15-1253.00,Software Developers|Software Quality Assurance Analysts and Testers,Functional testing software,N,N,PENDING_REVIEW,
ONET,08/2023,,2.E.7.b,Development environment software,,15-1252.00|15-1253.00,Software Developers|Software Quality Assurance Analysts and Testers,Gambit Scheme,N,N,PENDING_REVIEW,
ONET,08/2023,,2.E.4.b,Graphics or photo imaging software,,15-1252.00|15-1253.00,Software Developers|Software Quality Assurance Analysts and Testers,GNU Image Manipulation Program GIMP,N,N,PENDING_REVIEW,
ONET,08/2023,,2.E.13.c,Operating system software,,15-1252.00|15-1253.00|15-1254.00,Software Developers|Software Quality Assurance Analysts and Testers|Web Developers,Google Android,Y,N,PENDING_REVIEW,
ONET,08/2023,,2.E.11.e,Cloud-based management software,,15-1252.00|15-1254.00|15-2051.00,Software Developers|Web Developers|Data Scientists,Google Cloud software,N,N,PENDING_REVIEW,
ONET,08/2023,,2.E.4.i,Spreadsheet software,,15-1252.00|15-1253.00,Software Developers|Software Quality Assurance Analysts and Testers,Google Sheets,Y,N,PENDING_REVIEW,
ONET,08/2023,,2.E.7.e,Object or component oriented development software,,15-1252.00,Software Developers,Gradle,N,N,PENDING_REVIEW,
ONET,08/2023,,2.E.7.d,Graphical user interface development software,,15-1252.00|15-1253.00,Software Developers|Software Quality Assurance Analysts and Testers,Graphical user interface GUI builder software,N,N,PENDING_REVIEW,
ONET,08/2023,,2.E.7.d,Graphical user interface development software,,15-1252.00|15-1253.00,Software Developers|Software Quality Assurance Analysts and Testers,Graphical user interface GUI design software,N,N,PENDING_REVIEW,
ONET,08/2023,,2.E.6.f,Data base user interface and query software,,15-1252.00|15-1254.00,Software Developers|Web Developers,GraphQL,Y,Y,PENDING_REVIEW,
ONET,08/2023,,2.E.16.d,Instant messaging software,,15-1252.00|15-1253.00,Software Developers|Software Quality Assurance Analysts and Testers,GroupMe,N,N,PENDING_REVIEW,
ONET,08/2023,,2.E.7.b,Development environment software,,15-1252.00|15-1253.00,Software Developers|Software Quality Assurance Analysts and Testers,Haskell,N,N,PENDING_REVIEW,
ONET,08/2023,,2.E.13.c,Operating system software,,15-1252.00|15-1253.00,Software Developers|Software Quality Assurance Analysts and Testers,IBM AIX,N,N,PENDING_REVIEW,
ONET,08/2023,,2.E.6.f,Data base user interface and query software,,15-1252.00|15-1253.00|15-1299.09,Software Developers|Software Quality Assurance Analysts and Testers|Information Technology Project Managers,IBM DB2,Y,N,PENDING_REVIEW,
ONET,08/2023,,2.E.6.l,Transaction server software,,15-1252.00|15-1253.00,Software Developers|Software Quality Assurance Analysts and Testers,IBM Middleware,N,N,PENDING_REVIEW,
ONET,08/2023,,2.E.7.a,Configuration management software,,15-1252.00|15-1253.00,Software Developers|Software Quality Assurance Analysts and Testers,IBM Rational ClearCase,N,N,PENDING_REVIEW,
ONET,08/2023,,2.E.7.b,Development environment software,,15-1252.00|15-1253.00,Software Developers|Software Quality Assurance Analysts and Testers,IBM Rational ClearQuest,N,N,PENDING_REVIEW,
ONET,08/2023,,2.E.7.f,Program testing software,,15-1252.00|15-1253.00,Software Developers|Software Quality Assurance Analysts and Testers,IBM Rational PurifyPlus,N,N,PENDING_REVIEW,
ONET,08/2023,,2.E.11.e,Cloud-based management software,,15-1252.00|15-1299.09,Software Developers|Information Technology Project Managers,IBM WebSphere MQ,Y,N,PENDING_REVIEW,
ONET,08/2023,,2.E.13.b,Network operation system software,,15-1252.00|15-1253.00,Software Developers|Software Quality Assurance Analysts and Testers,IBM z/OS operating systems,N,N,PENDING_REVIEW,
ONET,08/2023,,2.E.7.b,Development environment software,,15-1252.00|15-1253.00,Software Developers|Software Quality Assurance Analysts and Testers,ICON programming language,N,N,PENDING_REVIEW,
ONET,08/2023,,2.E.6.f,Data base user interface and query software,,15-1252.00|15-1253.00,Software Developers|Software Quality Assurance Analysts and Testers,IEA Software Emerald,N,N,PENDING_REVIEW,
ONET,08/2023,,2.E.6.i,Metadata management software,,15-1252.00,Software Developers,Informatica software,Y,N,PENDING_REVIEW,
ONET,08/2023,,2.E.7.f,Program testing software,,15-1252.00|15-1253.00,Software Developers|Software Quality Assurance Analysts and Testers,Integration testing software,N,N,PENDING_REVIEW,
ONET,08/2023,,2.E.7.b,Development environment software,,15-1252.00|15-1253.00,Software Developers|Software Quality Assurance Analysts and Testers,Interface definition language IDL,N,N,PENDING_REVIEW,
ONET,08/2023,,2.E.7.f,Program testing software,,15-1252.00|15-1253.00,Software Developers|Software Quality Assurance Analysts and Testers,Interoperability testing software,N,N,PENDING_REVIEW,
ONET,08/2023,,2.E.7.b,Development environment software,,15-1252.00|15-1253.00,Software Developers|Software Quality Assurance Analysts and Testers,Interstate connection ICON,N,N,PENDING_REVIEW,
ONET,08/2023,,2.E.7.b,Development environment software,,15-1252.00|15-1253.00,Software Developers|Software Quality Assurance Analysts and Testers,J,N,N,PENDING_REVIEW,
ONET,08/2023,,2.E.7.h,Web platform development software,,15-1252.00|15-1254.00,Software Developers|Web Developers,JavaScript framework software,N,Y,PENDING_REVIEW,
ONET,08/2023,,2.E.7.b,Development environment software,,15-1252.00,Software Developers,JFrog Artifactory,N,N,PENDING_REVIEW,
ONET,08/2023,,2.E.7.b,Development environment software,,15-1252.00,Software Developers,Kotlin,N,N,PENDING_REVIEW,
ONET,08/2023,,2.E.1.k,Office suite software,,15-1252.00|15-1253.00,Software Developers|Software Quality Assurance Analysts and Testers,LibreOffice,N,N,PENDING_REVIEW,
ONET,08/2023,,2.E.7.f,Program testing software,,15-1252.00|15-1253.00,Software Developers|Software Quality Assurance Analysts and Testers,Load testing software,N,N,PENDING_REVIEW,
ONET,08/2023,,2.E.13.c,Operating system software,,15-1252.00|15-1253.00,Software Developers|Software Quality Assurance Analysts and Testers,Magellan Firmware,N,N,PENDING_REVIEW,
ONET,08/2023,,2.E.2.b,Enterprise resource planning ERP software,,15-1252.00|15-2051.00,Software Developers|Data Scientists,Management information systems MIS,N,N,PENDING_REVIEW,
ONET,08/2023,,2.E.9.d,Analytical or scientific software,,15-1252.00|15-1253.00,Software Developers|Software Quality Assurance Analysts and Testers,MathWorks Simulink,N,N,PENDING_REVIEW,
ONET,08/2023,,2.E.10.a,Application server software,,15-1252.00|15-1254.00,Software Developers|Web Developers,Microservices Architecture,N,N,PENDING_REVIEW,
ONET,08/2023,,2.E.7.b,Development environment software,,15-1252.00|15-1253.00,Software Developers|Software Quality Assurance Analysts and Testers,Microsoft Azure DevOps Services,N,Y,PENDING_REVIEW,
ONET,08/2023,,2.E.15.c,Device drivers or system software,,15-1252.00|15-1253.00,Software Developers|Software Quality Assurance Analysts and Testers,Microsoft DirectX,N,N,PENDING_REVIEW,
ONET,08/2023,,2.E.7.b,Development environment software,,15-1252.00|15-1253.00,Software Developers|Software Quality Assurance Analysts and Testers,Microsoft ESP SDK,N,N,PENDING_REVIEW,
ONET,08/2023,,2.E.6.l,Transaction server software,,15-1252.00|15-1253.00|15-1254.00,Software Developers|Software Quality Assurance Analysts and Testers|Web Developers,Microsoft Internet Information Services (IIS),N,N,PENDING_REVIEW,
ONET,08/2023,,2.E.7.c,Enterprise application integration software,,15-1252.00,Software Developers,Microsoft Power Automate,Y,N,PENDING_REVIEW,
ONET,08/2023,,2.E.7.c,Enterprise application integration software,,15-1252.00,Software Developers,Microsoft Power Platform software,Y,N,PENDING_REVIEW,
ONET,08/2023,,2.E.6.d,Data base management system software,,15-1252.00|15-1253.00,Software Developers|Software Quality Assurance Analysts and Testers,Microsoft transact-structural query language T-SQL,N,N,PENDING_REVIEW,
ONET,08/2023,,2.E.12.m,Platform interconnectivity software,,15-1252.00|15-1253.00,Software Developers|Software Quality Assurance Analysts and Testers,Migration software,N,N,PENDING_REVIEW,
ONET,08/2023,,2.E.7.f,Program testing software,,15-1252.00|15-1253.00,Software Developers|Software Quality Assurance Analysts and Testers,Migration testing software,N,N,PENDING_REVIEW,
ONET,08/2023,,2.E.7.e,Object or component oriented development software,,15-1252.00|15-1253.00,Software Developers|Software Quality Assurance Analysts and Testers,Modula,N,N,PENDING_REVIEW,
ONET,08/2023,,2.E.8.b,Computer based training software,,15-1252.00|15-1253.00|15-1254.00,Software Developers|Software Quality Assurance Analysts and Testers|Web Developers,Moodle,N,N,PENDING_REVIEW,
ONET,08/2023,,2.E.7.c,Enterprise application integration software,,15-1252.00,Software Developers,MuleSoft software,N,N,PENDING_REVIEW,
ONET,08/2023,,2.E.7.b,Development environment software,,15-1252.00|15-1253.00,Software Developers|Software Quality Assurance Analysts and Testers,MUMPS M,N,N,PENDING_REVIEW,
ONET,08/2023,,2.E.7.f,Program testing software,,15-1252.00|15-1253.00,Software Developers|Software Quality Assurance Analysts and Testers,Mutation testing software,N,N,PENDING_REVIEW,
ONET,08/2023,,2.E.7.e,Object or component oriented development software,,15-1252.00|15-1253.00,Software Developers|Software Quality Assurance Analysts and Testers,Oberon,N,N,PENDING_REVIEW,
ONET,08/2023,,2.E.6.l,Transaction server software,,15-1252.00|15-1253.00,Software Developers|Software Quality Assurance Analysts and Testers,Object Management Group Object Request Broker,N,N,PENDING_REVIEW,
ONET,08/2023,,2.E.7.e,Object or component oriented development software,,15-1252.00|15-1253.00,Software Developers|Software Quality Assurance Analysts and Testers,Objective Caml,N,N,PENDING_REVIEW,
ONET,08/2023,,2.E.13.c,Operating system software,,15-1252.00|15-1253.00,Software Developers|Software Quality Assurance Analysts and Testers,Operating system shells,N,N,PENDING_REVIEW,
ONET,08/2023,,2.E.10.a,Application server software,,15-1252.00|15-1253.00,Software Developers|Software Quality Assurance Analysts and Testers,Oracle Application Server,N,N,PENDING_REVIEW,
ONET,08/2023,,2.E.6.e,Data base reporting software,,15-1252.00|15-1253.00,Software Developers|Software Quality Assurance Analysts and Testers,Oracle Business Intelligence Discoverer,N,N,PENDING_REVIEW,
ONET,08/2023,,2.E.6.e,Data base reporting software,,15-1252.00|15-1253.00,Software Developers|Software Quality Assurance Analysts and Testers,Oracle Business Intelligence Suite,N,N,PENDING_REVIEW,
ONET,08/2023,,2.E.11.e,Cloud-based management software,,15-1252.00,Software Developers,Oracle Cloud software,Y,N,PENDING_REVIEW,
ONET,08/2023,,2.E.7.e,Object or component oriented development software,,15-1252.00,Software Developers,Oracle Java Message Service JMS,N,N,PENDING_REVIEW,
ONET,08/2023,,2.E.6.e,Data base reporting software,,15-1252.00|15-1253.00,Software Developers|Software Quality Assurance Analysts and Testers,Oracle Reports,N,N,PENDING_REVIEW,
ONET,08/2023,,2.E.7.b,Development environment software,,15-1252.00,Software Developers,Oracle SQL Developer,Y,N,PENDING_REVIEW,
ONET,08/2023,,2.E.7.b,Development environment software,,15-1252.00|15-1253.00,Software Developers|Software Quality Assurance Analysts and Testers,Pascal,N,N,PENDING_REVIEW,
ONET,08/2023,,2.E.7.a,Configuration management software,,15-1252.00|15-1253.00,Software Developers|Software Quality Assurance Analysts and Testers,Patch management software,N,N,PENDING_REVIEW,
ONET,08/2023,,2.E.16.i,Cloud-based data access and sharing software,,15-1252.00,Software Developers,Platform as a service PaaS,N,N,PENDING_REVIEW,
ONET,08/2023,,2.E.7.b,Development environment software,,15-1252.00|15-1253.00,Software Developers|Software Quality Assurance Analysts and Testers,Programming language one PL/I,N,N,PENDING_REVIEW,
ONET,08/2023,,2.E.12.a,Access software,,15-1252.00|15-1253.00,Software Developers|Software Quality Assurance Analysts and Testers,PuTTY,N,N,PENDING_REVIEW,
ONET,08/2023,,2.E.13.c,Operating system software,,15-1252.00|15-1253.00,Software Developers|Software Quality Assurance Analysts and Testers,QNX,N,N,PENDING_REVIEW,
ONET,08/2023,,2.E.7.e,Object or component oriented development software,,15-1252.00,Software Developers,RabbitMQ,N,N,PENDING_REVIEW,
ONET,08/2023,,2.E.7.h,Web platform development software,,15-1252.00|15-1253.00|15-1254.00|15-1299.09,Software Developers|Software Quality Assurance Analysts and Testers|Web Developers|Information Technology Project Managers,React,Y,Y,PENDING_REVIEW,
ONET,08/2023,,2.E.7.h,Web platform development software,,15-1252.00,Software Developers,React Native,N,N,PENDING_REVIEW,
ONET,08/2023,,2.E.7.h,Web platform development software,,15-1252.00|15-1254.00,Software Developers|Web Developers,React Redux,N,N,PENDING_REVIEW,
ONET,08/2023,,2.E.13.c,Operating system software,,15-1252.00|15-1253.00,Software Developers|Software Quality Assurance Analysts and Testers,Real time operating system RTOS software,N,N,PENDING_REVIEW,
ONET,08/2023,,2.E.7.f,Program testing software,,15-1252.00|15-1253.00,Software Developers|Software Quality Assurance Analysts and Testers,Recovery testing software,N,N,PENDING_REVIEW,
ONET,08/2023,,2.E.7.a,Configuration management software,,15-1252.00|15-1253.00,Software Developers|Software Quality Assurance Analysts and Testers,Red Hat Ansible Engine,N,N,PENDING_REVIEW,
ONET,08/2023,,2.E.7.f,Program testing software,,15-1252.00|15-1253.00,Software Developers|Software Quality Assurance Analysts and Testers,Regression testing software,N,N,PENDING_REVIEW,
ONET,08/2023,,2.E.7.g,Requirements analysis and system architecture software,,15-1252.00|15-1253.00,Software Developers|Software Quality Assurance Analysts and Testers,Requirements management software,N,N,PENDING_REVIEW,
ONET,08/2023,,2.E.7.h,Web platform development software,,15-1252.00|15-1253.00|15-1254.00|15-2051.00,Software Developers|Software Quality Assurance Analysts and Testers|Web Developers|Data Scientists,RESTful API,N,Y,PENDING_REVIEW,
ONET,08/2023,,2.E.7.b,Development environment software,,15-1252.00|15-1253.00,Software Developers|Software Quality Assurance Analysts and Testers,Restructured extended executor REXX,N,N,PENDING_REVIEW,
ONET,08/2023,,2.E.6.d,Data base management system software,,15-1252.00|15-1253.00,Software Developers|Software Quality Assurance Analysts and Testers,SAP Adaptive Server Enterprise,N,N,PENDING_REVIEW,
ONET,08/2023,,2.E.6.e,Data base reporting software,,15-1252.00|15-1253.00,Software Developers|Software Quality Assurance Analysts and Testers,SAP Business Intelligence,N,N,PENDING_REVIEW,
ONET,08/2023,,2.E.2.b,Enterprise resource planning ERP software,,15-1252.00|15-1299.09|43-4161.00,"Software Developers|Information Technology Project Managers|Human Resources Assistants, Except Payroll and Timekeeping",SAP ERP,Y,N,PENDING_REVIEW,
ONET,08/2023,,2.E.7.c,Enterprise application integration software,,15-1252.00|15-1253.00,Software Developers|Software Quality Assurance Analysts and Testers,SAP NetWeaver,N,N,PENDING_REVIEW,
ONET,08/2023,,2.E.7.e,Object or component oriented development software,,15-1252.00|15-1253.00,Software Developers|Software Quality Assurance Analysts and Testers,SAP PowerBuilder,N,N,PENDING_REVIEW,
ONET,08/2023,,2.E.7.b,Development environment software,,15-1252.00|15-1253.00,Software Developers|Software Quality Assurance Analysts and Testers,Scheme,N,N,PENDING_REVIEW,
ONET,08/2023,,2.E.7.f,Program testing software,,15-1252.00|15-1253.00,Software Developers|Software Quality Assurance Analysts and Testers,Security testing software,N,N,PENDING_REVIEW,
ONET,08/2023,,2.E.6.f,Data base user interface and query software,,15-1252.00|15-1299.09,Software Developers|Information Technology Project Managers,ServiceNow,Y,Y,PENDING_REVIEW,
ONET,08/2023,,2.E.7.e,Object or component oriented development software,,15-1252.00|15-1253.00,Software Developers|Software Quality Assurance Analysts and Testers,Simple API for XML SAX,N,N,PENDING_REVIEW,
ONET,08/2023,,2.E.9.d,Analytical or scientific software,,15-1252.00|15-1253.00,Software Developers|Software Quality Assurance Analysts and Testers,Simulation program with integrated circuit emphasis SPICE,N,N,PENDING_REVIEW,
ONET,08/2023,,2.E.14.a,Authentication server software,,15-1252.00,Software Developers,Single sign-on SSO,N,N,PENDING_REVIEW,
ONET,08/2023,,2.E.7.e,Object or component oriented development software,,15-1252.00|15-1253.00,Software Developers|Software Quality Assurance Analysts and Testers,Smalltalk,N,N,PENDING_REVIEW,
ONET,08/2023,,2.E.7.b,Development environment software,,15-1252.00,Software Developers,Software development tools,N,N,PENDING_REVIEW,
ONET,08/2023,,2.E.11.c,Administration software,,15-1252.00|15-1253.00,Software Developers|Software Quality Assurance Analysts and Testers,Software distribution management software,N,N,PENDING_REVIEW,
ONET,08/2023,,2.E.7.f,Program testing software,,15-1252.00,Software Developers,SonarQube,N,N,PENDING_REVIEW,
ONET,08/2023,,2.E.7.f,Program testing software,,15-1252.00|15-1253.00,Software Developers|Software Quality Assurance Analysts and Testers,Source code editor software,N,N,PENDING_REVIEW,
ONET,08/2023,,2.E.10.a,Application server software,,15-1252.00|15-1253.00|15-1254.00|15-1299.09,Software Developers|Software Quality Assurance Analysts and Testers|Web Developers|Information Technology Project Managers,Spring Boot,Y,Y,PENDING_REVIEW,
ONET,08/2023,,2.E.7.f,Program testing software,,15-1252.00|15-1253.00,Software Developers|Software Quality Assurance Analysts and Testers,Static analysis software,N,N,PENDING_REVIEW,
ONET,08/2023,,2.E.12.f,Storage networking software,,15-1252.00|15-1253.00,Software Developers|Software Quality Assurance Analysts and Testers,Storage area network SAN software,N,N,PENDING_REVIEW,
ONET,08/2023,,2.E.7.f,Program testing software,,15-1252.00|15-1253.00,Software Developers|Software Quality Assurance Analysts and Testers,Stress testing software,N,N,PENDING_REVIEW,
ONET,08/2023,,2.E.7.b,Development environment software,,15-1252.00|15-1253.00,Software Developers|Software Quality Assurance Analysts and Testers,String oriented symbolic language SNOBOL,N,N,PENDING_REVIEW,
ONET,08/2023,,2.E.6.d,Data base management system software,,15-1252.00|15-1253.00,Software Developers|Software Quality Assurance Analysts and Testers,Structured Query Report SQR,N,N,PENDING_REVIEW,
ONET,08/2023,,2.E.7.e,Object or component oriented development software,,15-1252.00,Software Developers,Sun Microsystems Java Persistence API,N,N,PENDING_REVIEW,
ONET,08/2023,,2.E.7.b,Development environment software,,15-1252.00|15-1253.00,Software Developers|Software Quality Assurance Analysts and Testers,Symantec Visual Cafe,N,N,PENDING_REVIEW,
ONET,08/2023,,2.E.6.d,Data base management system software,,15-1252.00|15-1253.00,Software Developers|Software Quality Assurance Analysts and Testers,Talend Big Data Integration,N,N,PENDING_REVIEW,
ONET,08/2023,,2.E.6.i,Metadata management software,,15-1252.00|15-1253.00,Software Developers|Software Quality Assurance Analysts and Testers,Talend Data Fabric,N,N,PENDING_REVIEW,
ONET,08/2023,,2.E.7.f,Program testing software,,15-1252.00|15-1253.00,Software Developers|Software Quality Assurance Analysts and Testers,Test design software,N,N,PENDING_REVIEW,
ONET,08/2023,,2.E.7.f,Program testing software,,15-1252.00|15-1253.00,Software Developers|Software Quality Assurance Analysts and Testers,Test implementation software,N,N,PENDING_REVIEW,
ONET,08/2023,,2.E.7.e,Object or component oriented development software,,15-1252.00|15-1254.00,Software Developers|Web Developers,TypeScript,Y,Y,PENDING_REVIEW,
ONET,08/2023,,2.E.7.f,Program testing software,,15-1252.00|15-1253.00,Software Developers|Software Quality Assurance Analysts and Testers,Unit testing software,N,N,PENDING_REVIEW,
ONET,08/2023,,2.E.7.f,Program testing software,,15-1252.00|15-1253.00,Software Developers|Software Quality Assurance Analysts and Testers,Usability testing software,N,N,PENDING_REVIEW,
ONET,08/2023,,2.E.5.c,File versioning software,,15-1252.00|15-1253.00|15-1299.09,Software Developers|Software Quality Assurance Analysts and Testers|Information Technology Project Managers,Version control software,N,N,PENDING_REVIEW,
ONET,08/2023,,2.E.7.a,Configuration management software,,15-1252.00|15-1253.00,Software Developers|Software Quality Assurance Analysts and Testers,Visible Razor,N,N,PENDING_REVIEW,
ONET,08/2023,,2.E.7.h,Web platform development software,,15-1252.00|15-1254.00,Software Developers|Web Developers,Vue.js,Y,Y,PENDING_REVIEW,
ONET,08/2023,,2.E.7.b,Development environment software,,15-1252.00|15-1253.00|15-1254.00,Software Developers|Software Quality Assurance Analysts and Testers|Web Developers,Web application software,N,Y,PENDING_REVIEW,
ONET,08/2023,,2.E.6.l,Transaction server software,,15-1252.00|15-1253.00,Software Developers|Software Quality Assurance Analysts and Testers,Web server software,N,N,PENDING_REVIEW,
ONET,08/2023,,2.E.7.b,Development environment software,,15-1252.00|15-1253.00,Software Developers|Software Quality Assurance Analysts and Testers,Web service definition language WDSL,N,N,PENDING_REVIEW,
ONET,08/2023,,2.E.13.c,Operating system software,,15-1252.00|15-1253.00,Software Developers|Software Quality Assurance Analysts and Testers,Win CE,N,N,PENDING_REVIEW,
ONET,08/2023,,2.E.13.c,Operating system software,,15-1252.00|15-1253.00,Software Developers|Software Quality Assurance Analysts and Testers,Wind River VxWorks,N,N,PENDING_REVIEW,
ONET,08/2023,,2.E.7.b,Development environment software,,15-1252.00|15-1253.00,Software Developers|Software Quality Assurance Analysts and Testers,Xcode,N,N,PENDING_REVIEW,
ONET,08/2023,,2.E.7.b,Development environment software,,15-1252.00|15-1253.00,Software Developers|Software Quality Assurance Analysts and Testers,XML Path Language XPATH,N,N,PENDING_REVIEW,
ONET,08/2023,,2.E.7.e,Object or component oriented development software,,15-1253.00,Software Quality Assurance Analysts and Testers,Acresso InstallAnywhere,N,N,PENDING_REVIEW,
ONET,08/2023,,2.E.6.d,Data base management system software,,15-1253.00,Software Quality Assurance Analysts and Testers,Amazon Data Pipeline,N,N,PENDING_REVIEW,
ONET,08/2023,,2.E.14.d,Transaction security and virus protection software,,15-1253.00,Software Quality Assurance Analysts and Testers,Antivirus software,N,N,PENDING_REVIEW,
ONET,08/2023,,2.E.7.e,Object or component oriented development software,,15-1253.00,Software Quality Assurance Analysts and Testers,Apache JMeter,N,Y,PENDING_REVIEW,
ONET,08/2023,,2.E.6.d,Data base management system software,,15-1253.00,Software Quality Assurance Analysts and Testers,Apache Sqoop,N,N,PENDING_REVIEW,
ONET,08/2023,,2.E.7.b,Development environment software,,15-1253.00|15-1254.00,Software Quality Assurance Analysts and Testers|Web Developers,Apache Subversion SVN,Y,N,PENDING_REVIEW,
ONET,08/2023,,2.E.7.f,Program testing software,,15-1253.00,Software Quality Assurance Analysts and Testers,Appium,N,Y,PENDING_REVIEW,
ONET,08/2023,,2.E.7.e,Object or component oriented development software,,15-1253.00|15-1254.00,Software Quality Assurance Analysts and Testers|Web Developers,Apple Cocoa,N,N,PENDING_REVIEW,
ONET,08/2023,,2.E.10.e,Internet browser software,,15-1253.00,Software Quality Assurance Analysts and Testers,Apple Safari,Y,N,PENDING_REVIEW,
ONET,08/2023,,2.E.1.e,Project management software,,15-1253.00|15-1299.09,Software Quality Assurance Analysts and Testers|Information Technology Project Managers,Atlassian JIRA,Y,Y,PENDING_REVIEW,
ONET,08/2023,,2.E.9.c,Computer aided design CAD software,,15-1253.00|15-1299.09,Software Quality Assurance Analysts and Testers|Information Technology Project Managers,Autodesk AutoCAD,Y,N,PENDING_REVIEW,
ONET,08/2023,,2.E.9.c,Computer aided design CAD software,,15-1253.00,Software Quality Assurance Analysts and Testers,Bentley MicroStation,Y,N,PENDING_REVIEW,
ONET,08/2023,,2.E.7.f,Program testing software,,15-1253.00,Software Quality Assurance Analysts and Testers,Borland SilkTest,N,N,PENDING_REVIEW,
ONET,08/2023,,2.E.7.f,Program testing software,,15-1253.00,Software Quality Assurance Analysts and Testers,Bugzilla,N,N,PENDING_REVIEW,
ONET,08/2023,,2.E.7.b,Development environment software,,15-1253.00|15-1299.09,Software Quality Assurance Analysts and Testers|Information Technology Project Managers,CruiseControl,N,N,PENDING_REVIEW,
ONET,08/2023,,2.E.9.c,Computer aided design CAD software,,15-1253.00|15-1299.09,Software Quality Assurance Analysts and Testers|Information Technology Project Managers,Dassault Systemes CATIA,N,N,PENDING_REVIEW,
ONET,08/2023,,2.E.7.f,Program testing software,,15-1253.00,Software Quality Assurance Analysts and Testers,Debugview,N,N,PENDING_REVIEW,
ONET,08/2023,,2.E.7.f,Program testing software,,15-1253.00,Software Quality Assurance Analysts and Testers,ej-technologies JProfiler,N,N,PENDING_REVIEW,
ONET,08/2023,,2.E.7.f,Program testing software,,15-1253.00,Software Quality Assurance Analysts and Testers,FileMon,N,N,PENDING_REVIEW,
ONET,08/2023,,2.E.7.f,Program testing software,,15-1253.00,Software Quality Assurance Analysts and Testers,FitNesse,N,N,PENDING_REVIEW,
ONET,08/2023,,2.E.7.f,Program testing software,,15-1253.00,Software Quality Assurance Analysts and Testers,Hewlett-Packard HP QuickTest Professional,N,N,PENDING_REVIEW,
ONET,08/2023,,2.E.7.f,Program testing software,,15-1253.00,Software Quality Assurance Analysts and Testers,Hewlett-Packard HP TestDirector for Quality Center,N,N,PENDING_REVIEW,
ONET,08/2023,,2.E.7.f,Program testing software,,15-1253.00,Software Quality Assurance Analysts and Testers,Hewlett-Packard HP WinRunner,N,N,PENDING_REVIEW,
ONET,08/2023,,2.E.7.f,Program testing software,,15-1253.00,Software Quality Assurance Analysts and Testers,IBM Rational Robot,N,N,PENDING_REVIEW,
ONET,08/2023,,2.E.7.b,Development environment software,,15-1253.00,Software Quality Assurance Analysts and Testers,JetBrains IntelliJ IDEA,N,N,PENDING_REVIEW,
ONET,08/2023,,2.E.7.f,Program testing software,,15-1253.00,Software Quality Assurance Analysts and Testers,Microsoft Playwright,N,Y,PENDING_REVIEW,
ONET,08/2023,,2.E.7.b,Development environment software,,15-1253.00|15-1254.00,Software Quality Assurance Analysts and Testers|Web Developers,Microsoft Visual SourceSafe,N,N,PENDING_REVIEW,
ONET,08/2023,,2.E.7.b,Development environment software,,15-1253.00,Software Quality Assurance Analysts and Testers,Microsoft Windows SDK,N,N,PENDING_REVIEW,
ONET,08/2023,,2.E.10.e,Internet browser software,,15-1253.00,Software Quality Assurance Analysts and Testers,Mozilla Firefox,Y,N,PENDING_REVIEW,
ONET,08/2023,,2.E.14.c,Network security and virtual private network VPN equipment software,,15-1253.00,Software Quality Assurance Analysts and Testers,Network intrusion detection software,N,N,PENDING_REVIEW,
ONET,08/2023,,2.E.7.f,Program testing software,,15-1253.00,Software Quality Assurance Analysts and Testers,NUnit,N,N,PENDING_REVIEW,
ONET,08/2023,,2.E.13.c,Operating system software,,15-1253.00,Software Quality Assurance Analysts and Testers,Postman,N,Y,PENDING_REVIEW,
ONET,08/2023,,2.E.7.f,Program testing software,,15-1253.00,Software Quality Assurance Analysts and Testers,RegMon,N,N,PENDING_REVIEW,
ONET,08/2023,,2.E.7.f,Program testing software,,15-1253.00,Software Quality Assurance Analysts and Testers,REST Assured,N,Y,PENDING_REVIEW,
ONET,08/2023,,2.E.7.a,Configuration management software,,15-1253.00,Software Quality Assurance Analysts and Testers,Revision control software,N,N,PENDING_REVIEW,
ONET,08/2023,,2.E.7.f,Program testing software,,15-1253.00,Software Quality Assurance Analysts and Testers,SmartBear Software AutomatedQA TestComplete,N,N,PENDING_REVIEW,
ONET,08/2023,,2.E.7.f,Program testing software,,15-1253.00,Software Quality Assurance Analysts and Testers,TestNG,N,Y,PENDING_REVIEW,
ONET,08/2023,,2.E.5.a,Content workflow software,,15-1253.00,Software Quality Assurance Analysts and Testers,Twiki,N,N,PENDING_REVIEW,
ONET,08/2023,,2.E.10.a,Application server software,,15-1253.00,Software Quality Assurance Analysts and Testers,VMWare ESX Server,N,N,PENDING_REVIEW,
ONET,08/2023,,2.E.13.c,Operating system software,,15-1253.00,Software Quality Assurance Analysts and Testers,VMWare Workstation,N,N,PENDING_REVIEW,
ONET,08/2023,,2.E.7.f,Program testing software,,15-1253.00,Software Quality Assurance Analysts and Testers,Watir,N,N,PENDING_REVIEW,
ONET,08/2023,,2.E.13.c,Operating system software,,15-1253.00,Software Quality Assurance Analysts and Testers,Wind River Systems VxWorks,N,N,PENDING_REVIEW,
ONET,08/2023,,2.E.5.a,Content workflow software,,15-1253.00,Software Quality Assurance Analysts and Testers,Workflow software,N,N,PENDING_REVIEW,
ONET,08/2023,,2.E.7.f,Program testing software,,15-1253.00,Software Quality Assurance Analysts and Testers,YourKit Java Profiler,N,N,PENDING_REVIEW,
ONET,08/2023,,2.E.16.d,Instant messaging software,,15-1254.00,Web Developers,Atlassian HipChat,N,N,PENDING_REVIEW,
ONET,08/2023,,2.E.7.c,Enterprise application integration software,,15-1254.00,Web Developers,Common gateway interface CGI,N,N,PENDING_REVIEW,
ONET,08/2023,,2.E.7.c,Enterprise application integration software,,15-1254.00,Web Developers,Extensible stylesheet language XSL,N,N,PENDING_REVIEW,
ONET,08/2023,,2.E.7.h,Web platform development software,,15-1254.00,Web Developers,FlexBox,N,N,PENDING_REVIEW,
ONET,08/2023,,2.E.7.h,Web platform development software,,15-1254.00,Web Developers,HashiCorp Vagrant,N,N,PENDING_REVIEW,
ONET,08/2023,,2.E.6.f,Data base user interface and query software,,15-1254.00,Web Developers,IBM Informix,N,N,PENDING_REVIEW,
ONET,08/2023,,2.E.1.p,Process mapping and design software,,15-1254.00,Web Developers,InVision software,N,N,PENDING_REVIEW,
ONET,08/2023,,2.E.7.h,Web platform development software,,15-1254.00,Web Developers,Jekyll,N,N,PENDING_REVIEW,
ONET,08/2023,,2.E.7.f,Program testing software,,15-1254.00,Web Developers,Jest,N,N,PENDING_REVIEW,
ONET,08/2023,,2.E.7.h,Web platform development software,,15-1254.00,Web Developers,JetBrains PhpStorm,N,N,PENDING_REVIEW,
ONET,08/2023,,2.E.6.f,Data base user interface and query software,,15-1254.00,Web Developers,MarkLogic,N,N,PENDING_REVIEW,
ONET,08/2023,,2.E.7.h,Web platform development software,,15-1254.00,Web Developers,MeteorJS,N,N,PENDING_REVIEW,
ONET,08/2023,,2.E.7.h,Web platform development software,,15-1254.00,Web Developers,Microsoft Commerce Server,N,N,PENDING_REVIEW,
ONET,08/2023,,2.E.7.h,Web platform development software,,15-1254.00,Web Developers,Microsoft Visual InterDev,N,N,PENDING_REVIEW,
ONET,08/2023,,2.E.7.h,Web platform development software,,15-1254.00,Web Developers,Nunjucks,N,N,PENDING_REVIEW,
ONET,08/2023,,2.E.7.h,Web platform development software,,15-1254.00,Web Developers,PhantomJS,N,N,PENDING_REVIEW,
ONET,08/2023,,2.E.7.h,Web platform development software,,15-1254.00,Web Developers,RequireJS,N,N,PENDING_REVIEW,
ONET,08/2023,,2.E.5.a,Content workflow software,,15-1254.00,Web Developers,Sitecore CMS,N,N,PENDING_REVIEW,
ONET,08/2023,,2.E.7.h,Web platform development software,,15-1254.00,Web Developers,Syntactically awesome style sheets SASS,N,N,PENDING_REVIEW,
ONET,08/2023,,2.E.7.f,Program testing software,,15-1254.00,Web Developers,Travis,N,N,PENDING_REVIEW,
ONET,08/2023,,2.E.4.g,Web page creation and editing software,,15-1254.00,Web Developers,Web content management system CMS software,N,N,PENDING_REVIEW,
ONET,08/2023,,2.E.7.h,Web platform development software,,15-1254.00,Web Developers,webpack,N,N,PENDING_REVIEW,
ONET,08/2023,,2.E.7.h,Web platform development software,,15-1254.00,Web Developers,Zend Framework,N,N,PENDING_REVIEW,
ONET,08/2023,,2.E.1.e,Project management software,,15-1299.09,Information Technology Project Managers,24SevenOffice Project,N,N,PENDING_REVIEW,
ONET,08/2023,,2.E.1.e,Project management software,,15-1299.09,Information Technology Project Managers,Actano Rplan,N,N,PENDING_REVIEW,
ONET,08/2023,,2.E.1.e,Project management software,,15-1299.09,Information Technology Project Managers,AEC Software FastTrack Schedule,N,N,PENDING_REVIEW,
ONET,08/2023,,2.E.1.e,Project management software,,15-1299.09,Information Technology Project Managers,AMS REALTIME Projects,N,N,PENDING_REVIEW,
ONET,08/2023,,2.E.7.b,Development environment software,,15-1299.09,Information Technology Project Managers,AnthillPro,N,N,PENDING_REVIEW,
ONET,08/2023,,2.E.7.b,Development environment software,,15-1299.09,Information Technology Project Managers,Apache Continuum,N,N,PENDING_REVIEW,
ONET,08/2023,,2.E.7.b,Development environment software,,15-1299.09,Information Technology Project Managers,Apache Gump,N,N,PENDING_REVIEW,
ONET,08/2023,,2.E.1.e,Project management software,,15-1299.09,Information Technology Project Managers,Ascensio Systems TeamLab,N,N,PENDING_REVIEW,
ONET,08/2023,,2.E.1.e,Project management software,,15-1299.09,Information Technology Project Managers,Assembla,N,N,PENDING_REVIEW,
ONET,08/2023,,2.E.1.e,Project management software,,15-1299.09,Information Technology Project Managers,AtTask,N,N,PENDING_REVIEW,
ONET,08/2023,,2.E.9.c,Computer aided design CAD software,,15-1299.09,Information Technology Project Managers,Autodesk Revit,Y,N,PENDING_REVIEW,
ONET,08/2023,,2.E.1.e,Project management software,,15-1299.09,Information Technology Project Managers,Automation Centre TrackerSuite.Net,N,N,PENDING_REVIEW,
ONET,08/2023,,2.E.1.e,Project management software,,15-1299.09,Information Technology Project Managers,Basecamp,N,N,PENDING_REVIEW,
ONET,08/2023,,2.E.8.b,Computer based training software,,15-1299.09,Information Technology Project Managers,Blackboard software,N,N,PENDING_REVIEW,
ONET,08/2023,,2.E.1.e,Project management software,,15-1299.09,Information Technology Project Managers,BrightWork pmPoint,N,N,PENDING_REVIEW,
ONET,08/2023,,2.E.1.e,Project management software,,15-1299.09,Information Technology Project Managers,CA Technologies CA Clarity PPM for IT Governance,N,N,PENDING_REVIEW,
ONET,08/2023,,2.E.6.f,Data base user interface and query software,,15-1299.09,Information Technology Project Managers,Canonical Launchpad,N,N,PENDING_REVIEW,
ONET,08/2023,,2.E.1.e,Project management software,,15-1299.09,Information Technology Project Managers,Central Desktop,N,N,PENDING_REVIEW,
ONET,08/2023,,2.E.2.b,Enterprise resource planning ERP software,,15-1299.09,Information Technology Project Managers,Clarity Systems IBM Clarity,N,N,PENDING_REVIEW,
ONET,08/2023,,2.E.1.e,Project management software,,15-1299.09,Information Technology Project Managers,Clarizen,N,N,PENDING_REVIEW,
ONET,08/2023,,2.E.10.a,Application server software,,15-1299.09,Information Technology Project Managers,Code hosting software,N,N,PENDING_REVIEW,
ONET,08/2023,,2.E.2.b,Enterprise resource planning ERP software,,15-1299.09,Information Technology Project Managers,Collaborative application lifecycle management ALM software,N,N,PENDING_REVIEW,
ONET,08/2023,,2.E.5.c,File versioning software,,15-1299.09,Information Technology Project Managers,Continuous integration software,N,N,PENDING_REVIEW,
ONET,08/2023,,2.E.1.e,Project management software,,15-1299.09,Information Technology Project Managers,Countersoft Gemini,N,N,PENDING_REVIEW,
ONET,08/2023,,2.E.1.e,Project management software,,15-1299.09,Information Technology Project Managers,CS Odessa ConceptDraw Project,N,N,PENDING_REVIEW,
ONET,08/2023,,2.E.6.f,Data base user interface and query software,,15-1299.09,Information Technology Project Managers,Daptiv PPM,N,N,PENDING_REVIEW,
ONET,08/2023,,2.E.1.e,Project management software,,15-1299.09,Information Technology Project Managers,Digital Crew Teamwork Project Manager,N,N,PENDING_REVIEW,
ONET,08/2023,,2.E.1.e,Project management software,,15-1299.09,Information Technology Project Managers,Disarea 5pm,N,N,PENDING_REVIEW,
ONET,08/2023,,2.E.1.e,Project management software,,15-1299.09,Information Technology Project Managers,dotProject,N,N,PENDING_REVIEW,
ONET,08/2023,,2.E.7.b,Development environment software,,15-1299.09,Information Technology Project Managers,easyCIS,N,N,PENDING_REVIEW,
ONET,08/2023,,2.E.6.f,Data base user interface and query software,,15-1299.09,Information Technology Project Managers,Edgewell Trac,N,N,PENDING_REVIEW,
ONET,08/2023,,2.E.8.b,Computer based training software,,15-1299.09,Information Technology Project Managers,Edulastic,N,N,PENDING_REVIEW,
ONET,08/2023,,2.E.7.b,Development environment software,,15-1299.09,Information Technology Project Managers,ElectricCloud ElectricCommander,N,N,PENDING_REVIEW,
ONET,08/2023,,2.E.1.e,Project management software,,15-1299.09,Information Technology Project Managers,Element Software Copper,N,N,PENDING_REVIEW,
ONET,08/2023,,2.E.1.e,Project management software,,15-1299.09,Information Technology Project Managers,Endeavour Agile ALM,N,N,PENDING_REVIEW,
ONET,08/2023,,2.E.1.e,Project management software,,15-1299.09,Information Technology Project Managers,Experience in Software Project KickStart,N,N,PENDING_REVIEW,
ONET,08/2023,,2.E.6.f,Data base user interface and query software,,15-1299.09,Information Technology Project Managers,Feng Office Collaboration Platform,N,N,PENDING_REVIEW,
ONET,08/2023,,2.E.7.b,Development environment software,,15-1299.09,Information Technology Project Managers,FinalBuilder,N,N,PENDING_REVIEW,
ONET,08/2023,,2.E.7.b,Development environment software,,15-1299.09,Information Technology Project Managers,Fog Creek Software FogBugz,N,N,PENDING_REVIEW,
ONET,08/2023,,2.E.1.e,Project management software,,15-1299.09,Information Technology Project Managers,Forum One Communications ProjectSpaces,N,N,PENDING_REVIEW,
ONET,08/2023,,2.E.1.e,Project management software,,15-1299.09,Information Technology Project Managers,GanttProject,N,N,PENDING_REVIEW,
ONET,08/2023,,2.E.16.i,Cloud-based data access and sharing software,,15-1299.09,Information Technology Project Managers,Glasscubes,N,N,PENDING_REVIEW,
ONET,08/2023,,2.E.6.f,Data base user interface and query software,,15-1299.09,Information Technology Project Managers,Hewlett Packard HP Project Portfolio Management Solution,N,N,PENDING_REVIEW,
ONET,08/2023,,2.E.1.e,Project management software,,15-1299.09,Information Technology Project Managers,HyperOffice Collaboration Suite,N,N,PENDING_REVIEW,
ONET,08/2023,,2.E.1.e,Project management software,,15-1299.09,Information Technology Project Managers,i-lign,N,N,PENDING_REVIEW,
ONET,08/2023,,2.E.7.b,Development environment software,,15-1299.09,Information Technology Project Managers,IBM Rational Build Forge,N,N,PENDING_REVIEW,
ONET,08/2023,,2.E.7.a,Configuration management software,,15-1299.09,Information Technology Project Managers,IBM Software Configuration and Library Manager SCLM,N,N,PENDING_REVIEW,
ONET,08/2023,,2.E.1.e,Project management software,,15-1299.09,Information Technology Project Managers,InLoox,N,N,PENDING_REVIEW,
ONET,08/2023,,2.E.1.e,Project management software,,15-1299.09,Information Technology Project Managers,Intellisys Project Desktop,N,N,PENDING_REVIEW,
ONET,08/2023,,2.E.1.e,Project management software,,15-1299.09,Information Technology Project Managers,Intland Software codeBeamer,N,N,PENDING_REVIEW,
ONET,08/2023,,2.E.6.f,Data base user interface and query software,,15-1299.09,Information Technology Project Managers,Issue tracking system software,N,N,PENDING_REVIEW,
ONET,08/2023,,2.E.7.b,Development environment software,,15-1299.09,Information Technology Project Managers,JetBrains Team City,N,N,PENDING_REVIEW,
ONET,08/2023,,2.E.17.a,Enterprise system management software,,15-1299.09,Information Technology Project Managers,Kforge,N,N,PENDING_REVIEW,
ONET,08/2023,,2.E.1.e,Project management software,,15-1299.09,Information Technology Project Managers,Kidasa Milestones Professional,N,N,PENDING_REVIEW,
ONET,08/2023,,2.E.1.e,Project management software,,15-1299.09,Information Technology Project Managers,KOffice.org Kplato,N,N,PENDING_REVIEW,
ONET,08/2023,,2.E.1.e,Project management software,,15-1299.09,Information Technology Project Managers,KommandCore,N,N,PENDING_REVIEW,
ONET,08/2023,,2.E.1.e,Project management software,,15-1299.09,Information Technology Project Managers,LiquidPlanner,N,N,PENDING_REVIEW,
ONET,08/2023,,2.E.1.e,Project management software,,15-1299.09,Information Technology Project Managers,Logic Software Easy Projects.NET,N,N,PENDING_REVIEW,
ONET,08/2023,,2.E.7.b,Development environment software,,15-1299.09,Information Technology Project Managers,LuntBuild,N,N,PENDING_REVIEW,
ONET,08/2023,,2.E.1.e,Project management software,,15-1299.09,Information Technology Project Managers,Madrigal Soft Tools Delegator,N,N,PENDING_REVIEW,
ONET,08/2023,,2.E.6.f,Data base user interface and query software,,15-1299.09,Information Technology Project Managers,MantisBT,N,N,PENDING_REVIEW,
ONET,08/2023,,2.E.4.a,Pattern design software,,15-1299.09,Information Technology Project Managers,MatchWare MindView,N,N,PENDING_REVIEW,
ONET,08/2023,,2.E.7.b,Development environment software,,15-1299.09,Information Technology Project Managers,Microsoft Team Foundation Server,Y,N,PENDING_REVIEW,
ONET,08/2023,,2.E.4.a,Pattern design software,,15-1299.09,Information Technology Project Managers,Mind mapping software,N,N,PENDING_REVIEW,
ONET,08/2023,,2.E.4.a,Pattern design software,,15-1299.09,Information Technology Project Managers,MindGenius,N,N,PENDING_REVIEW,
ONET,08/2023,,2.E.1.e,Project management software,,15-1299.09,Information Technology Project Managers,MinuteMan Systems MinuteMan Project Management Software,N,N,PENDING_REVIEW,
ONET,08/2023,,2.E.4.a,Pattern design software,,15-1299.09,Information Technology Project Managers,MPI Micro Planner X-Pert,N,N,PENDING_REVIEW,
ONET,08/2023,,2.E.1.e,Project management software,,15-1299.09,Information Technology Project Managers,Ninian Huddle,N,N,PENDING_REVIEW,
ONET,08/2023,,2.E.4.a,Pattern design software,,15-1299.09,Information Technology Project Managers,NovaMind Merlin Project Manager,N,N,PENDING_REVIEW,
ONET,08/2023,,2.E.5.b,Document management software,,15-1299.09,Information Technology Project Managers,O3spaces Workplace,N,N,PENDING_REVIEW,
ONET,08/2023,,2.E.6.f,Data base user interface and query software,,15-1299.09,Information Technology Project Managers,Objective Decision Contactizer Pro,N,N,PENDING_REVIEW,
ONET,08/2023,,2.E.1.e,Project management software,,15-1299.09,Information Technology Project Managers,OfficeWork Software TurboProject,N,N,PENDING_REVIEW,
ONET,08/2023,,2.E.1.e,Project management software,,15-1299.09,Information Technology Project Managers,Open Dynamics Collabtive,N,N,PENDING_REVIEW,
ONET,08/2023,,2.E.7.b,Development environment software,,15-1299.09,Information Technology Project Managers,OpenMake Software Meister,N,N,PENDING_REVIEW,
ONET,08/2023,,2.E.7.b,Development environment software,,15-1299.09,Information Technology Project Managers,OpenMake Software Mojo,N,N,PENDING_REVIEW,
ONET,08/2023,,2.E.1.e,Project management software,,15-1299.09,Information Technology Project Managers,Oracle Primavera P6 Professional Project Management,N,N,PENDING_REVIEW,
ONET,08/2023,,2.E.1.e,Project management software,,15-1299.09,Information Technology Project Managers,Palbridge Ubidesk,N,N,PENDING_REVIEW,
ONET,08/2023,,2.E.1.e,Project management software,,15-1299.09,Information Technology Project Managers,Planbox,N,N,PENDING_REVIEW,
ONET,08/2023,,2.E.6.f,Data base user interface and query software,,15-1299.09,Information Technology Project Managers,Planisware,N,N,PENDING_REVIEW,
ONET,08/2023,,2.E.2.b,Enterprise resource planning ERP software,,15-1299.09,Information Technology Project Managers,Planview Process Builder,N,N,PENDING_REVIEW,
ONET,08/2023,,2.E.7.b,Development environment software,,15-1299.09,Information Technology Project Managers,pm ase QuickBuild,N,N,PENDING_REVIEW,
ONET,08/2023,,2.E.1.e,Project management software,,15-1299.09,Information Technology Project Managers,Project Manager Online ProjectManager.com,N,N,PENDING_REVIEW,
ONET,08/2023,,2.E.2.b,Enterprise resource planning ERP software,,15-1299.09,Information Technology Project Managers,Project portfolio management PPM software,N,N,PENDING_REVIEW,
ONET,08/2023,,2.E.1.e,Project management software,,15-1299.09,Information Technology Project Managers,Project-Open,N,N,PENDING_REVIEW,
ONET,08/2023,,2.E.2.b,Enterprise resource planning ERP software,,15-1299.09,Information Technology Project Managers,Project.net,N,N,PENDING_REVIEW,
ONET,08/2023,,2.E.1.e,Project management software,,15-1299.09,Information Technology Project Managers,ProjectLibre,N,N,PENDING_REVIEW,
ONET,08/2023,,2.E.1.e,Project management software,,15-1299.09,Information Technology Project Managers,Projecturf,N,N,PENDING_REVIEW,
ONET,08/2023,,2.E.6.f,Data base user interface and query software,,15-1299.09,Information Technology Project Managers,QSM SLIM Suite,N,N,PENDING_REVIEW,
ONET,08/2023,,2.E.6.f,Data base user interface and query software,,15-1299.09,Information Technology Project Managers,QuickBase business management software,N,N,PENDING_REVIEW,
ONET,08/2023,,2.E.1.e,Project management software,,15-1299.09,Information Technology Project Managers,Redmine,N,N,PENDING_REVIEW,
ONET,08/2023,,2.E.16.h,Mobile location based services software,,15-1299.09,Information Technology Project Managers,Resource management software,N,N,PENDING_REVIEW,
ONET,08/2023,,2.E.4.h,Calendar and scheduling software,,15-1299.09,Information Technology Project Managers,Scheduling software,N,N,PENDING_REVIEW,
ONET,08/2023,,2.E.1.e,Project management software,,15-1299.09,Information Technology Project Managers,Sciforma,N,N,PENDING_REVIEW,
ONET,08/2023,,2.E.1.e,Project management software,,15-1299.09,Information Technology Project Managers,SharedPlan Software SharedPlan Pro,N,N,PENDING_REVIEW,
ONET,08/2023,,2.E.1.e,Project management software,,15-1299.09,Information Technology Project Managers,Siemens Teamcenter,N,N,PENDING_REVIEW,
ONET,08/2023,,2.E.7.b,Development environment software,,15-1299.09,Information Technology Project Managers,SmartBear Software Automated Build Studio,N,N,PENDING_REVIEW,
ONET,08/2023,,2.E.1.e,Project management software,,15-1299.09,Information Technology Project Managers,Smartsheet,N,N,PENDING_REVIEW,
ONET,08/2023,,2.E.1.e,Project management software,,15-1299.09,Information Technology Project Managers,Standpipe Studios Vertabase,N,N,PENDING_REVIEW,
ONET,08/2023,,2.E.1.e,Project management software,,15-1299.09,Information Technology Project Managers,Stylite eGroupWare,N,N,PENDING_REVIEW,
ONET,08/2023,,2.E.1.e,Project management software,,15-1299.09,Information Technology Project Managers,TaskJuggler,N,N,PENDING_REVIEW,
ONET,08/2023,,2.E.1.e,Project management software,,15-1299.09,Information Technology Project Managers,TeamDynamixHE,N,N,PENDING_REVIEW,
ONET,08/2023,,2.E.1.e,Project management software,,15-1299.09,Information Technology Project Managers,Tenrox Project Workforce Management,N,N,PENDING_REVIEW,
ONET,08/2023,,2.E.1.e,Project management software,,15-1299.09,Information Technology Project Managers,The Omni Group OmniPlan,N,N,PENDING_REVIEW,
ONET,08/2023,,2.E.1.e,Project management software,,15-1299.09,Information Technology Project Managers,ThoughtWorks Studio Mingle,N,N,PENDING_REVIEW,
ONET,08/2023,,2.E.7.b,Development environment software,,15-1299.09,Information Technology Project Managers,Tigris Cabie,N,N,PENDING_REVIEW,
ONET,08/2023,,2.E.1.e,Project management software,,15-1299.09,Information Technology Project Managers,Unawave,N,N,PENDING_REVIEW,
ONET,08/2023,,2.E.14.b,Network security or virtual private network VPN management software,,15-1299.09,Information Technology Project Managers,Virtual private networking VPN software,N,N,PENDING_REVIEW,
ONET,08/2023,,2.E.2.b,Enterprise resource planning ERP software,,15-1299.09,Information Technology Project Managers,Vitria M3O Operational Intelligence,N,N,PENDING_REVIEW,
ONET,08/2023,,2.E.1.e,Project management software,,15-1299.09,Information Technology Project Managers,VSCOnline VPMi,N,N,PENDING_REVIEW,
ONET,08/2023,,2.E.1.e,Project management software,,15-1299.09,Information Technology Project Managers,WBS Goplan,N,N,PENDING_REVIEW,
ONET,08/2023,,2.E.1.e,Project management software,,15-1299.09,Information Technology Project Managers,web2project,N,N,PENDING_REVIEW,
ONET,08/2023,,2.E.16.i,Cloud-based data access and sharing software,,15-1299.09,Information Technology Project Managers,Wrike,N,N,PENDING_REVIEW,
ONET,08/2023,,2.E.6.f,Data base user interface and query software,,15-1299.09,Information Technology Project Managers,Xplanner,N,N,PENDING_REVIEW,
ONET,08/2023,,2.E.1.e,Project management software,,15-1299.09,Information Technology Project Managers,Zoho Projects,N,N,PENDING_REVIEW,
ONET,08/2023,,2.E.9.g,Industrial control software,,15-2051.00,Data Scientists,Apache MXNet,N,N,PENDING_REVIEW,
ONET,08/2023,,2.E.6.f,Data base user interface and query software,,15-2051.00,Data Scientists,BigQuery,N,N,PENDING_REVIEW,
ONET,08/2023,,2.E.6.m,Business intelligence and data analysis software,,15-2051.00,Data Scientists,Business intelligence software,N,N,PENDING_REVIEW,
ONET,08/2023,,2.E.7.b,Development environment software,,15-2051.00,Data Scientists,Flask,N,N,PENDING_REVIEW,
ONET,08/2023,,2.E.8.h,Geographic information system,,15-2051.00,Data Scientists,Geographic information system GIS systems,N,N,PENDING_REVIEW,
ONET,08/2023,,2.E.7.b,Development environment software,,15-2051.00,Data Scientists,Julia,N,N,PENDING_REVIEW,
ONET,08/2023,,2.E.7.e,Object or component oriented development software,,15-2051.00,Data Scientists,Jupyter software,N,N,PENDING_REVIEW,
ONET,08/2023,,2.E.13.c,Operating system software,,15-2051.00,Data Scientists,Keras,N,N,PENDING_REVIEW,
ONET,08/2023,,2.E.9.d,Analytical or scientific software,,15-2051.00,Data Scientists,Kubeflow,N,N,PENDING_REVIEW,
ONET,08/2023,,2.E.6.m,Business intelligence and data analysis software,,15-2051.00,Data Scientists,MapReduce big data software,N,N,PENDING_REVIEW,
ONET,08/2023,,2.E.9.d,Analytical or scientific software,,15-2051.00,Data Scientists,Mlflow,N,N,PENDING_REVIEW,
ONET,08/2023,,2.E.6.f,Data base user interface and query software,,15-2051.00,Data Scientists,Neo4j,N,N,PENDING_REVIEW,
ONET,08/2023,,2.E.6.f,Data base user interface and query software,,15-2051.00,Data Scientists,NumPy,N,Y,PENDING_REVIEW,
ONET,08/2023,,2.E.6.f,Data base user interface and query software,,15-2051.00,Data Scientists,PySpark,N,N,PENDING_REVIEW,
ONET,08/2023,,2.E.6.e,Data base reporting software,,15-2051.00,Data Scientists,Reporting software,N,N,PENDING_REVIEW,
ONET,08/2023,,2.E.7.e,Object or component oriented development software,,15-2051.00,Data Scientists,SciPy,N,N,PENDING_REVIEW,
ONET,08/2023,,2.E.7.e,Object or component oriented development software,,15-2051.00,Data Scientists,Shiny,N,N,PENDING_REVIEW,
ONET,08/2023,,2.E.7.e,Object or component oriented development software,,15-2051.00,Data Scientists,spaCy,N,N,PENDING_REVIEW,
ONET,08/2023,,2.E.17.a,Enterprise system management software,,15-2051.00,Data Scientists,Splunk Enterprise,Y,N,PENDING_REVIEW,
ONET,08/2023,,2.E.9.d,Analytical or scientific software,,15-2051.00,Data Scientists,Statistical software,N,N,PENDING_REVIEW,
ONET,08/2023,,2.E.7.b,Development environment software,,15-2051.00,Data Scientists,XGBoost,N,N,PENDING_REVIEW,
ONET,08/2023,,2.E.8.b,Computer based training software,,43-4161.00,"Human Resources Assistants, Except Payroll and Timekeeping",Blackboard Learn,N,N,PENDING_REVIEW,
ONET,08/2023,,2.E.8.b,Computer based training software,,43-4161.00,"Human Resources Assistants, Except Payroll and Timekeeping",Blackboard Learning System,N,N,PENDING_REVIEW,
ONET,08/2023,,2.E.16.a,Electronic mail software,,43-4161.00,"Human Resources Assistants, Except Payroll and Timekeeping",Email software,N,N,PENDING_REVIEW,
ONET,08/2023,,2.E.1.c,Human resources software,,43-4161.00,"Human Resources Assistants, Except Payroll and Timekeeping",Employee performance management system,N,N,PENDING_REVIEW,
ONET,08/2023,,2.E.4.h,Calendar and scheduling software,,43-4161.00,"Human Resources Assistants, Except Payroll and Timekeeping",Google Calendar,N,N,PENDING_REVIEW,
ONET,08/2023,,2.E.8.b,Computer based training software,,43-4161.00,"Human Resources Assistants, Except Payroll and Timekeeping",Learning management system LMS,N,N,PENDING_REVIEW,
ONET,08/2023,,2.E.1.c,Human resources software,,43-4161.00,"Human Resources Assistants, Except Payroll and Timekeeping",Oracle PeopleSoft Enterprise Employee Self-Service,N,N,PENDING_REVIEW,
ONET,08/2023,,2.E.1.c,Human resources software,,43-4161.00,"Human Resources Assistants, Except Payroll and Timekeeping",Oracle PeopleSoft Enterprise Human Resources,N,N,PENDING_REVIEW,
ONET,08/2023,,2.E.1.c,Human resources software,,43-4161.00,"Human Resources Assistants, Except Payroll and Timekeeping",Oracle Self-Service Human Resources,N,N,PENDING_REVIEW,
ONET,08/2023,,2.E.4.j,Optical character reader OCR or scanning software,,43-4161.00,"Human Resources Assistants, Except Payroll and Timekeeping",Scanning software,N,N,PENDING_REVIEW,
ONET,08/2023,,2.E.1.c,Human resources software,,43-4161.00,"Human Resources Assistants, Except Payroll and Timekeeping",Workscape HR Service Center,N,N,PENDING_REVIEW,
